hhmem_size,landuseha,yrs_grow,lead_vill,cocoa_produce_kg,cocoa_produce_main_kg,cocoa_produce_light_kg,cocoa_sell_kg,shade_why1,hhgroup_m18,hhgroup_f18,hhgroup_m17,hhgroup_f17,cocoa_price_kg,screen_sharecrop,region,district,vill,village,region.1,community_type,ethnicity,religion,hhgroup_m18.1,hhgroup_f18.1,hhgroup_m17.1,hhgroup_f17.1,femhead,econstatus,cocoa_variety_1,cocoa_variety_2,cocoa_variety_3,cocoa_variety_4,cocoa_variety_5,farm_rights_1,farm_rights_2,farm_rights_3,farm_rights_4,farm_rights_5,farm_tenure_1,farm_tenure_2,farm_tenure_3,farm_tenure_4,farm_tenure_5,noncocoa_whyno_1,noncocoa_whyno_2,noncocoa_whyno_3,noncocoa_whyno_4,noncocoa_whyno_5,farm_swamp_1,farm_swamp_2,farm_swamp_3,farm_swamp_4,farm_swamp_5,shadetree_num_1,used_fert?,used_fert_lqd?,herbicide_yn,pesticide_yn,fungicide_yn,weeding_yn,pruning_yn,cocoa_intercrop,farm_rights,disease_loss,pest_loss,replant,shadetree_yn,doc_land,noncocoa,cocoa_yn,any_farm_above_1_21,hh_head_age,hh_head_education,hh_head_birthplace,cocoa_yield_ha,cocoa_ages_0_5_weighted,cocoa_ages_6_10_weighted,cocoa_ages_11_19_weighted,cocoa_ages_20_30_weighted,cocoa_ages_31_weighted,age_weighted_total
3,4.0,5,10,1445.0,1105.0,340.0,1105.0,1.0,,,,,11.764705657958984,0,5,51,51024,Koitienko,5,RESTORE,4,1.0,,,,,0,3,4 5,4 5,,,,10.0,10.0,,,,1,1.0,,,,,,,,,0.0,0.0,,,,2,0,0,0,0,0,0,1,1,1,1,1,0,1,1,1,1,1,53.0,3.0,0.0,361.25,5.384615384615385,0.0,33.84615384615385,60.76923076923077,0.0,100.0
7,6.5,1,97,25.0,20.0,5.0,,2.0,,,,,,0,4,41,41011,KLODIO,4,COMPARISON,2,1.0,,,,,0,4,5,,,,,11.0,10.0,11.0,,,1,1.0,1.0,,,2,2,2,,,2.0,2.0,2.0,,,1,0,0,0,0,1,1,0,1,1,1,1,0,1,0,0,1,1,52.0,3.0,0.0,3.8461538461538463,100.0,0.0,0.0,0.0,0.0,100.0
2,2.0,4,0,467.5,212.5,255.0,212.5,97.0,,,,,1000.0,0,5,51,51028,Ananguié,5,RESTORE,4,1.0,,,,,1,6,5,,,,,10.0,,,,,1,,,,,97,,,,,0.0,,,,,1,0,0,0,1,0,0,0,0,1,0,1,0,1,0,0,1,1,74.0,,1.0,233.75,0.0,0.0,100.0,0.0,0.0,100.0
3,1.0,1,0,153.0,100.0,53.0,,97.0,,,,,,0,7,74,74003,BOHOUIN,7,COMPARISON,4,1.0,,,,,0,2,97,,,,,10.0,,,,,1,,,,,9,,,,,0.0,,,,,1,0,0,1,1,0,1,1,0,1,0,1,0,1,0,0,1,0,23.0,,1.0,153.0,100.0,0.0,0.0,0.0,0.0,100.0
5,19.0,1,0,100.0,60.0,40.0,,,,,,,,0,4,41,41011,KLODIO,4,COMPARISON,2,1.0,,,,,0,8,5,,,,,1.0,1.0,,,,1,1.0,,,,,,,,,0.0,0.0,,,,0,1,0,1,1,1,1,0,1,1,1,1,0,0,1,1,1,1,35.0,5.0,0.0,5.2631578947368425,100.0,0.0,0.0,0.0,0.0,100.0
7,2.0,4,3,1500.0,1000.0,500.0,,2.0,,,,,,0,4,41,41017,BEOUE,4,RESTORE,4,2.0,,,,,0,5,5,,,,,6.0,6.0,,,,4,4.0,,,,,97,,,,0.0,3.0,,,,1,0,0,1,1,0,0,0,0,1,1,1,0,1,1,1,1,1,53.0,2.0,0.0,750.0,0.0,0.0,0.0,100.0,0.0,100.0
3,0.0,6,0,455.0,325.0,130.0,325.0,1.0,,,,,1000.0,0,5,51,51030,Assémanou,5,RESTORE,4,1.0,,,,,1,3,5,5,,,,,,,,,1,1.0,,,,97,,,,,0.0,0.0,,,,1,0,0,0,0,0,1,0,0,0,1,1,1,1,1,1,1,1,74.0,,1.0,,0.0,10.64516129032258,46.45161290322581,42.90322580645161,0.0,100.0
1,4.0,6,13,2500.0,2000.0,500.0,,,,,,,,0,7,72,72003,BOGUIé,7,COMPARISON,4,1.0,,,,,0,4,5,,,,,10.0,,,,,1,,,,,97,,,,,0.0,,,,,0,0,0,0,0,0,0,0,0,1,1,0,0,0,0,0,1,1,67.0,4.0,1.0,625.0,0.0,0.0,0.0,75.0,25.0,100.0
7,4.0,5,97,700.0,490.0,210.0,490.0,1.0,,,,,1000.0,0,5,51,51002,Akoikro,5,COMPARISON,0,2.0,,,,,0,3,4 5,,,,,10.0,,,,,1,,,,,,,,,,0.0,,,,,5,0,0,0,1,1,1,0,1,1,1,1,1,1,1,1,1,1,42.0,,1.0,175.0,0.0,25.0,25.0,50.0,0.0,100.0
4,4.5,2,6,1030.0,600.0,430.0,,1.0,,,,,,0,5,53,53004,N'Djorekro,5,COMPARISON,0,2.0,,,,,0,8,5,,,,,9.0,,,,,1,,,,,,,,,,0.0,,,,,1,0,0,0,1,1,1,1,0,1,0,0,1,1,0,1,1,1,66.0,,0.0,228.88888888888889,25.0,75.0,0.0,0.0,0.0,100.0
5,3.75,3,0,360.0,240.0,120.0,240.0,1.0,,,,,900.0,0,7,75,75001,ASSE ORIé,7,COMPARISON,4,1.0,,,,,0,5,5,5,,,,10.0,10.0,,,,1,1.0,,,,,,,,,0.0,0.0,,,,2,0,0,1,1,0,1,1,0,1,1,1,1,1,0,1,1,1,48.0,1.0,1.0,96.0,23.3502538071066,70.05076142131979,6.598984771573605,0.0,0.0,100.0
4,4.5,6,13,320.0,240.0,80.0,240.0,2.0,,,,,950.0,0,5,51,51002,Akoikro,5,COMPARISON,4,1.0,,,,,0,5,5,,,,,10.0,10.0,,,,1,1.0,,,,,,,,,0.0,0.0,,,,3,0,0,0,1,0,0,0,1,1,1,1,0,1,0,1,1,1,60.0,1.0,1.0,71.11111111111111,0.0,0.0,0.0,100.0,0.0,100.0
7,13.0,3,0,400.0,240.0,160.0,240.0,1.0,,,,,12.5,0,5,53,53004,N'Djorekro,5,COMPARISON,0,2.0,,,,,0,1,5,,,,,1.0,,,,,1,,,,,,,,,,0.0,,,,,2,1,0,1,1,0,1,1,1,1,1,1,1,1,1,1,1,1,37.0,,1.0,30.76923076923077,10.0,60.0,30.0,0.0,0.0,100.0
11,0.0,3,0,600.0,500.0,100.0,,97.0,,,,,,0,4,41,41008,DAHIOKE,4,COMPARISON,4,1.0,,,,,0,1,5,5,,,,1.0,1.0,1.0,1.0,,1,1.0,1.0,1.0,,1,97,9 97,97,,0.0,0.0,0.0,0.0,,1,1,1,1,1,1,1,1,0,1,1,1,0,1,0,0,1,1,59.0,,1.0,,0.0,0.0,100.0,0.0,0.0,100.0
10,8.0,6,0,3500.0,3000.0,500.0,,1.0,,,,,,0,7,73,73003,Affery,7,COMPARISON,4,3.0,,,,,0,7,5,5,,,,1.0,,,,,1,1.0,,,,,,,,,0.0,0.0,,,,0,1,1,1,1,0,1,1,1,1,1,1,0,1,0,1,1,1,64.0,2.0,0.0,437.5,0.0,55.00000000000001,30.0,15.0,0.0,100.0
4,3.5,3,0,105.0,70.0,35.0,70.0,1.0,,,,,800.0,1,5,51,51002,Akoikro,5,COMPARISON,4,1.0,,,,,1,1,5,,,,,10.0,,,,,1,,,,,,,,,,0.0,,,,,1,0,0,0,0,0,0,0,1,1,1,1,1,1,0,1,1,1,65.0,,1.0,30.0,30.0,0.0,70.0,0.0,0.0,100.0
5,3.5,6,13,175.0,120.0,55.0,,1.0,,,,,,0,4,41,41009,DONIE,4,COMPARISON,2,4.0,,,,,0,3,97,,,,,10.0,10.0,10.0,,,1,1.0,1.0,,,6,,,,,2.0,0.0,0.0,,,1,0,0,0,1,1,0,1,0,1,1,1,1,1,0,1,1,1,61.0,3.0,1.0,50.0,5.0,3.0,0.0,0.0,92.0,100.0
4,3.0,6,0,551.0,500.0,51.0,,1.0,,,,,,0,7,73,73004,Agbaou,7,COMPARISON,4,1.0,,,,,0,5,5,,,,,,,,,,1,,,,,,,,,,0.0,,,,,2,0,0,0,0,0,1,1,1,0,1,1,0,1,0,1,1,1,58.0,4.0,1.0,183.66666666666663,0.0,0.0,75.0,25.0,0.0,100.0
10,3.0,4,0,400.0,280.0,120.0,280.0,,,,,,10.0,0,6,62,62001,Tioumoukro,6,COMPARISON,4,3.0,,,,,0,2,2,,,,,1.0,,,,,1,,,,,,,,,,2.0,,,,,0,0,0,0,1,0,0,0,1,1,1,1,0,0,0,1,1,1,70.0,,0.0,133.33333333333334,0.0,0.0,70.0,30.0,0.0,100.0
7,13.5,3,0,1300.0,1000.0,300.0,1000.0,2.0,,,,,1000.0,0,4,41,41003,GBAROU,4,COMPARISON,4,2.0,,,,,0,3,2,,,,,97.0,97.0,97.0,,97.0,4,4.0,4.0,4.0,4.0,,97,97,97,97,0.0,0.0,0.0,0.0,0.0,5,1,0,1,1,1,1,1,0,1,1,1,0,1,1,1,1,1,44.0,,0.0,96.29629629629628,0.0,0.0,100.0,0.0,0.0,100.0
6,5.0,5,0,95.0,50.0,45.0,,3.0,,,,,,0,5,51,51018,Kouassi-Béniékro,5,RESTORE,4,1.0,,,,,0,5,5,,,,,10.0,,,,,1,,,,,,,,,,2.0,,,,,6,0,0,0,0,0,1,1,1,1,0,1,0,1,0,1,1,1,45.0,1.0,1.0,19.0,0.0,100.0,0.0,0.0,0.0,100.0
9,10.0,2,0,425.0,340.0,85.0,340.0,,,,,,900.0,0,7,75,75001,ASSE ORIé,7,COMPARISON,4,1.0,,,,,0,5,5,5,,,,8.0,8.0,8.0,,,1,1.0,1.0,,,11,11,97,,,0.0,0.0,0.0,,,0,0,1,1,1,1,0,0,1,1,1,0,0,0,1,0,1,1,57.0,1.0,1.0,42.5,85.0,15.0,0.0,0.0,0.0,100.0
2,10.0,2,12 13,280.0,160.0,120.0,160.0,1.0,,,,,900.0,0,5,51,51047,Bossematié,5,COMPARISON,4,1.0,,,,,0,9,5,5,,,,1.0,1.0,,,,1,1.0,,,,,,,,,0.0,0.0,,,,2,0,1,0,0,0,0,0,1,1,0,0,1,1,0,1,1,1,64.0,7.0,0.0,28.0,80.0,20.0,0.0,0.0,0.0,100.0
1,2.5,4,97,646.0,380.0,266.0,380.0,1.0,,,,,900.0,0,5,51,51003,Anuanua,5,COMPARISON,1,1.0,,,,,0,5,5,,,,,1.0,,,,,1,,,,,,,,,,0.0,,,,,3,0,0,1,0,0,1,0,1,1,0,0,1,1,1,1,1,1,44.0,3.0,1.0,258.4,15.0,25.0,60.0,0.0,0.0,100.0
3,5.0,5,0,375.0,225.0,150.0,225.0,1.0,,,,,850.0,1,5,51,51020,Améakro,5,RESTORE,4,1.0,,,,,0,1,5,,,,,10.0,,,,,1,2.0,,,,,97,,,,0.0,0.0,,,,1,0,0,0,1,0,1,0,0,1,1,1,1,1,0,1,1,1,56.0,,0.0,75.0,30.0,0.0,0.0,70.0,0.0,100.0
9,10.0,3,0,4500.0,3000.0,1500.0,,,,,,,,1,4,41,41014,SEH,4,COMPARISON,0,1.0,,,,,0,7,5,,,,,8.0,,,,,4,,,,,11,,,,,0.0,,,,,0,1,0,1,1,1,1,0,0,1,1,0,0,0,1,0,1,1,42.0,,0.0,450.0,0.0,0.0,0.0,0.0,0.0,0.0
3,4.0,2,13,500.0,300.0,200.0,,1.0,,,,,,0,4,41,41016,TATE1,4,COMPARISON,2,1.0,,,,,0,3,5,,,,,1.0,1.0,,,,1,1.0,,,,,,,,,0.0,0.0,,,,2,0,0,1,1,1,1,0,0,1,1,1,0,1,0,1,1,1,54.0,1.0,1.0,125.0,0.0,100.0,0.0,0.0,0.0,100.0
11,2.0,2,0,350.0,350.0,0.0,,97.0,,,,,,0,7,71,71009,Yakassé-Mé,7,RESTORE,4,1.0,,,,,1,4,5 97,,,,,10.0,9.0,,,,1,1.0,,,,97,97,,,,0.0,0.0,,,,1,1,0,0,1,1,0,1,0,1,0,1,0,1,0,0,1,1,57.0,1.0,1.0,175.0,0.0,25.0,0.0,75.0,0.0,100.0
4,6.0,5,0,820.0,650.0,170.0,,1.0,,,,,,0,5,51,51009,Affalikro,5,COMPARISON,4,1.0,,,,,0,7,4 5,,,,,9.0,9.0,,,,1,1.0,,,,,,,,,0.0,0.0,,,,6,0,1,0,1,0,0,1,0,1,1,1,1,1,0,1,1,1,65.0,3.0,1.0,136.66666666666666,8.0,18.0,55.00000000000001,19.0,0.0,100.0
4,5.0,3,97,1620.0,1320.0,300.0,1320.0,2.0,,,,,1000.0,0,4,41,41003,GBAROU,4,COMPARISON,4,3.0,,,,,0,7,5,,,,,8.0,8.0,11.0,,,4,4.0,4.0,,,,,,,,0.0,0.0,0.0,,,4,0,0,1,1,1,1,1,0,1,1,1,0,1,1,1,1,1,52.0,5.0,0.0,324.0,0.0,0.0,100.0,0.0,0.0,100.0
5,5.0,4,0,280.0,210.0,70.0,210.0,,,,,,14.285714149475098,0,6,62,62001,Tioumoukro,6,COMPARISON,4,1.0,,,,,0,5,2,,,,,1.0,1.0,1.0,,,1,1.0,1.0,,,11,,97,,,0.0,0.0,0.0,,,0,0,0,0,0,0,1,1,0,1,0,1,0,0,0,1,1,1,46.0,,1.0,56.0,10.0,60.0,30.0,0.0,0.0,100.0
9,4.800000190734863,5,0,1360.0,1040.0,320.0,1040.0,,,,,,1000.0,0,4,41,41021,NIGRE,4,RESTORE,4,2.0,,,,,0,6,5,,,,,8.0,,,,,4,,,,,,,,,,0.0,,,,,0,1,0,1,1,0,1,1,1,1,1,1,0,0,1,1,1,1,58.0,,0.0,283.3333220746787,0.0,0.0,0.0,100.0,0.0,100.0
3,1.5,3,0,110.0,80.0,30.0,,1.0,,,,,,0,7,71,71005,Biasso,7,RESTORE,4,1.0,,,,,0,2,4 5 97,,,,,10.0,,,,,1,,,,,,,,,,0.0,,,,,3,1,0,1,1,0,1,1,0,1,1,1,0,1,0,1,1,1,35.0,4.0,1.0,73.33333333333333,0.0,0.0,100.0,0.0,0.0,100.0
8,25.5,3,6,2500.0,1500.0,1000.0,,97.0,,,,,,0,5,53,53001,Kokonou,5,COMPARISON,0,1.0,,,,,0,3,5,5,5,,,8.0,8.0,8.0,8.0,8.0,4,4.0,4.0,4.0,4.0,,,,,,0.0,0.0,0.0,0.0,0.0,4,0,0,1,1,1,1,1,1,1,0,1,0,1,1,1,1,1,64.0,,1.0,98.03921568627452,0.0,0.0,100.0,0.0,0.0,100.0
4,2.0,5,0,45.0,30.0,15.0,,97.0,,,,,,0,4,41,41016,TATE1,4,COMPARISON,2,1.0,,,,,0,3,5,,,,,1.0,,,,,1,,,,,,,,,,0.0,,,,,3,0,0,0,0,0,1,0,1,1,1,1,0,1,0,1,1,1,55.0,,0.0,22.5,0.0,0.0,0.0,100.0,0.0,100.0
6,5.0,5,97,2000.0,1700.0,300.0,,1.0,,,,,,0,5,51,51008,Adjoumani-Kouassikro,5,COMPARISON,4,1.0,,,,,0,5,5 97,,,,,1.0,,,,,1,,,,,,,,,,0.0,,,,,3,1,1,1,1,0,1,1,0,1,1,1,1,1,0,1,1,1,43.0,,1.0,400.0,10.0,30.0,40.0,20.0,0.0,100.0
6,3.5,6,7,36.0,36.0,0.0,36.0,4.0,,,,,166.6666717529297,0,7,74,74002,Montézo,7,COMPARISON,4,1.0,,,,,0,5,5,,,,,9.0,10.0,9.0,,,1,2.0,1.0,,,,97,97,,,0.0,0.0,0.0,,,1,0,1,0,1,0,0,1,0,1,0,1,1,1,0,1,1,1,45.0,1.0,0.0,10.285714285714286,5.0,5.0,30.0,30.0,30.0,100.0
15,13.5,6,0,675.0,450.0,225.0,450.0,,4.0,7.0,5.0,2.0,850.0,1,7,71,71009,Yakassé-Mé,7,RESTORE,4,1.0,4.0,7.0,5.0,2.0,0,2,5 97,,,,,,,,,,2,1.0,,,,11,1,,,,3.0,3.0,,,,0,0,0,0,1,1,0,0,0,0,1,1,0,0,0,0,1,1,61.0,3.0,1.0,50.0,5.0,5.0,0.0,0.0,90.0,100.0
7,2.0,3,0,190.0,130.0,60.0,,1.0,,,,,,0,5,53,53001,Kokonou,5,COMPARISON,0,2.0,,,,,0,5,5,5,,,,3.0,3.0,,,,4,4.0,,,,,,,,,0.0,0.0,,,,1,0,0,0,0,0,1,1,1,1,0,0,0,1,0,1,1,0,45.0,,0.0,95.0,0.0,57.14285714285714,42.857142857142854,0.0,0.0,100.0
5,1.0,2,0,140.0,70.0,70.0,70.0,2.0,,,,,950.0,0,5,51,51054,Amian-Kouassikro,5,COMPARISON,4,1.0,,,,,0,5,5,,,,,10.0,,,,,1,,,,,,,,,,2.0,,,,,2,0,0,1,0,0,1,0,1,1,1,1,1,1,0,1,1,0,28.0,6.0,0.0,140.0,30.0,70.0,0.0,0.0,0.0,100.0
2,4.0,4,4 9,1100.0,800.0,300.0,800.0,3.0,,,,,1000.0,0,5,51,51011,N'Gouanda,5,COMPARISON,4,1.0,,,,,1,6,5,5,,,,10.0,10.0,,,,1,1.0,,,,5,5 11,,,,2.0,2.0,,,,5,0,0,0,0,0,0,0,0,1,1,1,0,1,0,0,1,1,67.0,,0.0,275.0,0.0,25.0,60.0,15.0,0.0,100.0
5,8.0,6,0,320.0,240.0,80.0,240.0,2.0,,,,,900.0,0,5,51,51005,Takima,5,COMPARISON,4,1.0,,,,,0,7,4 5,,,,,9.0,,,,,1,,,,,,,,,,2.0,,,,,12,0,0,0,1,0,1,1,1,1,0,0,1,1,1,1,1,1,60.0,3.0,0.0,40.0,10.0,5.0,8.0,77.0,0.0,100.0
8,5.0,2,13,135.0,85.0,50.0,,1.0,,,,,,0,6,64,64001,Alakro,6,COMPARISON,4,1.0,,,,,0,5,5,,,,,1.0,1.0,,,,1,1.0,,,,,,,,,0.0,0.0,,,,3,0,1,0,1,0,1,1,0,1,0,1,1,1,0,1,1,1,54.0,2.0,0.0,27.0,25.0,75.0,0.0,0.0,0.0,100.0
7,1.0,5,0,910.0,560.0,350.0,560.0,1.0,,,,,1000.0,0,5,51,51036,Ahuasso,5,RESTORE,4,1.0,,,,,1,5,5,,,,,,,,,,1,,,,,,,,,,2.0,,,,,1,1,0,0,1,0,1,0,0,0,1,0,0,1,1,1,1,0,42.0,1.0,1.0,910.0,0.0,0.0,40.0,60.0,0.0,100.0
4,2.75,6,0,427.0,427.0,0.0,,1.0,,,,,,0,7,71,71006,Nyan,7,RESTORE,4,3.0,,,,,0,5,5,,,,,1.0,,,,,1,1.0,,,,,,,,,2.0,0.0,,,,2,1,0,0,0,0,1,1,0,1,0,1,1,1,0,1,1,1,49.0,3.0,1.0,155.27272727272728,0.0,4.0,0.0,96.0,0.0,100.0
6,13.0,6,0,5320.0,3610.0,1710.0,3610.0,2.0,,,,,1000.0,0,4,41,41019,KARIE,4,RESTORE,0,1.0,,,,,0,4,5,5,,,,10.0,10.0,,,,4,4.0,,,,,,,,,0.0,0.0,,,,2,1,0,1,1,0,1,1,1,1,0,1,0,1,1,1,1,1,26.0,5.0,1.0,409.2307692307692,0.0,25.0,0.0,75.0,0.0,100.0
7,11.5,6,12 13,900.0,600.0,300.0,600.0,1.0,,,,,1000.0,0,5,51,51015,Bébou,5,COMPARISON,4,1.0,,,,,0,2,5,,,,,10.0,10.0,,,,1,1.0,,,,,97,,,,0.0,0.0,,,,5,0,0,0,0,0,0,0,1,1,1,1,0,1,0,1,1,1,78.0,5.0,1.0,78.26086956521739,15.0,25.0,20.0,15.0,25.0,100.0
2,5.0,2,0,400.0,300.0,100.0,,2.0,,,,,,0,7,72,72005,MOBIOKOUA,7,COMPARISON,4,1.0,,,,,0,2,5,,,,,8.0,8.0,,,,1,1.0,,,,2,2,,,,2.0,0.0,,,,1,0,0,0,0,0,1,0,0,1,1,1,0,1,0,0,1,1,41.0,1.0,0.0,80.0,50.0,50.0,0.0,0.0,0.0,100.0
9,0.5,6,6,480.0,320.0,160.0,320.0,1.0,,,,,1000.0,1,5,51,51029,Assakro,5,RESTORE,4,1.0,,,,,0,5,4,,,,,1.0,,,,,1,,,,,11,,,,,0.0,,,,,3,0,1,0,0,1,0,0,0,1,1,1,0,1,0,0,1,0,53.0,1.0,0.0,960.0,0.0,0.0,100.0,0.0,0.0,100.0
7,4.5,2,0,600.0,400.0,200.0,,2.0,,,,,,1,4,41,41015,TAOULOKE,4,COMPARISON,0,2.0,,,,,0,4,5,5,,,,2.0,2.0,,,,4,4.0,,,,,2,,,,2.0,2.0,,,,2,0,0,1,1,1,1,0,1,1,1,1,0,1,0,1,1,1,34.0,,0.0,133.33333333333334,40.625,59.375,0.0,0.0,0.0,100.0
10,5.0,1,10,540.0,400.0,140.0,,1.0,,,,,,0,7,71,71001,Annépé,7,COMPARISON,4,1.0,,,,,0,2,5,,,,,1.0,,,,,1,1.0,,,,,97,,,,0.0,0.0,,,,5,0,0,1,1,0,1,1,0,1,1,1,0,1,0,1,1,1,45.0,4.0,1.0,108.0,100.0,0.0,0.0,0.0,0.0,100.0
10,4.0,4,10,60.0,45.0,15.0,,1.0,,,,,,0,7,71,54002,Bécédi-Brignan,7,RESTORE,4,1.0,,,,,0,5,97,,,,,1.0,1.0,,,,1,1.0,,,,,97,,,,0.0,0.0,,,,8,0,0,0,0,0,0,1,1,1,0,1,1,1,0,1,1,1,44.0,5.0,1.0,15.0,20.0,30.0,20.0,30.0,0.0,100.0
6,6.5,2,10,600.0,400.0,200.0,,,,,,,,0,4,41,41037,IRATO,4,COMPARISON,2,3.0,,,,,0,4,5,,,,,1.0,1.0,1.0,1.0,,1,1.0,1.0,1.0,,,,,97,,0.0,0.0,0.0,3.0,,0,0,0,1,1,1,1,1,1,1,1,1,1,0,1,1,1,1,51.0,2.0,1.0,92.3076923076923,0.0,100.0,0.0,0.0,0.0,100.0
10,10.75,6,0,1105.0,650.0,455.0,,1.0,,,,,,0,6,61,61001,Abongoua,6,RESTORE,1,2.0,,,,,0,5,5,,,,,8.0,,,,,1,,,,,,,,,,0.0,,,,,6,0,1,0,1,0,1,1,1,1,0,1,1,1,1,1,1,1,69.0,,1.0,102.7906976744186,15.0,15.0,15.0,40.0,15.0,100.0
9,4.5,4,6,2040.0,1200.0,840.0,1200.0,,,,,,1000.0,0,4,41,41004,FETE,4,COMPARISON,0,1.0,,,,,0,3,5,5,,,,8.0,8.0,,,,4,4.0,,,,97,,,,,0.0,0.0,,,,0,1,0,1,1,1,1,0,1,1,1,1,0,0,1,1,1,1,37.0,,0.0,453.3333333333333,20.555555555555554,52.77777777777778,26.666666666666668,0.0,0.0,100.0
4,4.0,6,0,280.0,210.0,70.0,210.0,3.0,,,,,1000.0,0,5,51,51025,Kouadiokro,5,RESTORE,4,1.0,,,,,1,5,5,,,,,1.0,1.0,,,,1,1.0,,,,,,,,,2.0,2.0,,,,3,0,0,0,0,0,0,0,0,1,1,1,0,1,0,1,1,1,78.0,,0.0,70.0,0.0,0.0,0.0,100.0,0.0,100.0
3,6.0,5,0,340.0,340.0,0.0,340.0,2.0,,,,,11.764705657958984,0,5,51,51018,Kouassi-Béniékro,5,RESTORE,4,1.0,,,,,1,6,4,,,,,10.0,,,,,1,,,,,,,,,,0.0,,,,,4,0,0,0,0,0,1,1,1,1,1,1,0,1,0,1,1,1,60.0,1.0,1.0,56.66666666666666,0.0,0.0,40.0,60.0,0.0,100.0
6,6.0,3,0,900.0,600.0,300.0,,1.0,,,,,,0,7,74,74003,BOHOUIN,7,COMPARISON,4,1.0,,,,,0,5,97,,,,,,,1.0,,,1,1.0,1.0,,,,,97,,,2.0,0.0,0.0,,,4,1,0,1,1,0,1,1,1,1,1,1,1,1,0,1,1,1,34.0,4.0,1.0,150.0,50.0,25.0,25.0,0.0,0.0,100.0
6,5.0,6,10,227.0,200.0,27.0,,1.0,,,,,,0,7,71,71001,Annépé,7,COMPARISON,4,1.0,,,,,0,5,5,,,,,1.0,1.0,,,,1,1.0,,,,,97,,,,0.0,0.0,,,,4,0,0,0,0,0,1,1,0,1,0,1,0,1,0,1,1,1,42.0,5.0,1.0,45.4,0.0,25.0,0.0,75.0,0.0,100.0
8,1.0,2,6,20.0,12.0,8.0,,6.0,,,,,,0,5,51,51047,Bossematié,5,COMPARISON,4,1.0,,,,,1,5,4,,,,,5.0,,,,,1,,,,,,,,,,2.0,,,,,4,0,0,0,0,0,0,0,0,1,0,0,0,1,0,1,1,0,43.0,6.0,0.0,20.0,0.0,100.0,0.0,0.0,0.0,100.0
4,3.5,3,0,900.0,600.0,300.0,,2.0,,,,,,0,4,41,41020,MAHINO2,4,RESTORE,0,2.0,,,,,0,3,2 5,5,,,,8.0,6.0,,,,4,4.0,,,,,97,,,,2.0,0.0,,,,2,1,0,1,1,1,1,1,1,1,1,1,0,1,1,1,1,1,39.0,1.0,0.0,257.1428571428572,0.0,40.54054054054054,59.45945945945946,0.0,0.0,100.0
7,4.5,2,7,610.0,377.0,233.0,,1.0,,,,,,0,4,41,41006,TATE2,4,COMPARISON,2,1.0,,,,,0,6,5,,,,,1.0,,,,,1,,,,,,,,,,0.0,,,,,1,0,0,1,1,0,1,0,1,1,0,1,0,1,0,1,1,1,38.0,,1.0,135.55555555555554,33.0,67.0,0.0,0.0,0.0,100.0
5,3.5,4,97,1440.0,880.0,560.0,880.0,97.0,,,,,1000.0,0,7,73,73005,Ahéoua,7,COMPARISON,4,3.0,,,,,0,5,5,,,,,10.0,,,,,1,,,,,97,,,,,3.0,,,,,2,0,0,0,0,0,0,0,0,1,0,1,0,1,0,0,1,1,68.0,5.0,1.0,411.4285714285714,5.0,20.0,75.0,0.0,0.0,100.0
9,5.0,5,0,480.0,300.0,180.0,300.0,1.0,,,,,1000.0,1,5,51,51025,Kouadiokro,5,RESTORE,0,2.0,,,,,0,7,4 5,,4 5,,,11.0,5.0,10.0,,,1,1.0,1.0,,,,9,,,,2.0,2.0,2.0,,,1,1,1,1,1,1,1,1,1,1,1,1,1,1,1,1,1,1,51.0,1.0,1.0,96.0,25.0,25.624999999999996,31.874999999999996,17.5,0.0,100.0
3,8.5,6,13,1000.0,700.0,300.0,,,,,,,,0,4,41,41008,DAHIOKE,4,COMPARISON,2,1.0,,,,,0,1,5,,,,,10.0,10.0,10.0,,,1,1.0,1.0,,,4,97,97,,,3.0,3.0,3.0,,,0,1,0,1,1,0,1,0,0,1,1,1,1,0,0,0,1,1,53.0,1.0,0.0,117.6470588235294,25.0,45.0,25.0,5.0,0.0,100.0
2,7.0,6,6,1000.0,800.0,200.0,,6.0,,,,,,0,5,51,51046,Kabrankro,5,COMPARISON,4,1.0,,,,,1,4,4,,,,,9.0,9.0,9.0,,,1,1.0,1.0,,,,,,,,2.0,2.0,2.0,,,3,1,1,0,1,0,0,0,1,1,0,1,1,1,0,1,1,1,46.0,5.0,0.0,142.85714285714286,30.0,0.0,0.0,70.0,0.0,100.0
5,9.699999809265137,2,0,2300.0,2000.0,300.0,,1.0,,,,,,0,4,41,41012,MERE,4,COMPARISON,0,1.0,,,,,0,5,5,5,,,,6.0,8.0,,,,4,1.0,,,,,,,,,2.0,2.0,,,,2,1,0,1,1,1,1,0,1,1,1,1,1,1,0,1,1,1,52.0,,0.0,237.1134067243086,25.0,31.25,25.0,18.75,0.0,100.0
8,4.5,6,0,700.0,520.0,180.0,,97.0,,,,,,0,7,71,71007,Bassadzin,7,RESTORE,4,1.0,,,,,0,1,5,,,,,9.0,10.0,10.0,,,1,1.0,1.0,,,9,97,97,,,0.0,0.0,0.0,,,5,1,0,0,1,0,0,0,0,1,1,1,1,1,0,0,1,1,47.0,3.0,1.0,155.55555555555554,5.0,0.0,70.0,25.0,0.0,100.0
10,5.0,5,0,1530.0,1080.0,450.0,1080.0,1.0,,,,,1000.0,0,5,51,51054,Amian-Kouassikro,5,COMPARISON,4,1.0,,,,,1,5,5,5,,,,9.0,9.0,,,,1,1.0,,,,,,,,,2.0,0.0,,,,1,1,1,0,1,0,0,0,1,1,1,0,1,1,0,1,1,1,48.0,1.0,1.0,306.0,16.0,19.0,35.0,30.0,0.0,100.0
6,2.0,3,0,560.0,420.0,140.0,420.0,,,,,,14.285714149475098,0,6,64,64001,Alakro,6,COMPARISON,4,1.0,,,,,0,5,2,,,,,1.0,,,,,1,,,,,97,,,,,0.0,,,,,0,0,0,0,0,0,1,1,0,1,1,1,0,0,0,0,1,1,42.0,,1.0,280.0,20.0,70.0,10.0,0.0,0.0,100.0
9,22.0,6,0,18400.0,12800.0,5600.0,12800.0,2.0,,,,,1000.0,0,4,41,41022,PARA,4,RESTORE,0,2.0,,,,,0,7,5,5,5,,,6.0,6.0,6.0,6.0,6.0,4,4.0,4.0,4.0,4.0,,,,,,0.0,0.0,0.0,3.0,3.0,5,1,0,0,1,0,1,1,0,1,0,1,1,1,1,1,1,1,56.0,2.0,0.0,836.3636363636364,5.428571428571429,15.428571428571427,36.285714285714285,13.285714285714286,29.57142857142857,100.0
4,4.0,6,0,180.0,135.0,45.0,135.0,1.0,,,,,2350.0,0,7,73,73002,Adiaoukoi,7,COMPARISON,4,4.0,,,,,0,1,5,5,,,,10.0,10.0,,,,1,1.0,,,,,,,,,0.0,0.0,,,,2,0,0,0,0,0,1,1,1,1,1,1,1,1,0,1,1,1,55.0,,1.0,45.0,15.53398058252427,12.427184466019417,6.213592233009709,35.8252427184466,30.0,100.0
5,2.5,5,12,60.0,60.0,0.0,60.0,97.0,,,,,15.0,0,7,71,71006,Nyan,7,RESTORE,4,1.0,,,,,0,1,5,,,,,10.0,,,,,1,,,,,9,,,,,0.0,,,,,3,0,0,0,0,0,0,0,0,1,0,1,0,1,0,0,1,1,66.0,1.0,1.0,24.0,2.0,0.0,0.0,98.0,0.0,100.0
10,5.5,5,6,160.0,160.0,0.0,160.0,2.0,,,,,1000.0,0,5,53,53005,N'DRIKRO,5,COMPARISON,4,1.0,,,,,1,6,2 5,,,,,1.0,1.0,,,,1,1.0,,,,,,,,,0.0,0.0,,,,7,0,0,1,0,0,0,0,0,1,0,0,0,1,1,1,1,1,67.0,,1.0,29.09090909090909,0.0,0.0,0.0,100.0,0.0,100.0
6,7.0,3,0,350.0,210.0,140.0,210.0,,,,,,14.285714149475098,0,6,64,64002,Kouadioukro,6,COMPARISON,4,1.0,,,,,0,5,97,,,,,1.0,,,,,1,,,,,,,,,,0.0,,,,,0,0,0,0,0,0,1,1,1,1,1,1,0,0,1,1,1,1,48.0,1.0,1.0,50.0,30.0,70.0,0.0,0.0,0.0,100.0
4,4.0,3,10,560.0,420.0,140.0,420.0,1.0,,,,,14.285714149475098,0,5,53,53005,N'DRIKRO,5,COMPARISON,4,1.0,,,,,0,5,5,,,,,1.0,,,,,1,,,,,,,,,,0.0,,,,,1,0,1,1,1,1,1,1,1,1,0,0,0,1,0,1,1,1,35.0,2.0,1.0,140.0,10.0,50.0,40.0,0.0,0.0,100.0
9,5.0,3,11,320.0,240.0,80.0,240.0,1.0,,,,,900.0,0,5,51,51047,Bossematié,5,COMPARISON,4,1.0,,,,,0,5,5,5,,,,,,,,,1,1.0,,,,,,,,,0.0,2.0,,,,1,0,0,1,0,0,1,0,1,0,1,1,0,1,0,1,1,1,50.0,5.0,0.0,64.0,16.0,16.0,23.0,18.0,27.0,100.0
3,9.0,3,0,410.0,410.0,0.0,,1.0,,,,,,0,7,74,74006,Monin,7,COMPARISON,4,1.0,,,,,0,5,3,,,,,1.0,,,,,1,1.0,,,,,97,,,,0.0,0.0,,,,5,0,0,0,1,0,0,0,1,1,0,1,0,1,1,1,1,1,65.0,3.0,1.0,45.55555555555556,0.0,0.0,100.0,0.0,0.0,100.0
15,6.0,1,0,120.0,80.0,40.0,80.0,,,,,,1000.0,1,4,41,41037,IRATO,4,COMPARISON,2,1.0,,,,,0,4,5,,,,,1.0,1.0,1.0,,,1,1.0,1.0,,,97,,,,,0.0,0.0,0.0,,,0,0,0,1,1,0,1,1,0,1,1,1,0,0,0,1,1,1,39.0,,1.0,20.0,100.0,0.0,0.0,0.0,0.0,100.0
5,4.5,6,0,1200.0,900.0,300.0,,2.0,,,,,,0,4,41,41004,FETE,4,COMPARISON,2,1.0,,,,,0,6,5,,,,,1.0,1.0,,,,1,1.0,,,,,,,,,0.0,0.0,,,,4,0,0,1,1,1,1,1,0,1,1,1,1,1,0,1,1,1,39.0,1.0,1.0,266.6666666666667,0.0,0.0,0.0,100.0,0.0,100.0
7,0.0,1,97,2750.0,1700.0,1050.0,,,,,,,,0,4,41,41013,NIRO,4,COMPARISON,4,1.0,,,,,0,3,5 97,5,,,,1.0,1.0,1.0,1.0,,1,1.0,1.0,1.0,,,1,97,97,,0.0,0.0,0.0,0.0,,0,1,0,1,1,1,0,0,1,1,1,1,1,0,0,1,1,1,35.0,3.0,0.0,,100.0,0.0,0.0,0.0,0.0,100.0
15,15.0,6,0,1280.0,800.0,480.0,800.0,1.0,2.0,7.0,1.0,1.0,900.0,0,5,51,51004,Dramanekro,5,COMPARISON,1,2.0,2.0,7.0,1.0,1.0,0,5,5,,,,,1.0,,,,,1,,,,,,,,,,0.0,,,,,3,1,0,0,0,0,1,1,1,1,0,0,1,1,1,1,1,1,61.0,,1.0,85.33333333333333,15.0,15.0,25.0,45.0,0.0,100.0
11,5.0,6,0,970.0,570.0,400.0,,2.0,,,,,,0,4,41,41029,GRABO,4,RESTORE,2,1.0,,,,,0,3,2 3,,,,,10.0,10.0,10.0,,,1,1.0,1.0,,,,97,97,,,0.0,0.0,0.0,,,5,1,0,1,1,1,1,1,0,1,1,1,1,1,0,1,1,1,57.0,3.0,1.0,194.0,20.0,0.0,0.0,0.0,80.0,100.0
6,3.0,3,13,330.0,240.0,90.0,240.0,2.0,,,,,1000.0,0,7,73,73002,Adiaoukoi,7,COMPARISON,4,1.0,,,,,1,5,5,5,,,,10.0,9.0,,,,1,1.0,,,,,,,,,0.0,0.0,,,,4,0,0,0,1,0,0,0,1,1,1,1,0,1,0,1,1,1,55.0,3.0,1.0,110.0,40.0,0.0,0.0,60.0,0.0,100.0
1,4.0,6,0,258.0,230.0,28.0,,97.0,,,,,,0,7,71,71006,Nyan,7,RESTORE,4,4.0,,,,,0,5,5,,,,,1.0,10.0,,,,1,1.0,,,,4,97,,,,0.0,0.0,,,,2,1,1,0,0,0,0,1,1,1,1,1,1,1,1,0,1,1,47.0,5.0,1.0,64.5,0.0,0.0,0.0,50.0,50.0,100.0
5,3.0,6,10,500.0,400.0,100.0,,1.0,,,,,,0,7,71,71009,Yakassé-Mé,7,RESTORE,4,1.0,,,,,0,3,97,,,,,1.0,,,,,1,,,,,,,,,,2.0,,,,,7,1,0,1,1,0,0,0,1,1,0,1,0,1,0,1,1,1,73.0,1.0,1.0,166.66666666666666,0.0,25.0,0.0,0.0,75.0,100.0
2,5.0,5,12,800.0,560.0,240.0,560.0,2.0,,,,,1000.0,0,5,51,51009,Affalikro,5,COMPARISON,4,1.0,,,,,1,6,5,,,,,10.0,,,,,1,,,,,,,,,,2.0,,,,,5,1,1,1,1,0,0,0,1,1,1,0,1,1,1,1,1,1,68.0,3.0,1.0,160.0,5.0,5.0,5.0,85.0,0.0,100.0
3,4.5,3,13 97,800.0,600.0,200.0,,,,,,,,0,7,72,72003,BOGUIé,7,COMPARISON,4,3.0,,,,,0,4,5,,,,,,1.0,,,,1,1.0,,,,,97,,,,0.0,2.0,,,,0,0,0,0,1,0,1,0,0,1,1,1,1,0,0,1,1,1,55.0,5.0,1.0,177.77777777777777,20.0,0.0,50.0,30.0,0.0,100.0
15,16.0,4,0,1600.0,1360.0,240.0,1360.0,2.0,,,,,1000.0,0,4,41,41024,POUTOU,4,RESTORE,0,2.0,,,,,0,7,5,5,,,,8.0,8.0,8.0,8.0,8.0,4,4.0,4.0,1.0,4.0,,,,,,0.0,0.0,0.0,0.0,3.0,3,1,0,1,1,1,1,1,1,1,1,1,0,1,1,1,1,1,45.0,,0.0,100.0,0.0,0.0,72.5,27.500000000000004,0.0,100.0
15,2.0,6,0,300.0,210.0,90.0,210.0,,0.0,5.0,6.0,8.0,1000.0,0,5,51,51028,Ananguié,5,RESTORE,4,1.0,0.0,5.0,6.0,8.0,1,5,97,,,,,10.0,,,,,1,,,,,97,,,,,3.0,,,,,0,1,0,0,0,0,0,0,1,1,0,0,0,0,0,0,1,1,80.0,,1.0,150.0,0.0,20.0,30.0,20.0,30.0,100.0
3,2.5,4,0,187.5,150.0,37.5,150.0,,,,,,800.0,1,7,71,71007,Bassadzin,7,RESTORE,4,1.0,,,,,0,1,5 97,,,,,,,,,,1,,,,,3,,,,,0.0,,,,,0,1,0,0,1,0,1,0,0,0,1,1,0,0,0,0,1,1,50.0,3.0,1.0,75.0,0.0,15.0,40.0,45.0,0.0,100.0
1,5.0,3,0,700.0,500.0,200.0,,1.0,,,,,,0,4,41,41001,TEPOIBOKE,4,COMPARISON,3,2.0,,,,,0,1,5,,,,,2.0,2.0,,,,1,1.0,,,,2,2,,,,2.0,3.0,,,,2,1,1,1,1,1,1,0,1,1,1,1,0,1,0,0,1,1,45.0,,0.0,140.0,25.0,30.0,45.0,0.0,0.0,100.0
1,1.5,2,0,400.0,300.0,100.0,,,,,,,,0,7,71,71012,MAMINI,7,COMPARISON,4,1.0,,,,,1,3,5,,,,,1.0,,,,,1,,,,,,,,,,0.0,,,,,0,0,0,0,1,0,0,0,0,1,0,1,0,0,0,1,1,1,63.0,1.0,0.0,266.6666666666667,0.0,100.0,0.0,0.0,0.0,100.0
1,5.0,6,0,400.0,300.0,100.0,,3.0,,,,,,0,5,51,51003,Anuanua,5,COMPARISON,4,1.0,,,,,0,6,5,,,,,10.0,,,,,1,,,,,,,,,,2.0,,,,,5,0,1,0,0,0,1,1,1,1,1,1,1,1,0,1,1,1,54.0,,1.0,80.0,0.0,0.0,40.0,60.0,0.0,100.0
6,3.5,3,0,240.0,180.0,60.0,180.0,2.0,,,,,1000.0,0,6,64,64002,Kouadioukro,6,COMPARISON,4,1.0,,,,,1,2,2,,,,,1.0,1.0,,,,1,1.0,,,,,,,,,2.0,2.0,,,,3,0,0,1,0,0,1,0,1,1,1,1,0,1,0,1,1,1,49.0,,1.0,68.57142857142857,0.0,0.0,100.0,0.0,0.0,100.0
7,7.0,3,0,2375.0,1710.0,665.0,1710.0,,,,,,1000.0,0,5,51,51054,Amian-Kouassikro,5,COMPARISON,0,2.0,,,,,0,2,4,,,,,1.0,1.0,,,,1,1.0,2.0,,,,9,9,,,0.0,2.0,0.0,,,0,1,0,0,0,0,1,1,1,1,0,0,0,0,0,1,1,1,38.0,1.0,1.0,339.2857142857143,15.0,15.0,70.0,0.0,0.0,100.0
4,2.0,2,0,1100.0,700.0,400.0,,,,,,,,0,4,41,41013,NIRO,4,COMPARISON,1,2.0,,,,,0,5,5,,,,,2.0,,,,,2,,,,,,,,,,0.0,,,,,0,0,1,1,1,1,1,0,1,1,1,1,0,0,0,1,1,1,30.0,3.0,0.0,550.0,50.0,50.0,0.0,0.0,0.0,100.0
1,1.5,1,0,360.0,240.0,120.0,240.0,2.0,,,,,1000.0,0,4,41,41006,TATE2,4,COMPARISON,2,4.0,,,,,1,5,5,,,,,10.0,1.0,,,,1,1.0,,,,2,2,,,,3.0,2.0,,,,1,0,0,0,1,0,1,0,1,1,1,1,0,1,0,0,1,1,50.0,,1.0,240.0,100.0,0.0,0.0,0.0,0.0,100.0
3,5.0,3,0,4000.0,2500.0,1500.0,,,,,,,,0,4,41,41009,DONIE,4,COMPARISON,4,3.0,,,,,0,5,5,,,,,8.0,,,,,4,,,,,,,,,,0.0,,,,,0,1,0,0,1,1,1,0,1,1,1,0,0,0,1,1,1,1,42.0,1.0,0.0,800.0,0.0,0.0,100.0,0.0,0.0,100.0
4,1.5,1,0,60.0,37.0,23.0,,1.0,,,,,,0,7,73,73004,Agbaou,7,COMPARISON,4,1.0,,,,,0,6,5,,,,,10.0,,,,,1,,,,,,,,,,3.0,,,,,5,0,0,1,0,0,1,1,0,1,1,1,1,1,0,1,1,1,29.0,7.0,1.0,40.0,100.0,0.0,0.0,0.0,0.0,100.0
8,8.0,6,0,4.0,3.0,1.0,,1.0,,,,,,0,7,73,73003,Affery,7,COMPARISON,4,1.0,,,,,0,4,3,,,,,1.0,,,,,1,,,,,,,,,,2.0,,,,,3,0,1,0,0,0,1,0,1,1,0,1,1,1,1,1,1,1,46.0,1.0,1.0,0.5,20.0,40.0,10.0,20.0,10.0,100.0
2,4.0,4,0,1000.0,700.0,300.0,,,,,,,,0,7,71,71012,MAMINI,7,COMPARISON,4,1.0,,,,,1,2,5,,,,,97.0,,,,,1,,,,,,,,,,0.0,,,,,0,0,0,0,1,0,1,0,1,1,1,1,0,0,0,1,1,1,44.0,3.0,0.0,250.0,25.0,0.0,75.0,0.0,0.0,100.0
10,14.75,6,0,1260.0,900.0,360.0,900.0,2.0,,,,,1000.0,1,4,41,41024,POUTOU,4,RESTORE,0,2.0,,,,,0,4,3,,,,,6.0,6.0,6.0,,,4,4.0,4.0,4.0,4.0,,97,97,97,97,0.0,0.0,0.0,3.0,0.0,3,1,0,1,1,0,1,1,0,1,1,1,1,1,0,1,1,1,54.0,,0.0,85.42372881355932,0.0,12.0,0.0,88.0,0.0,100.0
8,33.5,6,0,20000.0,15000.0,5000.0,,2.0,,,,,,0,4,41,41022,PARA,4,RESTORE,0,2.0,,,,,0,6,5,,,,,1.0,1.0,1.0,1.0,,4,4.0,4.0,4.0,,,97,97,97,,0.0,0.0,0.0,2.0,,5,1,0,1,1,0,1,1,1,1,0,1,0,1,1,1,1,1,52.0,,0.0,597.0149253731344,0.0,0.0,0.0,15.0,85.0,100.0
8,6.0,2,0,350.0,200.0,150.0,,6.0,,,,,,1,5,54,54002,Bécédi-Brignan,5,RESTORE,4,1.0,,,,,0,4,97,,,,,,,,,,1,,,,,,,,,,0.0,,,,,1,0,0,0,1,0,1,0,0,0,1,1,0,1,0,1,1,1,60.0,1.0,1.0,58.333333333333336,10.0,90.0,0.0,0.0,0.0,100.0
7,3.5,2,6,880.0,240.0,640.0,240.0,,,,,,1000.0,1,5,51,51018,Kouassi-Béniékro,5,RESTORE,0,2.0,,,,,0,7,5,5,,,,8.0,8.0,,,,1,1.0,2.0,,,,,97,,,0.0,0.0,0.0,,,0,0,0,1,1,1,0,1,1,1,1,1,0,0,1,1,1,1,40.0,,0.0,251.42857142857144,0.0,100.0,0.0,0.0,0.0,100.0
5,8.0,3,0,500.0,300.0,200.0,,,,,,,,0,4,41,41008,DAHIOKE,4,COMPARISON,0,1.0,,,,,0,5,5,,,,,1.0,1.0,,,,1,1.0,,,,6,,,,,0.0,0.0,,,,0,1,0,1,1,1,1,0,1,1,1,1,0,0,0,1,1,1,46.0,,1.0,62.5,0.0,0.0,100.0,0.0,0.0,100.0
10,4.0,5,10 97,490.0,280.0,210.0,280.0,1.0,,,,,14.285714149475098,1,5,53,53004,N'Djorekro,5,COMPARISON,4,1.0,,,,,0,1,5,,,,,1.0,,,,,1,,,,,,,,,,2.0,,,,,2,0,0,1,1,0,1,1,1,1,0,1,0,1,0,1,1,1,32.0,1.0,0.0,122.5,15.0,50.0,35.0,0.0,0.0,100.0
4,1.5,1,0,45.0,30.0,15.0,,1.0,,,,,,0,7,74,74003,BOHOUIN,7,COMPARISON,4,3.0,,,,,0,1,97,,,,,1.0,1.0,,,,1,1.0,,,,,97,,,,0.0,0.0,,,,1,0,0,0,1,0,1,1,0,1,1,1,1,1,0,1,1,0,25.0,1.0,1.0,30.0,100.0,0.0,0.0,0.0,0.0,100.0
7,7.0,6,7,560.0,350.0,210.0,350.0,6.0,,,,,900.0,0,7,71,71003,Anougbakro,7,RESTORE,4,2.0,,,,,0,1,5,5,,,,,8.0,8.0,,,1,1.0,1.0,,,,,97,,,3.0,0.0,0.0,,,1,0,0,0,1,0,1,0,1,1,1,1,1,1,1,1,1,1,62.0,,0.0,80.0,9.913793103448276,0.0,0.0,90.08620689655173,0.0,100.0
4,5.0,1,0,60.0,40.0,20.0,,2.0,,,,,,0,4,41,41016,TATE1,4,COMPARISON,2,1.0,,,,,0,3,5,,,,,1.0,1.0,1.0,,,1,1.0,1.0,,,,2,2,,,3.0,0.0,3.0,,,2,0,1,1,1,1,0,0,1,1,1,1,1,1,0,1,1,1,39.0,,1.0,12.0,100.0,0.0,0.0,0.0,0.0,100.0
4,4.0,4,0,300.0,200.0,100.0,,1.0,,,,,,0,7,71,71001,Annépé,7,COMPARISON,4,1.0,,,,,0,5,97,,,,,1.0,10.0,,,,1,1.0,,,,4,97,,,,0.0,0.0,,,,1,1,0,1,1,0,1,1,1,1,0,0,0,1,0,0,1,1,34.0,,1.0,75.0,0.0,0.0,100.0,0.0,0.0,100.0
7,4.0,6,0,210.0,180.0,30.0,,1.0,,,,,,0,7,71,71001,Annépé,7,COMPARISON,4,1.0,,,,,0,5,5,,,,,10.0,10.0,10.0,10.0,,1,1.0,1.0,1.0,,9,97,97,97,,0.0,0.0,0.0,0.0,,1,0,0,0,0,0,1,1,0,1,1,1,0,1,0,0,1,1,55.0,3.0,1.0,52.5,0.0,0.0,0.0,0.0,100.0,100.0
9,6.5,2,6 97,3000.0,2500.0,500.0,,2.0,,,,,,0,4,41,41021,NIGRE,4,RESTORE,0,1.0,,,,,0,5,5,5,,,,6.0,8.0,6.0,,,4,4.0,4.0,,,97,,97,,,0.0,0.0,3.0,,,1,1,0,1,1,1,1,1,0,1,1,1,0,1,1,1,1,1,44.0,3.0,0.0,461.5384615384616,0.0,25.0,0.0,75.0,0.0,100.0
15,12.0,6,0,3500.0,2000.0,1500.0,,2.0,5.0,3.0,3.0,7.0,,0,4,41,41021,NIGRE,4,RESTORE,0,2.0,5.0,3.0,3.0,7.0,0,5,5,,,,,10.0,10.0,10.0,,,4,4.0,4.0,,,,97,97,,,0.0,0.0,3.0,,,5,1,0,1,1,0,1,1,0,1,1,1,0,1,1,1,1,1,40.0,,0.0,291.6666666666667,0.0,0.0,0.0,100.0,0.0,100.0
5,2.0,1,0,120.0,90.0,30.0,,3.0,,,,,,0,5,51,51018,Kouassi-Béniékro,5,RESTORE,4,1.0,,,,,0,5,4,,,,,1.0,,,,,1,,,,,,,,,,2.0,,,,,3,0,0,1,1,0,0,0,1,1,1,1,0,1,0,1,1,1,34.0,3.0,1.0,60.0,100.0,0.0,0.0,0.0,0.0,100.0
4,5.0,3,0,456.0,350.0,106.0,,1.0,,,,,,0,7,73,73002,Adiaoukoi,7,COMPARISON,4,4.0,,,,,0,1,5,,,,,10.0,,,,,1,,,,,,,,,,0.0,,,,,1,0,1,0,1,0,1,1,0,1,1,0,1,1,0,1,1,1,49.0,1.0,1.0,91.2,0.0,70.0,30.0,0.0,0.0,100.0
4,2.0,2,13,1200.0,825.0,375.0,825.0,1.0,,,,,13.333333015441896,0,5,51,51009,Affalikro,5,COMPARISON,4,1.0,,,,,0,1,5,,,,,1.0,,,,,1,,,,,,,,,,0.0,,,,,2,1,1,0,1,1,1,0,0,1,1,1,0,1,0,1,1,1,48.0,6.0,1.0,600.0,10.0,55.00000000000001,30.0,5.0,0.0,100.0
5,37.0,3,12,2400.0,1500.0,900.0,,,,,,,,0,4,41,41013,NIRO,4,COMPARISON,2,3.0,,,,,0,10,5,,,,,1.0,,,,,1,,,,,,,,,,0.0,,,,,0,1,0,1,1,1,0,0,1,1,0,0,0,0,0,1,1,1,91.0,,1.0,64.86486486486487,0.0,90.0,10.0,0.0,0.0,100.0
11,4.0,4,0,1500.0,950.0,550.0,,1.0,,,,,,0,5,51,51028,Ananguié,5,RESTORE,4,1.0,,,,,0,5,5,,,,,2.0,,,,,1,,,,,,,,,,0.0,,,,,5,1,1,0,1,0,1,1,1,1,1,1,1,1,0,1,1,1,54.0,1.0,0.0,375.0,15.0,25.0,50.0,10.0,0.0,100.0
4,2.0,3,6,1440.0,960.0,480.0,960.0,2.0,,,,,1000.0,0,6,64,64001,Alakro,6,COMPARISON,4,3.0,,,,,0,5,3,,,,,10.0,,,,,1,,,,,,,,,,2.0,,,,,4,0,1,1,1,1,1,0,1,1,1,1,0,1,0,1,1,1,40.0,7.0,0.0,720.0,0.0,0.0,100.0,0.0,0.0,100.0
6,2.0,2,0,560.0,400.0,160.0,400.0,1.0,,,,,1000.0,0,5,51,51054,Amian-Kouassikro,5,COMPARISON,4,1.0,,,,,0,5,5,4 5,,,,1.0,1.0,,,,1,1.0,,,,,,,,,0.0,0.0,,,,3,1,1,1,1,1,1,1,1,1,1,1,1,1,1,1,1,0,36.0,4.0,0.0,280.0,22.490421455938698,77.5095785440613,0.0,0.0,0.0,100.0
6,9.5,6,0,299.0,299.0,0.0,,1.0,,,,,,0,7,71,71001,Annépé,7,COMPARISON,4,1.0,,,,,0,5,5,,,,,1.0,,,,,1,1.0,1.0,1.0,1.0,,,,,97,3.0,0.0,0.0,0.0,0.0,5,0,0,0,0,0,1,1,0,1,1,1,0,1,1,1,1,1,41.0,4.0,1.0,31.473684210526315,0.0,0.0,0.0,15.0,85.0,100.0
12,3.5,4,0,1615.0,1105.0,510.0,1105.0,97.0,,,,,1000.0,0,7,73,73005,Ahéoua,7,COMPARISON,4,4.0,,,,,0,1,97,97,,,,4.0,97.0,,,,1,1.0,,,,3,97,,,,0.0,0.0,,,,2,0,0,1,1,0,0,0,1,1,1,1,0,1,0,0,1,1,64.0,4.0,1.0,461.4285714285714,0.0,2.7659574468085104,4.148936170212766,20.74468085106383,72.3404255319149,100.0
3,5.5,5,0,590.0,500.0,90.0,,1.0,,,,,,0,5,51,51009,Affalikro,5,COMPARISON,4,1.0,,,,,0,4,5,5,,,,9.0,9.0,,,,1,1.0,,,,,,,,,0.0,0.0,,,,1,0,1,0,1,1,0,1,0,1,0,1,0,1,0,1,1,1,60.0,5.0,1.0,107.27272727272728,0.0,39.189189189189186,39.189189189189186,21.62162162162162,0.0,100.0
7,3.5,3,13,560.0,320.0,240.0,320.0,1.0,,,,,12.5,0,5,53,53004,N'Djorekro,5,COMPARISON,4,1.0,,,,,0,1,5,5,,,,1.0,1.0,,,,1,1.0,,,,,,,,,0.0,0.0,,,,1,0,1,1,0,0,1,1,1,1,0,0,0,1,0,1,1,1,54.0,3.0,0.0,160.0,10.0,46.47727272727273,23.522727272727273,20.0,0.0,100.0
3,15.0,2,0,240.0,200.0,40.0,,,,,,,,0,4,41,41006,TATE2,4,COMPARISON,2,1.0,,,,,0,7,,,5,5,,1.0,10.0,10.0,9.0,,1,1.0,1.0,1.0,,,2,2,2,,3.0,0.0,3.0,2.0,,0,1,0,1,1,0,1,1,1,1,1,1,0,0,0,1,1,1,52.0,7.0,0.0,16.0,66.66666666666666,33.33333333333333,0.0,0.0,0.0,99.99999999999999
3,2.0,3,0,500.0,400.0,100.0,,1.0,,,,,,0,7,73,73005,Ahéoua,7,COMPARISON,4,3.0,,,,,0,1,5,,,,,,,,,,1,,,,,3,,,,,3.0,,,,,2,0,0,0,0,0,1,1,1,0,1,1,1,1,0,0,1,1,71.0,1.0,1.0,250.0,25.0,25.0,50.0,0.0,0.0,100.0
7,3.0,2,97,650.0,400.0,250.0,,2.0,,,,,,0,4,41,41037,IRATO,4,COMPARISON,2,1.0,,,,,0,3,3,,,,,10.0,10.0,10.0,10.0,10.0,1,1.0,1.0,1.0,1.0,,97,97,97,97,0.0,0.0,0.0,3.0,3.0,2,0,0,0,1,1,1,1,0,1,1,1,0,1,0,1,1,1,47.0,,1.0,216.66666666666663,0.0,0.0,0.0,100.0,0.0,100.0
9,5.0,1,0,1680.0,1540.0,140.0,1540.0,2.0,,,,,1000.0,0,5,51,51001,Adahou,5,COMPARISON,4,1.0,,,,,0,7,5,,,,,10.0,,,,,1,,,,,,,,,,3.0,,,,,3,0,0,1,1,1,1,1,1,1,0,1,1,1,1,1,1,1,26.0,5.0,1.0,336.0,0.0,40.0,60.0,0.0,0.0,100.0
7,6.0,6,0,245.0,175.0,70.0,175.0,97.0,,,,,11.785714149475098,0,7,71,54002,Bécédi-Brignan,7,RESTORE,4,4.0,,,,,0,5,5,,,,,10.0,1.0,,,,1,1.0,,,,9,97,,,,0.0,0.0,,,,2,1,0,1,1,0,1,1,0,1,0,1,1,1,0,0,1,1,50.0,3.0,1.0,40.833333333333336,30.0,0.0,0.0,70.0,0.0,100.0
12,10.0,6,0,800.0,600.0,200.0,600.0,3.0,,,,,12.5,1,5,51,51054,Amian-Kouassikro,5,COMPARISON,0,2.0,,,,,0,3,3 4,3 4,,,,97.0,97.0,,,,1,1.0,,,,,,,,,0.0,0.0,,,,1,0,1,0,0,0,0,0,1,1,1,1,1,1,1,1,1,1,38.0,1.0,0.0,80.0,17.857142857142858,30.0,22.142857142857142,24.285714285714285,5.714285714285714,99.99999999999999
7,4.0,6,0,1120.0,880.0,240.0,880.0,2.0,,,,,1000.0,0,4,41,41021,NIGRE,4,RESTORE,4,2.0,,,,,1,4,5,,,,,97.0,97.0,,,,4,4.0,,,,,,,,,3.0,,,,,1,0,0,1,1,1,1,1,0,1,0,1,0,1,1,1,1,1,40.0,,0.0,280.0,0.0,10.0,20.0,70.0,0.0,100.0
7,9.0,6,0,1462.5,845.0,617.5,845.0,2.0,,,,,1000.0,0,4,41,41028,GNATO,4,RESTORE,2,1.0,,,,,1,7,5,,,,,10.0,1.0,,,,4,4.0,,,,1,,,,,0.0,0.0,,,,3,1,0,1,1,1,0,0,0,1,1,1,1,1,0,1,1,1,69.0,,1.0,162.5,3.0,0.0,0.0,97.0,0.0,100.0
10,0.0,2,97,675.0,400.0,275.0,,3.0,,,,,,0,4,41,41014,SEH,4,COMPARISON,4,1.0,,,,,0,5,5,,,,,1.0,1.0,1.0,,,1,1.0,1.0,,,,97,97,,,0.0,0.0,0.0,,,5,1,0,1,1,1,0,1,0,1,1,0,0,1,0,1,1,1,41.0,1.0,1.0,,0.0,100.0,0.0,0.0,0.0,100.0
3,2.0,4,13,160.0,160.0,0.0,160.0,,,,,,950.0,0,5,51,51002,Akoikro,5,COMPARISON,4,1.0,,,,,1,2,5,,,,,10.0,,,,,1,,,,,,,,,,0.0,,,,,0,0,1,1,1,0,1,0,1,1,1,1,0,0,0,1,1,1,80.0,,1.0,80.0,0.0,0.0,0.0,100.0,0.0,100.0
7,4.0,3,1,490.0,350.0,140.0,350.0,1.0,,,,,100.0,0,5,51,51015,Bébou,5,COMPARISON,4,1.0,,,,,1,5,4,,,,,10.0,,,,,1,,,,,,,,,,2.0,,,,,4,0,0,1,1,0,1,1,1,1,1,1,1,1,1,1,1,1,63.0,1.0,1.0,122.5,15.0,0.0,85.0,0.0,0.0,100.0
7,4.5,6,7,400.0,250.0,150.0,,,,,,,,0,4,41,41004,FETE,4,COMPARISON,0,2.0,,,,,0,2,5,,,,,8.0,,,,,4,,,,,97,,,,,0.0,,,,,0,1,0,1,1,0,1,1,1,1,1,1,1,0,1,0,1,1,52.0,,0.0,88.88888888888889,20.0,20.0,0.0,60.0,0.0,100.0
6,6.5,2,0,350.0,200.0,150.0,,1.0,,,,,,0,4,41,41011,KLODIO,4,COMPARISON,2,1.0,,,,,0,3,5,5,,,,10.0,10.0,10.0,10.0,10.0,1,1.0,1.0,1.0,1.0,,,,97,,0.0,0.0,0.0,0.0,0.0,4,0,0,1,1,1,1,1,1,1,1,1,1,1,0,1,1,1,46.0,,1.0,53.84615384615385,50.0,50.0,0.0,0.0,0.0,100.0
6,4.5,6,0,500.0,300.0,200.0,,1.0,,,,,,1,4,41,41028,GNATO,4,RESTORE,3,2.0,,,,,0,2,5,,,,,8.0,8.0,,,,2,4.0,,,,,,,,,0.0,0.0,,,,2,1,0,0,1,1,1,1,0,1,1,1,0,1,1,1,1,1,42.0,1.0,0.0,111.11111111111111,0.0,0.0,0.0,100.0,0.0,100.0
7,7.0,4,0,2160.0,1440.0,720.0,1440.0,2.0,,,,,1000.0,0,4,41,41026,DEBLABLAI,4,RESTORE,1,4.0,,,,,0,4,5,5,,,,8.0,8.0,,,,4,4.0,,,,,,,,,0.0,0.0,,,,3,1,0,1,1,1,1,1,0,1,1,1,0,1,1,1,1,1,46.0,,0.0,308.57142857142856,0.0,37.5,0.0,62.5,0.0,100.0
6,1.5,4,6,490.0,420.0,70.0,420.0,97.0,,,,,14.285714149475098,0,5,51,51029,Assakro,5,RESTORE,4,1.0,,,,,1,5,4,,,,,1.0,,,,,1,,,,,,,,,,0.0,,,,,2,0,0,0,1,0,0,0,0,1,1,1,1,1,0,1,1,0,42.0,4.0,0.0,326.6666666666667,0.0,10.0,90.0,0.0,0.0,100.0
3,3.5,6,0,300.0,200.0,100.0,,,,,,,,0,6,61,61001,Abongoua,6,RESTORE,4,1.0,,,,,0,5,5,,,,,1.0,,,,,1,,,,,4,,,,,0.0,,,,,0,0,0,1,1,0,1,1,0,1,0,1,0,0,0,0,1,1,60.0,1.0,1.0,85.71428571428571,0.0,25.0,25.0,25.0,25.0,100.0
6,3.0,4,0,800.0,560.0,240.0,560.0,1.0,,,,,12.5,0,6,61,61001,Abongoua,6,RESTORE,4,4.0,,,,,0,4,2,,,,,1.0,,,,,1,,,,,,,,,,0.0,,,,,1,0,1,0,1,0,0,1,1,1,1,0,1,1,0,1,1,1,74.0,1.0,1.0,266.6666666666667,10.0,40.0,50.0,0.0,0.0,100.0
6,8.0,4,1,140.0,70.0,70.0,70.0,4.0,,,,,100.0,0,5,51,51027,Ahininkro,5,RESTORE,4,4.0,,,,,1,5,4,,,,,10.0,10.0,,,,1,1.0,,,,,,,,,2.0,2.0,,,,4,0,0,0,1,0,0,0,1,1,1,1,1,1,0,1,1,1,61.0,0.0,1.0,17.5,10.0,10.0,0.0,80.0,0.0,100.0
6,2.0,6,7,2800.0,2100.0,700.0,2100.0,1.0,,,,,1000.0,0,5,51,51027,Ahininkro,5,RESTORE,4,2.0,,,,,1,4,5,5,,,,,,,,,1,1.0,,,,,,,,,2.0,2.0,,,,1,1,1,0,1,0,0,0,0,0,1,1,1,1,0,1,1,1,59.0,,1.0,1400.0,6.666666666666667,8.88888888888889,27.77777777777778,56.666666666666664,0.0,100.0
14,5.0,6,5,1200.0,900.0,300.0,900.0,1.0,,,,,1000.0,0,5,51,51027,Ahininkro,5,RESTORE,4,1.0,,,,,0,5,4,,,,,10.0,10.0,10.0,,,1,1.0,1.0,,,,97,,,,3.0,0.0,0.0,,,4,0,1,0,1,1,0,0,1,1,1,1,1,1,1,1,1,1,53.0,3.0,1.0,240.0,0.0,40.0,31.0,28.999999999999996,0.0,100.0
15,14.0,6,13,630.0,420.0,210.0,420.0,1.0,,,,,900.0,0,5,51,51027,Ahininkro,5,RESTORE,4,1.0,,,,,0,3,4 5,5,5,,,10.0,10.0,10.0,10.0,,1,1.0,1.0,1.0,,,97,,,,0.0,0.0,0.0,0.0,,4,0,1,0,0,0,1,0,1,1,1,1,0,1,1,1,1,1,57.0,1.0,0.0,45.0,5.625,12.5,31.25,12.5,38.125,100.0
7,5.0,3,7,910.0,630.0,280.0,630.0,1.0,,,,,1000.0,0,5,51,51027,Ahininkro,5,RESTORE,4,1.0,,,,,0,5,4 5,5,,,,,,,,,1,1.0,,,,,,,,,0.0,2.0,,,,7,0,0,0,1,0,1,0,1,0,0,1,1,1,0,1,1,1,33.0,6.0,1.0,182.0,0.0,27.84090909090909,55.79545454545455,8.181818181818182,8.181818181818182,100.00000000000001
7,6.0,4,1,490.0,350.0,140.0,350.0,97.0,,,,,1000.0,0,5,51,51036,Ahuasso,5,RESTORE,4,1.0,,,,,1,5,5,5,,,,10.0,97.0,97.0,,,1,1.0,1.0,,,,,9,,,2.0,0.0,2.0,,,3,1,0,0,1,0,0,0,0,1,1,1,0,1,0,1,1,1,42.0,2.0,0.0,81.66666666666667,0.0,0.0,0.0,100.0,0.0,100.0
13,32.0,6,13,7680.0,4800.0,2880.0,4800.0,1.0,,,,,850.0,0,5,51,51036,Ahuasso,5,RESTORE,4,1.0,,,,,0,5,5,5,,,,,,,,,1,1.0,,,,,,,,,0.0,2.0,,,,1,0,0,0,1,0,1,0,1,0,1,1,0,1,1,1,1,1,67.0,1.0,1.0,240.0,0.0,0.0,0.0,40.0,60.0,100.0
8,29.0,6,1 5 6 10,17120.0,12000.0,5120.0,12000.0,1.0,,,,,1000.0,1,5,51,51036,Ahuasso,5,RESTORE,4,1.0,,,,,0,5,4 5,4,4,4,,10.0,10.0,10.0,10.0,2.0,1,1.0,1.0,1.0,1.0,,,,,,0.0,0.0,0.0,0.0,0.0,5,1,1,0,1,1,0,0,0,1,1,1,0,1,0,1,1,1,51.0,3.0,1.0,590.3448275862069,0.0,10.0,34.166666666666664,39.166666666666664,16.666666666666664,100.0
3,20.0,6,0,2700.0,2300.0,400.0,,1.0,,,,,,0,5,51,51036,Ahuasso,5,RESTORE,4,1.0,,,,,0,5,5,5,,,,1.0,1.0,1.0,1.0,1.0,1,1.0,1.0,1.0,1.0,,,97,97,11,0.0,0.0,0.0,0.0,0.0,2,1,0,1,0,0,0,1,0,1,1,0,1,1,0,1,1,1,41.0,7.0,1.0,135.0,9.411764705882353,11.76470588235294,0.0,27.647058823529413,51.17647058823529,100.0
3,5.0,6,97,3440.0,2640.0,800.0,2640.0,2.0,,,,,1000.0,0,5,51,51036,Ahuasso,5,RESTORE,4,1.0,,,,,0,5,5,,,,,10.0,,,,,1,,,,,11,,,,,2.0,,,,,9,0,0,0,0,0,0,0,0,1,1,1,0,1,0,0,1,1,31.0,3.0,1.0,688.0,0.0,0.0,0.0,100.0,0.0,100.0
7,9.0,6,12,280.0,210.0,70.0,210.0,1.0,,,,,12.142857551574709,0,5,54,54001,Akacomoékro,5,RESTORE,4,1.0,,,,,0,6,2 4,,4,,,1.0,1.0,1.0,,,1,1.0,1.0,,,,,10,,,2.0,3.0,3.0,,,4,0,0,0,0,0,0,0,0,1,1,0,1,1,0,1,1,1,63.0,,1.0,31.11111111111111,20.0,0.0,0.0,80.0,0.0,100.0
6,6.0,6,0,350.0,210.0,140.0,,1.0,,,,,,1,5,54,54001,Akacomoékro,5,RESTORE,0,1.0,,,,,1,6,5,,,,,1.0,,,,,4,,,,,,,,,,0.0,,,,,4,0,1,0,1,1,1,0,1,1,1,1,1,1,1,1,1,1,53.0,,1.0,58.333333333333336,0.0,0.0,0.0,0.0,100.0,100.0
3,6.0,6,0,210.0,210.0,0.0,210.0,1.0,,,,,14.285714149475098,0,5,54,54001,Akacomoékro,5,RESTORE,3,1.0,,,,,0,4,5,,,,,2.0,2.0,,,,1,1.0,,,,,,,,,0.0,0.0,,,,1,0,1,0,0,0,1,1,0,1,1,0,0,1,0,1,1,1,67.0,,0.0,35.0,0.0,0.0,0.0,0.0,100.0,100.0
6,8.0,6,13,525.0,420.0,105.0,420.0,1.0,,,,,14.285714149475098,0,5,54,54001,Akacomoékro,5,RESTORE,4,4.0,,,,,0,8,,5,,5,,6.0,1.0,8.0,9.0,8.0,1,1.0,1.0,1.0,1.0,,,,,,0.0,0.0,0.0,0.0,3.0,0,0,1,0,1,1,0,0,0,1,1,0,0,1,1,1,1,1,55.0,,0.0,65.625,0.0,0.0,0.0,0.0,100.0,100.0
7,20.0,6,97,1520.0,1200.0,320.0,1200.0,2.0,,,,,1000.0,0,5,54,54001,Akacomoékro,5,RESTORE,4,1.0,,,,,0,6,2 97,,,2 97,97.0,1.0,1.0,1.0,1.0,1.0,1,1.0,1.0,1.0,1.0,,,,,,2.0,2.0,0.0,2.0,2.0,4,1,1,0,1,1,1,0,0,1,1,1,1,1,1,1,1,1,81.0,,1.0,76.0,0.0,11.016949152542372,46.69491525423729,24.491525423728813,17.796610169491526,100.0
7,3.0,6,0,315.0,210.0,105.0,210.0,1.0,,,,,14.285714149475098,0,5,54,54001,Akacomoékro,5,RESTORE,0,2.0,,,,,0,5,5,,,,,2.0,2.0,,,,4,4.0,1.0,,,,,7,,,0.0,0.0,0.0,,,3,1,0,0,1,0,1,1,0,1,1,1,1,1,0,1,1,1,66.0,,0.0,105.0,10.0,0.0,0.0,0.0,90.0,100.0
5,7.0,6,97,1200.0,850.0,350.0,,1.0,,,,,,0,5,54,54001,Akacomoékro,5,RESTORE,4,1.0,,,,,0,8,5,,,,,1.0,1.0,1.0,,,1,1.0,1.0,,,,,,,,0.0,0.0,0.0,,,6,0,1,0,1,0,0,0,1,1,1,0,1,1,0,1,1,1,52.0,4.0,0.0,171.42857142857142,20.0,0.0,0.0,80.0,0.0,100.0
4,0.0,6,0,280.0,210.0,70.0,280.0,2.0,,,,,0.0428571440279483,0,5,54,54001,Akacomoékro,5,RESTORE,97,1.0,,,,,0,5,97,,,,,6.0,,,,,4,2.0,,,,,1,,,,3.0,0.0,,,,3,0,1,0,0,0,1,1,1,1,1,1,1,1,1,1,1,1,67.0,,0.0,,0.0,25.0,15.0,50.0,10.0,100.0
9,14.0,6,13,1155.0,875.0,280.0,875.0,5.0,,,,,12.142857551574709,0,5,54,54001,Akacomoékro,5,RESTORE,4,1.0,,,,,0,7,5,5,,,,5.0,5.0,5.0,5.0,,1,1.0,1.0,1.0,,,,,,,2.0,0.0,0.0,0.0,,4,1,0,0,1,1,1,1,1,1,1,1,0,1,1,1,1,1,58.0,,1.0,82.5,0.0,0.0,0.0,0.0,100.0,100.0
15,14.0,6,13,630.0,560.0,70.0,560.0,1.0,4.0,4.0,4.0,6.0,14.285714149475098,0,5,54,54001,Akacomoékro,5,RESTORE,3,3.0,4.0,4.0,4.0,6.0,0,5,5,5,,,,5.0,5.0,5.0,,,1,1.0,1.0,,,,,,,,0.0,0.0,0.0,,,3,0,1,1,1,1,1,1,0,1,1,1,0,1,0,1,1,1,69.0,,0.0,45.0,0.0,0.0,0.0,22.22222222222222,77.77777777777779,100.0
6,20.0,6,0,1300.0,1000.0,300.0,,2.0,,,,,,0,5,54,54001,Akacomoékro,5,RESTORE,4,1.0,,,,,0,3,2 97,97,,,,1.0,1.0,,1.0,1.0,1,1.0,1.0,1.0,1.0,4,4,1,97,97,3.0,3.0,2.0,2.0,2.0,1,0,0,0,0,0,0,1,0,1,1,1,0,1,0,0,1,1,60.0,,1.0,65.0,0.0,34.24242424242424,50.0,15.757575757575756,0.0,100.0
6,3.880000114440918,6,11,1120.0,880.0,240.0,880.0,4.0,,,,,1000.0,1,5,54,54001,Akacomoékro,5,RESTORE,4,1.0,,,,,0,4,5,,,,,10.0,10.0,,,,1,1.0,,,,,9,,,,2.0,2.0,,,,4,1,0,0,0,0,1,1,0,1,1,0,0,1,0,1,1,1,48.0,1.0,1.0,288.659785300389,0.0,0.0,0.0,100.0,0.0,100.0
7,2.0,3,6,250.0,150.0,100.0,150.0,3.0,,,,,1000.0,0,5,51,51020,Améakro,5,RESTORE,4,1.0,,,,,1,6,4,,,,,1.0,,,,,1,,,,,,,,,,2.0,,,,,6,0,0,0,1,1,1,0,1,1,1,1,0,1,0,1,1,1,50.0,1.0,1.0,125.0,0.0,50.0,50.0,0.0,0.0,100.0
9,15.0,6,0,1800.0,1350.0,450.0,1350.0,1.0,,,,,1000.0,1,5,51,51020,Améakro,5,RESTORE,4,1.0,,,,,0,5,5,,,,,10.0,10.0,,,,1,1.0,,,,,97,,,,2.0,0.0,,,,6,0,0,0,0,0,1,0,1,1,1,1,1,1,0,1,1,1,100.0,,0.0,120.0,40.0,45.0,15.0,0.0,0.0,100.0
5,10.0,6,6,300.0,150.0,150.0,150.0,3.0,,,,,1100.0,0,5,51,51020,Améakro,5,RESTORE,4,2.0,,,,,1,6,4 5,,,,,10.0,,,,,1,,,,,,,,,,2.0,,,,,7,0,0,1,1,1,0,0,1,1,1,1,0,1,0,1,1,1,63.0,1.0,1.0,30.0,0.0,0.0,10.0,90.0,0.0,100.0
5,2.0,6,0,280.0,160.0,120.0,160.0,4.0,,,,,10.625,1,5,51,51020,Améakro,5,RESTORE,4,1.0,,,,,1,5,4 5,4,,,,10.0,10.0,,,,1,1.0,,,,,,,,,0.0,0.0,,,,3,0,0,0,0,0,1,0,1,1,1,1,1,1,0,1,1,0,90.0,,1.0,140.0,0.0,0.0,0.0,0.0,0.0,0.0
5,4.0,4,5,720.0,320.0,400.0,320.0,1.0,,,,,1000.0,1,5,51,51020,Améakro,5,RESTORE,4,1.0,,,,,0,1,4,,,,,11.0,,,,,1,2.0,,,,,97,,,,0.0,0.0,,,,1,0,0,0,0,0,1,0,1,1,1,1,0,1,0,1,1,1,46.0,2.0,1.0,180.0,0.0,0.0,100.0,0.0,0.0,100.0
5,12.25,6,0,700.0,560.0,140.0,560.0,1.0,,,,,1000.0,0,5,51,51020,Améakro,5,RESTORE,4,1.0,,,,,0,2,4,4,,,,9.0,,9.0,,,1,1.0,1.0,2.0,2.0,,,9,9,9,0.0,3.0,3.0,3.0,0.0,2,0,0,0,0,0,1,1,1,1,1,1,1,1,0,1,1,1,47.0,,1.0,57.142857142857146,0.0,17.80821917808219,16.43835616438356,65.75342465753424,0.0,99.99999999999999
3,7.0,6,0,1750.0,1500.0,250.0,,3.0,,,,,,0,5,51,51020,Améakro,5,RESTORE,4,1.0,,,,,0,7,5,4,,,,10.0,10.0,,,,1,1.0,,,,,,,,,2.0,2.0,,,,6,0,0,0,1,1,1,0,1,1,1,1,1,1,1,1,1,1,45.0,1.0,1.0,250.0,5.0,0.0,0.0,95.0,0.0,100.0
5,6.0,4,0,560.0,350.0,210.0,350.0,1.0,,,,,14.285714149475098,0,5,51,51020,Améakro,5,RESTORE,4,1.0,,,,,0,5,4 5,4 5,,,,9.0,9.0,1.0,,,1,1.0,1.0,,,,,9,,,0.0,3.0,0.0,,,1,0,0,0,0,0,1,1,1,1,1,1,0,1,0,1,1,1,37.0,1.0,1.0,93.33333333333331,21.73913043478261,0.0,78.26086956521739,0.0,0.0,100.0
5,2.0,5,0,210.0,210.0,0.0,210.0,2.0,,,,,14.285714149475098,0,5,51,51020,Améakro,5,RESTORE,4,1.0,,,,,0,1,4 5,,,,,9.0,,,,,1,,,,,,,,,,0.0,,,,,2,0,0,1,0,0,0,0,1,1,1,0,0,1,0,1,1,1,44.0,1.0,0.0,105.0,0.0,0.0,0.0,0.0,0.0,0.0
7,6.0,4,0,630.0,490.0,140.0,490.0,97.0,,,,,850.0,0,5,51,51020,Améakro,5,RESTORE,4,1.0,,,,,0,7,5,,,,,10.0,,,,,1,,,,,,,,,,0.0,,,,,5,0,1,0,1,1,0,0,1,1,1,1,1,1,0,1,1,1,41.0,3.0,1.0,105.0,10.0,0.0,90.0,0.0,0.0,100.0
6,1.5,6,13 97,90.0,60.0,30.0,60.0,1.0,,,,,16.66666603088379,0,5,51,51020,Améakro,5,RESTORE,4,1.0,,,,,0,1,5,,,,,10.0,,,,,1,,,,,,,,,,2.0,,,,,2,0,0,0,0,0,1,0,0,1,1,1,0,1,1,1,1,1,63.0,1.0,0.0,60.0,0.0,0.0,0.0,0.0,100.0,100.0
6,10.5,6,13,195.0,130.0,65.0,130.0,1.0,,,,,13.84615421295166,0,5,51,51020,Améakro,5,RESTORE,4,1.0,,,,,0,1,5,,,,,9.0,9.0,9.0,,,1,1.0,1.0,,,,97,,,,2.0,0.0,0.0,,,2,0,0,0,0,1,1,0,0,1,1,1,0,1,0,1,1,1,54.0,3.0,1.0,18.571428571428573,0.0,0.0,0.0,0.0,100.0,100.0
2,11.0,4,0,760.0,200.0,560.0,200.0,1.0,,,,,12.5,1,5,51,51020,Améakro,5,RESTORE,4,1.0,,,,,0,6,4 5,,,,,10.0,,,,,1,,,,,,,,,,0.0,,,,,3,0,0,0,0,1,1,1,1,1,1,0,0,1,0,1,1,1,42.0,,1.0,69.0909090909091,0.0,0.0,0.0,0.0,0.0,0.0
7,12.0,4,0,50.0,40.0,10.0,375.0,1.0,,,,,1000.0,0,5,51,51021,Amélékia,5,RESTORE,4,1.0,,,,,0,4,5,,,,,10.0,,,,,1,,,,,,,,,,0.0,,,,,1,0,0,0,1,1,0,0,1,1,1,0,0,1,0,1,1,1,51.0,2.0,1.0,4.166666666666667,0.0,0.0,100.0,0.0,0.0,100.0
4,7.0,6,0,770.0,560.0,210.0,560.0,1.0,,,,,900.0,0,5,51,51021,Amélékia,5,RESTORE,4,4.0,,,,,0,5,5,5,,,,10.0,10.0,,,,1,1.0,,,,,11 97,,,,3.0,0.0,,,,0,0,0,0,0,0,1,0,1,1,1,1,0,1,0,1,1,1,58.0,3.0,1.0,110.0,22.5,22.5,30.0,25.0,0.0,100.0
8,82.0,4,13,2320.0,2000.0,320.0,2000.0,6.0,,,,,1000.0,0,5,51,51021,Amélékia,5,RESTORE,4,1.0,,,,,0,4,4,4,4,4,4.0,,1.0,9.0,9.0,9.0,1,1.0,1.0,1.0,1.0,,,,11,11,2.0,2.0,2.0,2.0,2.0,1,0,0,0,1,1,0,0,1,1,1,1,0,1,0,1,1,1,73.0,,1.0,28.29268292682927,0.0,42.857142857142854,51.42857142857142,5.714285714285714,0.0,99.99999999999999
9,3.0,6,0,210.0,210.0,0.0,210.0,3.0,,,,,14.285714149475098,0,5,51,51021,Amélékia,5,RESTORE,4,4.0,,,,,1,5,4,,,,,10.0,,,,,1,,,,,,,,,,0.0,,,,,3,0,1,0,0,1,0,0,0,1,1,0,0,1,1,1,1,1,60.0,,1.0,70.0,0.0,0.0,0.0,0.0,0.0,0.0
2,17.0,5,0,280.0,210.0,70.0,210.0,1.0,,,,,900.0,0,5,51,51021,Amélékia,5,RESTORE,4,1.0,,,,,1,4,5,5,,,,1.0,1.0,,,,1,1.0,,,,4,3,,,,0.0,0.0,,,,3,1,0,0,1,1,1,1,1,1,1,1,0,1,0,0,1,1,58.0,3.0,1.0,16.470588235294116,22.413793103448278,0.0,31.03448275862069,46.55172413793103,0.0,100.0
5,4.0,5,0,980.0,770.0,210.0,770.0,6.0,,,,,1000.0,0,5,51,51021,Amélékia,5,RESTORE,97,2.0,,,,,0,5,4,,,,,1.0,,,,,1,,,,,,,,,,2.0,,,,,2,0,0,1,1,0,0,0,1,1,1,1,1,1,0,1,1,1,55.0,1.0,1.0,245.0,10.0,0.0,20.0,70.0,0.0,100.0
9,8.0,5,13,560.0,400.0,160.0,400.0,1.0,,,,,1000.0,0,5,51,51021,Amélékia,5,RESTORE,4,1.0,,,,,0,5,4,,,,,10.0,,,,,1,,,,,,,,,,0.0,,,,,1,0,0,0,0,0,1,0,1,1,1,1,1,1,1,1,1,1,48.0,1.0,1.0,70.0,16.0,0.0,0.0,84.0,0.0,100.0
4,8.0,4,0,2030.0,1680.0,350.0,1680.0,1.0,,,,,900.0,0,5,51,51021,Amélékia,5,RESTORE,4,1.0,,,,,0,5,5,,,,,9.0,9.0,,,,1,1.0,,,,,97,,,,0.0,0.0,,,,7,0,0,1,1,1,0,1,0,1,1,1,0,1,0,1,1,1,45.0,3.0,1.0,253.75,0.0,30.0,70.0,0.0,0.0,100.0
8,15.0,6,7,1050.0,840.0,210.0,840.0,3.0,,,,,1000.0,0,5,51,51021,Amélékia,5,RESTORE,4,1.0,,,,,0,7,5,,,,,1.0,,,,,1,,,,,4 9,,,,,2.0,,,,,2,0,0,0,1,1,1,0,1,1,1,1,0,1,0,0,1,1,50.0,,1.0,70.0,3.0,15.0,25.0,35.0,22.0,100.0
5,50.0,6,0,300.0,300.0,0.0,300.0,1.0,,,,,13.333333015441896,0,5,51,51021,Amélékia,5,RESTORE,1,2.0,,,,,0,1,5,,,,,11.0,,,,,1,,,,,,,,,,2.0,,,,,3,0,0,1,1,0,1,1,0,1,1,1,1,1,0,1,1,1,68.0,,0.0,6.0,0.0,0.0,55.00000000000001,45.0,0.0,100.0
6,4.0,4,10,1050.0,700.0,350.0,700.0,3.0,,,,,14.285714149475098,1,5,51,51021,Amélékia,5,RESTORE,4,1.0,,,,,0,5,4,,,,,10.0,,,,,1,,,,,,,,,,0.0,,,,,2,0,0,0,0,0,1,0,1,1,1,1,0,1,0,1,1,1,52.0,1.0,0.0,262.5,0.0,80.0,20.0,0.0,0.0,100.0
5,6.0,5,0,640.0,480.0,160.0,480.0,,,,,,1000.0,0,5,51,51021,Amélékia,5,RESTORE,4,1.0,,,,,0,2,4,,,,,9.0,,,,,1,,,,,1 5 11,,,,,2.0,,,,,0,0,0,1,1,0,1,0,1,1,0,1,1,0,0,0,1,1,42.0,1.0,1.0,106.66666666666669,12.0,63.0,20.0,5.0,0.0,100.0
2,31.0,6,0,4500.0,3600.0,900.0,3600.0,,,,,,900.0,0,5,51,51021,Amélékia,5,RESTORE,4,1.0,,,,,0,2,5,5,,,,9.0,9.0,,,,1,1.0,,,,,97,,,,3.0,3.0,,,,0,0,0,0,0,0,1,0,1,1,0,0,0,0,0,1,1,1,59.0,5.0,1.0,145.16129032258064,0.0,0.0,92.3076923076923,7.6923076923076925,0.0,100.0
8,1.0,6,7,2080.0,1105.0,975.0,650.0,1.0,,,,,15.384614944458008,0,5,51,51021,Amélékia,5,RESTORE,4,1.0,,,,,0,5,5,,,,,1.0,,,,,1,,,,,,,,,,0.0,,,,,18,0,0,1,1,0,1,0,0,1,1,1,0,1,1,1,1,1,52.0,1.0,1.0,2080.0,0.0,0.0,0.0,0.0,0.0,0.0
2,5.0,2,0,540.0,480.0,60.0,480.0,5.0,,,,,800.0,0,5,51,51021,Amélékia,5,RESTORE,4,1.0,,,,,1,4,1 2,,,,,10.0,,,,,1,4.0,,,,,97,,,,0.0,0.0,,,,2,1,1,1,1,0,0,0,0,1,1,0,0,1,0,1,1,1,49.0,1.0,1.0,108.0,0.0,0.0,0.0,100.0,0.0,100.0
7,4.0,6,0,210.0,140.0,70.0,140.0,3.0,,,,,1000.0,0,5,51,51022,Anékouadiokro,5,RESTORE,1,4.0,,,,,1,5,4 5,,,,,10.0,,,,,1,,,,,,,,,,2.0,,,,,3,0,0,0,0,0,0,0,1,1,1,1,0,1,0,1,1,1,66.0,,0.0,52.5,0.0,0.0,0.0,100.0,0.0,100.0
11,3.5,4,0,160.0,80.0,80.0,80.0,1.0,,,,,1000.0,0,5,51,51022,Anékouadiokro,5,RESTORE,1,1.0,,,,,1,2,5,,,,,1.0,,,,,1,,,,,,,,,,0.0,,,,,1,0,0,0,0,0,1,0,1,1,1,1,1,1,1,1,1,1,52.0,,0.0,45.71428571428572,0.0,0.0,100.0,0.0,0.0,100.0
7,4.0,3,0,1330.0,1190.0,140.0,1190.0,2.0,,,,,800.0,0,5,51,51022,Anékouadiokro,5,RESTORE,97,2.0,,,,,0,2,5,,,,,8.0,,,,,1,1.0,,,,,97,,,,3.0,2.0,,,,1,0,0,1,1,0,1,1,1,1,1,1,0,1,1,1,1,1,41.0,,0.0,332.5,0.0,0.0,100.0,0.0,0.0,100.0
5,1.0,5,13,100.0,50.0,50.0,50.0,4.0,,,,,1000.0,0,5,51,51022,Anékouadiokro,5,RESTORE,1,4.0,,,,,0,3,4,,,,,10.0,,,,,1,,,,,11,,,,,3.0,,,,,2,0,0,0,0,0,1,0,0,1,1,1,0,1,1,0,1,1,65.0,1.0,1.0,100.0,0.0,0.0,60.0,40.0,0.0,100.0
15,11.5,6,0,2600.0,2000.0,600.0,,3.0,5.0,7.0,4.0,4.0,,0,5,51,51022,Anékouadiokro,5,RESTORE,0,2.0,5.0,7.0,4.0,4.0,0,5,4 5,4 5,,,,8.0,8.0,,,,1,1.0,,,,,,,,,2.0,2.0,,,,3,0,0,0,1,1,1,0,1,1,1,1,1,1,0,1,1,1,70.0,,0.0,226.08695652173915,0.0,3.260869565217391,16.304347826086957,34.78260869565217,45.65217391304348,100.0
10,6.0,6,7,750.0,600.0,150.0,600.0,2.0,,,,,13.333333015441896,0,5,51,51022,Anékouadiokro,5,RESTORE,0,2.0,,,,,0,5,5,,,,,9.0,,,,,1,,,,,,,,,,0.0,,,,,2,1,0,0,0,0,0,1,1,1,1,1,1,1,1,1,1,1,48.0,,0.0,125.0,20.0,20.0,20.0,20.0,20.0,100.0
7,2.5,6,0,654.5,423.5,231.0,423.5,2.0,,,,,1000.0,0,5,51,51022,Anékouadiokro,5,RESTORE,1,4.0,,,,,0,4,5,,,,,1.0,,,,,1,,,,,,,,,,3.0,,,,,3,0,0,0,0,0,1,1,1,1,1,1,0,1,1,1,1,1,43.0,3.0,0.0,261.8,15.0,40.0,25.0,20.0,0.0,100.0
9,26.0,4,13,1050.0,560.0,490.0,560.0,6.0,,,,,12.857142448425291,1,5,51,51022,Anékouadiokro,5,RESTORE,2,1.0,,,,,0,7,4 5,5,,,,9.0,9.0,11.0,,,1,1.0,1.0,,,,,9,,,0.0,2.0,0.0,,,2,0,0,0,0,0,1,0,1,1,1,1,1,1,1,1,1,1,72.0,2.0,1.0,40.38461538461539,6.624203821656051,26.987261146496817,38.07643312101911,28.312101910828027,0.0,100.0
7,4.5,3,6,600.0,450.0,150.0,450.0,1.0,,,,,1000.0,0,5,51,51022,Anékouadiokro,5,RESTORE,1,2.0,,,,,0,5,4,,,,,10.0,10.0,,,,1,1.0,1.0,,,,,,,,3.0,0.0,2.0,,,4,0,0,1,0,0,1,1,0,1,1,1,1,1,1,1,1,1,44.0,,1.0,133.33333333333334,30.0,0.0,0.0,70.0,0.0,100.0
8,3.0,5,6,280.0,175.0,105.0,175.0,1.0,,,,,900.0,0,5,51,51022,Anékouadiokro,5,RESTORE,1,4.0,,,,,0,5,4 5,,,,,1.0,,,,,1,,,,,,,,,,0.0,,,,,4,0,1,0,0,0,1,0,1,1,1,1,0,1,1,1,1,1,57.0,,1.0,93.33333333333331,0.0,25.0,25.0,50.0,0.0,100.0
7,4.5,4,0,375.0,225.0,150.0,225.0,2.0,,,,,13.333333015441896,0,5,51,51022,Anékouadiokro,5,RESTORE,1,2.0,,,,,0,3,5,,,,,97.0,,,,,1,,,,,,,,,,0.0,,,,,6,1,1,0,0,1,1,1,1,1,1,1,0,1,1,1,1,1,65.0,,1.0,83.33333333333333,0.0,20.0,80.0,0.0,0.0,100.0
2,1.5,6,0,280.0,280.0,0.0,280.0,2.0,,,,,1000.0,0,5,51,51022,Anékouadiokro,5,RESTORE,1,2.0,,,,,0,2,5,,,,,1.0,,,,,1,,,,,,,,,,2.0,,,,,1,0,0,0,0,0,1,0,1,1,1,1,0,1,0,1,1,1,52.0,,0.0,186.66666666666663,0.0,0.0,0.0,100.0,0.0,100.0
5,4.0,6,7,400.0,300.0,100.0,,3.0,,,,,,0,5,51,51022,Anékouadiokro,5,RESTORE,0,2.0,,,,,0,6,5,,,,,8.0,,,,,1,1.0,,,,,5,,,,2.0,2.0,,,,6,1,0,0,1,1,1,1,1,1,1,1,1,1,0,1,1,1,68.0,,0.0,100.0,0.0,0.0,0.0,0.0,100.0,100.0
7,2.5,6,0,210.0,210.0,0.0,210.0,97.0,,,,,14.285714149475098,0,5,51,51022,Anékouadiokro,5,RESTORE,4,1.0,,,,,0,1,4 5,,,,,9.0,,,,,1,,,,,,,,,,0.0,,,,,4,0,1,1,1,0,1,1,1,1,1,1,0,1,1,1,1,1,45.0,,0.0,84.0,0.0,20.0,30.0,50.0,0.0,100.0
8,5.0,3,7,406.0,236.0,170.0,,3.0,,,,,,0,5,51,51022,Anékouadiokro,5,RESTORE,1,2.0,,,,,0,7,5,,,,,10.0,,,,,1,,,,,,,,,,2.0,,,,,5,1,0,1,1,1,0,1,1,1,1,1,1,1,0,1,1,1,56.0,,0.0,81.2,5.0,0.0,95.0,0.0,0.0,100.0
12,5.0,4,6,280.0,210.0,70.0,210.0,3.0,,,,,1000.0,0,7,70,71003,Anougbakro,7,RESTORE,0,2.0,,,,,0,4,5,,,,,7.0,7.0,,,,1,1.0,,,,,,,,,2.0,2.0,,,,5,0,0,1,1,0,1,0,1,1,1,1,0,1,1,1,1,1,77.0,,0.0,56.0,0.0,0.0,0.0,100.0,0.0,100.0
5,7.0,6,0,539.0,308.0,231.0,308.0,3.0,,,,,1000.0,0,7,70,71003,Anougbakro,7,RESTORE,4,1.0,,,,,1,5,4 5,,,,,11.0,,,,,1,,,,,,,,,,2.0,,,,,4,0,0,1,0,0,0,0,1,1,1,1,0,1,0,1,1,1,59.0,,1.0,77.0,0.0,0.0,50.0,0.0,50.0,100.0
8,7.0,4,97,1260.0,700.0,560.0,700.0,1.0,,,,,900.0,1,7,70,71003,Anougbakro,7,RESTORE,0,2.0,,,,,0,3,5,5,5,,,4.0,,,,,1,2.0,2.0,,,,,,,,2.0,0.0,0.0,,,2,0,0,0,0,0,1,1,1,1,1,0,1,1,1,1,1,1,57.0,,1.0,180.0,35.95744680851064,43.98176291793313,20.060790273556233,0.0,0.0,100.00000000000001
12,10.5,6,0,350.0,245.0,105.0,245.0,1.0,,,,,900.0,0,7,70,71003,Anougbakro,7,RESTORE,4,3.0,,,,,0,1,5,,,,,9.0,9.0,9.0,9.0,,1,1.0,1.0,1.0,,,,97,97,,0.0,0.0,2.0,0.0,,3,0,0,0,1,0,1,0,1,1,1,1,1,1,0,1,1,1,55.0,1.0,1.0,33.333333333333336,20.0,0.0,0.0,0.0,80.0,100.0
6,9.0,6,7,770.0,560.0,210.0,560.0,1.0,,,,,900.0,0,7,70,71003,Anougbakro,7,RESTORE,4,1.0,,,,,0,4,5,5,,,,10.0,10.0,,,,1,1.0,,,,,,,,,0.0,2.0,,,,9,0,0,0,1,0,0,0,1,1,1,1,1,1,0,1,1,1,57.0,1.0,1.0,85.55555555555556,35.0,12.5,0.0,0.0,52.5,100.0
11,7.0,6,0,480.0,400.0,80.0,400.0,1.0,,,,,875.0,0,7,70,71003,Anougbakro,7,RESTORE,0,2.0,,,,,0,1,5,5,5,,,10.0,10.0,11.0,,,1,1.0,1.0,,,,,,,,0.0,3.0,0.0,,,1,0,0,1,1,0,1,0,1,1,1,1,0,1,0,1,1,1,61.0,,0.0,68.57142857142857,0.0,0.0,5.714285714285714,94.28571428571428,0.0,99.99999999999999
8,3.0,2,0,560.0,210.0,350.0,210.0,2.0,,,,,1000.0,0,7,71,71003,Anougbakro,7,RESTORE,0,2.0,,,,,0,5,4,,,,,,,,,,2,,,,,,,,,,0.0,,,,,3,1,0,1,1,0,0,0,1,0,0,0,1,1,1,1,1,1,61.0,,0.0,186.66666666666663,0.0,100.0,0.0,0.0,0.0,100.0
4,4.0,5,6,350.0,210.0,140.0,210.0,3.0,,,,,1000.0,0,7,70,71003,Anougbakro,7,RESTORE,0,2.0,,,,,0,6,5,,,,,10.0,8.0,,,,1,1.0,,,,,97,,,,2.0,2.0,,,,5,0,0,1,0,0,1,0,1,1,1,1,1,1,0,0,1,1,50.0,3.0,1.0,87.5,5.0,0.0,0.0,95.0,0.0,100.0
6,4.5,4,97,552.5,340.0,212.5,340.0,1.0,,,,,900.0,0,7,70,71003,Anougbakro,7,RESTORE,0,2.0,,,,,0,5,5,,,,,10.0,97.0,,,,1,1.0,,,,,97,,,,0.0,0.0,,,,6,0,1,0,1,0,0,0,1,1,0,0,1,1,0,1,1,1,39.0,1.0,1.0,122.77777777777776,10.0,0.0,90.0,0.0,0.0,100.0
2,5.5,2,0,400.0,240.0,160.0,240.0,,,,,,12.5,1,7,70,71003,Anougbakro,7,RESTORE,4,1.0,,,,,0,4,4,4,,,,10.0,10.0,,,,1,1.0,,,,97,,,,,0.0,3.0,,,,0,0,1,0,0,0,1,1,1,1,1,1,1,0,1,1,1,1,55.0,3.0,1.0,72.72727272727273,0.0,0.0,0.0,0.0,0.0,0.0
6,12.0,6,13,1224.0,792.0,432.0,792.0,2.0,,,,,1000.0,0,7,70,71003,Anougbakro,7,RESTORE,4,4.0,,,,,0,5,5,,,,,1.0,,,,,1,,,,,,,,,,0.0,,,,,1,0,1,1,0,0,1,0,1,1,1,1,0,1,0,1,1,1,72.0,2.0,1.0,102.0,20.0,40.0,10.0,15.0,15.0,100.0
6,6.5,6,0,1260.0,1050.0,210.0,1050.0,2.0,,,,,12.857142448425291,0,7,70,71003,Anougbakro,7,RESTORE,97,2.0,,,,,0,5,3 4 5,4,,,,10.0,11.0,,,,1,1.0,,,,,,,,,0.0,0.0,,,,1,0,0,0,0,1,1,1,1,1,1,1,1,1,1,1,1,1,60.0,1.0,1.0,193.84615384615384,20.0,20.0,10.0,50.0,0.0,100.0
4,3.5,3,0,2170.0,1960.0,210.0,1960.0,1.0,,,,,900.0,0,5,51,51017,Appoisso,5,RESTORE,0,2.0,,,,,0,5,5,,,,,10.0,,,,,1,,,,,,,,,,0.0,,,,,4,0,1,0,1,1,1,0,1,1,0,1,1,1,0,1,1,1,45.0,6.0,1.0,620.0,0.0,0.0,100.0,0.0,0.0,100.0
6,22.0,2,0,5145.0,4700.0,445.0,,3.0,,,,,,0,5,51,51017,Appoisso,5,RESTORE,4,1.0,,,,,1,6,5,,,,,10.0,,,,,1,,,,,,,,,,2.0,,,,,4,0,0,0,1,0,0,0,1,1,0,1,0,1,0,1,1,1,66.0,3.0,0.0,233.8636363636364,0.0,100.0,0.0,0.0,0.0,100.0
11,8.5,5,0,1080.0,900.0,180.0,900.0,1.0,,,,,1000.0,0,5,51,51017,Appoisso,5,RESTORE,0,2.0,,,,,0,5,5,4 5,,,,10.0,10.0,,,,1,1.0,,,,,,,,,3.0,3.0,,,,3,0,1,0,1,0,1,1,1,1,0,0,0,1,1,1,1,1,46.0,1.0,0.0,127.05882352941175,0.0,16.447368421052634,33.55263157894737,50.0,0.0,100.0
8,6.0,6,0,2070.0,900.0,1170.0,900.0,3.0,,,,,11.11111068725586,0,5,51,51017,Appoisso,5,RESTORE,0,1.0,,,,,0,7,4 5,4 5,,,,8.0,7.0,,,,4,4.0,,,,,,,,,0.0,0.0,,,,2,0,0,0,0,0,1,1,1,1,0,1,0,1,1,1,1,1,45.0,,0.0,345.0,0.0,10.0,43.333333333333336,46.666666666666664,0.0,100.0
2,1.5,4,0,280.0,240.0,40.0,240.0,3.0,,,,,12.5,0,5,51,51017,Appoisso,5,RESTORE,0,2.0,,,,,0,3,4,,,,,10.0,,,,,4,,,,,,,,,,0.0,,,,,2,0,0,0,0,0,1,1,1,1,0,1,0,1,0,1,1,1,40.0,,1.0,186.66666666666663,20.0,20.0,20.0,40.0,0.0,100.0
5,6.0,4,1,280.0,210.0,70.0,210.0,6.0,,,,,14.285714149475098,0,5,51,51029,Assakro,5,RESTORE,0,2.0,,,,,1,5,4,,,,,8.0,,,,,4,,,,,,,,,,2.0,,,,,3,0,0,0,1,1,0,0,1,1,1,1,0,1,0,1,1,1,51.0,,0.0,46.66666666666666,0.0,0.0,100.0,0.0,0.0,100.0
4,5.0,6,0,1760.0,1600.0,160.0,1600.0,1.0,,,,,1000.0,0,5,51,51029,Assakro,5,RESTORE,0,2.0,,,,,0,2,4,4,3 4,,,8.0,8.0,8.0,,,4,4.0,4.0,,,,,,,,0.0,2.0,0.0,,,1,1,0,0,1,0,1,0,0,1,0,0,0,1,1,1,1,1,56.0,,0.0,352.0,3.4129692832764507,65.18771331058021,0.0,0.0,31.399317406143346,100.0
5,1.2300000190734863,3,0,1040.0,560.0,480.0,560.0,1.0,,,,,1000.0,0,5,51,51029,Assakro,5,RESTORE,0,2.0,,,,,0,6,5,,,,,6.0,,,,,4,1.0,,,,,97,,,,2.0,2.0,,,,6,0,0,0,1,0,1,1,1,1,1,1,1,1,1,1,1,1,43.0,1.0,0.0,845.5284421730283,0.0,10.0,90.0,0.0,0.0,100.0
7,2.75,5,0,650.0,500.0,150.0,500.0,1.0,,,,,1000.0,0,5,51,51029,Assakro,5,RESTORE,0,2.0,,,,,0,5,4 5,4 5,,,,4.0,4.0,4.0,,,4,4.0,4.0,,,,,,,,0.0,2.0,2.0,,,1,0,0,1,1,1,1,0,0,1,0,1,0,1,0,1,1,0,60.0,,0.0,236.3636363636364,10.476190476190476,70.0,19.523809523809526,0.0,0.0,100.0
8,2.5,5,0,400.0,240.0,160.0,240.0,1.0,,,,,1000.0,0,5,51,51029,Assakro,5,RESTORE,0,2.0,,,,,0,3,4,,,,,8.0,5.0,,,,4,4.0,,,,,11,,,,0.0,2.0,,,,2,0,1,0,1,1,1,0,0,1,1,1,0,1,1,1,1,1,48.0,1.0,0.0,160.0,0.0,100.0,0.0,0.0,0.0,100.0
3,2.0,4,0,1200.0,960.0,240.0,960.0,1.0,,,,,1000.0,0,5,51,51029,Assakro,5,RESTORE,0,2.0,,,,,0,2,4 5,,,,,,,,,,4,,,,,,,,,,0.0,,,,,2,0,0,0,0,0,1,0,0,0,1,1,1,1,0,1,1,1,57.0,1.0,0.0,600.0,10.0,30.0,60.0,0.0,0.0,100.0
10,15.5,6,0,6000.0,4000.0,2000.0,,1.0,,,,,,0,5,51,51029,Assakro,5,RESTORE,0,2.0,,,,,0,4,5,5,5,,,10.0,6.0,10.0,10.0,10.0,4,4.0,4.0,4.0,4.0,,,,11,11,0.0,0.0,0.0,2.0,2.0,0,0,0,1,1,0,1,0,0,1,1,1,1,1,1,1,1,1,36.0,,1.0,387.0967741935484,57.57575757575758,0.0,9.090909090909092,33.33333333333333,0.0,100.0
8,6.0,4,0,960.0,720.0,240.0,720.0,1.0,,,,,1000.0,0,5,51,51029,Assakro,5,RESTORE,0,1.0,,,,,0,2,5,5,,,,,,,,,4,4.0,,,,,,,,,2.0,2.0,,,,6,0,0,0,0,0,1,0,0,0,1,1,0,1,0,1,1,1,58.0,,0.0,160.0,1.6666666666666667,25.0,73.33333333333333,0.0,0.0,100.0
6,6.0,3,0,700.0,490.0,210.0,490.0,4.0,,,,,1000.0,0,5,51,51029,Assakro,5,RESTORE,4,3.0,,,,,0,5,5,4,,,,,,,,,1,1.0,,,,,,,,,2.0,2.0,,,,3,0,1,1,1,0,1,0,1,0,0,0,1,1,0,1,1,1,42.0,1.0,0.0,116.66666666666669,25.0,61.66666666666667,13.333333333333334,0.0,0.0,100.0
11,16.0,6,0,5915.0,4940.0,975.0,4940.0,1.0,,,,,1000.0,0,5,51,51029,Assakro,5,RESTORE,0,2.0,,,,,0,8,3,,,,,8.0,8.0,,,,4,4.0,,,,,,,,,2.0,2.0,,,,7,0,0,0,0,0,0,0,1,1,1,1,0,1,1,1,1,1,56.0,,0.0,369.6875,0.0,0.0,0.0,100.0,0.0,100.0
2,13.0,6,1,3100.0,2500.0,600.0,,6.0,,,,,,0,5,51,51029,Assakro,5,RESTORE,4,2.0,,,,,0,5,4,,,,,5.0,5.0,,,,1,1.0,,,,,,,,,2.0,2.0,,,,2,0,0,0,1,0,0,1,1,1,0,1,1,1,0,1,1,1,71.0,,0.0,238.46153846153845,10.0,5.0,0.0,0.0,85.0,100.0
2,6.0,6,9,450.0,300.0,150.0,300.0,2.0,,,,,900.0,0,5,51,51030,Assémanou,5,RESTORE,4,1.0,,,,,1,6,97,,,,,9.0,9.0,,,,1,1.0,,,,10,6,,,,2.0,2.0,,,,10,0,0,1,0,0,0,0,1,1,1,1,0,1,1,0,1,1,74.0,,1.0,75.0,0.0,0.0,0.0,100.0,0.0,100.0
5,7.0,2,0,1190.0,490.0,700.0,490.0,1.0,,,,,900.0,0,5,51,51030,Assémanou,5,RESTORE,0,2.0,,,,,0,5,4 5,,,,,,2.0,,,,4,1.0,,,,,97,,,,0.0,0.0,,,,3,0,0,1,1,1,1,1,1,1,0,0,0,1,0,1,1,1,51.0,,0.0,170.0,0.0,100.0,0.0,0.0,0.0,100.0
6,2.5,6,1,175.0,105.0,70.0,,6.0,,,,,,0,5,51,51030,Assémanou,5,RESTORE,0,2.0,,,,,0,5,97,,,,,8.0,,,,,1,,,,,,,,,,2.0,,,,,2,0,1,1,0,0,1,1,1,1,1,0,0,1,0,1,1,1,69.0,,0.0,70.0,0.0,0.0,0.0,100.0,0.0,100.0
5,9.0,6,0,360.0,240.0,120.0,240.0,2.0,,,,,900.0,0,5,51,51030,Assémanou,5,RESTORE,0,2.0,,,,,0,5,5,,,,,10.0,10.0,,,,4,4.0,,,,4,,,,,2.0,2.0,,,,7,0,0,0,0,1,1,1,1,1,0,1,0,1,1,1,1,1,53.0,,1.0,40.0,0.0,0.0,0.0,0.0,100.0,100.0
7,0.0,4,97,240.0,240.0,0.0,240.0,1.0,,,,,900.0,0,5,51,51030,Assémanou,5,RESTORE,97,2.0,,,,,0,1,5,5,,,,3.0,1.0,,,,1,1.0,,,,,3,,,,0.0,0.0,,,,4,0,0,0,0,0,1,0,0,1,0,0,0,1,1,1,1,1,70.0,,0.0,,0.0,0.0,18.0,82.0,0.0,100.0
10,10.0,5,0,1300.0,800.0,500.0,,1.0,,,,,,0,5,51,51030,Assémanou,5,RESTORE,4,2.0,,,,,0,5,,4,,,,9.0,9.0,,,,1,1.0,,,,97,,,,,0.0,0.0,,,,0,0,0,0,0,0,1,1,1,1,1,1,0,1,1,1,1,1,44.0,1.0,1.0,130.0,0.0,100.0,0.0,0.0,0.0,100.0
6,3.5,5,0,315.0,245.0,70.0,245.0,2.0,,,,,900.0,0,5,51,51030,Assémanou,5,RESTORE,0,2.0,,,,,0,3,5,,,,,1.0,1.0,,,,1,1.0,,,,,,,,,0.0,0.0,,,,4,0,1,1,1,1,0,0,0,1,1,1,0,1,1,1,1,1,41.0,,1.0,90.0,0.0,20.0,0.0,80.0,0.0,100.0
7,0.0,4,0,600.0,500.0,100.0,,,,,,,,0,5,51,51030,Assémanou,5,RESTORE,97,2.0,,,,,0,1,5,,,,,,,,,,4,,,,,,,,,,0.0,,,,,0,0,0,0,0,0,1,0,0,0,0,0,0,0,0,1,1,1,50.0,,1.0,,0.0,0.0,0.0,40.0,60.0,100.0
5,6.0,6,0,240.0,180.0,60.0,180.0,2.0,,,,,1000.0,0,5,51,51030,Assémanou,5,RESTORE,0,2.0,,,,,0,5,4,,,,,10.0,10.0,,,,1,1.0,,,,,,,,,0.0,2.0,,,,1,0,1,0,1,1,0,0,0,1,1,1,1,1,1,1,1,1,60.0,,0.0,40.0,0.0,0.0,0.0,0.0,100.0,100.0
8,2.5,5,7,682.5,520.0,162.5,520.0,2.0,,,,,750.0,0,5,51,51030,Assémanou,5,RESTORE,0,2.0,,,,,0,8,4,,,,,8.0,,,,,4,,,,,,,,,,0.0,,,,,2,0,0,1,1,0,1,0,0,1,1,1,1,1,1,1,1,1,72.0,,0.0,273.0,0.0,0.0,0.0,100.0,0.0,100.0
6,3.0,3,1,700.0,420.0,280.0,420.0,6.0,,,,,1000.0,0,5,51,51030,Assémanou,5,RESTORE,0,2.0,,,,,0,5,4,,,,,4.0,,,,,4,,,,,,,,,,2.0,,,,,8,0,1,1,0,0,1,0,1,1,1,1,0,1,0,1,1,1,54.0,,0.0,233.33333333333331,0.0,0.0,100.0,0.0,0.0,100.0
10,3.0,6,97,80.0,45.0,35.0,,6.0,,,,,,0,7,71,71007,Bassadzin,7,RESTORE,4,1.0,,,,,1,5,97,,,,,10.0,,,,,1,,,,,,,,,,0.0,,,,,1,0,0,0,0,0,0,0,0,1,1,1,0,1,0,1,1,1,46.0,3.0,1.0,26.666666666666668,0.0,0.0,0.0,0.0,100.0,100.0
6,0.5,4,0,70.0,70.0,0.0,70.0,97.0,,,,,1000.0,0,7,71,71007,Bassadzin,7,RESTORE,4,1.0,,,,,1,6,97,,,,,10.0,,,,,1,,,,,97,,,,,0.0,,,,,2,0,0,0,0,0,1,1,0,1,1,1,0,1,0,0,1,0,61.0,1.0,0.0,140.0,0.0,0.0,0.0,100.0,0.0,100.0
6,4.0,6,10,478.0,458.0,20.0,,1.0,,,,,,0,7,71,71007,Bassadzin,7,RESTORE,4,1.0,,,,,0,3,4,,,,,1.0,,,,,1,,,,,,,,,,2.0,,,,,4,0,0,1,1,0,1,1,0,1,1,1,1,1,0,1,1,1,64.0,1.0,1.0,119.5,25.0,0.0,25.0,50.0,0.0,100.0
8,1.5,2,97,27.0,17.0,10.0,,,,,,,,0,7,71,71005,Biasso,7,RESTORE,4,1.0,,,,,1,5,97,,,,,10.0,10.0,,,,1,1.0,,,,2,,,,,0.0,0.0,,,,0,1,0,0,1,0,0,1,0,1,1,1,0,0,0,1,1,0,55.0,3.0,1.0,18.0,0.0,100.0,0.0,0.0,0.0,100.0
10,4.5,5,0,643.0,500.0,143.0,,1.0,,,,,,0,7,71,71005,Biasso,7,RESTORE,4,1.0,,,,,0,1,5,,,,,10.0,10.0,10.0,,,1,1.0,1.0,,,,97,97,,,0.0,0.0,0.0,,,4,0,0,0,1,0,0,0,0,1,1,1,1,1,0,1,1,1,32.0,6.0,1.0,142.88888888888889,0.0,0.0,15.0,85.0,0.0,100.0
7,2.5,5,97,262.5,225.0,37.5,225.0,97.0,,,,,13.333333015441896,0,7,71,71005,Biasso,7,RESTORE,4,3.0,,,,,0,1,5,,,,,10.0,10.0,10.0,,,1,1.0,1.0,,,2 11,97,97,,,0.0,0.0,0.0,,,1,0,0,0,1,0,1,1,0,1,1,1,1,1,0,0,1,1,48.0,1.0,1.0,105.0,0.0,0.0,0.0,100.0,0.0,100.0
9,2.0,6,0,200.0,200.0,0.0,200.0,1.0,,,,,1000.0,0,7,76,71004,Bokakokoré,7,RESTORE,4,1.0,,,,,1,2,5,,,,,10.0,,,,,1,,,,,,,,,,2.0,,,,,5,0,0,0,0,0,0,0,1,1,1,1,0,1,0,1,1,1,72.0,,1.0,100.0,0.0,0.0,0.0,0.0,100.0,100.0
4,2.5,4,0,350.0,210.0,140.0,210.0,1.0,,,,,1000.0,0,7,76,71004,Bokakokoré,7,RESTORE,4,1.0,,,,,1,1,5,5,,,,,,,,,1,1.0,,,,,,,,,2.0,0.0,,,,2,0,0,0,0,1,1,0,0,0,1,0,0,1,0,1,1,1,32.0,1.0,1.0,140.0,0.0,13.0,31.0,56.00000000000001,0.0,100.0
6,1.0,4,13,245.0,175.0,70.0,175.0,1.0,,,,,850.0,0,7,76,71004,Bokakokoré,7,RESTORE,4,1.0,,,,,1,3,5,,,,,,,,,,1,,,,,,,,,,2.0,,,,,2,0,1,0,0,0,1,0,0,0,0,1,0,1,0,1,1,0,42.0,,1.0,245.0,0.0,20.0,35.0,45.0,0.0,100.0
5,2.5,3,6,425.0,340.0,85.0,340.0,1.0,,,,,1000.0,0,7,76,71004,Bokakokoré,7,RESTORE,4,1.0,,,,,1,5,4,4 5,,,,10.0,9.0,,,,1,1.0,,,,,97,,,,0.0,0.0,,,,2,0,0,0,1,0,1,0,0,1,1,1,0,1,0,1,1,1,46.0,1.0,1.0,170.0,16.25,16.25,67.5,0.0,0.0,100.0
8,5.0,6,4 9 10,630.0,630.0,0.0,630.0,6.0,,,,,800.0,0,7,76,71004,Bokakokoré,7,RESTORE,4,1.0,,,,,1,8,5,,,,,10.0,10.0,10.0,10.0,,1,1.0,1.0,1.0,,11,,,,,2.0,2.0,2.0,2.0,,7,0,0,0,0,0,0,0,1,1,1,0,0,1,0,1,1,1,57.0,1.0,1.0,126.0,0.0,0.0,0.0,100.0,0.0,100.0
6,3.0,6,0,1080.0,900.0,180.0,900.0,1.0,,,,,1000.0,0,7,76,71004,Bokakokoré,7,RESTORE,3,1.0,,,,,0,3,5,5,,,,,1.0,,,,1,1.0,,,,,,,,,2.0,0.0,,,,3,0,1,1,1,1,1,0,1,1,1,1,0,1,0,1,1,1,32.0,1.0,1.0,360.0,3.75,7.5,25.0,37.5,26.25,100.0
10,4.800000190734863,6,12,1305.0,945.0,360.0,945.0,1.0,,,,,1000.0,0,7,76,71004,Bokakokoré,7,RESTORE,4,1.0,,,,,0,6,5,5,5,,,9.0,1.0,1.0,,,1,1.0,1.0,,,5 11,1 11,1 11,,,2.0,2.0,2.0,,,7,0,0,0,0,0,1,0,0,1,1,1,0,1,0,0,1,1,55.0,1.0,1.0,271.8749891966586,0.0,0.0,34.78260869565217,0.0,65.21739130434783,100.0
5,2.5,5,0,640.0,480.0,160.0,480.0,1.0,,,,,1000.0,0,7,76,71004,Bokakokoré,7,RESTORE,4,1.0,,,,,0,6,4,4,,,,9.0,9.0,9.0,,,1,1.0,1.0,,,,,,,,0.0,0.0,2.0,,,1,1,0,1,1,1,0,0,1,1,0,0,0,1,0,1,1,1,58.0,,1.0,256.0,24.285714285714285,28.57142857142857,10.0,37.142857142857146,0.0,100.0
13,4.5,6,13,6790.0,5880.0,910.0,5880.0,1.0,,,,,1000.0,0,7,76,71004,Bokakokoré,7,RESTORE,4,1.0,,,,,0,5,5,5,,,,,,,,,1,1.0,,,,,,,,,0.0,0.0,,,,5,1,1,1,1,1,1,0,0,0,0,0,0,1,1,1,1,1,61.0,,1.0,1508.888888888889,13.333333333333334,8.333333333333332,0.0,35.0,43.333333333333336,100.0
5,2.0,6,0,910.0,700.0,210.0,700.0,1.0,,,,,1000.0,0,7,76,71004,Bokakokoré,7,RESTORE,4,1.0,,,,,0,5,5,,,,,,,,,,1,,,,,,,,,,0.0,,,,,3,0,1,0,1,0,1,0,0,0,0,1,1,1,0,1,1,1,50.0,3.0,0.0,455.0,0.0,20.0,10.0,70.0,0.0,100.0
6,5.0,5,0,902.5,760.0,142.5,760.0,1.0,,,,,1000.0,0,7,76,71004,Bokakokoré,7,RESTORE,4,1.0,,,,,0,5,3 4,,,,,9.0,9.0,,,,1,1.0,,,,,97,,,,0.0,0.0,,,,2,0,1,0,1,0,0,0,0,1,1,0,1,1,0,1,1,1,42.0,9.0,1.0,180.5,0.0,0.0,60.0,40.0,0.0,100.0
1,6.0,6,0,720.0,450.0,270.0,450.0,1.0,,,,,1000.0,0,7,76,71004,Bokakokoré,7,RESTORE,0,1.0,,,,,0,4,3,,,,,6.0,,,,,4,,,,,,,,,,0.0,,,,,2,0,1,0,1,0,0,0,0,1,1,1,1,1,0,1,1,1,48.0,1.0,0.0,120.0,10.0,20.0,0.0,0.0,70.0,100.0
5,3.0,6,3,380.0,280.0,100.0,,1.0,,,,,,0,7,76,71004,Bokakokoré,7,RESTORE,3,2.0,,,,,0,5,5,,,,,10.0,,,,,4,,,,,,,,,,2.0,,,,,11,0,0,0,0,0,0,0,1,1,1,1,1,1,0,1,1,1,44.0,1.0,1.0,126.66666666666669,30.0,0.0,0.0,70.0,0.0,100.0
3,5.150000095367432,6,0,1600.0,1440.0,160.0,1440.0,1.0,,,,,1000.0,0,7,76,71004,Bokakokoré,7,RESTORE,4,1.0,,,,,0,5,5,5,5,,,9.0,9.0,1.0,,,1,1.0,1.0,,,,,,,,0.0,0.0,0.0,,,2,1,0,0,1,0,0,0,1,1,0,0,0,1,0,1,1,1,50.0,1.0,0.0,310.67960589733667,0.0,36.36363636363637,27.27272727272727,36.36363636363637,0.0,100.0
7,2.0,4,0,560.0,400.0,160.0,400.0,1.0,,,,,1000.0,0,7,76,71004,Bokakokoré,7,RESTORE,3,2.0,,,,,0,3,4,,,,,,,,,,2,,,,,,,,,,0.0,,,,,5,1,1,0,1,1,1,0,1,0,0,0,0,1,0,1,1,1,46.0,1.0,0.0,280.0,0.0,20.0,80.0,0.0,0.0,100.0
4,2.0,6,0,400.0,400.0,0.0,400.0,1.0,,,,,1000.0,0,5,51,51037,Borobo,5,RESTORE,4,2.0,,,,,1,3,2,,,,,9.0,,,,,1,,,,,,,,,,0.0,,,,,5,0,0,1,0,0,1,0,0,1,1,0,0,1,1,1,1,1,42.0,,1.0,200.0,5.0,52.0,27.0,11.0,5.0,100.0
4,1.0,6,6,105.0,70.0,35.0,70.0,4.0,,,,,1000.0,0,5,51,51037,Borobo,5,RESTORE,4,1.0,,,,,1,5,2,,,,,4.0,,,,,1,,,,,,,,,,1.0,,,,,3,0,0,0,1,0,1,0,1,1,1,1,0,1,1,1,1,0,50.0,3.0,0.0,105.0,0.0,0.0,0.0,0.0,100.0,100.0
5,4.0,6,9,320.0,240.0,80.0,240.0,4.0,,,,,1000.0,0,5,51,51037,Borobo,5,RESTORE,4,1.0,,,,,1,2,2,,,,,10.0,10.0,,,,1,1.0,,,,,,,,,1.0,1.0,,,,7,0,0,0,0,0,0,0,1,1,0,0,0,1,0,1,1,1,56.0,1.0,0.0,80.0,0.0,0.0,0.0,100.0,0.0,100.0
3,4.0,4,6 11,1020.0,680.0,340.0,680.0,2.0,,,,,11.764705657958984,0,5,51,51037,Borobo,5,RESTORE,4,1.0,,,,,1,5,5,,,,,1.0,,1.0,,,1,1.0,1.0,,,,1,1,,,0.0,0.0,0.0,,,2,0,0,0,1,0,0,1,0,1,0,1,0,1,0,1,1,1,78.0,,1.0,255.0,10.0,40.0,50.0,0.0,0.0,100.0
8,4.0,6,0,280.0,200.0,80.0,,5.0,,,,,,0,5,51,51037,Borobo,5,RESTORE,4,1.0,,,,,1,5,2,2,,,,1.0,1.0,,,,1,1.0,,,,,,,,,0.0,0.0,,,,7,1,0,1,1,1,1,0,1,1,1,0,0,1,0,1,1,1,57.0,1.0,1.0,70.0,4.3478260869565215,4.3478260869565215,10.0,10.0,71.30434782608695,100.0
6,4.0,6,12,320.0,240.0,80.0,240.0,,,,,,12.5,0,5,51,51037,Borobo,5,RESTORE,97,2.0,,,,,0,4,2,97,2 97,,,1.0,1.0,1.0,1.0,,1,1.0,1.0,1.0,,1,1,1,1,,2.0,3.0,2.0,2.0,,0,0,0,0,1,1,1,1,0,1,1,1,0,0,0,0,1,1,80.0,,0.0,80.0,0.0,20.0,16.666666666666664,33.33333333333333,30.0,100.0
10,10.0,3,0,5600.0,5000.0,600.0,,97.0,,,,,,0,5,51,51037,Borobo,5,RESTORE,0,2.0,,,,,0,5,2,2,,,,10.0,10.0,10.0,10.0,10.0,4,4.0,4.0,4.0,4.0,,,97,97,97,0.0,0.0,0.0,0.0,0.0,0,1,0,0,1,0,1,1,0,1,1,1,1,1,1,1,1,1,36.0,5.0,1.0,560.0,0.0,16.883116883116884,32.467532467532465,50.649350649350644,0.0,100.0
8,5.0,4,0,765.0,540.0,225.0,540.0,2.0,,,,,11.11111068725586,1,5,51,51037,Borobo,5,RESTORE,97,2.0,,,,,0,6,5,,,,,10.0,10.0,10.0,10.0,,4,4.0,4.0,4.0,,,,97,97,,0.0,0.0,3.0,0.0,,1,0,1,0,1,1,1,1,0,1,1,1,0,1,0,1,1,1,51.0,,0.0,153.0,0.0,0.0,100.0,0.0,0.0,100.0
8,7.0,6,6,490.0,420.0,70.0,420.0,3.0,,,,,14.285714149475098,0,5,51,51037,Borobo,5,RESTORE,4,1.0,,,,,0,5,97,,,,,8.0,4.0,,,,1,2.0,,,,,97,,,,3.0,0.0,,,,1,1,0,0,1,0,1,0,1,1,0,1,0,1,1,1,1,1,57.0,,0.0,70.0,0.0,10.0,20.0,70.0,0.0,100.0
15,39.0,6,0,1280.0,1040.0,240.0,1040.0,1.0,6.0,5.0,5.0,8.0,11.25,0,5,51,51037,Borobo,5,RESTORE,97,2.0,6.0,5.0,5.0,8.0,0,4,5,,,,,1.0,1.0,1.0,1.0,,4,4.0,4.0,1.0,,,,97,97,,0.0,0.0,0.0,3.0,,2,0,1,0,0,1,1,1,1,1,1,1,0,1,1,1,1,1,67.0,,1.0,32.82051282051282,0.0,0.0,10.0,10.0,80.0,100.0
5,5.0,6,0,500.0,400.0,100.0,,2.0,,,,,,0,5,51,51037,Borobo,5,RESTORE,4,1.0,,,,,0,7,2,,,,,8.0,,,,,1,,,,,,,,,,0.0,,,,,9,1,0,1,0,1,1,0,1,1,0,0,1,1,1,1,1,1,58.0,,0.0,100.0,20.0,0.0,10.0,10.0,60.0,100.0
7,20.0,5,0,1500.0,1000.0,500.0,,1.0,,,,,,0,5,51,51037,Borobo,5,RESTORE,1,2.0,,,,,0,4,5,,,,,1.0,1.0,,,,4,4.0,,,,,97,,,,0.0,0.0,,,,1,0,0,0,1,0,1,1,1,1,0,0,0,1,0,1,1,1,52.0,,1.0,75.0,10.0,10.0,10.0,70.0,0.0,100.0
10,4.699999809265137,4,0,490.0,280.0,210.0,280.0,5.0,,,,,14.285714149475098,0,5,51,51037,Borobo,5,RESTORE,97,2.0,,,,,0,1,5,,,,,,,,,,1,,,,,,,,,,0.0,,,,,5,0,0,0,1,1,1,0,1,0,1,1,0,1,1,1,1,1,55.0,,0.0,104.2553233798138,0.0,0.0,100.0,0.0,0.0,100.0
13,7.0,6,0,2725.0,2500.0,225.0,,2.0,,,,,,0,5,51,51037,Borobo,5,RESTORE,1,2.0,,,,,0,5,5,,,,,1.0,1.0,,,,4,4.0,,,,,97,,,,0.0,0.0,,,,2,0,0,0,1,1,1,1,1,1,0,1,0,1,0,1,1,1,55.0,1.0,0.0,389.2857142857143,10.0,10.0,10.0,30.0,40.0,100.0
7,2.5,5,5,900.0,800.0,100.0,800.0,2.0,,,,,10.0,0,5,51,51037,Borobo,5,RESTORE,3,2.0,,,,,0,6,3 97,,,,,97.0,5.0,,,,4,1.0,,,,,97,,,,2.0,3.0,,,,4,0,1,1,1,1,1,0,1,1,1,0,1,1,1,1,1,1,77.0,97.0,0.0,360.0,10.0,10.0,20.0,20.0,40.0,100.0
5,2.0,6,6,280.0,210.0,70.0,210.0,1.0,,,,,1000.0,0,5,51,51031,Dallo,5,RESTORE,4,1.0,,,,,1,4,4,4,,,,97.0,97.0,,,,1,1.0,,,,,,,,,2.0,2.0,,,,1,0,1,0,1,0,1,1,1,1,1,1,1,1,1,1,1,0,61.0,1.0,0.0,140.0,0.0,0.0,52.17391304347826,0.0,47.82608695652174,100.0
2,1.2000000476837158,5,0,135.0,110.0,25.0,,2.0,,,,,,0,5,51,51031,Dallo,5,RESTORE,4,1.0,,,,,1,7,5,5,,,,10.0,9.0,,,,1,1.0,,,,11,3,,,,2.0,2.0,,,,1,0,0,0,0,0,0,0,0,1,1,0,1,1,1,0,1,0,4.0,2.0,0.0,112.4999955296518,37.47081712062257,4.163424124513619,0.0,58.36575875486382,0.0,100.0
11,2.0,6,7,770.0,560.0,210.0,560.0,1.0,,,,,1000.0,0,5,51,51031,Dallo,5,RESTORE,4,1.0,,,,,1,3,4,,,,,10.0,,,,,1,,,,,,,,,,0.0,,,,,2,1,1,1,1,1,0,0,0,1,1,0,0,1,1,1,1,1,67.0,,1.0,385.0,0.0,0.0,0.0,100.0,0.0,100.0
13,1.0,4,1,910.0,700.0,210.0,700.0,6.0,,,,,1000.0,0,5,51,51031,Dallo,5,RESTORE,3,4.0,,,,,0,4,4,,,,,8.0,,,,,1,,,,,,,,,,2.0,,,,,3,1,1,0,1,0,1,1,0,1,1,1,0,1,0,1,1,0,42.0,,0.0,910.0,0.0,0.0,0.0,100.0,0.0,100.0
5,3.5,4,0,280.0,160.0,120.0,160.0,1.0,,,,,900.0,0,5,51,51031,Dallo,5,RESTORE,0,2.0,,,,,0,2,5,,,,,8.0,,,,,1,4.0,,,,,97,,,,0.0,0.0,,,,2,0,1,1,1,0,1,1,0,1,1,1,1,1,1,1,1,1,38.0,,0.0,80.0,30.0,40.0,30.0,0.0,0.0,100.0
3,0.0,6,97,1235.0,910.0,325.0,910.0,1.0,,,,,1000.0,0,5,51,51031,Dallo,5,RESTORE,97,1.0,,,,,0,4,5,,,,,,,,,,4,,,,,97,,,,,0.0,,,,,4,0,0,0,0,0,1,0,1,0,0,0,0,1,0,0,1,1,61.0,,0.0,,0.0,25.0,10.0,20.0,45.0,100.0
6,0.0,5,0,320.0,240.0,80.0,240.0,1.0,,,,,900.0,0,5,51,51031,Dallo,5,RESTORE,97,2.0,,,,,0,3,5,,,,,,,,,,4,,,,,,,,,,0.0,,,,,12,0,1,0,1,0,1,1,1,0,1,1,1,1,1,1,1,1,45.0,,1.0,,10.0,20.0,25.0,45.0,0.0,100.0
7,3.0,4,0,360.0,240.0,120.0,240.0,1.0,,,,,1000.0,0,5,51,51031,Dallo,5,RESTORE,3,1.0,,,,,0,5,5,,,,,2.0,2.0,,,,4,4.0,4.0,,,,,97,,,0.0,0.0,2.0,,,4,0,1,0,1,1,1,1,0,1,1,0,0,1,1,1,1,0,46.0,,0.0,120.0,0.0,0.0,100.0,0.0,0.0,100.0
6,0.0,6,0,1275.0,900.0,375.0,900.0,1.0,,,,,1000.0,0,5,51,51031,Dallo,5,RESTORE,4,4.0,,,,,0,5,5,5,,,,,,,,,1,1.0,,,,97,,,,,2.0,0.0,,,,0,0,1,1,0,0,1,0,0,0,1,1,1,1,0,1,1,1,56.0,,1.0,,13.258145363408522,11.741854636591478,15.0,21.74185463659148,38.25814536340852,100.0
3,5.0,5,97,1200.0,900.0,300.0,900.0,1.0,,,,,1000.0,0,5,51,51031,Dallo,5,RESTORE,4,2.0,,,,,0,5,5,5,,,,10.0,10.0,10.0,,,1,1.0,1.0,,,,,97,,,0.0,0.0,0.0,,,3,0,1,1,1,1,0,1,0,1,1,1,1,1,1,1,1,1,41.0,6.0,1.0,240.0,0.0,65.0,30.0,5.0,0.0,100.0
5,0.0,2,97,700.0,500.0,200.0,,6.0,,,,,,0,5,51,51031,Dallo,5,RESTORE,4,1.0,,,,,0,5,5,,,,,,,,,,1,,,,,,,,,,2.0,,,,,1,1,0,0,1,1,1,0,0,0,1,1,0,1,0,1,1,1,45.0,3.0,1.0,,0.0,100.0,0.0,0.0,0.0,100.0
7,4.0,5,8,720.0,480.0,240.0,480.0,2.0,,,,,900.0,0,5,51,51031,Dallo,5,RESTORE,0,2.0,,,,,0,3,4 5,3 5,,,,10.0,10.0,,,,4,4.0,,,,,11 97,,,,2.0,2.0,,,,14,0,0,0,0,0,1,1,1,1,1,1,0,1,1,1,1,1,49.0,,1.0,180.0,1.4925373134328357,2.2388059701492535,11.194029850746269,85.07462686567165,0.0,100.0
6,5.0,6,0,450.0,375.0,75.0,375.0,1.0,,,,,800.0,0,5,51,51031,Dallo,5,RESTORE,0,2.0,,,,,0,3,5,,,,,10.0,97.0,,,,4,4.0,,,,,97,,,,0.0,3.0,,,,2,0,1,0,0,0,1,1,0,1,1,0,0,1,1,1,1,1,43.0,,1.0,90.0,10.0,10.0,20.0,60.0,0.0,100.0
3,5.0,2,0,500.0,300.0,200.0,,,,,,,,0,4,41,41026,DEBLABLAI,4,RESTORE,0,2.0,,,,,0,5,5,,,,,8.0,6.0,,,,4,4.0,,,,,,,,,0.0,0.0,,,,0,1,0,1,1,0,1,1,1,1,1,1,0,0,1,1,1,1,49.0,,0.0,100.0,50.0,50.0,0.0,0.0,0.0,100.0
7,6.0,1,97,1395.0,990.0,405.0,990.0,2.0,,,,,1000.0,0,4,41,41026,DEBLABLAI,4,RESTORE,0,1.0,,,,,0,4,5 97,2 3 5,2 3 5,3 5,,5.0,8.0,8.0,,,2,4.0,4.0,4.0,4.0,,,,,97,1.0,0.0,0.0,0.0,0.0,2,1,0,1,1,1,1,0,1,1,1,1,0,1,1,1,1,1,38.0,5.0,0.0,232.5,53.608247422680414,0.0,0.0,0.0,46.391752577319586,100.0
7,4.0,3,0,240.0,160.0,80.0,160.0,2.0,,,,,12.5,0,4,41,41026,DEBLABLAI,4,RESTORE,0,2.0,,,,,0,5,5,,,,,8.0,,,,,4,,,,,,,,,,0.0,,,,,1,1,0,1,1,1,1,0,0,1,1,1,1,1,1,0,1,1,60.0,,0.0,60.0,15.0,25.0,60.0,0.0,0.0,100.0
7,4.0,3,0,630.0,360.0,270.0,360.0,,,,,,900.0,1,4,41,41026,DEBLABLAI,4,RESTORE,0,1.0,,,,,0,4,5,5,,,,8.0,,,,,4,2.0,,,,,97,,,,0.0,0.0,,,,0,1,0,1,1,1,1,0,0,1,0,1,0,0,1,1,1,1,36.0,1.0,0.0,157.5,50.0,0.0,50.0,0.0,0.0,100.0
6,3.0,1,0,900.0,600.0,300.0,600.0,2.0,,,,,1000.0,0,4,41,41026,DEBLABLAI,4,RESTORE,0,2.0,,,,,0,4,5,5,,,,11.0,8.0,,,,4,4.0,,,,,,,,,0.0,0.0,,,,1,1,0,1,1,0,1,0,1,1,1,1,1,1,1,1,1,1,36.0,1.0,0.0,300.0,100.0,0.0,0.0,0.0,0.0,100.0
4,3.5,3,0,2500.0,1500.0,1000.0,,1.0,,,,,,0,4,41,41026,DEBLABLAI,4,RESTORE,0,2.0,,,,,0,4,2 5,,,,,97.0,,,,,4,4.0,,,,,8,,,,0.0,3.0,,,,4,1,0,1,1,1,1,0,1,1,1,1,0,1,1,1,1,1,36.0,1.0,1.0,714.2857142857143,0.0,20.0,80.0,0.0,0.0,100.0
4,32.0,2,97,765.0,510.0,255.0,510.0,,,,,,1000.0,0,4,41,41026,DEBLABLAI,4,RESTORE,2,1.0,,,,,0,4,4 5,,,4 5,,10.0,10.0,10.0,10.0,,1,1.0,1.0,1.0,,,97,97,,,0.0,0.0,0.0,0.0,,0,1,0,0,1,1,1,0,0,1,0,1,0,0,0,1,1,1,42.0,1.0,1.0,23.90625,27.789473684210524,72.21052631578947,0.0,0.0,0.0,99.99999999999999
4,5.5,4,0,1500.0,500.0,1000.0,,,,,,,,1,4,41,41026,DEBLABLAI,4,RESTORE,3,2.0,,,,,0,4,5,5,,,,6.0,8.0,,,,4,4.0,,,,3,1,,,,2.0,0.0,,,,0,1,0,1,1,0,1,1,1,1,1,1,0,0,1,0,1,1,50.0,,0.0,272.72727272727275,33.33333333333333,0.0,26.666666666666668,40.0,0.0,100.0
7,5.0,2,0,400.0,240.0,160.0,240.0,2.0,,,,,1000.0,1,4,41,41026,DEBLABLAI,4,RESTORE,0,2.0,,,,,0,5,2,4,,,,8.0,,,,,4,2.0,,,,,,,,,0.0,0.0,,,,2,1,0,1,1,1,1,0,0,1,1,1,0,1,1,1,1,1,40.0,,0.0,80.0,0.0,40.0,0.0,60.0,0.0,100.0
7,7.0,3,0,315.0,175.0,140.0,175.0,97.0,,,,,1000.0,0,4,41,41026,DEBLABLAI,4,RESTORE,3,2.0,,,,,0,7,5,,,,,8.0,8.0,,,,4,4.0,,,,,97,,,,3.0,0.0,,,,1,1,0,1,1,1,1,0,0,1,1,1,1,1,1,0,1,1,39.0,,1.0,45.0,3.0,0.0,97.0,0.0,0.0,100.0
9,5.0,4,0,1500.0,800.0,700.0,800.0,1.0,,,,,1000.0,1,4,41,41031,DEWAKE,4,RESTORE,0,2.0,,,,,0,4,5,5,5,,,8.0,8.0,8.0,,,1,1.0,1.0,,,,1,4,,,0.0,0.0,2.0,,,1,1,0,0,1,1,0,0,0,1,1,1,0,1,0,1,1,1,70.0,,0.0,300.0,29.850746268656714,19.402985074626866,50.74626865671642,0.0,0.0,100.0
9,8.25,2,0,1100.0,800.0,300.0,,,,,,,,0,4,41,41031,DEWAKE,4,RESTORE,0,2.0,,,,,0,6,97,5,,,,6.0,5.0,,,,4,4.0,,,,,,,,,0.0,0.0,,,,0,0,0,1,1,1,1,1,0,1,1,1,0,0,1,1,1,1,45.0,,0.0,133.33333333333334,7.142857142857142,92.85714285714286,0.0,0.0,0.0,100.0
9,2.0,4,0,763.0,300.0,463.0,,1.0,,,,,,0,4,41,41031,DEWAKE,4,RESTORE,2,1.0,,,,,0,5,5,5,5,,,10.0,2.0,10.0,,,1,1.0,1.0,,,,,3,,,0.0,0.0,0.0,,,1,1,1,1,1,0,0,0,0,1,1,1,1,1,0,1,1,0,53.0,1.0,1.0,381.5,35.91836734693877,38.57142857142858,25.510204081632654,0.0,0.0,100.0
12,7.5,5,7,634.0,465.0,169.0,,6.0,,,,,,0,4,41,41031,DEWAKE,4,RESTORE,0,2.0,,,,,0,3,5,5,,,,6.0,6.0,6.0,,,1,1.0,1.0,,,11,97,7,,,0.0,0.0,0.0,,,0,1,0,1,1,0,0,0,1,1,1,1,1,1,1,0,1,1,57.0,,0.0,84.53333333333333,6.093023255813954,93.90697674418604,0.0,0.0,0.0,100.0
9,3.5,3,0,3400.0,2200.0,1200.0,,2.0,,,,,,1,4,41,41031,DEWAKE,4,RESTORE,0,2.0,,,,,0,10,5,5,,,,8.0,2.0,,,,4,2.0,,,,,97,,,,0.0,0.0,,,,1,0,0,0,1,1,1,0,1,1,0,1,0,1,1,1,1,1,37.0,,0.0,971.4285714285714,0.0,0.0,0.0,0.0,0.0,0.0
5,1.5,2,0,680.0,480.0,200.0,,97.0,,,,,,0,4,41,41031,DEWAKE,4,RESTORE,0,1.0,,,,,0,3,5,,,,,6.0,,,,,1,2.0,4.0,,,,97,97,,,0.0,0.0,0.0,,,4,1,0,1,1,1,1,1,1,1,1,1,1,1,1,1,1,1,36.0,,0.0,453.3333333333333,50.0,50.0,0.0,0.0,0.0,100.0
5,0.0,3,7,800.0,500.0,300.0,,,,,,,,0,4,41,41031,DEWAKE,4,RESTORE,0,2.0,,,,,0,5,5,,,,,4.0,,,,,4,,,,,,,,,,0.0,,,,,0,0,0,1,1,1,1,0,1,1,1,0,0,0,1,1,1,1,47.0,,0.0,,0.0,0.0,0.0,0.0,0.0,0.0
7,3.0,3,97,3000.0,2000.0,1000.0,,2.0,,,,,,0,4,41,41031,DEWAKE,4,RESTORE,0,1.0,,,,,0,5,5,,,,,8.0,2.0,,,,4,4.0,,,,,8,,,,0.0,0.0,,,,1,1,0,0,1,1,1,1,0,1,1,1,0,1,1,1,1,1,41.0,,0.0,1000.0,0.0,0.0,100.0,0.0,0.0,100.0
4,3.5,3,0,1647.0,1120.0,527.0,,1.0,,,,,,0,4,41,41031,DEWAKE,4,RESTORE,0,1.0,,,,,0,5,5,5,,,,8.0,8.0,,,,4,4.0,,,,,,,,,0.0,0.0,,,,1,1,0,0,1,1,1,0,0,1,0,1,0,1,1,1,1,1,39.0,1.0,0.0,470.57142857142856,0.0,0.0,0.0,0.0,0.0,0.0
8,8.5,3,0,6000.0,4000.0,2000.0,4000.0,,,,,,1000.0,0,4,41,41031,DEWAKE,4,RESTORE,1,2.0,,,,,0,6,5,5,,,,8.0,8.0,,,,1,1.0,,,,2,1 2,,,,3.0,0.0,,,,0,1,0,0,0,0,1,0,0,1,1,1,0,0,0,0,1,1,44.0,,0.0,705.8823529411765,0.0,0.0,100.0,0.0,0.0,100.0
6,2.0,4,0,900.0,500.0,400.0,500.0,1.0,,,,,1000.0,1,4,41,41031,DEWAKE,4,RESTORE,97,1.0,,,,,0,5,5,,,,,8.0,,,,,1,,,,,,,,,,0.0,,,,,1,1,1,0,1,1,1,0,0,1,1,1,1,1,0,1,1,1,35.0,,0.0,450.0,20.0,50.0,30.0,0.0,0.0,100.0
9,6.0,3,0,3200.0,2000.0,1200.0,,,,,,,,0,4,41,41031,DEWAKE,4,RESTORE,3,2.0,,,,,0,5,5,,,,,8.0,,,,,4,,,,,97,,,,,0.0,,,,,0,1,0,1,1,1,1,0,0,1,1,0,0,0,1,0,1,1,42.0,,0.0,533.3333333333334,0.0,33.0,67.0,0.0,0.0,100.0
9,6.0,6,10,848.0,398.0,450.0,,2.0,,,,,,0,4,41,41031,DEWAKE,4,RESTORE,0,2.0,,,,,0,5,5,,,,,6.0,,,,,4,,,,,,,,,,0.0,,,,,1,1,0,0,1,1,1,0,0,1,1,1,0,1,1,1,1,1,45.0,,0.0,141.33333333333334,0.0,0.0,0.0,0.0,100.0,100.0
15,12.0,6,0,1600.0,1280.0,320.0,1280.0,1.0,,,,,1000.0,0,4,41,41031,DEWAKE,4,RESTORE,1,2.0,,,,,0,4,5,,,,,8.0,8.0,,,,1,1.0,,,,,1,,,,3.0,2.0,,,,1,1,0,0,0,0,1,0,1,1,0,1,1,1,0,1,1,1,52.0,,0.0,133.33333333333334,25.0,30.0,30.0,15.0,0.0,100.0
6,2.5,3,0,765.0,540.0,225.0,540.0,1.0,,,,,1000.0,0,4,41,41031,DEWAKE,4,RESTORE,0,2.0,,,,,0,10,5,,,,,8.0,,,,,4,,,,,11,,,,,3.0,,,,,3,1,0,0,0,0,1,0,0,1,1,1,0,1,1,0,1,1,48.0,,0.0,306.0,50.0,25.0,25.0,0.0,0.0,100.0
9,7.0,6,0,1045.0,760.0,285.0,760.0,,,,,,1000.0,0,5,51,51034,Ebilassokro,5,RESTORE,4,1.0,,,,,1,3,5,4,,,,10.0,10.0,,,,1,1.0,,,,,11,,,,2.0,2.0,,,,0,0,0,0,0,0,0,0,1,1,0,1,0,0,0,1,1,1,50.0,,1.0,149.28571428571428,0.0,0.0,45.45454545454545,0.0,54.54545454545454,100.0
10,9.0,6,0,1680.0,1200.0,480.0,1200.0,1.0,,,,,1000.0,0,5,51,51034,Ebilassokro,5,RESTORE,4,1.0,,,,,1,5,5,5,,,,,,,,,1,1.0,,,,,,,,,0.0,0.0,,,,3,0,0,0,1,0,1,0,1,0,1,0,0,1,0,1,1,1,55.0,3.0,1.0,186.66666666666663,15.555555555555555,6.666666666666667,30.0,47.77777777777778,0.0,100.0
2,6.0,6,0,1280.0,1040.0,240.0,1040.0,2.0,,,,,1.0,0,5,51,51034,Ebilassokro,5,RESTORE,4,1.0,,,,,1,5,5,,,,,10.0,,,,,1,,,,,3,,,,,2.0,,,,,7,0,0,0,1,0,0,0,0,1,1,1,0,1,0,0,1,1,78.0,,0.0,213.33333333333331,0.0,0.0,30.0,40.0,30.0,100.0
10,3.0,6,0,630.0,490.0,140.0,490.0,1.0,,,,,800.0,0,5,51,51034,Ebilassokro,5,RESTORE,4,1.0,,,,,1,5,5,,,,,,,,,,1,,,,,,,,,,0.0,,,,,3,0,0,0,0,0,1,0,1,0,1,1,0,1,0,1,1,1,66.0,,1.0,210.0,0.0,10.0,20.0,30.0,40.0,100.0
7,2.0,4,11,240.0,160.0,80.0,160.0,1.0,,,,,1000.0,0,5,51,51034,Ebilassokro,5,RESTORE,4,1.0,,,,,1,5,5,5,,,,,,,,,1,1.0,,,,,,,,,2.0,2.0,,,,2,0,0,0,0,0,1,0,1,0,1,1,0,1,0,1,1,1,52.0,1.0,1.0,120.0,0.0,16.0,54.0,30.0,0.0,100.0
10,25.0,6,13,3500.0,3000.0,500.0,,1.0,,,,,,0,5,51,51034,Ebilassokro,5,RESTORE,4,1.0,,,,,0,4,,,4 5,,,10.0,1.0,9.0,9.0,,1,1.0,1.0,1.0,,97,97,,97,,0.0,0.0,2.0,0.0,,0,0,1,0,1,0,0,0,0,1,1,0,0,1,1,1,1,1,69.0,8.0,1.0,140.0,0.0,0.0,10.0,20.0,70.0,100.0
11,18.0,6,12 13,2080.0,1600.0,480.0,1600.0,3.0,,,,,850.0,0,5,51,51034,Ebilassokro,5,RESTORE,4,1.0,,,,,0,5,1,4 5,5,,,10.0,10.0,10.0,10.0,9.0,1,1.0,1.0,1.0,1.0,,,,97,97,0.0,0.0,0.0,0.0,0.0,2,1,0,0,1,0,0,0,0,1,1,1,0,1,1,1,1,1,71.0,1.0,1.0,115.55555555555556,0.0,0.0,94.78260869565217,0.0,5.217391304347826,100.0
9,5.0,6,1,1600.0,1200.0,400.0,,6.0,,,,,,0,5,51,51034,Ebilassokro,5,RESTORE,4,1.0,,,,,0,5,4,,,,,10.0,,,,,1,,,,,,,,,,2.0,,,,,5,0,0,0,1,0,0,0,1,1,1,1,0,1,0,1,1,1,49.0,3.0,1.0,320.0,0.0,0.0,10.0,0.0,90.0,100.0
6,5.0,5,13,2240.0,1840.0,400.0,1840.0,1.0,,,,,1000.0,0,5,51,51034,Ebilassokro,5,RESTORE,4,1.0,,,,,0,4,5,5,,,,,,,,,1,1.0,,,,,,,,,0.0,0.0,,,,5,0,0,0,1,0,1,0,0,0,0,0,0,1,0,1,1,1,48.0,1.0,1.0,448.0,0.0,23.78048780487805,22.865853658536587,53.35365853658537,0.0,100.0
2,20.020000457763672,6,0,4650.0,3375.0,1275.0,3375.0,1.0,,,,,1000.0,0,5,51,51034,Ebilassokro,5,RESTORE,4,1.0,,,,,0,7,4 5,4 5,4 5,,,1.0,9.0,10.0,9.0,10.0,1,1.0,1.0,1.0,1.0,11,11,,97,97,0.0,0.0,0.0,0.0,0.0,0,0,1,0,1,0,0,0,0,1,0,0,0,1,0,1,1,1,57.0,5.0,0.0,232.2677269568568,0.0,0.0,5.393258426966292,55.50561797752809,39.10112359550561,100.0
7,6.0,6,1,1280.0,1000.0,280.0,,6.0,,,,,,0,5,51,51034,Ebilassokro,5,RESTORE,4,2.0,,,,,0,5,4,4,,,,10.0,10.0,,,,1,1.0,,,,,,,,,2.0,2.0,,,,7,0,0,0,1,0,0,1,1,1,1,1,1,1,0,1,1,1,34.0,6.0,1.0,213.33333333333331,15.0,0.0,0.0,85.0,0.0,100.0
13,6.0,5,0,2720.0,2400.0,320.0,2400.0,1.0,,,,,1000.0,0,5,51,51034,Ebilassokro,5,RESTORE,0,1.0,,,,,0,4,4,5,,,,,,,,,4,4.0,,,,,,,,,0.0,2.0,,,,4,0,1,0,1,1,1,0,1,0,0,1,1,1,1,1,1,1,39.0,1.0,0.0,453.3333333333333,5.0,10.0,15.0,20.0,50.0,100.0
5,31.0,6,6 7,3840.0,3040.0,800.0,3040.0,1.0,,,,,1000.0,0,5,51,51034,Ebilassokro,5,RESTORE,4,1.0,,,,,0,5,4 5,,,,,10.0,10.0,1.0,,,1,1.0,1.0,,,,97,,,,2.0,3.0,0.0,,,2,0,1,0,1,0,0,0,1,1,1,0,0,1,0,1,1,1,54.0,1.0,1.0,123.87096774193547,0.0,10.0,20.0,30.0,40.0,100.0
8,9.0,6,0,1820.0,1700.0,120.0,,1.0,,,,,,0,5,51,51034,Ebilassokro,5,RESTORE,4,1.0,,,,,0,4,4 5,4 5,4 5,,,9.0,1.0,1.0,9.0,,1,1.0,1.0,1.0,,,,,97,,0.0,0.0,0.0,0.0,,1,0,1,0,0,0,0,0,0,1,0,1,0,1,0,1,1,1,62.0,5.0,0.0,202.22222222222223,0.0,0.0,13.8,13.56,72.64,100.0
9,8.5,6,12,800.0,600.0,200.0,600.0,6.0,,,,,850.0,0,5,51,51034,Ebilassokro,5,RESTORE,4,1.0,,,,,0,5,5,,,,,10.0,,,,,1,,,,,,,,,,2.0,,,,,6,0,0,0,0,0,0,0,1,1,0,1,0,1,0,1,1,1,64.0,,1.0,94.11764705882354,0.0,0.0,0.0,20.0,80.0,100.0
11,1.5,4,6 13,680.0,500.0,180.0,,3.0,,,,,,0,5,51,51023,Elinso,5,RESTORE,4,1.0,,,,,0,6,4,,,,,11.0,,,,,1,,,,,,,,,,2.0,,,,,3,0,0,0,1,1,1,0,1,1,1,1,0,1,0,1,1,1,67.0,1.0,1.0,453.3333333333333,0.0,0.0,100.0,0.0,0.0,100.0
4,12.0,6,13,540.0,180.0,360.0,180.0,1.0,,,,,1000.0,1,5,51,51023,Elinso,5,RESTORE,4,1.0,,,,,0,2,5,5,,,,9.0,8.0,,,,1,1.0,,,,,,,,,2.0,0.0,,,,2,0,0,0,0,1,1,0,1,1,1,1,1,1,0,1,1,1,55.0,,1.0,45.0,4.3478260869565215,0.0,28.695652173913043,66.95652173913044,0.0,100.0
6,6.0,4,0,3000.0,1125.0,1875.0,1125.0,1.0,,,,,900.0,1,5,51,51023,Elinso,5,RESTORE,4,1.0,,,,,0,2,5,,,,,10.0,,,,,1,,,,,,,,,,2.0,,,,,2,0,0,0,0,0,0,0,1,1,1,1,0,1,0,1,1,1,61.0,,1.0,500.0,0.0,0.0,0.0,100.0,0.0,100.0
3,3.0,6,6,180.0,120.0,60.0,120.0,3.0,,,,,1000.0,0,5,51,51023,Elinso,5,RESTORE,4,1.0,,,,,1,5,5,,,,,9.0,,,,,1,,,,,,,,,,2.0,,,,,3,0,0,0,0,0,0,0,1,1,1,1,1,1,1,1,1,1,54.0,2.0,0.0,60.0,5.0,0.0,0.0,95.0,0.0,100.0
8,4.0,5,6,450.0,225.0,225.0,225.0,2.0,,,,,12.0,0,5,51,51023,Elinso,5,RESTORE,4,2.0,,,,,0,5,4,4,,,,10.0,10.0,,,,1,1.0,,,,,,,,,0.0,0.0,,,,1,0,0,0,0,1,1,0,0,1,1,1,0,1,0,1,1,1,44.0,1.0,1.0,112.5,0.0,0.0,0.0,0.0,0.0,0.0
5,17.5,6,97,1400.0,1190.0,210.0,1190.0,1.0,,,,,1000.0,1,5,51,51023,Elinso,5,RESTORE,4,1.0,,,,,0,4,5,,,,,10.0,10.0,10.0,97.0,,1,1.0,1.0,1.0,,,97,97,97,,0.0,0.0,0.0,0.0,,2,0,1,1,1,0,0,0,1,1,1,1,0,1,0,1,1,1,56.0,1.0,1.0,80.0,0.0,0.0,30.0,70.0,0.0,100.0
7,3.0,2,6,700.0,500.0,200.0,,3.0,,,,,,0,5,51,51023,Elinso,5,RESTORE,4,1.0,,,,,0,6,5,,,,,1.0,,,,,1,,,,,,,,,,2.0,,,,,5,0,0,0,0,0,0,0,1,1,0,1,0,1,0,1,1,1,44.0,6.0,1.0,233.33333333333331,5.0,95.0,0.0,0.0,0.0,100.0
4,6.0,4,0,595.0,425.0,170.0,425.0,97.0,,,,,900.0,0,5,51,51023,Elinso,5,RESTORE,4,2.0,,,,,0,5,4,,,,,8.0,5.0,,,,4,4.0,,,,,97,,,,0.0,0.0,,,,14,0,0,0,1,0,0,0,1,1,1,1,0,1,0,1,1,1,71.0,,0.0,99.16666666666669,0.0,0.0,100.0,0.0,0.0,100.0
12,7.0,6,5,840.0,700.0,140.0,700.0,,,,,,1000.0,0,5,51,51023,Elinso,5,RESTORE,4,1.0,,,,,0,5,4,,,,,9.0,9.0,9.0,,,1,1.0,1.0,,,97,97,,,,0.0,0.0,0.0,,,0,0,0,0,0,0,0,0,0,1,1,1,0,0,0,1,1,1,74.0,1.0,1.0,120.0,0.0,0.0,0.0,0.0,100.0,100.0
9,14.0,6,0,1540.0,1260.0,280.0,1260.0,1.0,,,,,1000.0,0,5,51,51023,Elinso,5,RESTORE,4,1.0,,,,,0,2,4,4,,,,10.0,10.0,,,,1,1.0,,,,,97,,,,0.0,0.0,,,,3,0,1,0,0,0,1,0,1,1,1,1,1,1,1,1,1,1,57.0,,1.0,110.0,29.411764705882355,0.0,21.176470588235293,49.411764705882355,0.0,100.0
6,3.0,4,0,600.0,480.0,120.0,480.0,2.0,,,,,16.66666603088379,1,5,51,51023,Elinso,5,RESTORE,4,4.0,,,,,0,5,4 5,,,,,10.0,,,,,1,,,,,,,,,,0.0,,,,,3,0,0,0,0,0,1,1,1,1,1,1,0,1,0,1,1,1,40.0,,1.0,200.0,0.0,0.0,0.0,0.0,0.0,0.0
7,7.0,6,97,480.0,300.0,180.0,300.0,1.0,,,,,1000.0,1,5,51,51023,Elinso,5,RESTORE,4,1.0,,,,,0,3,5,5,,,,10.0,10.0,10.0,,,1,1.0,1.0,,,,,97,,,2.0,2.0,2.0,,,3,0,0,0,1,0,1,0,1,1,1,1,1,1,0,1,1,1,53.0,1.0,1.0,68.57142857142857,10.0,0.0,0.0,90.0,0.0,100.0
8,5.0,5,0,630.0,360.0,270.0,360.0,2.0,,,,,1000.0,0,5,51,51023,Elinso,5,RESTORE,4,2.0,,,,,1,5,5,,,,,1.0,,,,,1,,,,,,,,,,0.0,,,,,4,1,1,0,0,1,1,0,1,1,1,1,0,1,1,1,1,1,72.0,,1.0,126.0,10.0,40.0,35.0,15.0,0.0,100.0
5,2.700000047683716,6,97,1620.0,1200.0,420.0,1200.0,,,,,,1000.0,0,4,41,41027,GBAPET,4,RESTORE,0,2.0,,,,,0,5,2 5,,,,,10.0,,,,,4,,,,,,,,,,0.0,,,,,0,0,0,0,1,0,1,0,1,1,1,1,0,0,1,1,1,1,54.0,3.0,0.0,599.9999894036189,10.0,15.0,25.0,50.0,0.0,100.0
4,5.0,6,0,720.0,400.0,320.0,400.0,6.0,,,,,1000.0,0,4,41,41027,GBAPET,4,RESTORE,0,1.0,,,,,0,4,5,5,,,,10.0,10.0,,,,4,4.0,,,,,,,,,0.0,0.0,,,,3,1,0,0,1,0,1,0,0,1,1,1,0,1,1,1,1,1,31.0,,1.0,144.0,0.0,0.0,0.0,0.0,100.0,100.0
12,3.0,6,0,880.0,480.0,400.0,480.0,6.0,,,,,1000.0,0,4,41,41027,GBAPET,4,RESTORE,0,2.0,,,,,0,3,3,,,,,8.0,,,,,4,4.0,,,,,,,,,0.0,0.0,,,,4,1,0,1,1,1,1,0,0,1,1,1,1,1,1,1,1,1,45.0,,0.0,293.3333333333333,0.0,30.0,0.0,70.0,0.0,100.0
7,3.5,3,0,2700.0,1350.0,1350.0,,1.0,,,,,,1,4,41,41027,GBAPET,4,RESTORE,0,1.0,,,,,0,4,5,5,,,,4.0,4.0,,,,4,2.0,,,,97,97,,,,2.0,2.0,,,,1,1,0,1,1,0,1,1,0,1,1,1,0,1,1,0,1,1,32.0,,0.0,771.4285714285714,0.0,35.55555555555556,64.44444444444444,0.0,0.0,100.0
8,6.5,6,10,2400.0,1400.0,1000.0,,2.0,,,,,,1,4,41,41027,GBAPET,4,RESTORE,0,1.0,,,,,0,5,3 5,2 5,,,,8.0,7.0,,,,4,4.0,,,,,,,,,0.0,0.0,,,,2,1,0,1,1,0,1,1,1,1,1,1,0,1,1,1,1,1,64.0,,0.0,369.2307692307692,0.0,6.707317073170732,28.04878048780488,61.21951219512195,4.024390243902439,100.0
3,11.5,3,0,700.0,500.0,200.0,,1.0,,,,,,1,4,41,41027,GBAPET,4,RESTORE,0,2.0,,,,,0,5,5,,,,,8.0,4.0,,,,4,4.0,,,,,4,,,,0.0,0.0,,,,2,1,0,1,1,0,1,0,0,1,1,1,0,1,1,1,1,1,28.0,2.0,1.0,60.869565217391305,0.0,0.0,100.0,0.0,0.0,100.0
3,3.0,6,0,400.0,240.0,160.0,240.0,,,,,,850.0,0,4,41,41027,GBAPET,4,RESTORE,4,3.0,,,,,0,3,5,,,,,8.0,,,,,4,,,,,,,,,,0.0,,,,,0,0,0,1,1,0,1,0,0,1,1,1,0,0,0,1,1,1,52.0,1.0,0.0,133.33333333333334,0.0,0.0,0.0,0.0,100.0,100.0
5,19.0,2,0,2640.0,1680.0,960.0,1680.0,2.0,,,,,1000.0,0,4,41,41027,GBAPET,4,RESTORE,0,2.0,,,,,0,6,5,5,,,,8.0,8.0,8.0,8.0,,4,4.0,4.0,4.0,,4,4,,,,3.0,3.0,3.0,3.0,,1,0,0,1,1,0,1,0,0,1,1,1,0,1,1,1,1,1,29.0,,1.0,138.94736842105263,0.0,0.0,100.0,0.0,0.0,100.0
8,6.0,6,7 97,1120.0,700.0,420.0,700.0,2.0,,,,,1000.0,0,4,41,41027,GBAPET,4,RESTORE,0,1.0,,,,,0,8,5,5,,,,8.0,8.0,,,,4,4.0,,,,,4,,,,2.0,0.0,,,,2,1,0,0,1,1,1,0,1,1,1,1,0,1,1,1,1,1,57.0,,0.0,186.66666666666663,0.0,33.33333333333333,0.0,66.66666666666666,0.0,99.99999999999999
5,5.0,3,0,400.0,240.0,160.0,240.0,6.0,,,,,1000.0,0,4,41,41027,GBAPET,4,RESTORE,0,2.0,,,,,0,4,2 3 5,,,,,10.0,,,,,4,,,,,11,,,,,0.0,,,,,3,1,0,1,1,1,1,1,0,1,1,1,1,1,1,0,1,1,37.0,3.0,0.0,80.0,0.0,0.0,28.000000000000004,66.0,6.0,100.0
5,11.0,5,0,680.0,425.0,255.0,425.0,2.0,,,,,800.0,0,4,41,41018,GBELETO,4,RESTORE,0,2.0,,,,,0,3,3,,,,,6.0,6.0,6.0,,,4,4.0,4.0,,,,97,97,,,0.0,0.0,0.0,,,4,1,1,1,1,1,1,1,0,1,1,1,0,1,1,1,1,1,44.0,,0.0,61.81818181818182,0.0,0.0,0.0,100.0,0.0,100.0
9,8.0,4,0,960.0,720.0,240.0,720.0,2.0,,,,,1000.0,0,4,41,41018,GBELETO,4,RESTORE,0,2.0,,,,,0,5,5,,,,,8.0,8.0,,,,4,4.0,,,,,,,,,0.0,0.0,,,,2,0,0,0,1,1,1,1,1,1,1,1,1,1,1,1,1,1,47.0,,0.0,120.0,10.0,25.0,65.0,0.0,0.0,100.0
6,5.0,3,0,5000.0,3500.0,1500.0,,6.0,,,,,,1,4,41,41018,GBELETO,4,RESTORE,0,2.0,,,,,0,4,5,5,,,,6.0,6.0,6.0,,,4,4.0,4.0,,,,,97,,,0.0,0.0,3.0,,,3,1,1,1,1,1,1,1,1,1,1,1,0,1,1,1,1,1,39.0,,0.0,1000.0,0.0,0.0,60.0,40.0,0.0,100.0
6,9.0,5,0,800.0,480.0,320.0,480.0,2.0,,,,,1000.0,0,4,41,41018,GBELETO,4,RESTORE,0,2.0,,,,,0,3,5,5,,,,6.0,97.0,6.0,6.0,,4,4.0,4.0,4.0,,,,97,97,,0.0,0.0,0.0,0.0,,4,1,0,1,1,1,1,1,0,1,0,1,0,1,1,1,1,1,38.0,,0.0,88.88888888888889,33.33333333333333,0.0,0.0,66.66666666666666,0.0,99.99999999999999
8,11.0,4,6,8000.0,5000.0,3000.0,,2.0,,,,,,1,4,41,41018,GBELETO,4,RESTORE,3,2.0,,,,,0,3,5,,,,,6.0,6.0,,,,4,4.0,4.0,,,,,8,,,0.0,0.0,3.0,,,4,1,0,1,1,1,1,1,1,1,1,1,0,1,1,1,1,1,41.0,,0.0,727.2727272727273,0.0,0.0,100.0,0.0,0.0,100.0
8,6.0,5,0,3200.0,2240.0,960.0,2240.0,2.0,,,,,1000.0,1,4,41,41018,GBELETO,4,RESTORE,3,2.0,,,,,0,7,5,,,,,8.0,,,,,4,,,,,,,,,,0.0,,,,,3,1,0,1,1,1,1,1,0,1,1,1,1,1,1,1,1,1,52.0,,0.0,533.3333333333334,15.0,40.0,45.0,0.0,0.0,100.0
7,7.0,5,6,1500.0,1000.0,500.0,,6.0,,,,,,1,4,41,41018,GBELETO,4,RESTORE,0,2.0,,,,,0,4,2 3 5,,,,,7.0,6.0,,,,4,4.0,4.0,,,11,97,97,,,0.0,0.0,0.0,,,1,0,0,1,1,1,0,0,1,1,1,1,0,1,1,0,1,1,53.0,,0.0,214.28571428571428,0.0,0.0,15.0,85.0,0.0,100.0
3,5.5,5,10,800.0,500.0,300.0,,2.0,,,,,,0,4,41,41018,GBELETO,4,RESTORE,0,2.0,,,,,0,5,5,,,,,8.0,8.0,,,,4,4.0,4.0,,,,97,8,,,3.0,2.0,0.0,,,6,0,0,1,1,1,0,0,1,1,0,1,0,1,1,1,1,1,42.0,1.0,0.0,145.45454545454547,0.0,0.0,0.0,100.0,0.0,100.0
15,10.0,6,0,7800.0,4800.0,3000.0,4800.0,,,,,,1000.0,0,4,41,41018,GBELETO,4,RESTORE,4,3.0,,,,,0,6,5,,,,,8.0,,,,,4,,,,,,,,,,0.0,,,,,0,1,1,1,0,1,1,1,0,1,1,1,0,0,0,1,1,1,49.0,,0.0,780.0,0.0,10.0,30.0,25.0,35.0,100.0
8,10.0,5,7,1710.0,1080.0,630.0,1080.0,2.0,,,,,888.888916015625,0,4,41,41018,GBELETO,4,RESTORE,0,2.0,,,,,0,4,3,5,,,,6.0,8.0,,,,4,4.0,4.0,,,,,97,,,0.0,0.0,3.0,,,6,1,1,1,1,1,1,1,1,1,1,1,0,1,1,1,1,1,55.0,,0.0,171.0,0.0,0.0,89.04109589041096,10.95890410958904,0.0,100.0
10,13.0,5,97,640.0,480.0,160.0,480.0,2.0,,,,,1000.0,1,4,41,41018,GBELETO,4,RESTORE,0,2.0,,,,,0,6,5,,,,,6.0,8.0,8.0,,,4,4.0,4.0,,,,,,,,0.0,0.0,0.0,,,3,1,0,1,1,1,1,1,0,1,1,1,1,1,1,1,1,1,50.0,,0.0,49.23076923076923,10.0,30.0,40.0,20.0,0.0,100.0
10,14.0,5,0,1440.0,960.0,480.0,960.0,2.0,,,,,1000.0,0,4,41,41018,GBELETO,4,RESTORE,0,2.0,,,,,0,2,3,,,,,8.0,8.0,,8.0,,4,4.0,4.0,4.0,,,97,97,97,,0.0,0.0,3.0,0.0,,3,0,0,1,1,0,1,1,0,1,1,1,0,1,1,1,1,1,73.0,,0.0,102.85714285714286,0.0,0.0,0.0,100.0,0.0,100.0
8,6.5,5,10,3000.0,2500.0,500.0,,2.0,,,,,,0,4,41,41018,GBELETO,4,RESTORE,4,1.0,,,,,0,5,5,,,,,6.0,8.0,,,,4,4.0,4.0,,,,97,8,,,0.0,3.0,3.0,,,5,0,1,1,1,0,1,1,1,1,0,1,1,1,1,1,1,1,55.0,1.0,0.0,461.5384615384616,0.0,0.0,15.0,85.0,0.0,100.0
5,8.5,2,0,2100.0,1400.0,700.0,1400.0,2.0,,,,,1000.0,0,4,41,41018,GBELETO,4,RESTORE,0,2.0,,,,,0,5,5,5,,,,8.0,8.0,8.0,,,4,4.0,4.0,,,,,,,,3.0,3.0,0.0,,,2,1,0,0,1,1,1,0,0,1,1,1,1,1,1,1,1,1,49.0,,0.0,247.05882352941177,25.0,75.0,0.0,0.0,0.0,100.0
15,14.0,6,0,800.0,560.0,240.0,560.0,97.0,,,,,1000.0,0,4,41,41028,GNATO,4,RESTORE,0,2.0,,,,,0,5,5,,,,,10.0,10.0,10.0,10.0,,4,4.0,4.0,4.0,,,97,97,97,,0.0,0.0,0.0,2.0,,1,1,0,1,1,1,1,1,0,1,1,1,1,1,1,1,1,1,48.0,,0.0,57.142857142857146,4.0,0.0,0.0,0.0,96.0,100.0
4,3.0,6,0,1365.0,975.0,390.0,975.0,,,,,,1000.0,0,4,41,41028,GNATO,4,RESTORE,2,1.0,,,,,0,8,5,,,,,9.0,,,,,4,,,,,1,,,,,0.0,,,,,0,1,0,0,1,1,1,0,0,1,1,1,1,0,0,0,1,1,50.0,6.0,0.0,455.0,5.0,30.0,50.0,15.0,0.0,100.0
5,3.0,6,0,400.0,300.0,100.0,300.0,,,,,,1000.0,0,4,41,41028,GNATO,4,RESTORE,0,2.0,,,,,0,5,5,,,,,10.0,10.0,,,,4,4.0,,,,,97,,,,0.0,3.0,,,,0,1,0,1,1,0,1,1,0,1,0,1,1,0,1,1,1,1,28.0,,0.0,133.33333333333334,0.0,10.0,0.0,90.0,0.0,100.0
3,7.0,6,0,2880.0,1920.0,960.0,1920.0,1.0,,,,,1000.0,0,4,41,41028,GNATO,4,RESTORE,0,2.0,,,,,0,4,4 5,4 5,,,,10.0,10.0,10.0,,,4,4.0,4.0,,,,,97,,,0.0,0.0,0.0,,,3,1,1,1,1,1,1,1,0,1,0,1,1,1,1,1,1,1,28.0,1.0,1.0,411.4285714285714,6.6000000000000005,19.8,46.6,0.0,27.0,100.0
7,5.0,6,0,3000.0,2500.0,500.0,,1.0,,,,,,1,4,41,41028,GNATO,4,RESTORE,0,2.0,,,,,0,2,5,,,,,7.0,,,,,4,,,,,,,,,,0.0,,,,,4,1,0,0,1,0,1,1,1,1,1,1,1,1,1,1,1,1,50.0,,0.0,600.0,0.0,0.0,50.0,50.0,0.0,100.0
5,15.0,6,0,3040.0,2080.0,960.0,2080.0,1.0,,,,,1000.0,0,4,41,41028,GNATO,4,RESTORE,0,2.0,,,,,0,5,3,3 5,5,,,8.0,8.0,6.0,8.0,,4,4.0,4.0,4.0,,,97,,97,,0.0,0.0,0.0,0.0,,1,1,0,0,1,1,0,0,0,1,1,1,1,1,1,1,1,1,44.0,,0.0,202.66666666666663,0.0,0.0,24.5,75.5,0.0,100.0
7,14.0,6,0,540.0,360.0,180.0,360.0,1.0,,,,,1000.0,0,4,41,41029,GRABO,4,RESTORE,4,1.0,,,,,1,4,5,,,,,97.0,97.0,97.0,97.0,,4,4.0,4.0,4.0,,,97,,97,,0.0,0.0,0.0,0.0,,1,1,0,1,1,1,1,0,0,1,1,1,0,1,1,1,1,1,52.0,,0.0,38.57142857142857,0.0,0.0,0.0,0.0,100.0,100.0
11,5.0,5,0,1530.0,680.0,850.0,680.0,6.0,,,,,1000.0,0,4,41,41029,GRABO,4,RESTORE,0,2.0,,,,,0,5,5,,,,,97.0,,,,,4,4.0,4.0,,,,97,97,,,0.0,0.0,0.0,,,2,1,0,1,1,1,1,0,0,1,1,1,1,1,1,1,1,1,46.0,,0.0,306.0,4.0,0.0,0.0,96.0,0.0,100.0
9,4.5,4,0,1440.0,1080.0,360.0,1080.0,,,,,,1000.0,0,4,41,41029,GRABO,4,RESTORE,0,1.0,,,,,1,5,97,,,,,4.0,8.0,8.0,8.0,,4,4.0,4.0,4.0,,,,,,,,,0.0,3.0,,0,1,0,1,1,1,0,0,0,1,1,1,1,0,1,1,1,1,39.0,,0.0,320.0,10.0,15.0,75.0,0.0,0.0,100.0
6,3.0,4,0,910.0,560.0,350.0,560.0,,,,,,1000.0,1,4,41,41029,GRABO,4,RESTORE,0,1.0,,,,,1,4,5,,,,,8.0,8.0,8.0,,,4,4.0,4.0,,,,97,97,,,0.0,0.0,0.0,,,0,1,0,1,1,1,1,0,0,1,1,0,0,0,1,1,1,1,44.0,2.0,0.0,303.3333333333333,0.0,100.0,0.0,0.0,0.0,100.0
6,0.5,2,0,400.0,240.0,160.0,240.0,6.0,,,,,1000.0,0,4,41,41029,GRABO,4,RESTORE,4,1.0,,,,,1,7,97,,,,,11.0,,,,,4,,,,,,,,,,0.0,,,,,1,0,1,1,1,0,1,0,0,1,1,1,1,1,0,0,1,0,40.0,1.0,0.0,800.0,25.0,75.0,0.0,0.0,0.0,100.0
6,1.0,2,0,180.0,120.0,60.0,120.0,,,,,,1000.0,0,4,41,41029,GRABO,4,RESTORE,1,2.0,,,,,0,4,97,,,,,97.0,,,,,4,,,,,,,,,,0.0,,,,,0,0,0,0,0,0,1,0,0,1,0,0,0,0,1,1,1,0,52.0,2.0,0.0,180.0,0.0,0.0,0.0,0.0,0.0,0.0
6,5.0,4,0,3120.0,1760.0,1360.0,1760.0,2.0,,,,,900.0,0,4,41,41029,GRABO,4,RESTORE,0,2.0,,,,,0,4,5,5,,,,8.0,,,,,4,4.0,,,,,,,,,0.0,0.0,,,,2,1,0,0,1,1,1,0,0,1,1,1,0,1,1,1,1,1,42.0,,0.0,624.0,0.0,0.0,100.0,0.0,0.0,100.0
10,4.0,6,10,1500.0,1200.0,300.0,,1.0,,,,,,0,4,41,41029,GRABO,4,RESTORE,3,2.0,,,,,0,7,97,,,,,6.0,,,,,1,1.0,,,,,4,,,,2.0,2.0,,,,2,1,0,1,0,0,1,0,0,1,0,0,0,1,1,1,1,1,71.0,,0.0,375.0,15.0,10.0,15.0,10.0,50.0,100.0
5,8.0,4,12,3000.0,2000.0,1000.0,,2.0,,,,,,1,4,41,41029,GRABO,4,RESTORE,97,2.0,,,,,0,5,97,,,,,8.0,8.0,,,,4,4.0,,,,,6,,,,0.0,2.0,,,,2,1,0,1,1,0,0,0,1,1,1,1,0,1,1,1,1,1,55.0,,0.0,375.0,0.0,0.0,25.0,75.0,0.0,100.0
6,12.0,2,0,8160.0,5640.0,2520.0,6650.0,97.0,,,,,1000.0,0,4,41,41029,GRABO,4,RESTORE,0,2.0,,,,,0,8,97,,,,,10.0,,,,,4,,,,,,,,,,0.0,,,,,1,1,1,1,1,1,1,0,0,1,0,0,1,1,1,1,1,1,39.0,4.0,0.0,680.0,30.0,70.0,0.0,0.0,0.0,100.0
13,10.0,6,10,3000.0,2000.0,1000.0,,1.0,,,,,,1,4,41,41029,GRABO,4,RESTORE,0,2.0,,,,,0,3,5,,,,,7.0,,,,,4,,,,,,,,,,0.0,,,,,1,1,0,1,1,0,1,0,1,1,1,1,0,1,1,1,1,1,52.0,,0.0,300.0,0.0,0.0,50.0,20.0,30.0,100.0
3,4.0,6,5,600.0,400.0,200.0,,1.0,,,,,,1,4,41,41029,GRABO,4,RESTORE,97,2.0,,,,,0,3,97,,,,,8.0,,,,,4,,,,,,,,,,0.0,,,,,1,1,0,0,1,0,1,0,1,1,1,1,0,1,1,1,1,1,51.0,,0.0,150.0,0.0,0.0,0.0,0.0,100.0,100.0
15,21.0,4,7,4800.0,3600.0,1200.0,3600.0,2.0,,,,,1000.0,0,4,41,41029,GRABO,4,RESTORE,0,2.0,,,,,0,7,97,,,,,8.0,8.0,,,,4,4.0,,,,,,,,,0.0,0.0,,,,2,1,0,1,1,0,0,1,0,1,0,1,0,1,1,1,1,1,61.0,,0.0,228.57142857142856,0.0,20.0,80.0,0.0,0.0,100.0
4,4.0,2,0,1540.0,770.0,770.0,770.0,1.0,,,,,1000.0,0,4,41,41029,GRABO,4,RESTORE,3,2.0,,,,,0,3,5,,,,,8.0,8.0,8.0,,,4,4.0,4.0,,,,2,2,,,2.0,2.0,0.0,,,3,0,1,1,1,1,1,0,0,1,1,1,0,1,1,1,1,1,28.0,3.0,0.0,385.0,0.0,100.0,0.0,0.0,0.0,100.0
5,10.0,6,0,2000.0,1300.0,700.0,,,,,,,,0,4,41,41019,KARIE,4,RESTORE,2,3.0,,,,,1,3,5,,,,,1.0,1.0,1.0,,,4,1.0,1.0,,,,,97,,,0.0,0.0,3.0,,,0,1,0,0,1,0,1,1,0,1,1,1,0,0,0,1,1,1,76.0,,1.0,200.0,0.0,0.0,0.0,100.0,0.0,100.0
9,5.5,3,0,3160.0,2360.0,800.0,2360.0,2.0,,,,,1000.0,0,4,41,41019,KARIE,4,RESTORE,0,2.0,,,,,0,7,5,5,,,,8.0,8.0,,,,4,4.0,4.0,,,,,,,,3.0,3.0,3.0,,,6,1,0,1,1,0,1,1,0,1,0,1,1,1,1,1,1,1,39.0,,0.0,574.5454545454545,8.333333333333332,33.33333333333333,58.333333333333336,0.0,0.0,100.0
7,14.0,6,0,8000.0,6400.0,1600.0,6400.0,,,,,,1000.0,1,4,41,41019,KARIE,4,RESTORE,0,2.0,,,,,0,7,5,5,,,,8.0,8.0,8.0,,,4,4.0,4.0,,,,,,,,0.0,0.0,3.0,,,0,1,0,1,1,0,1,1,0,1,0,1,0,0,1,1,1,1,76.0,,0.0,571.4285714285714,10.0,17.307692307692307,44.61538461538462,28.076923076923077,0.0,100.00000000000001
6,3.0,3,0,2880.0,2000.0,880.0,2000.0,2.0,,,,,1000.0,0,4,41,41019,KARIE,4,RESTORE,0,1.0,,,,,0,3,5,,,,,8.0,8.0,,,,4,4.0,,,,,97,,,,0.0,3.0,,,,4,1,0,0,1,0,1,1,0,1,0,1,0,1,1,1,1,1,43.0,,0.0,960.0,0.0,0.0,100.0,0.0,0.0,100.0
9,11.0,6,0,5600.0,4000.0,1600.0,4000.0,2.0,,,,,1000.0,0,4,41,41019,KARIE,4,RESTORE,0,2.0,,,,,0,6,5,,,,,8.0,8.0,8.0,,,4,4.0,4.0,,,,97,97,,,0.0,0.0,3.0,,,2,1,0,0,1,1,1,1,0,1,1,1,0,1,1,1,1,1,57.0,,0.0,509.09090909090907,0.0,0.0,0.0,100.0,0.0,100.0
5,6.0,4,0,5225.0,3800.0,1425.0,3800.0,2.0,,,,,1000.0,0,4,41,41019,KARIE,4,RESTORE,0,1.0,,,,,0,3,5,,,,,10.0,10.0,,,,4,4.0,,,,,97,,,,0.0,3.0,,,,4,1,0,1,1,0,1,1,0,1,0,1,1,1,1,1,1,1,25.0,1.0,1.0,870.8333333333334,10.0,10.0,0.0,0.0,80.0,100.0
7,3.5,3,0,320.0,280.0,40.0,280.0,1.0,,,,,900.0,0,5,51,51024,Koitienko,5,RESTORE,4,3.0,,,,,0,7,5,5,,,,1.0,1.0,,,,1,2.0,,,,,,,,,0.0,0.0,,,,2,0,0,0,0,0,1,0,0,1,1,1,0,1,0,1,1,1,47.0,1.0,0.0,91.42857142857144,0.0,0.0,100.0,0.0,0.0,100.0
5,4.5,3,0,210.0,70.0,140.0,70.0,1.0,,,,,1000.0,0,5,51,51024,Koitienko,5,RESTORE,4,1.0,,,,,0,5,5,5,5,,,10.0,10.0,9.0,,,1,1.0,1.0,,,,,97,,,0.0,0.0,3.0,,,5,0,0,0,0,0,1,1,1,1,1,1,1,1,0,1,1,1,51.0,1.0,0.0,46.66666666666666,13.485477178423237,39.83402489626556,46.6804979253112,0.0,0.0,100.0
4,2.5,5,0,225.0,150.0,75.0,150.0,1.0,,,,,1000.0,0,5,51,51024,Koitienko,5,RESTORE,4,3.0,,,,,0,1,5,5,,,,10.0,10.0,,,,1,1.0,,,,,,,,,2.0,2.0,,,,1,0,0,0,0,0,1,0,1,1,1,1,1,1,0,1,1,1,45.0,1.0,1.0,90.0,0.0,0.0,0.0,100.0,0.0,100.0
5,5.5,4,0,935.0,680.0,255.0,680.0,3.0,,,,,941.1764526367188,0,5,51,51024,Koitienko,5,RESTORE,4,1.0,,,,,0,5,5,,,,,10.0,,,,,1,1.0,,,,,,,,,2.0,2.0,,,,9,0,0,0,0,0,0,0,1,1,1,0,1,1,0,1,1,1,49.0,2.0,1.0,170.0,5.0,10.0,85.0,0.0,0.0,100.0
2,8.0,6,13 97,600.0,420.0,180.0,420.0,3.0,,,,,1000.0,1,5,51,51024,Koitienko,5,RESTORE,4,1.0,,,,,0,3,5,5,5,,,9.0,9.0,9.0,,,1,1.0,1.0,,,,,,,,2.0,2.0,2.0,,,4,0,0,0,1,1,1,0,0,1,1,1,1,1,1,1,1,1,74.0,4.0,0.0,75.0,3.3333333333333335,0.0,0.0,0.0,96.66666666666667,100.0
4,5.0,3,13,2510.0,1510.0,1000.0,,3.0,,,,,,0,5,51,51024,Koitienko,5,RESTORE,4,1.0,,,,,0,5,4 5,4,,,,1.0,10.0,,,,1,1.0,,,,,,,,,2.0,2.0,,,,11,0,0,1,1,1,0,1,1,1,1,1,0,1,0,1,1,1,61.0,3.0,1.0,502.0,3.066700741119346,67.93381037567084,28.99948888320981,0.0,0.0,100.0
6,2.0,5,13,490.0,420.0,70.0,420.0,1.0,,,,,1000.0,1,5,51,51024,Koitienko,5,RESTORE,4,1.0,,,,,0,6,4,5,,,,9.0,9.0,,,,1,1.0,,,,,97,,,,0.0,0.0,,,,4,0,1,1,1,0,0,1,1,1,0,1,0,1,1,1,1,1,70.0,5.0,0.0,245.0,0.0,0.0,0.0,100.0,0.0,100.0
5,1.2999999523162842,5,10 97,195.0,130.0,65.0,130.0,1.0,,,,,13.84615421295166,0,5,51,51024,Koitienko,5,RESTORE,4,1.0,,,,,0,4,5,5,,,,9.0,9.0,,,,1,1.0,,,,,,,,,0.0,0.0,,,,1,0,0,0,1,1,1,1,1,1,1,1,0,1,0,1,1,0,38.0,6.0,1.0,150.00000550196742,0.0,50.0,2.5,47.5,0.0,100.0
7,10.0,3,5,280.0,280.0,0.0,280.0,2.0,,,,,1000.0,0,5,51,51018,Kouassi-Béniékro,5,RESTORE,4,1.0,,,,,0,5,4,,,,,9.0,9.0,,,,1,1.0,,,,,,,,,2.0,2.0,,,,4,0,0,0,0,0,0,0,1,1,1,1,0,1,0,1,1,1,50.0,7.0,1.0,28.0,0.0,0.0,100.0,0.0,0.0,100.0
6,2.5,6,0,490.0,350.0,140.0,350.0,1.0,,,,,1000.0,0,5,51,51018,Kouassi-Béniékro,5,RESTORE,4,4.0,,,,,0,6,5,,,,,1.0,1.0,,,,1,1.0,,,,,9,,,,0.0,0.0,,,,2,0,1,1,0,0,1,1,1,1,1,1,0,1,1,1,1,1,42.0,,1.0,196.0,0.0,15.0,50.0,35.0,0.0,100.0
5,4.5,3,0,1950.0,1500.0,450.0,,3.0,,,,,,0,5,51,51018,Kouassi-Béniékro,5,RESTORE,4,1.0,,,,,0,7,5,,,,,10.0,10.0,,,,1,1.0,,,,,,,,,2.0,2.0,,,,5,0,1,0,1,1,1,0,1,1,0,1,0,1,0,1,1,1,48.0,1.0,1.0,433.3333333333333,0.0,0.0,100.0,0.0,0.0,100.0
5,4.5,6,0,1000.0,800.0,200.0,800.0,1.0,,,,,1000.0,0,5,51,51018,Kouassi-Béniékro,5,RESTORE,4,1.0,,,,,0,1,4,5,,,,10.0,9.0,,,,1,1.0,,,,11,,,,,0.0,3.0,,,,3,0,0,0,0,0,1,0,1,1,0,1,1,1,0,1,1,1,59.0,3.0,1.0,222.22222222222223,8.421052631578947,15.789473684210526,0.0,75.78947368421053,0.0,100.0
5,4.0,4,0,935.0,510.0,425.0,510.0,2.0,,,,,1000.0,0,5,51,51018,Kouassi-Béniékro,5,RESTORE,4,1.0,,,,,0,2,5,,,,,9.0,,,,,1,,,,,,,,,,2.0,,,,,2,0,0,1,0,0,0,0,0,1,1,1,1,1,1,1,1,1,57.0,,0.0,233.75,10.0,0.0,0.0,90.0,0.0,100.0
6,11.0,1,0,600.0,400.0,200.0,,,,,,,,1,4,41,41020,MAHINO2,4,RESTORE,3,1.0,,,,,0,5,4 5,,,,,8.0,,,,,4,4.0,4.0,,,,,,,,0.0,0.0,0.0,,,0,1,1,1,1,1,1,1,0,1,1,1,0,0,1,1,1,1,41.0,6.0,0.0,54.54545454545455,50.0,50.0,0.0,0.0,0.0,100.0
10,5.0,5,0,1330.0,1050.0,280.0,1050.0,1.0,,,,,1000.0,0,5,51,51032,N'Grakon,5,RESTORE,3,2.0,,,,,1,5,5,,,,,4.0,,,,,2,,,,,,,,,,0.0,,,,,8,0,0,1,1,0,1,0,1,1,0,0,0,1,1,1,1,1,28.0,,0.0,266.0,0.0,20.0,35.0,45.0,0.0,100.0
5,3.5,6,7 9,1190.0,1050.0,140.0,1050.0,97.0,,,,,900.0,0,5,51,51032,N'Grakon,5,RESTORE,97,1.0,,,,,1,6,5,,,,,6.0,,,,,4,1.0,,,,11,97,,,,2.0,2.0,,,,8,0,0,0,0,0,0,0,1,1,0,0,0,1,0,0,1,1,67.0,1.0,0.0,340.0,0.0,0.0,0.0,0.0,100.0,100.0
12,13.5,6,12,2660.0,1960.0,700.0,1960.0,3.0,,,,,900.0,0,5,51,51032,N'Grakon,5,RESTORE,97,2.0,,,,,0,6,5,5,,,,8.0,8.0,,,,4,4.0,,,,11,9,,,,2.0,2.0,,,,12,0,0,0,0,0,0,0,1,1,1,0,1,1,1,0,1,1,66.0,,0.0,197.03703703703704,20.075757575757574,20.075757575757574,0.0,59.84848484848485,0.0,100.0
15,9.0,6,0,1875.0,1500.0,375.0,1500.0,1.0,,,,,900.0,0,5,51,51032,N'Grakon,5,RESTORE,3,3.0,,,,,0,5,5,4 5,,,,10.0,10.0,,,,4,4.0,4.0,,,,,11,,,0.0,0.0,2.0,,,3,0,0,0,0,1,1,1,0,1,1,0,0,1,1,1,1,1,40.0,1.0,1.0,208.33333333333331,16.0,16.0,32.0,8.0,28.000000000000004,100.0
8,10.0,6,1,2380.0,1680.0,700.0,1680.0,6.0,,,,,1000.0,0,5,51,51032,N'Grakon,5,RESTORE,1,2.0,,,,,0,5,4,4,,,,8.0,7.0,,,,4,4.0,,,,,,,,,0.0,0.0,,,,5,0,0,0,1,0,1,1,1,1,0,1,0,1,0,1,1,1,79.0,,0.0,238.0,0.0,60.0,0.0,0.0,40.0,100.0
4,8.0,6,6 9,510.0,360.0,150.0,360.0,1.0,,,,,900.0,0,5,51,51032,N'Grakon,5,RESTORE,4,1.0,,,,,1,6,5,5,,,,10.0,11.0,11.0,,,1,1.0,1.0,,,,,,,,2.0,0.0,0.0,,,1,0,1,0,1,1,0,0,0,1,0,0,0,1,0,1,1,1,49.0,,0.0,63.75,11.11111111111111,46.666666666666664,14.444444444444443,27.77777777777778,0.0,100.0
8,4.0,6,0,1680.0,1120.0,560.0,1120.0,1.0,,,,,900.0,0,5,51,51032,N'Grakon,5,RESTORE,0,2.0,,,,,1,10,5,,,,,,,,,,4,,,,,,,,,,2.0,,,,,5,0,0,0,0,0,1,0,1,0,1,1,0,1,1,1,1,1,57.0,,0.0,420.0,0.0,15.0,25.0,60.0,0.0,100.0
6,3.5,4,5,1470.0,1050.0,420.0,1050.0,1.0,,,,,900.0,1,5,51,51032,N'Grakon,5,RESTORE,97,1.0,,,,,0,5,4,,,,,,,,,,2,1.0,,,,,8 9,,,,2.0,2.0,,,,5,0,0,0,0,0,0,0,1,0,1,0,0,1,1,1,1,1,39.0,1.0,0.0,420.0,0.0,0.0,100.0,0.0,0.0,100.0
9,4.0,6,0,840.0,630.0,210.0,630.0,1.0,,,,,1000.0,0,5,51,51032,N'Grakon,5,RESTORE,0,2.0,,,,,0,3,5,,,,,,,,,,4,,,,,,,,,,2.0,,,,,5,0,0,0,1,1,1,0,1,0,1,1,1,1,0,1,1,1,53.0,,0.0,210.0,15.0,20.0,30.0,35.0,0.0,100.0
6,7.5,4,0,1680.0,1200.0,480.0,1200.0,1.0,,,,,1000.0,0,5,51,51032,N'Grakon,5,RESTORE,0,2.0,,,,,0,2,5,4,,,,8.0,97.0,,,,4,4.0,1.0,,,,,11,,,0.0,0.0,2.0,,,1,0,1,0,1,1,0,0,0,1,1,0,0,1,1,1,1,1,40.0,,0.0,224.0,0.0,14.166666666666666,60.83333333333333,25.0,0.0,100.0
6,11.0,6,0,910.0,560.0,350.0,560.0,1.0,,,,,1000.0,0,5,51,51032,N'Grakon,5,RESTORE,4,3.0,,,,,0,7,5,5,,,,6.0,,,,,1,1.0,,,,,,,,,0.0,0.0,,,,6,0,0,0,1,0,1,0,1,1,0,0,0,1,0,1,1,1,67.0,,0.0,82.72727272727273,0.0,0.0,11.363636363636363,35.45454545454545,53.18181818181819,100.0
5,8.5,6,0,1840.0,1600.0,240.0,1600.0,1.0,,,,,1000.0,0,5,51,51032,N'Grakon,5,RESTORE,4,1.0,,,,,0,4,4,5,5,,,10.0,10.0,97.0,,,1,1.0,1.0,,,,,,,,0.0,0.0,0.0,,,0,1,0,0,0,0,1,0,0,1,1,1,0,1,0,1,1,1,71.0,,1.0,216.4705882352941,0.0,6.956521739130435,14.782608695652174,78.26086956521739,0.0,100.0
9,2.0,4,0,420.0,280.0,140.0,280.0,1.0,,,,,1000.0,0,5,51,51032,N'Grakon,5,RESTORE,4,1.0,,,,,0,4,5,,,,,,,,,,1,,,,,,,,,,0.0,,,,,5,0,0,0,0,0,1,0,0,0,1,1,0,1,0,1,1,1,48.0,,1.0,210.0,0.0,0.0,0.0,100.0,0.0,100.0
8,3.0,2,0,525.0,455.0,70.0,455.0,1.0,,,,,1000.0,1,5,51,51032,N'Grakon,5,RESTORE,0,1.0,,,,,0,3,4,,,,,,,,,,2,,,,,,,,,,0.0,,,,,3,0,1,0,1,0,1,0,0,0,1,1,0,1,0,1,1,1,35.0,1.0,0.0,175.0,30.0,70.0,0.0,0.0,0.0,100.0
3,1.0,4,5,270.0,135.0,45.0,135.0,4.0,,,,,1444.4444580078125,1,5,51,51035,Niablé,5,RESTORE,4,1.0,,,,,1,8,2,,,,,1.0,,,,,1,,,,,,,,,,2.0,,,,,7,0,0,1,0,0,0,0,1,1,1,1,1,1,1,1,1,0,39.0,3.0,1.0,270.0,0.0,30.0,0.0,70.0,0.0,100.0
5,12.0,6,0,300.0,300.0,0.0,300.0,2.0,,,,,850.0,0,5,51,51035,Niablé,5,RESTORE,4,1.0,,,,,1,8,5,5,,,,1.0,1.0,1.0,,,1,1.0,1.0,,,,,,,,0.0,0.0,0.0,,,1,0,1,0,0,0,0,0,1,1,1,1,1,1,1,1,1,1,53.0,1.0,1.0,25.0,42.22222222222222,0.0,0.0,57.77777777777777,0.0,100.0
4,5.0,2,0,360.0,320.0,40.0,320.0,3.0,,,,,1000.0,0,5,51,51035,Niablé,5,RESTORE,4,1.0,,,,,1,5,5,,,,,,,,,,1,,,,,,,,,,0.0,,,,,7,1,1,0,0,1,0,0,1,0,1,0,0,1,0,1,1,1,61.0,1.0,1.0,72.0,0.0,100.0,0.0,0.0,0.0,100.0
3,6.0,5,0,2400.0,2000.0,400.0,2000.0,2.0,,,,,1000.0,0,5,51,51035,Niablé,5,RESTORE,4,1.0,,,,,1,5,5,,,,,10.0,,,,,1,,,,,,,,,,0.0,,,,,4,1,1,1,0,1,1,0,1,1,1,0,0,1,0,1,1,1,64.0,1.0,1.0,400.0,5.0,15.0,30.0,50.0,0.0,100.0
6,10.0,6,0,1360.0,800.0,560.0,800.0,3.0,,,,,1000.0,0,5,51,51035,Niablé,5,RESTORE,4,1.0,,,,,1,9,5,,,,,1.0,,,,,1,,,,,,,,,,0.0,,,,,7,0,1,0,1,1,1,0,1,1,0,0,1,1,1,1,1,1,83.0,,1.0,136.0,5.0,25.0,25.0,40.0,5.0,100.0
6,4.0,4,0,892.5,680.0,212.5,680.0,2.0,,,,,900.0,0,5,51,51035,Niablé,5,RESTORE,1,2.0,,,,,0,5,5,,,,,1.0,1.0,1.0,1.0,,4,1.0,4.0,4.0,,,97,97,97,,3.0,0.0,3.0,0.0,,7,0,0,0,1,0,0,0,1,1,1,1,1,1,0,1,1,1,38.0,1.0,1.0,223.125,2.0,25.0,73.0,0.0,0.0,100.0
6,4.5,5,0,1160.0,800.0,360.0,800.0,1.0,,,,,1000.0,0,5,51,51035,Niablé,5,RESTORE,4,1.0,,,,,0,5,5,5,,,,1.0,1.0,,,,1,1.0,,,,,,,,,0.0,0.0,,,,2,0,0,0,1,1,0,1,1,1,1,1,1,1,0,1,1,1,59.0,3.0,1.0,257.77777777777777,16.79245283018868,11.320754716981133,22.641509433962266,49.24528301886792,0.0,100.0
4,17.0,5,13,3200.0,2400.0,800.0,2400.0,2.0,,,,,12.5,0,5,51,51035,Niablé,5,RESTORE,4,1.0,,,,,0,5,5 97,,,,,1.0,,,,,1,,,,,1,,,,,0.0,,,,,3,1,0,0,0,0,0,0,0,1,1,0,0,1,0,0,1,1,56.0,3.0,1.0,188.23529411764707,0.0,10.0,40.0,50.0,0.0,100.0
9,11.0,6,13,7040.0,6640.0,400.0,6640.0,,,,,,12.5,0,5,51,51035,Niablé,5,RESTORE,4,1.0,,,,,0,5,5,,,,,,,,,,1,,,,,,,,,,2.0,,,,,0,0,0,0,0,0,0,0,0,0,1,1,1,0,1,1,1,1,72.0,1.0,1.0,640.0,0.0,50.0,30.0,10.0,10.0,100.0
4,7.0,6,13,900.0,600.0,300.0,600.0,3.0,,,,,13.333333015441896,0,5,51,51035,Niablé,5,RESTORE,4,1.0,,,,,0,5,2 5,2 5,2 5,,,1.0,,,,,1,1.0,1.0,,,1,,,,,0.0,0.0,0.0,,,1,1,0,0,1,1,1,1,1,1,1,1,1,1,0,1,1,1,59.0,5.0,1.0,128.57142857142858,16.923076923076923,34.61538461538461,23.076923076923077,25.384615384615383,0.0,100.0
6,6.0,6,0,660.0,540.0,120.0,540.0,1.0,,,,,1000.0,0,5,51,51035,Niablé,5,RESTORE,4,1.0,,,,,0,4,5,5,,,,1.0,1.0,,,,1,1.0,,,,,,,,,0.0,0.0,,,,3,0,0,0,1,0,0,0,1,1,1,1,1,1,0,1,1,1,48.0,5.0,0.0,110.0,2.7777777777777777,0.5555555555555556,0.0,44.44444444444444,52.22222222222223,100.0
7,2.0,2,0,771.0,671.0,100.0,,1.0,,,,,,0,5,51,51035,Niablé,5,RESTORE,4,1.0,,,,,0,3,5,,,,,9.0,,,,,1,,,,,,,,,,0.0,,,,,3,0,0,0,1,0,1,1,0,1,0,1,1,1,0,1,1,1,41.0,1.0,1.0,385.5,25.0,75.0,0.0,0.0,0.0,100.0
3,5.0,5,0,1125.0,825.0,300.0,825.0,4.0,,,,,13.333333015441896,0,5,51,51035,Niablé,5,RESTORE,4,1.0,,,,,0,3,5,,,,,1.0,,,,,1,,,,,,,,,,0.0,,,,,4,0,0,0,1,1,1,1,0,1,1,0,1,1,0,1,1,1,52.0,7.0,1.0,225.0,10.0,20.0,40.0,30.0,0.0,100.0
10,12.0,6,0,480.0,400.0,80.0,400.0,3.0,,,,,12.5,0,5,51,51035,Niablé,5,RESTORE,4,1.0,,,,,0,5,5 97,,,,,1.0,1.0,,,,1,1.0,,,,,,,,,2.0,0.0,,,,10,0,1,0,1,1,1,1,1,1,1,1,1,1,0,1,1,1,52.0,1.0,1.0,40.0,0.0,25.0,25.0,45.0,5.0,100.0
1,5.0,4,13,765.0,595.0,170.0,595.0,3.0,,,,,11.764705657958984,0,5,51,51035,Niablé,5,RESTORE,4,1.0,,,,,0,5,2 5,,,,,1.0,1.0,,,,1,1.0,,,,,97,,,,2.0,2.0,,,,1,0,0,0,0,1,1,1,1,1,1,1,0,1,0,1,1,1,51.0,5.0,1.0,153.0,5.0,40.0,55.00000000000001,0.0,0.0,100.0
12,9.5,3,0,2284.0,2000.0,284.0,,1.0,,,,,,0,4,41,41032,OLODIO,4,RESTORE,0,2.0,,,,,0,3,5,5,5,,,8.0,8.0,8.0,8.0,4.0,4,4.0,4.0,4.0,4.0,,,,,,2.0,0.0,0.0,0.0,2.0,2,1,0,1,1,1,1,1,0,1,1,1,0,1,0,1,1,1,40.0,,0.0,240.42105263157896,28.57142857142857,21.428571428571427,50.0,0.0,0.0,100.0
2,0.0,3,0,2500.0,1500.0,1000.0,,97.0,,,,,,1,4,41,41032,OLODIO,4,RESTORE,0,2.0,,,,,0,5,5,5,5,,,8.0,,,,,1,2.0,2.0,,,,,1,,,0.0,0.0,0.0,,,2,1,0,1,1,1,1,1,1,1,1,0,0,1,1,1,1,1,32.0,3.0,0.0,,6.666666666666667,40.55555555555556,52.77777777777778,0.0,0.0,100.0
9,0.0,3,0,3500.0,2000.0,1500.0,,97.0,,,,,,1,4,41,41032,OLODIO,4,RESTORE,97,2.0,,,,,0,5,5,5,5,5,,6.0,8.0,8.0,,,1,1.0,1.0,2.0,,,97,97,11,,0.0,0.0,0.0,0.0,,1,0,0,0,1,1,1,1,1,1,1,1,1,1,0,1,1,1,40.0,,0.0,,24.271844660194176,12.62135922330097,63.10679611650486,0.0,0.0,100.0
8,4.0,3,0,1500.0,1000.0,500.0,,1.0,,,,,,0,4,41,41032,OLODIO,4,RESTORE,0,2.0,,,,,0,6,97,,,,,8.0,8.0,,,,4,4.0,,,,,97,,,,0.0,2.0,,,,2,1,0,1,1,1,1,1,0,1,1,1,1,1,1,1,1,1,40.0,,0.0,375.0,1.0,5.0,94.0,0.0,0.0,100.0
7,11.5,3,0,2500.0,1500.0,1000.0,,2.0,,,,,,0,4,41,41032,OLODIO,4,RESTORE,3,2.0,,,,,0,5,5,5,5,5,5.0,6.0,6.0,8.0,2.0,2.0,4,4.0,4.0,1.0,1.0,2,,1 2,2,2 3,2.0,0.0,3.0,3.0,3.0,2,0,0,0,0,0,1,0,1,1,1,1,1,1,1,1,1,1,26.0,,0.0,217.3913043478261,38.17567567567568,44.932432432432435,16.89189189189189,0.0,0.0,100.0
7,4.0,3,10,2700.0,1900.0,800.0,,,,,,,,0,4,41,41032,OLODIO,4,RESTORE,0,2.0,,,,,0,5,5,5,,,,8.0,8.0,,,,4,4.0,,,,,,,,,0.0,0.0,,,,0,0,0,0,1,1,1,0,1,1,1,1,0,0,1,1,1,1,45.0,,0.0,675.0,0.0,0.0,100.0,0.0,0.0,100.0
8,10.5,2,0,3500.0,2000.0,1500.0,,1.0,,,,,,0,4,41,41032,OLODIO,4,RESTORE,0,2.0,,,,,0,6,5,5,5,5,5.0,8.0,8.0,4.0,4.0,4.0,4,4.0,4.0,4.0,1.0,,,,,,0.0,0.0,0.0,0.0,2.0,6,1,0,1,1,1,1,1,0,1,1,1,1,1,1,1,1,1,37.0,,0.0,333.3333333333333,57.14285714285714,42.857142857142854,0.0,0.0,0.0,100.0
6,2.5,2,0,2600.0,2000.0,600.0,,1.0,,,,,,0,4,41,41032,OLODIO,4,RESTORE,0,2.0,,,,,0,3,5,,,,,8.0,,,,,4,,,,,,,,,,0.0,,,,,3,1,0,1,1,1,1,0,1,1,1,1,0,1,1,1,1,1,43.0,,0.0,1040.0,0.0,100.0,0.0,0.0,0.0,100.0
5,11.0,2,0,3000.0,2000.0,1000.0,,2.0,,,,,,0,4,41,41032,OLODIO,4,RESTORE,0,2.0,,,,,0,5,5,5,5,,,8.0,2.0,2.0,,,1,1.0,1.0,,,2,2,2,,,2.0,2.0,3.0,,,1,1,0,0,1,1,1,0,1,1,1,1,0,1,1,0,1,1,35.0,,0.0,272.72727272727275,70.0,30.0,0.0,0.0,0.0,100.0
6,5.0,3,0,2450.0,1800.0,650.0,,1.0,,,,,,0,4,41,41032,OLODIO,4,RESTORE,0,2.0,,,,,0,7,5,5,,,,8.0,8.0,8.0,,,4,4.0,4.0,,,,3,97,,,0.0,0.0,0.0,,,2,1,0,1,1,1,1,0,1,1,1,1,0,1,1,1,1,1,41.0,,0.0,490.0,0.0,20.0,80.0,0.0,0.0,100.0
13,4.0,3,10,4500.0,3000.0,1500.0,,2.0,,,,,,0,4,41,41032,OLODIO,4,RESTORE,0,2.0,,,,,0,5,5,,,,,2.0,,,,,2,,,,,,,,,,0.0,,,,,3,0,0,1,1,1,1,0,1,1,1,1,0,1,1,1,1,1,42.0,,0.0,1125.0,0.0,0.0,100.0,0.0,0.0,100.0
4,10.0,3,0,5500.0,3000.0,2500.0,,,,,,,,1,4,41,41022,PARA,4,RESTORE,0,2.0,,,,,0,6,4 5,,,,,4.0,4.0,,,,4,4.0,,,,,97,,,,0.0,3.0,,,,0,1,0,1,1,1,1,1,1,1,0,1,0,0,1,1,1,1,42.0,5.0,1.0,550.0,0.0,100.0,0.0,0.0,0.0,100.0
8,6.0,6,0,2090.0,1330.0,760.0,1330.0,2.0,,,,,1000.0,0,4,41,41022,PARA,4,RESTORE,4,3.0,,,,,0,5,3,,,,,10.0,,,,,4,,,,,,,,,,0.0,,,,,3,1,0,1,1,1,1,1,0,1,1,1,1,1,0,1,1,1,56.0,3.0,0.0,348.3333333333333,0.0,0.0,0.0,50.0,50.0,100.0
12,16.600000381469727,6,0,4860.0,3150.0,1710.0,3150.0,2.0,,,,,1000.0,0,4,41,41022,PARA,4,RESTORE,0,2.0,,,,,0,4,2 3,2 3,,,,10.0,10.0,10.0,10.0,,4,4.0,4.0,4.0,,,,97,97,,0.0,0.0,0.0,3.0,,4,1,0,0,1,1,1,1,0,1,1,1,1,1,1,1,1,1,47.0,,0.0,292.7710776094396,0.0,0.0,0.0,40.30612244897959,59.693877551020414,100.0
5,3.0,3,0,6480.0,4320.0,2160.0,4320.0,,,,,,1000.0,0,4,41,41023,PETIEGRABO,4,RESTORE,0,1.0,,,,,0,6,5,,,,,11.0,,,,,4,,,,,,,,,,0.0,,,,,0,0,0,0,1,0,1,1,0,1,1,1,1,0,1,1,1,1,33.0,,0.0,2160.0,10.0,40.0,50.0,0.0,0.0,100.0
5,4.0,3,0,1800.0,1200.0,600.0,,1.0,,,,,,0,4,41,41023,PETIEGRABO,4,RESTORE,0,1.0,,,,,0,5,5,,,,,4.0,,,,,4,4.0,,,,,97,,,,0.0,3.0,,,,6,1,0,1,1,0,1,1,1,1,0,1,1,1,1,1,1,1,49.0,,0.0,450.0,0.0,0.0,100.0,0.0,0.0,100.0
12,21.0,6,0,4275.0,2850.0,1425.0,2850.0,2.0,,,,,850.0,0,4,41,41023,PETIEGRABO,4,RESTORE,0,2.0,,,,,0,4,3,3,3,,,8.0,8.0,8.0,8.0,8.0,4,4.0,4.0,4.0,4.0,,,,97,97,0.0,0.0,0.0,0.0,3.0,3,1,1,1,1,1,1,1,0,1,0,1,0,1,1,1,1,1,40.0,,0.0,203.57142857142856,0.0,0.0,0.0,100.0,0.0,100.0
4,3.0,4,0,4800.0,3600.0,1200.0,3600.0,2.0,,,,,1000.0,0,4,41,41023,PETIEGRABO,4,RESTORE,0,1.0,,,,,0,5,5,,,,,10.0,,,,,4,,,,,,,,,,3.0,,,,,3,0,0,1,1,1,1,1,0,1,1,1,0,1,1,1,1,1,30.0,,0.0,1600.0,0.0,20.0,50.0,30.0,0.0,100.0
6,3.5,3,97,1020.0,840.0,180.0,840.0,2.0,,,,,1000.0,1,4,41,41023,PETIEGRABO,4,RESTORE,0,2.0,,,,,0,7,5,,,,,8.0,8.0,,,,4,4.0,,,,,,,,,3.0,0.0,,,,2,1,0,1,1,0,0,1,0,1,1,1,1,1,1,1,1,1,41.0,,0.0,291.42857142857144,5.0,20.0,75.0,0.0,0.0,100.0
8,5.0,4,0,2600.0,1950.0,650.0,1950.0,2.0,,,,,1000.0,1,4,41,41023,PETIEGRABO,4,RESTORE,0,2.0,,,,,0,7,5,,,,,97.0,8.0,,,,4,4.0,,,,,,,,,0.0,0.0,,,,2,1,0,0,1,1,0,1,1,1,1,1,1,1,1,1,1,1,33.0,,0.0,520.0,15.0,30.0,55.00000000000001,0.0,0.0,100.0
11,10.0,4,0,880.0,560.0,320.0,560.0,2.0,,,,,1000.0,0,4,41,41023,PETIEGRABO,4,RESTORE,0,2.0,,,,,0,4,5,,,,,8.0,8.0,8.0,,,4,4.0,4.0,,,,97,97,,,0.0,0.0,3.0,,,3,0,0,0,1,0,1,1,0,1,1,1,0,1,1,1,1,1,47.0,,0.0,88.0,0.0,0.0,0.0,100.0,0.0,100.0
8,20.0,6,0,3500.0,2730.0,770.0,2730.0,2.0,,,,,1000.0,0,4,41,41023,PETIEGRABO,4,RESTORE,0,2.0,,,,,0,4,5,,,,,8.0,8.0,8.0,8.0,,4,4.0,4.0,4.0,,,97,97,97,,0.0,0.0,0.0,3.0,,3,0,0,1,1,0,1,1,1,1,1,1,1,1,1,1,1,1,45.0,,0.0,175.0,1.0,5.0,5.0,0.0,89.0,100.0
9,8.0,6,0,960.0,800.0,160.0,800.0,2.0,,,,,1000.0,0,4,41,41023,PETIEGRABO,4,RESTORE,0,2.0,,,,,0,3,5,,,,,8.0,8.0,8.0,,,4,4.0,4.0,,,,97,97,,,0.0,0.0,3.0,,,2,1,0,0,1,1,1,1,0,1,1,1,1,1,1,1,1,1,62.0,,0.0,120.0,1.0,8.0,10.0,0.0,81.0,100.0
4,4.0,5,10 11,500.0,400.0,100.0,,2.0,,,,,,1,4,41,41023,PETIEGRABO,4,RESTORE,2,1.0,,,,,0,3,5,,,,,1.0,1.0,1.0,,,1,1.0,1.0,,,,97,,,,3.0,3.0,3.0,,,8,1,1,1,1,0,1,1,0,1,1,1,1,1,0,1,1,1,55.0,3.0,1.0,125.0,0.0,0.0,50.0,50.0,0.0,100.0
4,7.5,3,0,2000.0,1400.0,600.0,,2.0,,,,,,1,4,41,41023,PETIEGRABO,4,RESTORE,0,2.0,,,,,0,5,5,,,,,6.0,8.0,4.0,,,4,4.0,4.0,4.0,,,97,97,97,,3.0,3.0,3.0,2.0,,3,1,1,1,1,1,1,1,1,1,1,1,1,1,1,1,1,1,28.0,,0.0,266.6666666666667,0.0,25.0,75.0,0.0,0.0,100.0
6,12.0,6,0,2000.0,1300.0,700.0,,1.0,,,,,,0,4,41,41023,PETIEGRABO,4,RESTORE,0,1.0,,,,,0,4,5,5,,,,6.0,6.0,,,,4,4.0,4.0,,,,97,97,,,3.0,0.0,3.0,,,4,1,0,1,1,0,1,1,1,1,1,1,1,1,1,1,1,1,50.0,,0.0,166.66666666666666,0.0,4.655172413793104,26.379310344827587,68.96551724137932,0.0,100.0
7,11.0,6,97,2280.0,1440.0,840.0,240.0,2.0,,,,,1000.0,1,4,41,41023,PETIEGRABO,4,RESTORE,0,1.0,,,,,0,8,5,5,,,,8.0,8.0,8.0,8.0,,4,1.0,4.0,4.0,,,,,,,0.0,0.0,0.0,0.0,,5,0,0,1,1,1,1,1,0,1,1,1,0,1,1,1,1,1,52.0,2.0,0.0,207.27272727272728,12.5,25.0,55.00000000000001,7.5,0.0,100.0
8,11.0,6,0,3230.0,2550.0,680.0,2550.0,2.0,,,,,800.0,0,4,41,41023,PETIEGRABO,4,RESTORE,0,1.0,,,,,0,3,4,,,,,8.0,8.0,8.0,,,4,4.0,4.0,,,,97,97,,,0.0,0.0,3.0,,,4,1,0,1,1,0,1,1,0,1,1,1,1,1,1,1,1,1,50.0,,0.0,293.6363636363636,2.0,10.0,0.0,88.0,0.0,100.0
8,10.5,6,0,880.0,560.0,320.0,560.0,2.0,,,,,1000.0,0,4,41,41023,PETIEGRABO,4,RESTORE,0,2.0,,,,,0,8,5,,,,,10.0,10.0,10.0,10.0,,4,4.0,4.0,4.0,,,97,97,97,,0.0,0.0,0.0,0.0,,1,1,0,1,1,1,1,1,0,1,1,1,0,1,1,1,1,1,41.0,,0.0,83.80952380952381,0.0,0.0,0.0,100.0,0.0,100.0
7,0.0,6,6,280.0,210.0,70.0,210.0,1.0,,,,,1000.0,0,5,51,51033,Satikran,5,RESTORE,4,1.0,,,,,1,3,5,,,,,,,,,,1,,,,,,,,,,0.0,,,,,4,0,0,0,0,0,0,0,1,0,1,1,1,1,1,1,1,1,64.0,,1.0,,15.0,10.0,20.0,15.0,40.0,100.0
5,4.5,5,1,260.0,210.0,50.0,,6.0,,,,,,0,5,51,51033,Satikran,5,RESTORE,4,1.0,,,,,1,5,5,,,,,10.0,10.0,,,,1,1.0,,,,,1,,,,2.0,2.0,,,,2,0,1,1,0,0,0,0,1,1,1,1,1,1,0,1,1,1,60.0,,1.0,57.77777777777778,80.0,0.0,20.0,0.0,0.0,100.0
4,12.5,6,1,2450.0,1820.0,630.0,1820.0,2.0,,,,,1000.0,0,5,51,51033,Satikran,5,RESTORE,4,1.0,,,,,1,7,5,5,,,,1.0,1.0,1.0,1.0,1.0,1,1.0,1.0,1.0,1.0,2,,,,,2.0,2.0,2.0,2.0,2.0,16,1,0,0,1,0,1,1,0,1,1,1,0,1,1,1,1,1,64.0,1.0,1.0,196.0,0.0,0.0,10.0,90.0,0.0,100.0
4,2.0,4,97,175.0,105.0,70.0,105.0,6.0,,,,,14.285714149475098,0,5,51,51033,Satikran,5,RESTORE,4,1.0,,,,,1,5,5,,,,,9.0,,,,,1,,,,,,,,,,2.0,,,,,1,0,1,1,0,0,0,0,1,1,1,1,0,1,0,1,1,1,49.0,1.0,1.0,87.5,0.0,0.0,100.0,0.0,0.0,100.0
1,13.0,5,0,8.0,5.0,3.0,,2.0,,,,,,0,5,51,51033,Satikran,5,RESTORE,4,1.0,,,,,1,3,5,,,,,1.0,1.0,1.0,10.0,,1,1.0,1.0,1.0,,10,,,3 5,,2.0,2.0,2.0,2.0,,7,0,0,0,0,0,0,0,0,1,1,1,0,1,0,1,1,1,59.0,,1.0,0.6153846153846154,0.0,0.0,65.0,35.0,0.0,100.0
5,3.799999952316284,3,6,663.0,580.0,83.0,,2.0,,,,,,0,5,51,51033,Satikran,5,RESTORE,4,1.0,,,,,0,5,4,,,,,10.0,,,,,1,,,,,,,,,,0.0,,,,,6,0,0,0,0,0,0,1,0,1,1,1,0,1,1,1,1,1,56.0,3.0,1.0,174.47368639988255,0.0,0.0,100.0,0.0,0.0,100.0
10,2.0,6,0,420.0,280.0,140.0,280.0,1.0,,,,,1000.0,0,5,51,51033,Satikran,5,RESTORE,4,3.0,,,,,0,5,5,,,,,1.0,1.0,1.0,,,1,1.0,1.0,,,,97,97,,,0.0,0.0,0.0,,,3,0,0,0,0,0,1,1,1,1,1,0,1,1,0,1,1,1,57.0,1.0,1.0,210.0,20.0,40.0,20.0,20.0,0.0,100.0
9,1.0,2,0,175.0,140.0,35.0,140.0,1.0,,,,,1000.0,0,5,51,51033,Satikran,5,RESTORE,4,1.0,,,,,0,5,4,,,,,1.0,1.0,,,,1,1.0,,,,,97,,,,0.0,0.0,,,,8,1,0,1,1,0,1,1,0,1,1,1,0,1,1,1,1,1,50.0,3.0,1.0,175.0,20.0,80.0,0.0,0.0,0.0,100.0
6,4.0,5,0,700.0,500.0,200.0,500.0,2.0,,,,,1000.0,0,5,51,51033,Satikran,5,RESTORE,0,2.0,,,,,0,5,5,,,,,10.0,10.0,,,,4,4.0,,,,5,9,,,,2.0,2.0,,,,3,1,0,0,1,1,1,1,0,1,1,1,1,1,0,0,1,1,36.0,1.0,1.0,175.0,20.0,0.0,50.0,30.0,0.0,100.0
5,6.0,6,0,700.0,560.0,140.0,560.0,1.0,,,,,900.0,1,5,51,51033,Satikran,5,RESTORE,4,1.0,,,,,0,2,5,,,,,,,,,,1,,,,,,,,,,2.0,,,,,10,1,0,0,1,1,0,0,0,0,1,1,0,1,1,1,1,1,45.0,1.0,1.0,116.66666666666669,30.0,20.0,30.0,10.0,10.0,100.0
2,0.5,5,13,125.0,100.0,25.0,100.0,2.0,,,,,1000.0,0,5,51,51033,Satikran,5,RESTORE,4,1.0,,,,,0,5,4,,,,,10.0,,,,,1,,,,,,,,,,0.0,,,,,3,0,0,0,0,0,1,1,0,1,1,1,0,1,1,1,1,0,65.0,6.0,1.0,250.0,0.0,30.0,70.0,0.0,0.0,100.0
6,0.0,5,0,500.0,380.0,120.0,,1.0,,,,,,0,5,51,51033,Satikran,5,RESTORE,4,1.0,,,,,0,5,5 97,5,,,,,,,,,1,1.0,,,,,5,,,,0.0,2.0,,,,4,0,0,0,0,0,1,0,1,0,1,1,1,1,0,1,1,1,58.0,3.0,1.0,,12.5,0.0,22.5,65.0,0.0,100.0
5,0.0,6,0,210.0,140.0,70.0,140.0,,,,,,800.0,1,5,51,51033,Satikran,5,RESTORE,4,1.0,,,,,0,5,5,,,,,,,,,,1,,,,,,,,,,0.0,,,,,0,0,0,0,0,0,1,0,1,0,0,1,1,0,1,1,1,1,68.0,3.0,1.0,,25.0,0.0,0.0,30.0,45.0,100.0
11,4.5,4,6,525.0,420.0,105.0,420.0,2.0,,,,,900.0,0,5,51,51033,Satikran,5,RESTORE,3,3.0,,,,,0,2,5,,,5,,2.0,4.0,2.0,2.0,,1,1.0,2.0,1.0,,,97,97,97,,2.0,0.0,0.0,0.0,,1,0,0,0,0,1,1,0,0,1,1,1,1,1,1,1,1,1,37.0,,1.0,116.66666666666669,0.0,0.0,0.0,0.0,0.0,0.0
9,5.0,4,7,630.0,490.0,140.0,490.0,1.0,,,,,850.0,0,5,51,51033,Satikran,5,RESTORE,1,2.0,,,,,0,5,5,,,,,10.0,10.0,,,,1,1.0,,,,,97,,,,0.0,0.0,,,,1,0,0,1,1,0,0,1,0,1,1,1,1,1,1,1,1,1,63.0,,1.0,126.0,20.0,20.0,60.0,0.0,0.0,100.0
7,16.0,6,0,720.0,400.0,320.0,400.0,,,,,,1000.0,0,4,41,41030,SOTO,4,RESTORE,0,2.0,,,,,0,5,2 5,,,,,8.0,8.0,8.0,,,4,4.0,4.0,,,,,,,,0.0,0.0,0.0,,,0,1,0,1,1,1,1,0,1,1,1,1,1,0,1,1,1,1,58.0,1.0,0.0,45.0,10.0,20.0,40.0,30.0,0.0,100.0
6,10.0,6,0,240.0,160.0,80.0,160.0,2.0,,,,,1000.0,0,4,41,41030,SOTO,4,RESTORE,0,2.0,,,,,0,10,5,,,,,8.0,10.0,,,,4,4.0,,,,,,,,,0.0,0.0,,,,1,0,0,0,0,0,0,0,1,1,1,1,1,1,0,0,1,1,48.0,,0.0,24.0,5.0,45.0,45.0,5.0,0.0,100.0
6,3.0,3,0,1200.0,720.0,480.0,720.0,,,,,,1000.0,0,4,41,41030,SOTO,4,RESTORE,0,2.0,,,,,0,5,5,,,,,8.0,,,,,4,,,,,97,,,,,0.0,,,,,0,1,0,1,1,0,1,0,0,1,1,1,1,0,1,0,1,1,36.0,,0.0,400.0,20.0,70.0,10.0,0.0,0.0,100.0
9,8.0,6,0,1190.0,840.0,350.0,840.0,2.0,,,,,1000.0,0,4,41,41030,SOTO,4,RESTORE,3,2.0,,,,,0,4,5,5,,,,8.0,8.0,,,,4,4.0,,,,,,,,,2.0,2.0,,,,4,1,0,1,1,1,1,0,0,1,1,1,1,1,1,1,1,1,56.0,,0.0,148.75,0.0,0.0,3.5999999999999996,56.39999999999999,40.0,100.0
7,6.0,6,0,420.0,280.0,140.0,280.0,2.0,,,,,1000.0,0,4,41,41030,SOTO,4,RESTORE,3,2.0,,,,,0,4,4,,,,,8.0,,,,,4,4.0,,,,,97,,,,0.0,2.0,,,,4,0,0,1,1,1,1,0,0,1,1,1,1,1,0,1,1,1,57.0,,0.0,70.0,14.000000000000002,0.0,28.000000000000004,57.99999999999999,0.0,100.0
9,0.0,6,0,800.0,500.0,300.0,,6.0,,,,,,1,4,41,41030,SOTO,4,RESTORE,3,2.0,,,,,0,5,5,,,,,,8.0,,,,4,4.0,,,,,,,,,2.0,2.0,,,,3,1,0,1,1,0,1,0,1,1,1,1,0,1,0,1,1,1,42.0,,0.0,,0.0,0.0,20.0,80.0,0.0,100.0
9,0.0,6,7,3000.0,2500.0,500.0,,1.0,,,,,,1,4,41,41030,SOTO,4,RESTORE,3,2.0,,,,,0,4,5,,,,,6.0,6.0,,,,4,4.0,,,,,,,,,2.0,2.0,,,,2,1,0,1,1,0,1,0,1,1,1,1,0,1,1,1,1,1,58.0,,0.0,,15.0,0.0,0.0,0.0,85.0,100.0
5,3.0,6,1,440.0,300.0,140.0,,6.0,,,,,,0,5,51,51039,Soukoussoukou,5,RESTORE,1,2.0,,,,,1,5,4,4,,,,4.0,10.0,,,,1,1.0,,,,,,,,,2.0,0.0,,,,4,0,0,0,1,0,0,0,1,1,0,1,0,1,1,1,1,1,62.0,2.0,1.0,146.66666666666666,0.0,6.666666666666667,60.0,33.33333333333333,0.0,100.0
7,2.5,4,13,1520.0,1360.0,160.0,1360.0,1.0,,,,,1000.0,0,5,51,51039,Soukoussoukou,5,RESTORE,4,1.0,,,,,1,5,4 5,,,,,,,,,,1,,,,,,,,,,0.0,,,,,4,0,1,0,1,0,1,0,0,0,0,1,0,1,0,1,1,1,43.0,1.0,0.0,608.0,0.0,30.0,70.0,0.0,0.0,100.0
6,3.5,3,6,1050.0,770.0,280.0,770.0,6.0,,,,,1000.0,0,5,51,51039,Soukoussoukou,5,RESTORE,1,2.0,,,,,1,5,4,,,,,11.0,,,,,1,,,,,,,,,,2.0,,,,,2,0,0,0,0,0,0,0,0,1,0,0,0,1,0,1,1,1,41.0,,0.0,300.0,0.0,0.0,100.0,0.0,0.0,100.0
15,5.0,6,13,910.0,700.0,210.0,700.0,,,,,,875.0,0,5,51,51039,Soukoussoukou,5,RESTORE,4,1.0,,,,,0,5,5,5,,,,,,,,,1,1.0,,,,,,,,,0.0,0.0,,,,0,0,0,1,1,1,1,0,0,0,1,1,0,0,0,1,1,1,78.0,3.0,1.0,182.0,7.878787878787878,9.848484848484848,33.78787878787879,48.484848484848484,0.0,100.0
3,4.0,3,9,1640.0,1280.0,360.0,1280.0,97.0,,,,,1000.0,1,5,51,51039,Soukoussoukou,5,RESTORE,3,1.0,,,,,1,6,5,,,,,,,,,,2,1.0,,,,1 11,8,,,,2.0,0.0,,,,6,0,0,0,0,0,1,0,0,0,1,0,0,1,0,0,1,1,41.0,,0.0,410.0,0.0,70.0,30.0,0.0,0.0,100.0
12,7.0,4,6,2300.0,1800.0,500.0,1800.0,1.0,,,,,1000.0,0,5,51,51039,Soukoussoukou,5,RESTORE,4,1.0,,,,,0,10,3 4 5,5,5,,,9.0,,5.0,10.0,,1,1.0,1.0,1.0,,,,,,,0.0,0.0,0.0,0.0,,3,1,1,0,1,0,1,0,0,1,0,1,0,1,1,1,1,1,43.0,1.0,0.0,328.57142857142856,5.0,80.0,15.0,0.0,0.0,100.0
12,8.0,6,6,630.0,490.0,140.0,490.0,1.0,,,,,1000.0,0,5,51,51039,Soukoussoukou,5,RESTORE,0,2.0,,,,,0,5,3 4,4 5,4 5,,,10.0,2.0,10.0,10.0,,1,1.0,1.0,1.0,,,,,97,,0.0,2.0,0.0,0.0,,0,0,1,0,0,0,0,0,0,1,1,1,1,1,1,1,1,1,52.0,1.0,0.0,78.75,0.0,32.142857142857146,14.285714285714285,32.142857142857146,21.428571428571427,100.00000000000001
15,17.0,6,13,2030.0,1540.0,490.0,1540.0,1.0,,,,,900.0,0,5,51,51039,Soukoussoukou,5,RESTORE,4,1.0,,,,,0,5,4 5,4 5,4 5,,,9.0,9.0,9.0,9.0,,1,1.0,1.0,1.0,,,2,11,97,,2.0,0.0,2.0,2.0,,2,0,0,1,1,1,0,0,1,1,1,1,0,1,0,1,1,1,78.0,3.0,0.0,119.41176470588236,87.5,2.6785714285714284,5.357142857142857,0.0,4.464285714285714,100.0
3,6.5,4,0,1560.0,1500.0,60.0,,1.0,,,,,,0,5,51,51039,Soukoussoukou,5,RESTORE,0,2.0,,,,,0,6,5,5,,,,10.0,10.0,,,,4,4.0,2.0,4.0,,,,97,97,,0.0,0.0,0.0,2.0,,5,0,1,0,1,1,0,0,1,1,1,1,1,1,0,1,1,1,36.0,1.0,1.0,240.0,10.909090909090908,16.363636363636363,72.72727272727273,0.0,0.0,100.0
4,9.0,4,0,480.0,360.0,120.0,360.0,1.0,,,,,800.0,0,5,51,51039,Soukoussoukou,5,RESTORE,4,1.0,,,,,0,1,3 4,3 4,,,,10.0,10.0,10.0,10.0,,1,1.0,1.0,1.0,,,,97,97,,2.0,0.0,0.0,0.0,,3,0,0,0,1,0,1,1,1,1,0,1,1,1,1,1,1,1,46.0,,0.0,53.333333333333336,18.333333333333332,51.66666666666667,11.666666666666666,18.333333333333332,0.0,100.0
7,3.0,4,0,350.0,280.0,70.0,280.0,1.0,,,,,1000.0,1,5,51,51039,Soukoussoukou,5,RESTORE,97,2.0,,,,,0,6,5,,,,,,,,,,2,,,,,11,,,,,2.0,,,,,3,0,0,0,0,0,0,0,1,0,0,1,1,1,1,0,1,1,46.0,,0.0,116.66666666666669,30.0,15.0,35.0,20.0,0.0,100.0
7,7.5,6,13,980.0,700.0,280.0,700.0,1.0,,,,,900.0,1,5,51,51039,Soukoussoukou,5,RESTORE,4,1.0,,,,,0,6,5,5,,,,,,,,,1,1.0,,,,,,,,,0.0,0.0,,,,5,0,0,0,1,0,1,0,0,0,0,1,0,1,0,1,1,1,54.0,,1.0,130.66666666666666,16.0,0.0,20.0,64.0,0.0,100.0
8,4.0,3,1,1050.0,840.0,210.0,840.0,6.0,,,,,1000.0,0,5,51,51039,Soukoussoukou,5,RESTORE,4,1.0,,,,,0,3,4,,,,,9.0,9.0,,,,1,1.0,,,,,1 9,,,,2.0,2.0,,,,4,0,0,0,1,0,1,1,1,1,0,1,0,1,0,1,1,1,26.0,,1.0,262.5,5.0,0.0,95.0,0.0,0.0,100.0
4,2.0,6,7,720.0,540.0,180.0,540.0,1.0,,,,,1000.0,0,5,51,51039,Soukoussoukou,5,RESTORE,0,2.0,,,,,0,5,4 5,,,,,,,,,,4,,,,,,,,,,0.0,,,,,4,1,0,0,1,1,1,0,1,0,0,1,0,1,0,1,1,1,35.0,3.0,1.0,360.0,0.0,20.0,30.0,50.0,0.0,100.0
4,2.0,3,97,640.0,400.0,240.0,400.0,1.0,,,,,1000.0,0,5,51,51039,Soukoussoukou,5,RESTORE,4,1.0,,,,,0,5,5,,,,,,,,,,1,,,,,,,,,,0.0,,,,,1,0,0,0,1,0,1,0,0,0,0,1,0,1,0,1,1,1,32.0,1.0,1.0,320.0,0.0,30.0,70.0,0.0,0.0,100.0
8,6.0,3,0,245.0,140.0,105.0,140.0,1.0,,,,,800.0,1,5,51,51026,Tahakro,5,RESTORE,1,2.0,,,,,0,1,5,,,,,10.0,11.0,,,,1,1.0,,,,,97,,,,2.0,0.0,,,,4,0,0,0,0,0,0,0,1,1,0,1,1,1,1,1,1,1,58.0,,0.0,40.833333333333336,30.0,0.0,70.0,0.0,0.0,100.0
2,12.0,5,6,400.0,240.0,160.0,240.0,3.0,,,,,1000.0,0,5,51,51026,Tahakro,5,RESTORE,4,2.0,,,,,0,6,4 5,,,,,10.0,,,,,1,,,,,,,,,,2.0,,,,,6,0,0,1,1,1,0,0,1,1,0,1,1,1,0,1,1,1,67.0,6.0,1.0,33.333333333333336,5.0,10.0,0.0,85.0,0.0,100.0
7,0.5,6,0,420.0,280.0,140.0,280.0,1.0,,,,,850.0,0,5,51,51026,Tahakro,5,RESTORE,4,1.0,,,,,1,5,,5,,,,11.0,11.0,,,,1,1.0,,,,97,,,,,2.0,2.0,,,,0,0,0,0,0,0,0,0,1,1,1,1,1,1,1,1,1,1,46.0,,0.0,840.0,30.0,0.0,0.0,70.0,0.0,100.0
7,3.0,2,0,300.0,210.0,90.0,210.0,,,,,,1000.0,1,5,51,51026,Tahakro,5,RESTORE,1,2.0,,,,,1,1,4,,,,,10.0,11.0,11.0,,,1,1.0,1.0,,,,97,97,,,0.0,2.0,2.0,,,0,1,0,0,1,0,0,0,1,1,1,1,1,0,0,1,1,1,45.0,,1.0,100.0,20.0,80.0,0.0,0.0,0.0,100.0
6,2.5,2,6,60.0,60.0,0.0,,,,,,,,0,5,51,51026,Tahakro,5,RESTORE,4,1.0,,,,,1,2,5,,,,,10.0,,,,,1,,,,,3,,,,,2.0,,,,,0,0,0,0,0,0,1,0,1,1,0,0,0,0,1,0,1,1,43.0,1.0,1.0,24.0,0.0,100.0,0.0,0.0,0.0,100.0
7,1.5,3,5,260.0,162.5,97.5,162.5,4.0,,,,,15.384614944458008,0,5,51,51026,Tahakro,5,RESTORE,3,2.0,,,,,0,4,4,4,,,,10.0,10.0,9.0,,,1,1.0,1.0,,,,,1,9,,0.0,0.0,0.0,0.0,,5,0,0,0,0,0,1,1,1,1,1,1,1,1,1,1,1,1,34.0,5.0,1.0,173.33333333333334,0.0,0.0,0.0,0.0,0.0,0.0
4,2.5,4,0,420.0,280.0,140.0,280.0,3.0,,,,,1000.0,0,5,51,51026,Tahakro,5,RESTORE,1,2.0,,,,,0,6,5,,,,,10.0,,,,,1,1.0,,,,,,,,,2.0,2.0,,,,4,0,0,1,1,0,0,0,1,1,1,1,0,1,1,1,1,1,56.0,,1.0,168.0,0.0,0.0,100.0,0.0,0.0,100.0
6,11.0,6,0,420.0,280.0,140.0,280.0,1.0,,,,,1000.0,1,5,51,51026,Tahakro,5,RESTORE,4,1.0,,,,,0,1,5,5,,,,10.0,10.0,10.0,,,1,1.0,1.0,,,,,97,,,0.0,0.0,3.0,,,1,0,0,1,0,0,1,0,1,1,1,1,1,1,0,1,1,1,46.0,3.0,0.0,38.18181818181818,10.0,50.0,0.0,0.0,40.0,100.0
6,7.0,5,0,1575.0,1050.0,525.0,1050.0,1.0,,,,,900.0,1,5,51,51026,Tahakro,5,RESTORE,1,2.0,,,,,0,4,5,5,,,,11.0,11.0,,,,1,1.0,,,,,,,,,0.0,0.0,,,,3,0,1,0,1,1,1,0,1,1,1,1,1,1,0,1,1,1,60.0,,0.0,225.0,21.428571428571427,0.0,14.285714285714285,64.28571428571429,0.0,100.0
8,16.0,4,0,840.0,480.0,360.0,480.0,1.0,,,,,900.0,0,5,51,51026,Tahakro,5,RESTORE,0,2.0,,,,,0,6,5,5,,,,8.0,8.0,,,,1,1.0,,,,,,,,,0.0,0.0,,,,2,0,0,0,0,0,1,1,1,1,1,1,1,1,1,1,1,1,34.0,,0.0,52.5,8.0,22.0,40.0,24.0,6.0,100.0
9,11.0,6,12,2700.0,1350.0,1350.0,1350.0,1.0,,,,,10.55555534362793,1,5,51,51026,Tahakro,5,RESTORE,4,1.0,,,,,0,6,4 5,4 5,,,,10.0,10.0,,,,1,1.0,,,,,,,,,0.0,0.0,,,,5,0,1,0,0,0,1,1,1,1,1,1,1,1,1,1,1,1,68.0,,0.0,245.45454545454547,0.0,0.0,0.0,0.0,0.0,0.0
5,1.0,6,7,640.0,480.0,160.0,480.0,1.0,,,,,925.0,0,5,51,51026,Tahakro,5,RESTORE,4,1.0,,,,,0,5,4,4,,,,10.0,,,,,1,2.0,,,,97,11,,,,3.0,0.0,,,,0,0,1,1,1,0,1,0,1,1,0,1,1,1,0,0,1,1,63.0,1.0,1.0,640.0,72.22222222222221,27.77777777777778,0.0,0.0,0.0,100.0
7,8.0,3,0,1040.0,560.0,480.0,560.0,2.0,,,,,1000.0,0,5,51,51026,Tahakro,5,RESTORE,1,2.0,,,,,0,5,5,,,,,9.0,,,,,4,,,,,,,,,,0.0,,,,,3,0,1,0,1,0,1,0,1,1,0,0,1,1,1,1,1,1,33.0,,1.0,130.0,5.0,0.0,95.0,0.0,0.0,100.0
4,2.0,2,0,467.5,340.0,127.5,340.0,1.0,,,,,11.764705657958984,0,5,51,51026,Tahakro,5,RESTORE,3,2.0,,,,,0,4,4 5,,,,,10.0,,,,,1,,,,,,,,,,0.0,,,,,3,0,0,0,0,1,0,1,1,1,0,0,1,1,1,1,1,1,47.0,,1.0,233.75,0.0,0.0,0.0,0.0,0.0,0.0
4,10.0,1,6,280.0,210.0,70.0,210.0,1.0,,,,,1000.0,0,5,51,51026,Tahakro,5,RESTORE,3,2.0,,,,,0,1,4,,,,,10.0,10.0,,,,4,4.0,,,,,,,,,2.0,2.0,,,,3,0,1,1,0,0,0,0,1,1,1,1,1,1,1,1,1,1,43.0,1.0,1.0,28.0,30.0,70.0,0.0,0.0,0.0,100.0
6,7.5,2,10,1300.0,800.0,500.0,,2.0,,,,,,1,4,41,41025,YOUKOU,4,RESTORE,2,1.0,,,,,1,5,5,,,,,4.0,1.0,1.0,,,1,1.0,1.0,,,,,,,,0.0,0.0,3.0,,,6,0,0,0,1,0,0,1,1,1,0,1,0,1,1,1,1,1,49.0,1.0,0.0,173.33333333333334,15.0,50.0,35.0,0.0,0.0,100.0
7,7.0,4,11,3000.0,2000.0,1000.0,,2.0,,,,,,1,4,41,41025,YOUKOU,4,RESTORE,4,1.0,,,,,0,5,5,5,,,,1.0,1.0,1.0,,,4,4.0,4.0,,,,,,,,0.0,0.0,0.0,,,5,1,1,1,1,1,1,1,1,1,0,1,0,1,1,1,1,1,36.0,4.0,0.0,428.57142857142856,0.0,0.0,100.0,0.0,0.0,100.0
10,4.5,6,0,1200.0,840.0,360.0,840.0,,,,,,1000.0,0,4,41,41025,YOUKOU,4,RESTORE,0,2.0,,,,,0,6,5,,,,,8.0,8.0,,,,4,4.0,,,,,,,,,0.0,0.0,,,,0,0,0,1,1,0,1,1,0,1,1,1,0,0,1,1,1,1,49.0,,0.0,266.6666666666667,0.0,50.0,50.0,0.0,0.0,100.0
4,8.0,4,0,960.0,720.0,240.0,720.0,2.0,,,,,1000.0,0,4,41,41025,YOUKOU,4,RESTORE,0,1.0,,,,,0,4,5,,,,,8.0,8.0,8.0,,,4,4.0,4.0,,,,97,97,,,0.0,0.0,3.0,,,4,1,0,1,1,1,1,1,0,1,1,1,0,1,1,1,1,1,27.0,,0.0,120.0,0.0,0.0,100.0,0.0,0.0,100.0
10,12.0,6,0,2640.0,2000.0,640.0,2000.0,2.0,,,,,1000.0,0,4,41,41025,YOUKOU,4,RESTORE,0,1.0,,,,,0,4,5,5,,,,8.0,8.0,5.0,8.0,,4,4.0,4.0,4.0,,,,97,97,,0.0,0.0,0.0,3.0,,3,1,0,0,1,1,1,1,0,1,1,1,0,1,1,1,1,1,52.0,,0.0,220.0,0.0,0.0,25.0,75.0,0.0,100.0
3,12.5,6,0,2500.0,1500.0,1000.0,,,,,,,,1,4,41,41025,YOUKOU,4,RESTORE,0,1.0,,,,,0,5,5,5,,,,4.0,4.0,4.0,4.0,,4,4.0,4.0,4.0,,97,11,,,,0.0,0.0,3.0,3.0,,0,1,0,1,1,1,1,1,1,1,1,1,1,0,1,1,1,1,54.0,,0.0,200.0,0.0,0.0,81.25,18.75,0.0,100.0
8,19.5,3,0,3000.0,2000.0,1000.0,,2.0,,,,,,1,4,41,41025,YOUKOU,4,RESTORE,3,1.0,,,,,0,5,5,,,,,4.0,4.0,4.0,,,4,4.0,4.0,,,,,,,,0.0,0.0,0.0,,,6,1,1,0,1,1,1,1,1,1,1,1,1,1,1,1,1,1,39.0,3.0,0.0,153.84615384615384,0.0,15.0,85.0,0.0,0.0,100.0
9,5.5,5,0,4000.0,3000.0,1000.0,,1.0,,,,,,1,4,41,41025,YOUKOU,4,RESTORE,0,2.0,,,,,0,5,5,,,,,4.0,7.0,4.0,,,4,4.0,4.0,,,,,,,,0.0,0.0,0.0,,,5,1,1,0,1,1,0,0,1,1,1,1,0,1,1,1,1,1,46.0,,0.0,727.2727272727273,0.0,0.0,15.0,85.0,0.0,100.0
9,20.5,4,0,3360.0,1920.0,1440.0,1920.0,2.0,,,,,1000.0,0,4,41,41025,YOUKOU,4,RESTORE,0,1.0,,,,,0,4,5,5,,,,8.0,8.0,8.0,8.0,8.0,4,4.0,4.0,4.0,4.0,,,,,,0.0,0.0,0.0,0.0,0.0,3,1,0,1,1,1,1,1,0,1,1,1,0,1,1,1,1,1,54.0,,0.0,163.90243902439025,0.0,0.0,0.0,100.0,0.0,100.0
10,6.0,5,0,2040.0,1320.0,720.0,1320.0,2.0,,,,,1000.0,1,4,41,41025,YOUKOU,4,RESTORE,0,1.0,,,,,0,5,5,5,,,,8.0,8.0,,,,4,4.0,,,,,,,,,0.0,0.0,,,,4,0,0,1,1,1,1,1,0,1,1,1,0,1,1,1,1,1,45.0,,0.0,340.0,0.0,0.0,0.0,100.0,0.0,100.0
4,4.0,6,0,720.0,450.0,270.0,450.0,2.0,,,,,1000.0,0,4,41,41025,YOUKOU,4,RESTORE,0,2.0,,,,,0,3,5,,,,,8.0,8.0,,,,4,4.0,,,,,97,,,,0.0,3.0,,,,3,1,0,1,1,0,1,1,0,1,1,1,0,1,1,1,1,1,54.0,,1.0,180.0,0.0,0.0,0.0,100.0,0.0,100.0
4,3.0,5,0,510.0,408.0,102.0,408.0,3.0,,,,,1000.0,0,5,51,51019,Zébénou,5,RESTORE,4,1.0,,,,,1,4,4,,,,,10.0,,,,,1,,,,,,,,,,2.0,,,,,3,0,0,0,1,1,1,0,0,1,1,1,1,1,1,1,1,1,54.0,2.0,1.0,170.0,20.0,0.0,80.0,0.0,0.0,100.0
7,2.0,6,0,210.0,140.0,70.0,140.0,1.0,,,,,1600.0,0,5,51,51019,Zébénou,5,RESTORE,4,1.0,,,,,0,1,5,5,,,,10.0,10.0,,,,1,1.0,,,,97,97,,,,0.0,0.0,,,,2,0,0,0,1,0,0,0,1,1,1,1,0,1,0,0,1,0,,,,105.0,0.0,0.0,0.0,100.0,0.0,100.0
6,6.0,4,0,1725.0,1350.0,375.0,1350.0,6.0,,,,,1000.0,0,5,51,51019,Zébénou,5,RESTORE,4,1.0,,,,,0,1,4 5,5,,,,10.0,9.0,,,,1,1.0,,,,,11,,,,3.0,3.0,,,,1,0,1,1,0,0,1,1,0,1,1,1,1,1,1,1,1,1,32.0,1.0,1.0,287.5,8.0,36.0,56.00000000000001,0.0,0.0,100.0
4,7.0,6,0,3840.0,3600.0,240.0,3600.0,2.0,,,,,9.375,1,5,51,51021,Amélékia,5,RESTORE,4,1.0,,,,,0,4,4,4,,,,10.0,10.0,,,,1,1.0,,,,11,,,,,0.0,0.0,,,,2,0,0,0,0,0,1,0,0,1,1,0,0,1,1,1,1,1,74.0,1.0,1.0,548.5714285714286,0.0,0.0,0.0,0.0,0.0,0.0
4,3.440000057220459,5,0,770.0,560.0,210.0,560.0,1.0,,,,,850.0,0,5,51,51019,Zébénou,5,RESTORE,4,1.0,,,,,0,4,4 5,5,,,,10.0,97.0,,,,1,1.0,,,,,,,,,2.0,2.0,,,,5,1,1,1,1,1,0,0,1,1,1,0,1,1,0,1,1,1,46.0,3.0,0.0,223.8372055790501,20.0,30.0,50.0,0.0,0.0,100.0
2,8.0,3,97,210.0,140.0,70.0,140.0,1.0,,,,,3000.0,0,5,51,51019,Zébénou,5,RESTORE,4,1.0,,,,,0,8,5,5,,,,9.0,9.0,,,,1,1.0,,,,97,97,,,,0.0,0.0,,,,0,0,0,1,0,1,1,1,1,1,0,0,0,1,1,0,1,1,54.0,3.0,1.0,26.25,0.0,75.0,25.0,0.0,0.0,100.0
10,9.0,6,0,800.0,560.0,240.0,560.0,3.0,,,,,1000.0,0,5,51,51019,Zébénou,5,RESTORE,4,1.0,,,,,1,5,4,4,,,,1.0,1.0,,,,1,1.0,,,,,11,,,,2.0,2.0,,,,4,0,0,0,1,1,1,0,1,1,1,1,0,1,0,1,1,1,79.0,,1.0,88.88888888888889,0.0,0.0,66.45161290322581,33.5483870967742,0.0,100.0
4,5.0,3,13,700.0,500.0,200.0,,97.0,,,,,,0,5,51,51019,Zébénou,5,RESTORE,4,1.0,,,,,0,5,4,,,,,10.0,,,,,1,,,,,,,,,,2.0,,,,,9,0,0,0,0,0,0,0,1,1,1,1,0,1,1,1,1,1,45.0,1.0,1.0,140.0,0.0,50.0,50.0,0.0,0.0,100.0
4,0.0,5,0,750.0,600.0,150.0,600.0,1.0,,,,,825.0,0,5,51,51019,Zébénou,5,RESTORE,4,1.0,,,,,0,3,5,,,,,9.0,,,,,1,,,,,,,,,,0.0,,,,,3,0,1,1,1,1,0,0,1,1,1,0,1,1,1,1,1,1,56.0,1.0,1.0,,0.0,0.0,40.0,60.0,0.0,100.0
7,4.0,4,0,560.0,350.0,210.0,350.0,97.0,,,,,1000.0,0,5,51,51019,Zébénou,5,RESTORE,4,1.0,,,,,0,5,5,,,,,9.0,,,,,1,,,,,11 97,,,,,3.0,,,,,4,0,0,0,1,0,0,0,1,1,1,0,0,1,0,0,1,1,55.0,3.0,1.0,140.0,0.0,0.0,30.0,0.0,70.0,100.0
2,3.0,6,7,710.0,568.0,142.0,568.0,1.0,,,,,1000.0,0,5,51,51019,Zébénou,5,RESTORE,4,1.0,,,,,1,5,5,,,,,10.0,10.0,,,,1,1.0,,,,,97,,,,0.0,3.0,,,,2,0,0,0,1,0,0,1,0,1,0,1,0,1,1,1,1,1,54.0,2.0,1.0,236.66666666666663,0.0,0.0,0.0,100.0,0.0,100.0
8,6.0,6,0,910.0,700.0,210.0,700.0,3.0,,,,,14.285714149475098,0,5,51,51019,Zébénou,5,RESTORE,4,1.0,,,,,0,2,4,4,4,,,,9.0,9.0,,,1,1.0,1.0,,,,,,,,0.0,0.0,0.0,,,2,1,0,1,0,1,1,0,1,1,1,1,0,1,0,1,1,1,58.0,2.0,1.0,151.66666666666666,0.0,0.0,0.0,0.0,0.0,0.0
5,8.0,3,13,520.0,325.0,195.0,325.0,1.0,,,,,950.0,0,5,51,51019,Zébénou,5,RESTORE,4,1.0,,,,,0,5,5,,,,,10.0,,,,,1,,,,,,,,,,3.0,,,,,2,0,1,0,1,1,1,0,0,1,1,1,0,1,1,1,1,1,44.0,3.0,1.0,65.0,0.0,30.0,70.0,0.0,0.0,100.0
4,5.0,4,0,2475.0,1875.0,600.0,1875.0,1.0,,,,,1000.0,0,5,51,51019,Zébénou,5,RESTORE,4,1.0,,,,,0,5,5,,,,,9.0,,,,,1,,,,,,,,,,2.0,,,,,2,0,0,0,1,1,0,0,1,1,1,1,1,1,0,1,1,1,55.0,3.0,0.0,495.0,20.0,0.0,80.0,0.0,0.0,100.0
9,3.0,6,0,560.0,420.0,140.0,420.0,1.0,,,,,1000.0,0,5,51,51019,Zébénou,5,RESTORE,4,1.0,,,,,1,5,5,,,,,10.0,,,,,1,,,,,,,,,,2.0,,,,,2,0,0,0,0,0,0,0,1,1,1,1,0,1,1,1,1,1,70.0,,1.0,186.66666666666663,30.0,30.0,20.0,20.0,0.0,100.0
4,4.0,6,0,8.0,7.0,1.0,,1.0,,,,,,1,5,51,51019,Zébénou,5,RESTORE,4,1.0,,,,,1,2,4 5,,,,,1.0,,,,,1,,,,,,,,,,0.0,,,,,2,0,0,0,0,0,0,0,1,1,1,1,0,1,1,1,1,1,68.0,1.0,1.0,2.0,30.0,40.0,20.0,10.0,0.0,100.0
8,15.0,6,97,8500.0,6800.0,1700.0,6800.0,6.0,,,,,1000.0,0,5,51,51036,Ahuasso,5,RESTORE,4,4.0,,,,,0,7,5,,,,,10.0,,,,,1,1.0,,,,,8,,,,2.0,2.0,,,,4,0,0,0,1,0,1,0,1,1,1,1,0,1,0,1,1,1,45.0,1.0,0.0,566.6666666666666,0.0,0.0,60.0,40.0,0.0,100.0
8,41.0,4,0,3500.0,1500.0,2000.0,,1.0,,,,,,0,5,53,53004,N'Djorekro,5,COMPARISON,0,2.0,,,,,0,5,5,5,,,,1.0,1.0,,,,4,4.0,,,,,,,,,0.0,0.0,,,,1,0,0,1,1,0,1,1,1,1,1,1,0,1,1,1,1,1,40.0,,1.0,85.36585365853658,0.0,0.0,0.0,64.86486486486487,35.13513513513514,100.0
8,4.0,2,13,1020.0,680.0,340.0,680.0,1.0,,,,,1000.0,0,5,51,51038,Manfia,5,RESTORE,4,1.0,,,,,0,10,3 4,,,,,10.0,,,,,1,,,,,,,,,,0.0,,,,,2,0,0,1,0,0,1,1,0,1,0,0,1,1,0,1,1,1,40.0,1.0,0.0,255.0,70.0,30.0,0.0,0.0,0.0,100.0
4,4.0,3,0,574.0,500.0,74.0,,1.0,,,,,,0,6,64,64002,Kouadioukro,6,COMPARISON,4,4.0,,,,,0,2,5,,,,,1.0,,,,,1,,,,,,,,,,0.0,,,,,2,0,0,1,1,0,1,1,1,1,0,1,1,1,0,1,1,1,47.0,,0.0,143.5,25.0,25.0,13.0,25.0,12.0,100.0
6,4.0,6,0,800.0,640.0,160.0,640.0,6.0,,,,,12.5,0,5,51,51008,Adjoumani-Kouassikro,5,COMPARISON,4,1.0,,,,,1,7,5,,,,,1.0,,,,,1,,,,,,,,,,0.0,,,,,5,1,0,0,1,0,1,0,0,1,0,0,1,1,0,1,1,1,65.0,1.0,1.0,200.0,5.0,10.0,15.0,70.0,0.0,100.0
5,5.5,6,13,1120.0,880.0,240.0,880.0,1.0,,,,,950.0,0,5,51,51011,N'Gouanda,5,COMPARISON,4,1.0,,,,,0,2,5,5,,,,,,,,,1,1.0,,,,,,,,,2.0,2.0,,,,4,1,1,0,1,1,1,0,1,0,1,1,1,1,0,1,1,1,41.0,1.0,1.0,203.63636363636363,13.636363636363635,21.363636363636363,21.818181818181817,43.18181818181818,0.0,100.0
6,6.0,3,0,400.0,200.0,200.0,200.0,1.0,,,,,10.0,0,4,41,41016,TATE1,4,COMPARISON,2,4.0,,,,,0,1,5,4 5,5,,,10.0,10.0,10.0,10.0,10.0,1,1.0,1.0,1.0,1.0,3,,,2,,3.0,0.0,0.0,0.0,0.0,2,0,0,0,0,1,1,0,1,1,1,1,0,1,1,1,1,1,26.0,,1.0,66.66666666666667,71.96969696969697,28.030303030303028,0.0,0.0,0.0,100.0
5,13.0,4,0,850.0,680.0,170.0,680.0,2.0,,,,,1000.0,0,4,41,41003,GBAROU,4,COMPARISON,0,2.0,,,,,0,4,2,,,,,8.0,8.0,8.0,,,4,4.0,4.0,,,,97,97,,,0.0,0.0,0.0,,,5,1,0,1,1,1,1,1,0,1,1,1,0,1,1,1,1,1,52.0,,0.0,65.38461538461539,0.0,0.0,100.0,0.0,0.0,100.0
6,4.25,4,0,640.0,480.0,160.0,,1.0,,,,,,0,7,71,71012,MAMINI,7,COMPARISON,4,4.0,,,,,0,1,5 97,,,,,9.0,10.0,10.0,,,1,1.0,1.0,,,,,2,,,2.0,0.0,0.0,,,1,1,0,1,1,0,1,1,1,1,1,1,1,1,0,1,1,1,40.0,1.0,0.0,150.58823529411765,25.0,75.0,0.0,0.0,0.0,100.0
10,9.0,5,0,1040.0,640.0,400.0,640.0,2.0,,,,,1000.0,0,4,41,41002,DJEKA,4,COMPARISON,0,2.0,,,,,0,3,5,4,,,,8.0,8.0,8.0,,,4,4.0,4.0,4.0,,,,97,97,,0.0,0.0,0.0,0.0,,4,1,0,1,1,0,1,1,0,1,0,1,1,1,1,1,1,1,44.0,1.0,0.0,115.55555555555556,1.2,40.0,0.0,58.8,0.0,100.0
7,5.0,4,0,245.0,140.0,105.0,140.0,1.0,,,,,1000.0,0,5,51,51025,Kouadiokro,5,RESTORE,4,1.0,,,,,0,2,5,,,,,9.0,,,,,1,,,,,,,,,,0.0,,,,,4,0,0,0,1,0,1,1,1,1,1,1,1,1,1,1,1,1,45.0,,0.0,49.0,0.0,30.0,70.0,0.0,0.0,100.0
8,20.0,3,13,1600.0,1200.0,400.0,1200.0,2.0,,,,,1000.0,0,4,41,41010,IBO2,4,COMPARISON,2,1.0,,,,,0,9,5,,,,,10.0,10.0,10.0,,,1,1.0,1.0,,,,,2,,,3.0,3.0,0.0,,,1,1,1,1,1,1,1,1,0,1,1,1,0,1,0,1,1,1,37.0,1.0,0.0,80.0,30.0,60.0,10.0,0.0,0.0,100.0
15,7.0,6,0,840.0,700.0,140.0,700.0,1.0,5.0,3.0,5.0,2.0,1000.0,0,5,51,51002,Akoikro,5,COMPARISON,4,1.0,5.0,3.0,5.0,2.0,0,5,5,5,5,,,10.0,10.0,10.0,,,1,1.0,1.0,,,,97,11,,,0.0,0.0,0.0,,,1,1,1,1,1,1,1,0,1,1,0,0,1,1,0,1,1,1,70.0,3.0,1.0,120.0,0.0,9.705882352941178,22.647058823529413,43.8235294117647,23.823529411764703,100.0
8,0.0,5,0,150.0,100.0,50.0,,97.0,,,,,,0,4,41,41010,IBO2,4,COMPARISON,97,4.0,,,,,0,1,5,5,,,,6.0,6.0,,,,1,1.0,,,,,9,,,,3.0,3.0,,,,1,0,0,1,1,1,1,1,1,1,1,1,1,1,0,1,1,1,45.0,,0.0,,62.93859649122807,25.657894736842106,0.0,11.403508771929824,0.0,100.0
4,4.5,2,97,240.0,150.0,90.0,,2.0,,,,,,0,4,41,41015,TAOULOKE,4,COMPARISON,2,1.0,,,,,0,5,5,,,,,1.0,1.0,,,,1,1.0,,,,,2,,,,2.0,2.0,,,,2,0,0,0,1,1,1,0,0,1,1,1,0,1,0,1,1,1,34.0,1.0,1.0,53.333333333333336,50.0,50.0,0.0,0.0,0.0,100.0
5,11.0,1,0,480.0,400.0,80.0,,,,,,,,0,7,74,74006,Monin,7,COMPARISON,4,1.0,,,,,0,3,4,,,,,,,,,,1,1.0,,,,1,97,,,,0.0,0.0,,,,0,1,0,1,1,0,0,1,1,0,0,1,1,0,1,0,1,1,68.0,1.0,1.0,43.63636363636363,100.0,0.0,0.0,0.0,0.0,100.0
4,7.5,2,0,510.0,340.0,170.0,340.0,2.0,,,,,11.764705657958984,0,4,41,41026,DEBLABLAI,4,RESTORE,2,1.0,,,,,0,5,5,,,,,10.0,10.0,10.0,10.0,,1,1.0,1.0,1.0,,,97,97,97,,0.0,0.0,0.0,3.0,,1,0,0,1,1,1,1,1,0,1,1,1,0,1,0,1,1,1,61.0,1.0,1.0,68.0,0.0,100.0,0.0,0.0,0.0,100.0
4,3.0,5,0,500.0,300.0,200.0,,2.0,,,,,,0,4,41,41027,GBAPET,4,RESTORE,0,2.0,,,,,0,4,5,,,,,6.0,,,,,4,,,,,,,,,,2.0,,,,,1,0,0,1,1,0,1,1,0,1,1,1,0,1,1,1,1,1,37.0,1.0,0.0,166.66666666666666,0.0,0.0,100.0,0.0,0.0,100.0
3,7.0,6,0,1400.0,1225.0,175.0,1225.0,1.0,,,,,1000.0,0,5,51,51008,Adjoumani-Kouassikro,5,COMPARISON,4,1.0,,,,,1,7,2 5,5,2 5,,,1.0,1.0,1.0,,,1,1.0,1.0,,,,,,,,0.0,0.0,0.0,,,12,0,1,1,1,0,1,0,1,1,1,0,0,1,0,1,1,1,58.0,,1.0,200.0,1.7808219178082192,5.342465753424658,26.71232876712329,53.42465753424656,12.73972602739726,100.0
8,1.0,2,0,240.0,160.0,80.0,160.0,,,,,,1000.0,0,4,41,41037,IRATO,4,COMPARISON,2,2.0,,,,,0,8,5,,,,,1.0,,,,,4,,,,,,,,,,3.0,,,,,0,0,0,1,1,1,1,1,0,1,1,1,0,0,0,1,1,0,26.0,2.0,1.0,240.0,0.0,100.0,0.0,0.0,0.0,100.0
4,2.5,5,0,90.0,75.0,15.0,,1.0,,,,,,1,7,71,71005,Biasso,7,RESTORE,4,3.0,,,,,0,6,97,,,,,1.0,1.0,,,,1,1.0,,,,,,,,,0.0,0.0,,,,2,0,0,1,1,0,1,1,0,1,1,1,0,1,0,1,1,1,55.0,6.0,1.0,36.0,0.0,12.0,30.0,57.99999999999999,0.0,100.0
5,5.5,6,0,480.0,320.0,160.0,320.0,2.0,,,,,1000.0,0,5,53,53005,N'DRIKRO,5,COMPARISON,3,2.0,,,,,0,5,2,2,,,,10.0,11.0,11.0,,,1,1.0,1.0,,,,,,,,0.0,0.0,0.0,,,4,0,0,1,0,0,0,0,1,1,0,0,0,1,1,1,1,1,61.0,,0.0,87.27272727272727,2.549019607843137,30.392156862745097,7.450980392156863,59.6078431372549,0.0,100.0
8,10.0,3,0,1150.0,1000.0,150.0,,6.0,,,,,,0,5,51,51017,Appoisso,5,RESTORE,3,1.0,,,,,0,2,5,5,,,,,10.0,,,,2,1.0,,,,,,,,,3.0,3.0,,,,4,0,0,0,0,0,1,1,1,1,0,1,0,1,0,1,1,1,54.0,,1.0,115.0,18.333333333333332,48.333333333333336,22.22222222222222,11.11111111111111,0.0,100.0
11,12.0,6,10,900.0,700.0,200.0,700.0,2.0,,,,,9.0,0,5,51,51004,Dramanekro,5,COMPARISON,1,2.0,,,,,0,5,4 5,4 5,4 5,,,11.0,11.0,10.0,,,1,1.0,1.0,,,,,,,,0.0,0.0,0.0,,,4,0,0,1,1,0,1,1,1,1,0,1,1,1,1,1,1,1,66.0,,0.0,75.0,7.0588235294117645,23.52941176470588,25.294117647058822,17.647058823529413,26.47058823529412,100.0
5,3.0,6,0,550.0,500.0,50.0,,1.0,,,,,,0,7,71,71005,Biasso,7,RESTORE,4,1.0,,,,,0,6,5,3,,,,1.0,,,,,1,1.0,1.0,,,,,97,,,0.0,0.0,0.0,,,6,0,0,0,0,0,1,1,0,1,1,1,1,1,0,1,1,0,56.0,3.0,1.0,183.33333333333331,4.729064039408867,2.3645320197044337,62.16748768472906,9.852216748768473,20.88669950738916,100.0
5,2.5,3,7,1365.0,910.0,455.0,910.0,1.0,,,,,15.384614944458008,0,5,51,51008,Adjoumani-Kouassikro,5,COMPARISON,4,1.0,,,,,0,5,4 5,,,,,1.0,,,,,1,,,,,,,,,,0.0,,,,,1,0,1,0,1,0,0,1,0,1,1,1,0,1,0,1,1,1,41.0,1.0,1.0,546.0,10.0,70.0,20.0,0.0,0.0,100.0
5,3.0,6,13,52.0,52.0,0.0,,97.0,,,,,,0,7,71,71006,Nyan,7,RESTORE,4,1.0,,,,,1,7,4 97,,,,,10.0,9.0,,,,1,1.0,,,,,,,,,0.0,0.0,,,,3,1,0,0,0,1,0,1,1,1,1,1,0,1,1,1,1,1,60.0,,1.0,17.333333333333332,15.0,10.0,0.0,0.0,75.0,100.0
4,3.5,6,0,195.0,130.0,65.0,130.0,1.0,,,,,13.84615421295166,0,7,74,74002,Montézo,7,COMPARISON,4,1.0,,,,,0,3,97,,,,,,,,,,1,,,,,,,,,,0.0,,,,,4,0,0,0,1,0,0,0,0,0,1,1,0,1,0,1,1,1,65.0,0.0,0.0,55.71428571428572,0.0,0.0,0.0,0.0,100.0,100.0
5,3.0,4,0,300.0,200.0,100.0,,3.0,,,,,,0,5,51,51004,Dramanekro,5,COMPARISON,3,2.0,,,,,0,4,5,,,,,10.0,,,,,1,,,,,,,,,,2.0,,,,,5,0,1,0,1,1,0,0,1,1,0,1,1,1,1,1,1,1,46.0,,1.0,100.0,5.0,0.0,95.0,0.0,0.0,100.0
1,2.0,5,0,560.0,350.0,210.0,350.0,1.0,,,,,1000.0,0,5,51,51054,Amian-Kouassikro,5,COMPARISON,4,1.0,,,,,1,3,5,5,,,,9.0,10.0,,,,1,1.0,,,,1,,,,,0.0,0.0,,,,2,0,0,0,1,0,0,0,1,1,1,1,1,1,1,1,1,0,55.0,1.0,1.0,280.0,4.8,9.6,85.6,0.0,0.0,100.0
6,5.0,2,0,834.0,512.0,322.0,,1.0,,,,,,0,7,71,71008,Mafa-Mafou,7,RESTORE,4,1.0,,,,,0,1,5,,,,,10.0,10.0,,,,1,1.0,,,,,97,,,,0.0,0.0,,,,7,1,0,0,0,0,1,1,0,1,1,1,0,1,0,1,1,1,49.0,3.0,1.0,166.8,0.0,100.0,0.0,0.0,0.0,100.0
5,1.0,3,0,1000.0,700.0,300.0,,,,,,,,0,4,41,41010,IBO2,4,COMPARISON,0,1.0,,,,,0,5,5,,,,,8.0,,,,,4,,,,,,,,,,0.0,,,,,0,1,0,1,1,1,1,0,0,1,1,1,0,0,1,1,1,0,25.0,,0.0,1000.0,0.0,0.0,100.0,0.0,0.0,100.0
4,1.5,1,0,97.5,65.0,32.5,65.0,2.0,,,,,1000.0,0,4,41,41028,GNATO,4,RESTORE,2,1.0,,,,,1,7,5,,,,,11.0,11.0,,,,4,4.0,,,,1,,,,,0.0,0.0,,,,2,1,0,1,1,1,0,0,0,1,1,1,0,1,0,0,1,0,40.0,,0.0,65.0,0.0,100.0,0.0,0.0,0.0,100.0
8,3.0,3,0,230.0,200.0,30.0,,1.0,,,,,,0,7,71,71012,MAMINI,7,COMPARISON,4,1.0,,,,,0,2,5,5,,,,1.0,1.0,1.0,,,1,1.0,1.0,,,2,2,2,,,2.0,2.0,0.0,,,1,0,0,1,0,0,1,0,1,1,1,1,1,1,0,0,1,1,37.0,,0.0,76.66666666666667,30.263157894736842,30.263157894736842,39.473684210526315,0.0,0.0,100.0
2,2.0,2,0,500.0,400.0,100.0,,1.0,,,,,,0,7,74,74002,Montézo,7,COMPARISON,4,1.0,,,,,0,2,5,,,,,10.0,,,,,1,,,,,,,,,,0.0,,,,,2,0,0,0,1,0,1,1,0,1,0,1,0,1,0,1,1,1,65.0,1.0,1.0,250.0,0.0,100.0,0.0,0.0,0.0,100.0
5,9.0,4,0,560.0,400.0,160.0,400.0,1.0,,,,,1000.0,0,5,51,51054,Amian-Kouassikro,5,COMPARISON,0,2.0,,,,,0,2,5,4 5,,,,1.0,1.0,,,,1,1.0,,,,,,,,,0.0,0.0,,,,3,1,0,1,1,0,1,1,1,1,1,1,0,1,1,1,1,1,50.0,,1.0,62.22222222222222,9.444444444444445,13.88888888888889,16.666666666666664,60.0,0.0,100.0
6,6.0,2,0,130.0,80.0,50.0,,2.0,,,,,,0,4,41,41011,KLODIO,4,COMPARISON,2,1.0,,,,,0,5,5 97,5 97,,,,10.0,10.0,10.0,10.0,10.0,1,1.0,1.0,1.0,1.0,,,,,,0.0,0.0,0.0,0.0,0.0,1,0,0,1,1,1,1,1,1,1,1,1,1,1,0,1,1,1,40.0,,0.0,21.666666666666668,50.0,50.0,0.0,0.0,0.0,100.0
3,8.5,5,3,1360.0,1120.0,240.0,1120.0,1.0,,,,,900.0,0,5,51,51012,Zaranou,5,COMPARISON,1,2.0,,,,,0,5,4 5,,,,,10.0,,,,,1,,,,,,,,,,0.0,,,,,3,0,0,1,1,1,0,0,0,1,1,0,1,1,0,1,1,1,47.0,,1.0,160.0,10.0,0.0,0.0,90.0,0.0,100.0
7,8.0,5,0,2500.0,2000.0,500.0,,1.0,,,,,,0,6,61,61001,Abongoua,6,RESTORE,4,1.0,,,,,0,5,2,,,,,1.0,,,,,1,1.0,,,,,97,,,,0.0,0.0,,,,4,1,1,0,1,0,1,1,0,1,0,1,1,1,0,1,1,1,43.0,,1.0,312.5,10.0,30.0,30.0,30.0,0.0,100.0
1,13.0,5,7,1030.0,900.0,130.0,,1.0,,,,,,0,5,51,51012,Zaranou,5,COMPARISON,1,2.0,,,,,0,5,4,4,,,,10.0,10.0,10.0,10.0,,1,1.0,1.0,1.0,,,,,97,,0.0,0.0,2.0,2.0,,3,1,0,0,1,1,0,0,0,1,1,1,0,1,1,1,1,1,64.0,,0.0,79.23076923076923,0.0,7.5,22.5,70.0,0.0,100.0
5,5.0,3,0,250.0,250.0,0.0,,1.0,,,,,,0,6,62,62001,Tioumoukro,6,COMPARISON,4,1.0,,,,,0,5,5,,,,,1.0,1.0,1.0,,,1,1.0,1.0,,,,,97,,,0.0,0.0,0.0,,,2,0,0,0,1,0,1,0,0,1,1,1,0,1,0,1,1,1,53.0,3.0,1.0,50.0,0.0,0.0,100.0,0.0,0.0,100.0
8,1.5,6,9,1000.0,600.0,400.0,,1.0,,,,,,0,5,51,51027,Ahininkro,5,RESTORE,4,1.0,,,,,1,7,5,,,,,9.0,,,,,1,,,,,,,,,,2.0,,,,,8,0,0,0,0,0,0,0,1,1,0,1,0,1,0,1,1,1,50.0,,1.0,666.6666666666666,0.0,0.0,0.0,100.0,0.0,100.0
4,1.25,5,0,175.0,105.0,70.0,105.0,1.0,,,,,14.285714149475098,0,7,74,74002,Montézo,7,COMPARISON,4,1.0,,,,,0,5,97,,,,,1.0,,,,,1,,,,,,,,,,0.0,,,,,5,0,0,0,1,0,1,1,1,1,1,1,1,1,0,1,1,0,52.0,2.0,0.0,140.0,25.0,0.0,0.0,75.0,0.0,100.0
3,3.0,3,13,277.0,180.0,97.0,,1.0,,,,,,0,5,53,53005,N'DRIKRO,5,COMPARISON,4,1.0,,,,,0,5,5,,,,,1.0,,,,,1,1.0,,,,,97,,,,0.0,0.0,,,,3,0,0,0,0,0,1,1,1,1,1,1,0,1,0,1,1,1,48.0,1.0,1.0,92.33333333333331,15.0,45.0,40.0,0.0,0.0,100.0
5,5.5,2,0,400.0,240.0,160.0,240.0,2.0,,,,,1000.0,0,4,41,41002,DJEKA,4,COMPARISON,0,1.0,,,,,0,3,3,,,,,8.0,8.0,,,,4,4.0,,,,,97,,,,0.0,0.0,,,,1,1,0,1,1,1,1,1,0,1,1,1,0,1,1,1,1,1,40.0,,1.0,72.72727272727273,0.0,100.0,0.0,0.0,0.0,100.0
9,10.0,6,1,630.0,420.0,210.0,420.0,4.0,,,,,1000.0,0,5,51,51038,Manfia,5,RESTORE,4,1.0,,,,,1,4,5,,,,,10.0,10.0,,,,1,1.0,,,,,9,,,,0.0,0.0,,,,5,0,0,1,1,1,1,1,0,1,1,1,1,1,0,1,1,1,66.0,,0.0,63.0,0.0,10.0,20.0,0.0,70.0,100.0
5,7.0,6,13,90.0,70.0,20.0,,97.0,,,,,,0,7,71,71013,BOUDEPE,7,COMPARISON,4,1.0,,,,,0,4,5 97,,,,,10.0,,,,,1,,,,,9,,,,,3.0,,,,,3,0,0,0,0,0,0,0,0,1,1,1,0,1,1,0,1,1,43.0,5.0,0.0,12.857142857142858,0.0,0.0,0.0,100.0,0.0,100.0
6,8.0,4,0,2300.0,1500.0,800.0,,1.0,,,,,,0,7,71,71009,Yakassé-Mé,7,RESTORE,4,1.0,,,,,0,4,97,,,,,1.0,1.0,,,,1,1.0,,,,,97,,,,2.0,0.0,,,,3,1,0,1,0,0,1,1,0,1,1,1,0,1,0,1,1,1,44.0,3.0,1.0,287.5,15.0,25.0,20.0,40.0,0.0,100.0
5,4.0,6,0,320.0,240.0,80.0,240.0,1.0,,,,,1000.0,0,5,51,51029,Assakro,5,RESTORE,4,1.0,,,,,1,4,5,5,,,,,,,,,1,1.0,,,,,,,,,2.0,2.0,,,,2,0,0,1,0,0,1,0,1,0,1,0,0,1,0,1,1,1,65.0,,0.0,80.0,0.0,0.0,12.5,40.0,47.5,100.0
4,5.0,2,0,55.0,55.0,0.0,,1.0,,,,,,0,7,71,71013,BOUDEPE,7,COMPARISON,4,3.0,,,,,0,4,97,,,,,,,,,,1,1.0,,,,,97,,,,0.0,0.0,,,,3,0,0,1,1,0,1,1,1,0,1,0,1,1,0,1,1,1,39.0,4.0,0.0,11.0,25.0,75.0,0.0,0.0,0.0,100.0
5,12.5,6,0,2700.0,2250.0,450.0,2250.0,6.0,,,,,1000.0,0,5,51,51005,Takima,5,COMPARISON,0,2.0,,,,,0,5,5,5,4 5,,,11.0,5.0,5.0,,,1,1.0,1.0,,,11,,11,,,0.0,0.0,3.0,,,2,0,0,0,0,0,1,1,1,1,0,0,0,1,1,1,1,1,70.0,1.0,0.0,216.0,12.776831345826235,19.420783645655877,35.3458262350937,25.33219761499148,7.124361158432708,100.00000000000001
6,7.0,5,0,1030.0,900.0,130.0,,1.0,,,,,,0,7,71,71006,Nyan,7,RESTORE,4,1.0,,,,,0,5,5 97,97,97,,,1.0,,1.0,,,1,1.0,1.0,,,1,1,,,,2.0,0.0,0.0,,,3,0,0,0,1,0,0,1,0,1,0,1,1,1,1,1,1,1,43.0,5.0,1.0,147.14285714285714,7.4074074074074066,11.851851851851853,55.55555555555556,25.185185185185183,0.0,100.0
1,4.0,2,0,120.0,78.0,42.0,,,,,,,,0,7,74,74006,Monin,7,COMPARISON,4,1.0,,,,,0,3,97,,,,,10.0,,,,,1,,,,,11,,,,,0.0,,,,,0,0,0,0,1,0,0,0,0,1,0,1,0,0,0,0,1,1,42.0,,1.0,30.0,0.0,100.0,0.0,0.0,0.0,100.0
12,6.0,6,0,420.0,280.0,140.0,280.0,1.0,,,,,14.285714149475098,1,5,54,54002,Bécédi-Brignan,5,RESTORE,4,3.0,,,,,0,1,5 97,,,,,,,,,,1,,,,,,,,,,3.0,,,,,5,0,0,0,0,0,0,0,1,0,1,1,0,1,0,1,1,1,53.0,3.0,1.0,70.0,5.0,0.0,0.0,90.0,5.0,100.0
3,3.5,6,1,4.5,3.0,1.5,,97.0,,,,,,0,5,51,51015,Bébou,5,COMPARISON,4,1.0,,,,,1,7,4,,,,,9.0,9.0,,,,1,1.0,,,,,9,,,,2.0,0.0,,,,3,1,1,0,1,0,0,0,0,1,1,1,0,1,0,1,1,1,59.0,2.0,1.0,1.2857142857142858,0.0,0.0,0.0,100.0,0.0,100.0
15,3.0,4,0,990.0,810.0,180.0,810.0,6.0,,,,,1000.0,0,5,51,51005,Takima,5,COMPARISON,0,2.0,,,,,0,4,4 5,,,,,10.0,,,,,1,,,,,,,,,,3.0,,,,,3,0,0,0,0,0,1,1,1,1,0,1,0,1,0,1,1,1,65.0,,1.0,330.0,5.0,20.0,50.0,25.0,0.0,100.0
3,1.25,4,0,120.0,80.0,40.0,80.0,2.0,,,,,1000.0,0,6,64,64001,Alakro,6,COMPARISON,4,1.0,,,,,1,3,5,,,,,9.0,,,,,1,,,,,,,,,,0.0,,,,,7,0,0,1,0,0,1,0,1,1,1,0,0,1,0,1,1,1,46.0,,1.0,96.0,0.0,0.0,100.0,0.0,0.0,100.0
6,2.0,6,0,160.0,80.0,80.0,80.0,3.0,,,,,12.5,0,5,51,51054,Amian-Kouassikro,5,COMPARISON,4,1.0,,,,,1,4,4,4,,,,9.0,11.0,,,,1,1.0,,,,,,,,,0.0,0.0,,,,4,1,0,0,0,0,1,1,1,1,0,1,1,1,1,1,1,0,57.0,2.0,0.0,80.0,10.0,25.0,30.0,35.0,0.0,100.0
4,7.0,6,0,2280.0,1520.0,760.0,1520.0,1.0,,,,,1000.0,0,4,41,41027,GBAPET,4,RESTORE,0,2.0,,,,,0,4,5,,,,,10.0,10.0,,,,4,4.0,,,,,97,,,,0.0,0.0,,,,3,0,0,1,1,0,1,1,0,1,0,1,0,1,1,1,1,1,31.0,3.0,1.0,325.7142857142857,0.0,0.0,0.0,100.0,0.0,100.0
6,3.5,4,0,800.0,640.0,160.0,640.0,2.0,,,,,1000.0,0,6,61,61001,Abongoua,6,RESTORE,4,1.0,,,,,0,10,5,,,,,10.0,10.0,,,,1,1.0,,,,,,,,,0.0,0.0,,,,10,0,1,0,0,0,1,0,0,1,1,0,0,1,0,1,1,1,81.0,,1.0,228.57142857142856,5.0,15.0,70.0,10.0,0.0,100.0
11,9.0,2,13,450.0,300.0,150.0,,,,,,,,0,4,41,41011,KLODIO,4,COMPARISON,2,1.0,,,,,0,4,5,,,,,1.0,,,,,1,,,,,,,,,,0.0,,,,,0,1,0,1,1,1,1,0,1,1,1,1,0,0,0,1,1,1,49.0,1.0,0.0,50.0,50.0,50.0,0.0,0.0,0.0,100.0
5,2.5,2,97,800.0,500.0,300.0,,2.0,,,,,,0,4,41,41001,TEPOIBOKE,4,COMPARISON,2,1.0,,,,,0,6,5,,,,,11.0,1.0,10.0,,,1,1.0,1.0,,,,2,,,,0.0,2.0,0.0,,,1,0,0,0,0,0,1,0,1,1,1,1,0,1,0,1,1,0,60.0,1.0,1.0,320.0,45.0,55.00000000000001,0.0,0.0,0.0,100.0
1,0.0,2,0,540.0,340.0,200.0,,97.0,,,,,,0,4,41,41012,MERE,4,COMPARISON,4,1.0,,,,,0,5,5,,,,,1.0,1.0,,,,1,1.0,,,,1,97,,,,0.0,0.0,,,,2,1,0,0,1,1,0,0,1,1,1,0,0,1,0,0,1,1,49.0,1.0,0.0,,20.0,80.0,0.0,0.0,0.0,100.0
5,0.0,6,11,1470.0,910.0,560.0,910.0,1.0,,,,,900.0,1,5,51,51046,Kabrankro,5,COMPARISON,97,2.0,,,,,0,4,5,5,5,,,,,,,,4,4.0,4.0,,,,,4,,,0.0,0.0,0.0,,,0,1,0,0,0,0,1,0,1,0,1,0,1,1,1,1,1,1,64.0,1.0,1.0,,3.125,4.6875,14.249999999999998,34.4375,43.5,100.0
6,3.0,3,0,1300.0,1000.0,300.0,,2.0,,,,,,0,4,41,41017,BEOUE,4,RESTORE,0,1.0,,,,,0,4,5,,,,,6.0,6.0,,,,4,4.0,,,,,,,,,0.0,0.0,,,,3,1,0,1,1,0,1,1,1,1,1,1,0,1,1,1,1,1,46.0,4.0,0.0,433.3333333333333,0.0,0.0,100.0,0.0,0.0,100.0
4,6.0,2,0,600.0,370.0,230.0,,,,,,,,0,6,64,64002,Kouadioukro,6,COMPARISON,4,1.0,,,,,0,5,5,,,,,1.0,1.0,,,,1,1.0,,,,5,97,,,,0.0,0.0,,,,0,0,0,0,1,0,1,1,0,1,0,1,0,0,0,0,1,1,35.0,,1.0,100.0,30.0,70.0,0.0,0.0,0.0,100.0
7,4.0,6,0,560.0,320.0,240.0,320.0,1.0,,,,,1000.0,0,5,51,51012,Zaranou,5,COMPARISON,4,1.0,,,,,1,5,5,5,,,,97.0,9.0,,,,1,1.0,,,,1 5,9,,,,2.0,2.0,,,,6,0,0,0,0,0,0,0,1,1,1,1,0,1,0,0,1,1,65.0,,1.0,140.0,0.0,0.0,0.0,0.0,100.0,100.0
8,8.0,6,0,1968.0,1312.0,656.0,1312.0,1.0,,,,,780.48779296875,1,5,51,51002,Akoikro,5,COMPARISON,4,1.0,,,,,1,1,5,,,,,10.0,,,,,1,,,,,,,,,,2.0,,,,,2,0,0,0,1,1,0,0,1,1,1,1,1,1,0,1,1,1,74.0,,1.0,246.0,20.0,0.0,0.0,0.0,80.0,100.0
7,4.0,4,0,2000.0,1500.0,500.0,,3.0,,,,,,0,5,51,51004,Dramanekro,5,COMPARISON,1,2.0,,,,,0,3,5,,,,,10.0,,,,,1,,,,,,,,,,2.0,,,,,6,1,1,0,1,1,0,0,1,1,0,1,0,1,1,1,1,1,45.0,,1.0,500.0,0.0,0.0,0.0,100.0,0.0,100.0
11,2.0,3,0,595.0,420.0,175.0,420.0,1.0,,,,,950.0,1,5,51,51025,Kouadiokro,5,RESTORE,4,1.0,,,,,0,3,5,,,,,10.0,,,,,1,,,,,,,,,,2.0,,,,,2,0,1,0,0,0,1,0,1,1,1,1,0,1,1,1,1,1,41.0,3.0,1.0,297.5,0.0,0.0,100.0,0.0,0.0,100.0
3,6.0,6,0,910.0,700.0,210.0,700.0,1.0,,,,,1000.0,0,5,51,51008,Adjoumani-Kouassikro,5,COMPARISON,4,1.0,,,,,1,4,5,,,,,10.0,,,,,1,,,,,,,,,,3.0,,,,,11,0,0,1,1,0,1,0,1,1,1,1,1,1,1,1,1,1,61.0,1.0,0.0,151.66666666666666,15.0,15.0,20.0,50.0,0.0,100.0
7,1.5,6,0,250.0,200.0,50.0,,6.0,,,,,,1,7,71,71007,Bassadzin,7,RESTORE,4,1.0,,,,,0,5,5 97,,,,,,,,,,1,,,,,3 4,,,,,3.0,,,,,6,0,0,0,0,0,1,0,0,0,1,1,0,1,0,0,1,1,70.0,3.0,1.0,166.66666666666666,0.0,10.0,15.0,75.0,0.0,100.0
3,3.0,6,9,600.0,520.0,80.0,520.0,2.0,,,,,1000.0,0,5,51,51015,Bébou,5,COMPARISON,4,1.0,,,,,1,7,5,,,,,9.0,,,,,1,,,,,,,,,,2.0,,,,,7,0,1,0,0,0,0,0,1,1,1,1,0,1,1,1,1,1,69.0,,1.0,200.0,0.0,0.0,0.0,0.0,100.0,100.0
7,8.0,6,0,560.0,480.0,80.0,480.0,1.0,,,,,1000.0,0,5,51,51012,Zaranou,5,COMPARISON,4,1.0,,,,,0,5,5,5,,,,,,,,,1,1.0,,,,,,,,,0.0,2.0,,,,1,0,0,0,1,0,1,0,0,0,0,1,0,1,0,1,1,1,57.0,,0.0,70.0,6.25,0.0,75.0,18.75,0.0,100.0
4,0.0,3,0,210.0,120.0,90.0,,97.0,,,,,,0,4,41,41006,TATE2,4,COMPARISON,4,1.0,,,,,1,1,5,5,,,,1.0,1.0,1.0,,,1,1.0,1.0,,,1,,1,,,0.0,0.0,0.0,,,1,0,0,1,1,1,1,1,1,1,1,1,0,1,0,1,1,1,68.0,,0.0,,0.0,31.011673151750973,68.98832684824903,0.0,0.0,100.0
4,13.25,2,0,250.0,200.0,50.0,,1.0,,,,,,0,6,64,64002,Kouadioukro,6,COMPARISON,4,4.0,,,,,0,5,5,,,,,1.0,1.0,1.0,,,1,1.0,1.0,,,,,,,,0.0,0.0,0.0,,,2,0,0,1,1,0,1,1,1,1,0,1,1,1,0,1,1,1,60.0,1.0,0.0,18.867924528301888,10.0,90.0,0.0,0.0,0.0,100.0
8,5.0,3,0,250.0,175.0,75.0,,1.0,,,,,,0,7,71,54002,Bécédi-Brignan,7,RESTORE,4,1.0,,,,,0,5,97,,,,,1.0,1.0,,,,1,1.0,,,,,97,,,,0.0,0.0,,,,5,0,0,0,0,0,1,1,1,1,1,1,1,1,0,1,1,0,50.0,1.0,1.0,50.0,25.0,30.0,45.0,0.0,0.0,100.0
5,2.0,2,97,225.0,150.0,75.0,150.0,,,,,,1000.0,0,7,71,71005,Biasso,7,RESTORE,4,1.0,,,,,1,5,97,,,,,,,,,,1,,,,,,,,,,0.0,,,,,0,0,0,0,0,0,0,0,0,0,1,1,1,0,0,1,1,1,60.0,2.0,1.0,112.5,25.0,75.0,0.0,0.0,0.0,100.0
8,6.0,6,0,2500.0,1500.0,1000.0,,,,,,,,0,4,41,41017,BEOUE,4,RESTORE,0,1.0,,,,,0,4,5,,,,,6.0,6.0,,,,4,4.0,,,,,97,,,,0.0,3.0,,,,0,1,0,1,1,0,1,1,1,1,1,1,1,0,1,1,1,1,59.0,,0.0,416.6666666666667,0.0,0.0,15.0,50.0,35.0,100.0
4,3.0,4,0,150.0,120.0,30.0,,1.0,,,,,,0,5,51,51046,Kabrankro,5,COMPARISON,4,1.0,,,,,1,2,4,,,,,9.0,9.0,,,,1,1.0,,,,,97,,,,2.0,0.0,,,,2,0,0,0,1,0,0,0,0,1,1,1,0,1,0,1,1,1,50.0,,1.0,50.0,0.0,30.0,20.0,50.0,0.0,100.0
9,1.0,2,5,500.0,400.0,100.0,,1.0,,,,,,0,7,71,71007,Bassadzin,7,RESTORE,4,97.0,,,,,0,1,5,,,,,10.0,,,,,1,,,,,,,,,,0.0,,,,,3,1,1,1,1,1,1,1,0,1,1,1,1,1,0,1,1,1,40.0,1.0,1.0,500.0,10.0,90.0,0.0,0.0,0.0,100.0
5,4.0,1,0,125.0,95.0,30.0,,1.0,,,,,,0,7,71,71005,Biasso,7,RESTORE,4,1.0,,,,,0,5,5,,,,,10.0,10.0,,,,1,1.0,,,,,97,,,,0.0,0.0,,,,3,0,0,0,1,0,1,1,0,1,0,1,1,1,0,1,1,1,51.0,3.0,1.0,31.25,100.0,0.0,0.0,0.0,0.0,100.0
5,3.0,4,0,210.0,140.0,70.0,140.0,1.0,,,,,14.285714149475098,1,5,51,51024,Koitienko,5,RESTORE,4,1.0,,,,,1,1,5,,,,,10.0,,,,,1,,,,,,,,,,0.0,,,,,3,0,0,0,0,0,0,0,1,1,1,1,0,1,0,1,1,1,70.0,1.0,0.0,70.0,0.0,0.0,0.0,100.0,0.0,100.0
1,2.0,5,0,675.0,450.0,225.0,450.0,2.0,,,,,800.0,0,5,51,51003,Anuanua,5,COMPARISON,4,4.0,,,,,0,5,4,,,,,,,,,,2,,,,,,,,,,2.0,,,,,1,0,0,0,0,0,1,0,1,0,1,1,1,1,0,1,1,1,42.0,1.0,0.0,337.5,0.0,50.0,0.0,50.0,0.0,100.0
7,1.25,6,9,70.0,40.0,30.0,,,,,,,,0,7,71,71008,Mafa-Mafou,7,RESTORE,4,1.0,,,,,1,5,97,,,,,10.0,10.0,,,,1,1.0,,,,97,97,,,,3.0,0.0,,,,0,1,0,0,0,0,0,0,0,1,1,1,1,0,0,0,1,0,59.0,3.0,1.0,56.0,0.0,0.0,0.0,0.0,100.0,100.0
9,5.0,5,0,960.0,600.0,360.0,600.0,2.0,,,,,1000.0,0,4,41,41019,KARIE,4,RESTORE,0,1.0,,,,,1,7,5,,,,,11.0,,,,,4,,,,,,,,,,3.0,,,,,5,0,0,0,1,1,0,0,1,1,1,1,0,1,1,1,1,1,43.0,,0.0,192.0,0.0,0.0,0.0,100.0,0.0,100.0
4,2.0,2,0,1500.0,1000.0,500.0,,3.0,,,,,,0,4,41,41013,NIRO,4,COMPARISON,0,1.0,,,,,0,5,5 97,,,,,4.0,4.0,4.0,,,4,4.0,4.0,,,,,,,,0.0,0.0,2.0,,,4,1,0,1,1,1,1,1,1,1,1,1,0,1,1,1,1,1,34.0,,0.0,750.0,25.0,75.0,0.0,0.0,0.0,100.0
4,2.0,3,0,270.0,180.0,90.0,180.0,4.0,,,,,900.0,0,5,51,51030,Assémanou,5,RESTORE,1,1.0,,,,,1,5,5,,,,,1.0,1.0,,,,1,1.0,,,,3,4 5,,,,2.0,2.0,,,,4,0,0,1,0,1,0,0,0,1,1,1,0,1,0,0,1,0,50.0,1.0,1.0,135.0,0.0,0.0,100.0,0.0,0.0,100.0
2,3.0,2,0,715.0,330.0,385.0,330.0,1.0,,,,,1000.0,0,5,51,51001,Adahou,5,COMPARISON,4,1.0,,,,,0,5,4 5,,,,,9.0,,,,,1,,,,,,,,,,0.0,,,,,3,0,0,0,0,0,1,1,0,1,0,0,0,1,1,1,1,1,36.0,1.0,1.0,238.33333333333331,80.0,20.0,0.0,0.0,0.0,100.0
4,4.75,3,13 97,1840.0,1200.0,640.0,1200.0,2.0,,,,,1000.0,0,5,51,51046,Kabrankro,5,COMPARISON,4,1.0,,,,,0,5,4,,,,,10.0,,,,,1,1.0,1.0,1.0,1.0,1,97,97,11,11,2.0,2.0,2.0,2.0,2.0,14,0,0,0,0,0,0,0,0,1,1,1,0,1,1,0,1,1,49.0,6.0,1.0,387.3684210526316,50.0,20.0,5.0,25.0,0.0,100.0
12,13.0,5,0,4080.0,2880.0,1200.0,2880.0,2.0,,,,,1000.0,1,4,41,41024,POUTOU,4,RESTORE,0,2.0,,,,,0,6,5,,,,,8.0,8.0,8.0,8.0,8.0,4,4.0,4.0,4.0,4.0,,,,,,0.0,0.0,0.0,0.0,0.0,2,1,0,1,1,0,1,1,0,1,1,1,0,1,1,1,1,1,48.0,,0.0,313.84615384615387,0.0,0.0,50.0,50.0,0.0,100.0
3,6.0,6,11,800.0,480.0,320.0,480.0,4.0,,,,,1000.0,1,5,51,51014,ABRONAMOUE,5,COMPARISON,4,1.0,,,,,1,4,5,5,,,,9.0,10.0,,,,1,1.0,,,,,,,,,1.0,1.0,,,,7,0,1,0,0,1,0,1,1,1,1,1,1,1,0,1,1,1,56.0,3.0,0.0,133.33333333333334,0.0,25.0,41.66666666666667,33.33333333333333,0.0,100.0
7,14.0,3,97,540.0,400.0,140.0,,3.0,,,,,,0,5,53,53005,N'DRIKRO,5,COMPARISON,0,2.0,,,,,0,1,5,,,,,1.0,1.0,1.0,1.0,,1,1.0,1.0,1.0,,,97,97,97,,0.0,0.0,0.0,0.0,,2,1,0,1,1,1,1,1,0,1,1,0,0,1,0,1,1,1,52.0,,1.0,38.57142857142857,20.0,50.0,30.0,0.0,0.0,100.0
10,0.0,2,0,300.0,200.0,100.0,,97.0,,,,,,0,4,41,41011,KLODIO,4,COMPARISON,4,4.0,,,,,0,1,5,,,,,1.0,1.0,1.0,1.0,,1,1.0,1.0,1.0,,11,1 97,11,97,,0.0,0.0,0.0,0.0,,1,0,1,1,1,1,0,1,0,1,1,1,0,1,0,0,1,1,35.0,,1.0,,0.0,100.0,0.0,0.0,0.0,100.0
6,1.0,3,7,500.0,300.0,200.0,,,,,,,,0,4,41,41008,DAHIOKE,4,COMPARISON,2,1.0,,,,,0,3,5,,,,,10.0,,,,,1,,,,,,,,,,0.0,,,,,0,0,0,1,1,1,1,0,0,1,1,1,0,0,0,1,1,0,55.0,3.0,0.0,500.0,0.0,0.0,100.0,0.0,0.0,100.0
6,21.0,2,97,2580.0,1980.0,600.0,1920.0,2.0,,,,,1000.0,0,4,41,41002,DJEKA,4,COMPARISON,2,1.0,,,,,0,7,5,,,,,1.0,1.0,1.0,,,4,4.0,4.0,,,,,,,,0.0,0.0,0.0,,,3,1,0,1,0,1,0,0,0,1,1,1,0,1,1,1,1,1,52.0,2.0,1.0,122.85714285714286,0.0,100.0,0.0,0.0,0.0,100.0
15,18.25,5,0,570.0,500.0,70.0,,1.0,,,,,,0,7,72,72005,MOBIOKOUA,7,COMPARISON,4,1.0,,,,,0,4,4 5,,,,,9.0,10.0,10.0,10.0,9.0,1,1.0,1.0,1.0,1.0,,,,,,2.0,0.0,0.0,0.0,2.0,5,0,0,0,0,0,1,1,0,1,1,1,0,1,0,1,1,1,44.0,5.0,1.0,31.232876712328768,5.0,1.0,30.0,64.0,0.0,100.0
10,8.0,4,10,70.0,70.0,0.0,,1.0,,,,,,0,7,71,71009,Yakassé-Mé,7,RESTORE,4,3.0,,,,,0,5,97,,,,,1.0,,,,,1,,,,,,,,,,2.0,,,,,6,0,0,1,1,0,0,1,0,1,1,1,1,1,0,1,1,1,59.0,1.0,1.0,8.75,25.0,30.0,40.0,5.0,0.0,100.0
14,7.0,6,0,1500.0,1000.0,500.0,,,,,,,,0,7,71,71010,Blékoum,7,COMPARISON,0,2.0,,,,,0,3,5,5,,,,2.0,8.0,10.0,,,1,4.0,4.0,,,2,2,2,,,0.0,0.0,0.0,,,0,0,0,0,0,0,1,0,1,1,1,1,0,0,1,0,1,1,40.0,1.0,0.0,214.28571428571428,8.333333333333332,41.66666666666667,25.0,25.0,0.0,100.0
5,6.0,6,0,2600.0,2000.0,600.0,,1.0,,,,,,0,7,71,71010,Blékoum,7,COMPARISON,4,1.0,,,,,0,5,5,,,,,4.0,4.0,,,,4,4.0,,,,,,,,,0.0,0.0,,,,2,1,0,1,1,1,0,0,0,1,1,1,0,1,0,1,1,1,49.0,1.0,0.0,433.3333333333333,0.0,0.0,0.0,0.0,100.0,100.0
8,8.5,5,7,150.0,100.0,50.0,,2.0,,,,,,0,6,62,62001,Tioumoukro,6,COMPARISON,4,2.0,,,,,0,6,2,,,,,10.0,10.0,10.0,1.0,,1,1.0,1.0,1.0,,,,,,,0.0,0.0,0.0,0.0,,5,0,0,1,0,0,0,0,1,1,1,0,0,1,0,1,1,1,73.0,,1.0,17.647058823529413,0.0,0.0,0.0,100.0,0.0,100.0
14,8.5,6,0,1800.0,1440.0,360.0,1440.0,2.0,,,,,1000.0,0,4,41,41039,HANNIE,4,COMPARISON,4,3.0,,,,,0,7,5,,,,,8.0,8.0,8.0,,,4,4.0,4.0,,,,,,,,0.0,0.0,0.0,,,2,1,0,1,1,0,1,0,1,1,1,1,0,1,1,1,1,1,65.0,,0.0,211.76470588235293,0.0,0.0,0.0,0.0,100.0,100.0
2,0.5,3,0,140.0,105.0,35.0,105.0,1.0,,,,,12.142857551574709,1,5,51,51024,Koitienko,5,RESTORE,4,1.0,,,,,1,1,5,,,,,10.0,,,,,1,,,,,97,,,,,0.0,,,,,2,0,0,0,0,1,0,0,1,1,0,0,1,1,0,0,1,0,61.0,,1.0,280.0,20.0,0.0,80.0,0.0,0.0,100.0
6,8.529999732971191,3,3 7 12,1190.0,1050.0,140.0,1050.0,6.0,,,,,1000.0,0,5,51,51012,Zaranou,5,COMPARISON,4,1.0,,,,,0,7,4,,,,,9.0,10.0,9.0,,,1,1.0,1.0,,,1 11,,,,,0.0,0.0,0.0,,,7,0,0,0,1,0,0,0,0,1,1,1,0,1,0,1,1,1,48.0,7.0,0.0,139.50762453136633,0.0,0.0,100.0,0.0,0.0,100.0
4,4.0,6,0,100.0,0.0,100.0,,97.0,,,,,,1,7,74,74003,BOHOUIN,7,COMPARISON,4,4.0,,,,,0,1,5,,,,,10.0,9.0,,,,1,1.0,,,,9 97,97,,,,0.0,0.0,,,,2,0,1,0,1,0,1,1,0,1,0,1,0,1,0,0,1,1,67.0,,1.0,25.0,0.0,0.0,0.0,0.0,100.0,100.0
3,2.0,2,97,550.0,400.0,150.0,,,,,,,,0,4,41,41006,TATE2,4,COMPARISON,2,1.0,,,,,0,4,5,,,,,1.0,1.0,,,,1,1.0,,,,2,2,,,,2.0,0.0,,,,0,0,0,0,0,0,1,0,1,1,1,1,0,0,0,0,1,0,30.0,3.0,1.0,275.0,25.0,75.0,0.0,0.0,0.0,100.0
7,38.0,4,13,1210.0,1000.0,210.0,,6.0,,,,,,0,5,51,51009,Affalikro,5,COMPARISON,4,1.0,,,,,0,5,4,,,,,1.0,1.0,1.0,,,1,1.0,1.0,,,,,,,,0.0,0.0,0.0,,,4,0,1,1,1,1,1,0,0,1,1,1,1,1,1,1,1,1,65.0,5.0,1.0,31.84210526315789,0.0,0.0,100.0,0.0,0.0,100.0
7,4.0,5,0,340.0,200.0,140.0,,1.0,,,,,,0,7,74,74006,MONIN,7,COMPARISON,4,1.0,,,,,0,5,5 97,,,,,10.0,,,,,1,,,,,,,,,,0.0,,,,,3,0,0,1,1,1,1,1,0,1,0,1,1,1,0,1,1,1,54.0,1.0,0.0,85.0,0.0,25.0,0.0,75.0,0.0,100.0
3,2.5,2,97,195.0,130.0,65.0,130.0,1.0,,,,,2000.0,1,7,72,72003,BOGUIé,7,COMPARISON,4,1.0,,,,,0,4,5,,,,,10.0,,,,,1,,,,,4,,,,,0.0,,,,,2,0,0,1,0,0,0,0,1,1,0,1,1,1,0,0,1,1,43.0,8.0,0.0,78.0,35.0,65.0,0.0,0.0,0.0,100.0
7,5.0,6,0,1800.0,1350.0,450.0,1350.0,,,,,,1000.0,0,5,51,51017,Appoisso,5,RESTORE,3,1.0,,,,,0,5,5,,,,,10.0,,,,,1,,,,,,,,,,2.0,,,,,0,0,1,1,0,0,0,1,1,1,1,1,1,0,1,1,1,1,38.0,5.0,1.0,360.0,10.0,25.0,45.0,15.0,5.0,100.0
4,20.2450008392334,6,13,5390.0,3850.0,1540.0,3850.0,1.0,,,,,900.0,0,5,51,51012,Zaranou,5,COMPARISON,4,1.0,,,,,0,5,4,3,4,4,,10.0,10.0,10.0,10.0,10.0,1,1.0,1.0,1.0,1.0,,,,,97,0.0,0.0,0.0,0.0,0.0,3,0,0,0,1,0,0,0,1,1,1,1,1,1,1,1,1,1,64.0,1.0,1.0,266.2385663899088,71.61290322580646,6.129032258064516,10.161290322580644,8.064516129032258,4.032258064516129,100.0
4,1.0,1,0,170.0,100.0,70.0,,,,,,,,0,4,41,41016,TATE1,4,COMPARISON,2,3.0,,,,,0,5,5,,,,,1.0,,,,,1,,,,,1,,,,,2.0,,,,,0,0,0,1,1,1,1,0,0,1,1,1,0,0,0,0,1,1,23.0,,1.0,170.0,100.0,0.0,0.0,0.0,0.0,100.0
3,4.0,6,0,400.0,240.0,160.0,240.0,2.0,,,,,12.5,0,5,53,53004,N'Djorekro,5,COMPARISON,0,2.0,,,,,0,5,2 5,,,,,10.0,,,,,4,,,,,,,,,,0.0,,,,,4,1,1,1,1,0,1,0,1,1,1,0,0,1,1,1,1,1,34.0,1.0,0.0,100.0,1.0,4.0,5.0,20.0,70.0,100.0
4,4.0,2,6,450.0,350.0,100.0,350.0,1.0,,,,,900.0,0,5,51,51001,Adahou,5,COMPARISON,4,1.0,,,,,0,2,5,,,,,9.0,,,,,1,,,,,,,,,,0.0,,,,,4,0,0,0,1,1,1,0,1,1,1,1,1,1,1,1,1,1,57.0,7.0,1.0,112.5,10.0,10.0,20.0,60.0,0.0,100.0
4,8.0,5,6,3500.0,2200.0,1300.0,,1.0,,,,,,0,7,73,73003,Affery,7,COMPARISON,4,1.0,,,,,0,3,5,5,5,,,10.0,10.0,10.0,10.0,,1,1.0,1.0,1.0,,,,,97,,3.0,3.0,2.0,0.0,,5,1,1,0,1,0,1,1,1,1,0,1,1,1,0,1,1,1,55.0,5.0,1.0,437.5,12.982456140350877,23.385964912280702,57.49122807017544,2.456140350877193,3.684210526315789,100.0
3,10.0,1,13,790.0,480.0,310.0,,,,,,,,0,4,41,41015,TAOULOKE,4,COMPARISON,2,1.0,,,,,0,4,5,,,,,1.0,1.0,1.0,,,1,1.0,1.0,,,1,,1,,,0.0,0.0,0.0,,,0,1,1,1,1,1,0,0,0,1,1,1,0,0,0,1,1,1,49.0,1.0,1.0,79.0,100.0,0.0,0.0,0.0,0.0,100.0
4,4.5,3,0,1260.0,1190.0,70.0,1190.0,2.0,,,,,1000.0,1,7,70,71003,Anougbakro,7,RESTORE,0,2.0,,,,,0,7,5,5,,,,10.0,8.0,,,,1,1.0,,,,,,,,,3.0,0.0,,,,2,0,1,1,1,0,1,0,1,1,0,1,1,1,0,1,1,1,33.0,,1.0,280.0,11.232876712328768,0.0,88.76712328767124,0.0,0.0,100.0
5,3.5,3,6,80.0,80.0,0.0,80.0,1.0,,,,,1000.0,0,5,51,51024,Koitienko,5,RESTORE,4,1.0,,,,,0,1,4,,,,,,,,,,1,,,,,,,,,,0.0,,,,,2,0,1,0,0,0,0,0,1,0,1,1,0,1,0,1,1,1,36.0,4.0,1.0,22.857142857142858,30.0,50.0,20.0,0.0,0.0,100.0
15,7.0,6,9,910.0,710.0,200.0,,6.0,5.0,5.0,3.0,5.0,,0,7,71,71009,Yakassé-Mé,7,RESTORE,4,1.0,5.0,5.0,3.0,5.0,1,5,97,,,,,10.0,,,,,1,,,,,,,,,,0.0,,,,,3,1,0,0,1,0,0,0,1,1,1,1,0,1,0,1,1,1,61.0,1.0,1.0,130.0,20.0,20.0,30.0,20.0,10.0,100.0
7,4.0,2,97,300.0,240.0,60.0,240.0,97.0,,,,,1000.0,0,7,73,73003,Affery,7,COMPARISON,4,1.0,,,,,0,5,4 97,,,,,,,,,,1,1.0,,,,,9,,,,2.0,2.0,,,,1,0,0,0,1,0,1,1,1,0,1,1,1,1,0,1,1,1,74.0,97.0,0.0,75.0,10.0,90.0,0.0,0.0,0.0,100.0
7,5.0,6,0,80.0,80.0,0.0,,1.0,,,,,,0,7,74,74002,Montézo,7,COMPARISON,4,1.0,,,,,0,5,5,,,,,9.0,9.0,9.0,,,1,1.0,1.0,,,97,,,,,0.0,0.0,0.0,,,2,0,0,0,0,0,0,0,0,1,0,0,1,1,0,1,1,1,59.0,5.0,0.0,16.0,1.0,1.0,1.0,2.0,95.0,100.0
7,10.5,6,13,300.0,200.0,100.0,,1.0,,,,,,0,6,64,64002,Kouadioukro,6,COMPARISON,4,1.0,,,,,0,5,5,5,,,,5.0,5.0,9.0,,,1,1.0,1.0,,,,,97,,,0.0,0.0,0.0,,,0,0,0,0,0,0,1,1,1,1,0,1,1,1,0,1,1,1,73.0,,1.0,28.571428571428573,0.0,0.0,0.0,0.0,100.0,100.0
12,4.0,1,12,65.0,35.0,30.0,,1.0,,,,,,0,7,73,73005,Ahéoua,7,COMPARISON,4,1.0,,,,,0,5,97,,,,,10.0,10.0,,,,1,1.0,,,,,97,,,,0.0,0.0,,,,2,0,0,0,1,1,0,0,0,1,0,0,1,1,0,1,1,1,68.0,9.0,1.0,16.25,100.0,0.0,0.0,0.0,0.0,100.0
6,7.0,2,10,720.0,400.0,320.0,,,,,,,,0,4,41,41012,MERE,4,COMPARISON,0,1.0,,,,,0,5,5,,,,,2.0,,,,,2,,,,,,,,,,0.0,,,,,0,1,0,1,1,1,1,0,0,1,1,1,0,0,1,1,1,1,54.0,4.0,0.0,102.85714285714286,70.0,30.0,0.0,0.0,0.0,100.0
5,9.5,4,0,240.0,160.0,80.0,160.0,2.0,,,,,1000.0,0,6,61,61001,Abongoua,6,RESTORE,4,1.0,,,,,1,8,5,,,,,10.0,10.0,,,,1,1.0,,,,,,,,,0.0,0.0,,,,8,0,0,0,0,0,0,0,1,1,1,0,0,1,0,1,1,1,80.0,,1.0,25.26315789473684,0.0,20.0,80.0,0.0,0.0,100.0
2,5.0,2,0,120.0,60.0,60.0,60.0,3.0,,,,,1000.0,0,5,51,51025,Kouadiokro,5,RESTORE,0,2.0,,,,,1,4,5,,,,,10.0,,,,,1,,,,,,,,,,2.0,,,,,4,0,0,1,0,0,1,0,1,1,1,1,1,1,1,1,1,1,60.0,,0.0,24.0,0.0,100.0,0.0,0.0,0.0,100.0
10,9.0,2,10,10000.0,8000.0,2000.0,,1.0,,,,,,0,5,52,52001,Akakro,5,COMPARISON,4,1.0,,,,,0,5,97,,,,,6.0,,,,,1,,,,,,,,,,0.0,,,,,1,1,0,0,1,0,0,0,1,1,0,0,0,1,0,1,1,1,50.0,5.0,1.0,1111.111111111111,0.0,100.0,0.0,0.0,0.0,100.0
6,3.0,6,11,800.0,560.0,240.0,560.0,1.0,,,,,800.0,0,5,51,51038,Manfia,5,RESTORE,4,3.0,,,,,0,1,5,,,,,,,,,,1,,,,,,,,,,2.0,,,,,1,1,1,0,0,0,1,0,1,0,1,1,0,1,0,1,1,1,60.0,,0.0,266.6666666666667,0.0,0.0,0.0,30.0,70.0,100.0
4,5.0,6,0,1500.0,800.0,700.0,,2.0,,,,,,1,4,41,41027,GBAPET,4,RESTORE,0,1.0,,,,,0,3,3 5,2 5,,,,8.0,8.0,,,,4,4.0,,,,,3,,,,3.0,3.0,,,,5,1,0,1,1,0,1,1,1,1,1,1,0,1,1,1,1,1,53.0,1.0,0.0,300.0,0.0,6.0,52.0,42.0,0.0,100.0
9,9.0,6,12,500.0,350.0,150.0,,97.0,,,,,,0,7,71,71001,Annépé,7,COMPARISON,4,1.0,,,,,0,1,97,,,,,1.0,1.0,10.0,1.0,,1,1.0,1.0,1.0,,9,97,97,97,,0.0,0.0,0.0,0.0,,3,0,0,0,0,0,1,1,0,1,1,1,0,1,1,0,1,1,69.0,1.0,1.0,55.55555555555556,0.0,0.0,0.0,0.0,100.0,100.0
1,3.0,5,0,360.0,60.0,300.0,60.0,3.0,,,,,14.166666984558104,0,5,51,51002,Akoikro,5,COMPARISON,4,1.0,,,,,0,5,4 5,,,,,9.0,,,,,1,,,,,,,,,,3.0,,,,,4,0,1,0,1,0,1,0,1,1,1,1,0,1,0,1,1,1,68.0,2.0,1.0,120.0,0.0,0.0,50.0,50.0,0.0,100.0
9,7.199999809265137,3,0,167.0,100.0,67.0,,97.0,,,,,,0,7,71,54002,Bécédi-Brignan,7,RESTORE,4,1.0,,,,,1,6,97,,,,,10.0,,,,,1,,,,,,,,,,0.0,,,,,1,0,0,0,1,0,0,0,1,1,1,1,0,1,1,1,1,1,60.0,,1.0,23.194445058887403,0.0,0.0,100.0,0.0,0.0,100.0
5,1.5,3,97,400.0,250.0,150.0,,1.0,,,,,,0,7,71,71012,MAMINI,7,COMPARISON,4,1.0,,,,,0,7,5 97,,,,,9.0,,,,,1,,,,,,,,,,0.0,,,,,2,1,0,1,1,0,1,1,1,1,1,1,1,1,0,1,1,1,43.0,7.0,0.0,266.6666666666667,20.0,80.0,0.0,0.0,0.0,100.0
6,16.0,6,10 13,1700.0,1275.0,425.0,1275.0,2.0,,,,,825.0,1,5,51,51028,Ananguié,5,RESTORE,4,1.0,,,,,0,5,3 5,,,,,9.0,,,,,1,,,,,9,,,,,2.0,,,,,12,1,0,0,1,1,1,1,0,1,1,0,1,1,0,0,1,1,51.0,1.0,1.0,106.25,5.0,15.0,15.0,65.0,0.0,100.0
7,8.5,4,0,1045.0,700.0,345.0,,1.0,,,,,,0,4,41,41014,SEH,4,COMPARISON,0,2.0,,,,,0,6,5,5,5,,,6.0,8.0,8.0,5.0,,4,4.0,4.0,4.0,,,,,8,,0.0,0.0,0.0,3.0,,2,1,1,0,1,0,1,1,1,1,1,1,1,1,0,1,1,1,40.0,,0.0,122.94117647058825,18.823529411764707,35.294117647058826,45.88235294117647,0.0,0.0,100.0
6,7.0,4,0,2160.0,1600.0,560.0,1600.0,3.0,,,,,10.3125,0,5,51,51003,Anuanua,5,COMPARISON,4,1.0,,,,,0,6,4 5,,,,,9.0,,,,,1,,,,,,,,,,0.0,,,,,2,1,0,0,0,0,0,0,1,1,1,1,1,1,1,1,1,1,48.0,,0.0,308.57142857142856,0.0,40.0,60.0,0.0,0.0,100.0
3,2.0,2,0,2100.0,800.0,1300.0,,2.0,,,,,,0,4,41,41028,GNATO,4,RESTORE,4,2.0,,,,,1,3,5,,,,,8.0,,,,,4,,,,,,,,,,0.0,,,,,3,1,0,1,1,1,1,1,1,1,1,1,1,1,0,1,1,1,50.0,,0.0,1050.0,0.0,0.0,0.0,100.0,0.0,100.0
7,21.5,4,10,400.0,200.0,200.0,,1.0,,,,,,0,5,52,52001,Akakro,5,COMPARISON,3,2.0,,,,,0,5,97,,,,,1.0,,,,,1,,,,,,,,,,0.0,,,,,4,0,0,1,1,0,1,1,1,1,1,0,1,1,1,1,1,1,60.0,,1.0,18.6046511627907,0.0,0.0,100.0,0.0,0.0,100.0
3,1.0,3,6,90.0,60.0,30.0,60.0,2.0,,,,,1000.0,0,5,53,53004,N'Djorekro,5,COMPARISON,4,1.0,,,,,1,3,5,,,,,9.0,,,,,1,,,,,,,,,,2.0,,,,,5,0,1,1,0,0,0,1,1,1,1,1,0,1,0,1,1,0,34.0,1.0,1.0,90.0,10.0,10.0,80.0,0.0,0.0,100.0
9,7.0,6,0,630.0,450.0,180.0,450.0,3.0,,,,,11.11111068725586,0,5,51,51005,Takima,5,COMPARISON,0,2.0,,,,,0,5,4,,,,,10.0,,,,,1,,,,,,,,,,3.0,,,,,4,0,0,0,0,1,1,1,1,1,1,1,1,1,1,1,1,1,52.0,,1.0,90.0,10.0,20.0,20.0,20.0,30.0,100.0
5,8.0,3,0,6930.0,4970.0,1960.0,4970.0,2.0,,,,,1000.0,0,5,51,51001,Adahou,5,COMPARISON,4,1.0,,,,,0,5,5,5,,,,10.0,9.0,10.0,,,1,1.0,1.0,,,11,11,97,,,3.0,3.0,0.0,,,2,1,1,1,1,1,1,0,0,1,1,1,1,1,0,0,1,1,65.0,3.0,1.0,866.25,0.0,33.33333333333333,66.66666666666666,0.0,0.0,99.99999999999999
3,2.5,5,0,267.0,137.0,130.0,,1.0,,,,,,1,4,41,41012,MERE,4,COMPARISON,0,1.0,,,,,0,9,5,,,,,4.0,,,,,1,,,,,,,,,,3.0,,,,,1,0,0,0,1,1,1,0,1,1,1,1,0,1,0,1,1,1,34.0,,0.0,106.8,25.0,75.0,0.0,0.0,0.0,100.0
6,9.5,2,12,300.0,200.0,100.0,,1.0,,,,,,0,7,71,71006,Nyan,7,RESTORE,4,1.0,,,,,0,1,5,,,,,10.0,10.0,10.0,10.0,,1,1.0,1.0,1.0,,9,97,97,97,,0.0,0.0,0.0,0.0,,2,1,0,0,1,0,0,0,0,1,1,1,1,1,0,0,1,1,65.0,5.0,1.0,31.57894736842105,60.0,40.0,0.0,0.0,0.0,100.0
13,4.0,6,13,840.0,560.0,280.0,560.0,1.0,,,,,14.285714149475098,0,5,53,53001,Kokonou,5,COMPARISON,4,3.0,,,,,0,5,5,,,,,1.0,,,,,1,,,,,,,,,,0.0,,,,,4,0,1,1,1,0,0,1,1,1,1,0,1,1,0,1,1,1,64.0,,1.0,210.0,5.0,30.0,30.0,35.0,0.0,100.0
14,8.0,6,0,2125.0,1275.0,850.0,1105.0,97.0,,,,,1000.0,0,7,72,72003,BOGUIé,7,COMPARISON,4,1.0,,,,,0,8,4 5 97,4,3 5,,,1.0,1.0,1.0,,,1,1.0,1.0,,,,4,1,,,0.0,0.0,0.0,,,0,0,1,0,1,0,1,0,0,1,1,1,0,1,0,1,1,1,58.0,3.0,1.0,265.625,35.75,33.875,1.125,29.25,0.0,100.0
9,26.0,3,0,4000.0,3000.0,1000.0,,2.0,,,,,,1,4,41,41022,PARA,4,RESTORE,0,2.0,,,,,0,5,5,5,5,,,1.0,1.0,1.0,1.0,1.0,4,4.0,4.0,4.0,4.0,,,,,97,0.0,0.0,0.0,0.0,2.0,2,1,0,1,1,1,1,1,1,1,1,1,0,1,1,1,1,1,45.0,,0.0,153.84615384615384,0.0,0.0,62.82608695652174,37.173913043478265,0.0,100.0
12,8.0,6,5,2880.0,2700.0,180.0,2700.0,1.0,,,,,1000.0,0,5,51,51012,Zaranou,5,COMPARISON,1,2.0,,,,,0,5,5,,,,,,,,,,1,,,,,,,,,,2.0,,,,,4,0,0,0,1,0,1,0,1,0,1,0,0,1,0,1,1,1,61.0,,1.0,360.0,15.0,20.0,0.0,65.0,0.0,100.0
12,1.0,4,10,1850.0,1000.0,850.0,,1.0,,,,,,0,4,41,41014,SEH,4,COMPARISON,0,2.0,,,,,0,7,5,,,,,8.0,,,,,4,,,,,,,,,,0.0,,,,,1,1,1,1,1,1,1,0,1,1,1,1,0,1,1,1,1,1,60.0,,0.0,1850.0,12.0,25.0,63.0,0.0,0.0,100.0
9,7.0,6,7,4320.0,3120.0,1200.0,3120.0,,,,,,1000.0,0,4,41,41004,FETE,4,COMPARISON,0,1.0,,,,,0,5,5,5,,,,8.0,8.0,,,,4,4.0,,,,,97,,,,3.0,0.0,,,,0,1,0,1,1,0,1,0,0,1,0,1,1,0,1,1,1,1,43.0,,0.0,617.1428571428571,25.0,45.0,15.0,15.0,0.0,100.0
15,14.0,6,0,1800.0,1500.0,300.0,,1.0,,,,,,1,5,52,52001,Akakro,5,COMPARISON,3,2.0,,,,,0,5,5 97,,,,,1.0,,,,,1,,,,,,,,,,0.0,,,,,1,0,0,1,1,1,1,1,1,1,0,1,0,1,0,1,1,1,53.0,3.0,1.0,128.57142857142858,0.0,0.0,30.0,40.0,30.0,100.0
12,4.5,2,0,130.0,80.0,50.0,,,,,,,,0,4,41,41011,KLODIO,4,COMPARISON,2,3.0,,,,,0,1,5,,,,,1.0,1.0,,,,1,1.0,,,,,,,,,0.0,0.0,,,,0,0,0,0,0,0,1,0,1,1,1,0,0,0,0,1,1,1,58.0,8.0,1.0,28.88888888888889,30.0,70.0,0.0,0.0,0.0,100.0
6,2.0,4,1,280.0,210.0,70.0,210.0,97.0,,,,,1000.0,0,5,51,51036,Ahuasso,5,RESTORE,4,1.0,,,,,1,5,4 5,,,,,10.0,,,,,1,,,,,,,,,,0.0,,,,,3,0,0,0,1,0,0,0,0,1,0,0,1,1,0,1,1,1,46.0,1.0,1.0,140.0,30.0,0.0,70.0,0.0,0.0,100.0
4,5.0,2,7,618.0,367.0,251.0,,,,,,,,0,7,74,74006,Monin,7,COMPARISON,4,1.0,,,,,0,2,5 97,,,,,10.0,10.0,,,,1,1.0,,,,11,97,,,,2.0,0.0,,,,0,0,0,1,1,0,0,0,0,1,0,1,0,0,0,0,1,1,66.0,4.0,1.0,123.6,0.0,100.0,0.0,0.0,0.0,100.0
1,2.0,2,0,130.0,80.0,50.0,,1.0,,,,,,0,4,41,41011,KLODIO,4,COMPARISON,2,4.0,,,,,0,2,5,,,,,9.0,11.0,,,,1,1.0,,,,2,2,,,,0.0,0.0,,,,1,0,0,0,0,1,1,0,1,1,1,1,0,1,0,0,1,0,57.0,3.0,0.0,65.0,25.0,75.0,0.0,0.0,0.0,100.0
13,3.5,2,0,600.0,400.0,200.0,,2.0,,,,,,0,4,41,41039,HANNIE,4,COMPARISON,4,1.0,,,,,0,3,2 3 5,,,,,5.0,,,,,4,4.0,,,,,97,,,,0.0,2.0,,,,2,1,1,1,1,1,1,1,1,1,1,1,1,1,1,1,1,1,47.0,,0.0,171.42857142857142,0.0,0.0,100.0,0.0,0.0,100.0
7,4.599999904632568,5,0,175.0,155.0,20.0,,1.0,,,,,,0,7,71,71013,BOUDEPE,7,COMPARISON,4,1.0,,,,,0,5,97,,,,,1.0,,,,,1,1.0,,,,,,,,,0.0,0.0,,,,3,0,0,0,1,0,1,1,0,1,1,1,0,1,0,1,1,1,51.0,3.0,1.0,38.04347904958889,0.0,20.0,50.0,30.0,0.0,100.0
8,2.0,2,0,350.0,340.0,10.0,,,,,,,,0,4,41,41014,SEH,4,COMPARISON,0,2.0,,,,,0,4,5,,,,,8.0,,,,,4,,,,,,,,,,0.0,,,,,0,1,0,1,1,1,1,1,1,1,1,1,1,0,1,1,1,1,70.0,,0.0,175.0,15.0,85.0,0.0,0.0,0.0,100.0
7,6.5,4,0,4500.0,3000.0,1500.0,,2.0,,,,,,0,6,61,61001,Abongoua,6,RESTORE,4,3.0,,,,,0,6,5,,,,,8.0,1.0,,,,1,1.0,,,,,,,,,0.0,0.0,,,,4,0,1,0,1,0,0,1,0,1,0,1,0,1,1,1,1,1,47.0,,1.0,692.3076923076923,0.0,0.0,100.0,0.0,0.0,100.0
8,1.5,5,0,680.0,510.0,170.0,510.0,97.0,,,,,1000.0,0,7,75,75001,ASSE ORIé,7,COMPARISON,4,1.0,,,,,1,5,97,,,,,10.0,,,,,1,,,,,97,,,,,0.0,,,,,1,0,0,0,0,0,1,1,0,1,1,1,1,1,1,0,1,1,67.0,1.0,1.0,453.3333333333333,20.0,0.0,40.0,40.0,0.0,100.0
10,6.0,4,0,1520.0,1425.0,95.0,1425.0,1.0,,,,,800.0,1,5,51,51036,Ahuasso,5,RESTORE,4,1.0,,,,,1,8,4 5,,,,,10.0,,,,,1,,,,,,,,,,3.0,,,,,1,0,0,0,0,0,0,0,0,1,1,1,0,1,0,1,1,1,64.0,,1.0,253.33333333333331,0.0,0.0,0.0,100.0,0.0,100.0
2,4.0,1,12,1200.0,1000.0,200.0,,,,,,,,1,7,74,74003,BOHOUIN,7,COMPARISON,4,1.0,,,,,0,5,97,,,,,10.0,10.0,,,,2,1.0,,,,,9,,,,0.0,0.0,,,,0,1,0,0,1,0,0,0,0,1,1,1,0,0,0,1,1,1,69.0,3.0,1.0,300.0,100.0,0.0,0.0,0.0,0.0,100.0
4,8.5,3,0,175.0,140.0,35.0,140.0,,,,,,1000.0,0,5,51,51002,Akoikro,5,COMPARISON,4,1.0,,,,,0,6,4 5,5,,,,1.0,1.0,,,,1,1.0,,,,,,,,,0.0,0.0,,,,0,0,0,0,0,0,1,1,1,1,0,1,1,0,1,1,1,1,77.0,3.0,1.0,20.58823529411765,46.15384615384615,43.38461538461538,10.461538461538462,0.0,0.0,100.0
5,5.0,4,0,1000.0,700.0,300.0,,1.0,,,,,,0,7,71,54002,Bécédi-Brignan,7,RESTORE,4,4.0,,,,,0,5,97,,,,,10.0,10.0,10.0,,,1,1.0,1.0,,,,97,97,,,0.0,0.0,0.0,,,6,1,0,0,1,1,1,1,0,1,0,1,1,1,1,1,1,1,59.0,5.0,1.0,200.0,0.0,30.0,70.0,0.0,0.0,100.0
3,8.0,5,11,400.0,320.0,80.0,320.0,1.0,,,,,12.5,0,5,51,51009,Affalikro,5,COMPARISON,4,1.0,,,,,1,7,2 5,,,,,1.0,,,,,1,,,,,,,,,,0.0,,,,,10,0,1,0,0,1,1,0,1,1,1,0,0,1,0,1,1,1,62.0,4.0,0.0,50.0,5.0,5.0,30.0,60.0,0.0,100.0
5,3.0,6,6,640.0,560.0,80.0,560.0,2.0,,,,,12.5,0,5,51,51014,ABRONAMOUE,5,COMPARISON,4,1.0,,,,,0,3,5,,,,,1.0,,,,,1,,,,,,,,,,0.0,,,,,9,0,0,1,1,0,0,0,1,1,1,1,1,1,0,1,1,1,49.0,5.0,0.0,213.33333333333331,10.0,40.0,20.0,30.0,0.0,100.0
5,6.5,3,0,150.0,80.0,70.0,,1.0,,,,,,0,7,71,54002,Bécédi-Brignan,7,RESTORE,4,1.0,,,,,0,5,97,,,,,1.0,1.0,,,,1,1.0,,,,,97,,,,0.0,0.0,,,,4,1,0,1,1,0,0,0,0,1,0,1,1,1,0,1,1,1,30.0,5.0,1.0,23.07692307692308,10.0,10.0,80.0,0.0,0.0,100.0
7,4.0,3,0,5600.0,3200.0,2400.0,3200.0,,,,,,875.0,0,4,41,41014,SEH,4,COMPARISON,0,1.0,,,,,0,8,5,,,,,8.0,,,,,1,,,,,1,,,,,3.0,,,,,0,0,0,0,0,0,1,0,0,1,1,1,0,0,1,0,1,1,41.0,1.0,0.0,1400.0,0.0,50.0,50.0,0.0,0.0,100.0
4,0.0,2,97,375.0,250.0,125.0,,1.0,,,,,,0,4,41,41012,MERE,4,COMPARISON,4,1.0,,,,,0,5,5,5,,,,1.0,1.0,1.0,,,1,1.0,1.0,,,1,97,97,,,3.0,0.0,0.0,,,2,1,0,1,1,1,1,1,1,1,1,1,0,1,1,0,1,1,33.0,1.0,1.0,,53.63636363636364,46.36363636363636,0.0,0.0,0.0,100.0
5,3.0,3,0,525.0,350.0,175.0,350.0,2.0,,,,,1000.0,0,4,41,41028,GNATO,4,RESTORE,0,1.0,,,,,0,3,5,,,,,10.0,10.0,,,,4,4.0,,,,1,,,,,0.0,0.0,,,,2,1,0,1,1,1,1,0,0,1,1,1,0,1,1,1,1,1,35.0,1.0,1.0,175.0,0.0,0.0,100.0,0.0,0.0,100.0
13,4.0,6,13,845.0,715.0,130.0,715.0,1.0,,,,,1000.0,0,5,51,51012,Zaranou,5,COMPARISON,4,1.0,,,,,0,3,4 5,,,,,,,,,,1,,,,,,,,,,2.0,,,,,1,0,0,0,1,1,1,0,0,0,0,0,0,1,0,1,1,1,50.0,1.0,1.0,211.25,0.0,0.0,30.0,70.0,0.0,100.0
4,5.0,3,6 10,100.0,70.0,30.0,,97.0,,,,,,0,7,71,71013,BOUDEPE,7,COMPARISON,4,1.0,,,,,0,4,97,,,,,10.0,,,,,1,,,,,,,,,,0.0,,,,,7,0,0,0,0,0,0,0,1,1,1,1,1,1,0,1,1,1,48.0,7.0,1.0,20.0,5.0,5.0,90.0,0.0,0.0,100.0
7,4.0,6,0,1000.0,700.0,300.0,,1.0,,,,,,0,4,41,41003,GBAROU,4,COMPARISON,0,2.0,,,,,0,4,5,,,,,6.0,,,,,4,,,,,,,,,,0.0,,,,,5,1,0,0,1,0,1,1,1,1,1,1,1,1,1,1,1,1,55.0,,0.0,250.0,0.0,0.0,25.0,75.0,0.0,100.0
2,0.0,3,0,1900.0,1300.0,600.0,,1.0,,,,,,0,4,41,41006,TATE2,4,COMPARISON,4,3.0,,,,,0,1,5,5,,,,1.0,1.0,1.0,1.0,1.0,1,1.0,1.0,1.0,1.0,,97,97,97,97,3.0,0.0,0.0,0.0,0.0,3,1,0,1,1,1,1,1,1,1,1,1,1,1,0,1,1,1,52.0,3.0,0.0,,40.0,33.33333333333333,26.666666666666668,0.0,0.0,100.0
15,7.0,5,0,2000.0,1300.0,700.0,,2.0,,,,,,0,4,41,41002,DJEKA,4,COMPARISON,0,2.0,,,,,0,4,5,5,,,,4.0,6.0,4.0,,,4,4.0,4.0,,,,,97,,,3.0,3.0,3.0,,,1,1,0,1,1,0,1,1,1,1,0,1,0,1,1,1,1,1,56.0,,0.0,285.7142857142857,0.0,0.0,20.0,80.0,0.0,100.0
7,10.0,6,0,365.0,292.0,73.0,292.0,2.0,,,,,1000.0,0,5,51,51009,Affalikro,5,COMPARISON,4,1.0,,,,,1,7,2 5,,,,,1.0,,,,,1,,,,,,,,,,0.0,,,,,12,0,1,0,1,1,1,0,1,1,1,0,0,1,0,1,1,1,70.0,1.0,1.0,36.5,25.0,25.0,25.0,25.0,0.0,100.0
10,7.0,6,6 10 13,1000.0,700.0,300.0,,1.0,,,,,,0,7,73,73002,Adiaoukoi,7,COMPARISON,4,1.0,,,,,0,4,4,4,,,,10.0,10.0,10.0,10.0,,1,1.0,1.0,1.0,,,,97,97,,0.0,0.0,2.0,0.0,,3,0,0,1,1,0,0,0,0,1,1,0,0,1,0,1,1,1,61.0,1.0,1.0,142.85714285714286,0.0,0.0,0.0,100.0,0.0,100.0
3,5.199999809265137,3,0,1440.0,1440.0,0.0,1440.0,2.0,,,,,1000.0,0,5,51,51002,Akoikro,5,COMPARISON,4,3.0,,,,,0,1,4 5,4 5,,,,10.0,10.0,10.0,,,1,1.0,1.0,,,,,97,,,2.0,2.0,3.0,,,0,0,0,0,1,0,0,0,1,1,1,1,0,1,0,1,1,1,54.0,1.0,1.0,276.9230870805552,0.0,0.0,0.0,100.0,0.0,100.0
7,12.0,6,3,1125.0,750.0,375.0,750.0,2.0,,,,,1000.0,0,4,41,41002,DJEKA,4,COMPARISON,0,2.0,,,,,0,5,5,5,,,,10.0,6.0,8.0,8.0,,4,4.0,4.0,4.0,,,97,97,97,,0.0,0.0,0.0,0.0,,1,1,0,1,1,0,1,1,0,1,1,1,0,1,1,1,1,1,43.0,3.0,0.0,93.75,0.0,0.0,50.0,0.0,50.0,100.0
14,5.0,6,9,54.0,54.0,0.0,,1.0,,,,,,0,7,74,74002,Montézo,7,COMPARISON,4,1.0,,,,,0,2,5 97,,,,,1.0,,,,,1,,,,,,,,,,0.0,,,,,4,0,0,0,1,0,1,1,1,1,0,1,0,1,0,1,1,1,58.0,6.0,1.0,10.8,0.0,8.0,12.0,30.0,50.0,100.0
7,18.0,4,7,10.0,8.0,2.0,,1.0,,,,,,0,5,51,51009,Affalikro,5,COMPARISON,4,1.0,,,,,0,5,5,,,,,1.0,,,,,1,,,,,,,,,,2.0,,,,,1,0,0,0,1,0,0,1,0,1,1,1,0,1,1,1,1,1,64.0,6.0,0.0,0.5555555555555556,0.0,10.0,50.0,40.0,0.0,100.0
5,1.0,2,13,268.0,238.0,30.0,,97.0,,,,,,0,4,41,41016,TATE1,4,COMPARISON,2,1.0,,,,,0,4,5,,,,,1.0,,,,,1,,,,,,,,,,0.0,,,,,2,0,0,1,1,1,1,0,1,1,1,0,0,1,0,1,1,1,33.0,,1.0,268.0,50.0,50.0,0.0,0.0,0.0,100.0
3,10.0,6,0,2000.0,1200.0,800.0,,1.0,,,,,,0,5,51,51027,Ahininkro,5,RESTORE,4,1.0,,,,,0,6,3 4 5,5,,,,10.0,10.0,10.0,10.0,,1,1.0,1.0,1.0,,,,97,97,,0.0,0.0,2.0,2.0,,3,0,1,1,1,0,1,0,1,1,1,1,1,1,0,1,1,1,41.0,5.0,0.0,200.0,9.30232558139535,18.6046511627907,65.11627906976744,0.0,6.976744186046512,100.0
6,0.0,2,0,700.0,500.0,200.0,,97.0,,,,,,0,4,41,41015,TAOULOKE,4,COMPARISON,4,1.0,,,,,0,1,5,,,,,1.0,1.0,1.0,,,1,1.0,1.0,,,,,97,,,0.0,0.0,0.0,,,2,0,0,1,0,1,1,1,0,1,1,1,1,1,0,1,1,1,41.0,0.0,1.0,,100.0,0.0,0.0,0.0,0.0,100.0
7,2.0,2,0,150.0,120.0,30.0,,1.0,,,,,,0,7,71,71006,Nyan,7,RESTORE,4,4.0,,,,,0,5,5,,,,,1.0,1.0,,,,1,1.0,,,,,97,,,,0.0,0.0,,,,1,1,0,0,1,0,1,1,0,1,0,1,0,1,0,1,1,1,30.0,1.0,1.0,75.0,0.0,100.0,0.0,0.0,0.0,100.0
8,2.0,3,0,300.0,200.0,100.0,,1.0,,,,,,0,4,41,41013,NIRO,4,COMPARISON,0,2.0,,,,,0,5,5,,,,,8.0,,,,,1,,,,,,,,,,2.0,,,,,4,1,0,0,1,1,1,0,1,1,1,1,0,1,1,1,1,1,32.0,,0.0,150.0,25.0,25.0,50.0,0.0,0.0,100.0
6,2.0,2,13,240.0,160.0,80.0,160.0,1.0,,,,,12.5,0,6,64,64002,Kouadioukro,6,COMPARISON,4,4.0,,,,,0,5,5,,,,,1.0,1.0,,,,1,1.0,,,,,97,,,,0.0,0.0,,,,1,0,0,0,1,0,1,1,0,1,1,1,0,1,0,1,1,0,37.0,,1.0,120.0,50.0,50.0,0.0,0.0,0.0,100.0
12,16.5,6,0,4706.0,3456.0,1250.0,,2.0,,,,,,0,4,41,41017,BEOUE,4,RESTORE,0,2.0,,,,,0,5,,,,5,5.0,8.0,8.0,8.0,,8.0,4,4.0,4.0,4.0,4.0,97,97,97,,,0.0,0.0,3.0,0.0,0.0,0,1,0,1,1,1,1,1,0,1,1,1,0,1,1,1,1,1,55.0,3.0,0.0,285.2121212121212,0.0,0.0,0.0,100.0,0.0,100.0
5,9.0,6,0,2450.0,2100.0,350.0,2100.0,1.0,,,,,1000.0,0,5,51,51015,Bébou,5,COMPARISON,4,1.0,,,,,0,3,4 5,,,,,,,,,,1,,,,,,,,,,2.0,,,,,4,0,0,0,0,0,1,0,1,0,1,1,0,1,1,1,1,1,72.0,1.0,0.0,272.22222222222223,0.0,0.0,15.0,25.0,60.0,100.0
4,4.0,6,0,2000.0,1500.0,500.0,,2.0,,,,,,1,4,41,41021,NIGRE,4,RESTORE,0,2.0,,,,,0,4,2,,,,,10.0,10.0,,,,4,4.0,,,,,97,,,,0.0,3.0,,,,4,1,0,1,1,0,1,1,0,1,0,1,1,1,1,1,1,1,26.0,1.0,1.0,500.0,0.0,40.0,0.0,0.0,60.0,100.0
5,5.0,2,97,400.0,245.0,155.0,,,,,,,,0,4,41,41011,KLODIO,4,COMPARISON,2,1.0,,,,,0,7,5,,,,,1.0,,,,,1,,,,,,,,,,0.0,,,,,0,0,0,1,1,1,1,0,1,1,1,0,0,0,0,1,1,1,51.0,1.0,1.0,80.0,50.0,50.0,0.0,0.0,0.0,100.0
13,4.0,5,0,780.0,520.0,260.0,520.0,1.0,,,,,15.384614944458008,0,5,53,53001,Kokonou,5,COMPARISON,0,2.0,,,,,0,2,5,,,,,11.0,,,,,4,,,,,,,,,,0.0,,,,,1,0,1,0,1,0,1,1,1,1,1,1,0,1,0,1,1,1,50.0,,1.0,195.0,10.0,30.0,50.0,10.0,0.0,100.0
9,7.0,3,0,800.0,500.0,300.0,,1.0,,,,,,1,4,41,41024,POUTOU,4,RESTORE,3,2.0,,,,,0,2,5,4 5,,,,1.0,3.0,4.0,,,4,4.0,4.0,,,,1,97,,,0.0,0.0,3.0,,,2,1,1,1,1,1,1,1,0,1,1,1,0,1,1,1,1,1,31.0,,0.0,114.28571428571428,50.0,0.0,0.0,0.0,50.0,100.0
8,5.0,1,97,500.0,200.0,300.0,,,,,,,,0,4,41,41014,SEH,4,COMPARISON,2,1.0,,,,,0,3,5,,,,,10.0,10.0,,,,1,1.0,,,,1,,,,,3.0,0.0,,,,0,1,0,1,1,0,0,0,1,1,0,0,0,0,0,1,1,1,55.0,3.0,0.0,100.0,100.0,0.0,0.0,0.0,0.0,100.0
12,8.75,2,97,700.0,400.0,300.0,,97.0,,,,,,0,4,41,41012,MERE,4,COMPARISON,2,3.0,,,,,0,4,5,5,5,5,,10.0,10.0,10.0,10.0,10.0,1,1.0,1.0,1.0,1.0,,,,,,0.0,0.0,0.0,0.0,0.0,4,0,0,1,1,0,1,1,1,1,1,1,1,1,0,1,1,1,43.0,1.0,1.0,80.0,85.0,15.0,0.0,0.0,0.0,100.0
8,41.0,4,0,120.0,83.0,37.0,,1.0,,,,,,1,6,64,64002,Kouadioukro,6,COMPARISON,4,4.0,,,,,0,5,5,,,,,1.0,,,,,1,,,,,,,,,,0.0,,,,,1,0,1,1,1,0,1,1,1,1,0,0,0,1,0,1,1,1,60.0,4.0,1.0,2.926829268292683,10.0,45.0,30.0,15.0,0.0,100.0
5,3.0,4,11,260.0,195.0,65.0,195.0,2.0,,,,,1000.0,0,6,62,62001,Tioumoukro,6,COMPARISON,4,1.0,,,,,0,6,2,,,,,1.0,1.0,1.0,,,1,1.0,1.0,,,,,97,,,2.0,2.0,2.0,,,4,0,0,0,0,0,1,0,1,1,0,0,0,1,0,1,1,0,51.0,1.0,1.0,86.66666666666667,5.0,5.0,90.0,0.0,0.0,100.0
7,3.0,4,7,500.0,300.0,200.0,,3.0,,,,,,0,7,73,73002,Adiaoukoi,7,COMPARISON,2,1.0,,,,,0,5,5,,,,,1.0,,,,,1,1.0,,,,,,,,,0.0,2.0,,,,2,1,0,0,0,0,1,1,1,1,1,1,0,1,0,1,1,1,44.0,1.0,0.0,166.66666666666666,0.0,0.0,100.0,0.0,0.0,100.0
10,1.5,2,0,420.0,315.0,105.0,315.0,1.0,,,,,900.0,0,5,51,51003,Anuanua,5,COMPARISON,4,1.0,,,,,1,2,4,,,,,,,,,,2,2.0,,,,1,,,,,0.0,0.0,,,,2,0,0,0,0,0,1,0,0,0,0,0,1,1,1,1,1,1,55.0,3.0,1.0,280.0,28.000000000000004,72.0,0.0,0.0,0.0,100.0
6,34.0,6,0,6000.0,3600.0,2400.0,3600.0,2.0,,,,,1000.0,0,4,41,41019,KARIE,4,RESTORE,0,2.0,,,,,0,4,5,5,,,,10.0,10.0,10.0,10.0,10.0,4,4.0,4.0,4.0,4.0,,11,97,97,97,0.0,0.0,0.0,0.0,3.0,4,1,0,0,1,0,1,1,0,1,0,1,0,1,1,1,1,1,29.0,3.0,0.0,176.47058823529412,4.3478260869565215,0.0,0.0,95.65217391304348,0.0,100.0
4,2.5,1,10,310.0,158.0,152.0,,,,,,,,0,7,73,73005,Ahéoua,7,COMPARISON,4,3.0,,,,,0,5,5,,,,,1.0,,,,,1,,,,,11 97,,,,,2.0,,,,,0,0,0,0,0,0,1,1,0,1,1,1,0,0,0,0,1,1,45.0,4.0,1.0,124.0,100.0,0.0,0.0,0.0,0.0,100.0
15,6.0,6,0,2000.0,1200.0,800.0,,97.0,1.0,4.0,7.0,6.0,,0,7,71,51028,Ananguié,7,RESTORE,4,4.0,1.0,4.0,7.0,6.0,0,5,5,5,,,,10.0,10.0,10.0,,,1,1.0,1.0,,,,,97,,,2.0,0.0,0.0,,,8,1,1,0,0,0,0,0,0,1,1,1,1,1,0,1,1,1,56.0,1.0,1.0,333.3333333333333,0.0,18.939393939393938,26.969696969696972,54.090909090909086,0.0,100.0
4,2.0,1,0,70.0,50.0,20.0,,1.0,,,,,,0,4,41,41015,TAOULOKE,4,COMPARISON,0,2.0,,,,,0,2,5,,,,,4.0,4.0,,,,2,4.0,,,,,,,,,0.0,3.0,,,,1,1,0,1,1,0,1,1,1,1,0,1,1,1,1,1,1,1,39.0,,0.0,35.0,100.0,0.0,0.0,0.0,0.0,100.0
3,1.0,1,0,18.0,18.0,0.0,,1.0,,,,,,0,7,71,71008,Mafa-Mafou,7,RESTORE,4,1.0,,,,,0,1,5 97,,,,,9.0,10.0,10.0,,,1,1.0,1.0,,,,97,97,,,0.0,0.0,0.0,,,3,0,0,0,0,0,1,1,0,1,0,1,1,1,0,1,1,0,39.0,4.0,1.0,18.0,100.0,0.0,0.0,0.0,0.0,100.0
4,4.0,5,0,580.0,500.0,80.0,,1.0,,,,,,0,5,51,51014,ABRONAMOUE,5,COMPARISON,4,1.0,,,,,0,6,5,,,,,9.0,9.0,,,,1,4.0,,,,,,,,,0.0,0.0,,,,3,0,0,0,1,0,1,1,1,1,1,1,0,1,0,1,1,1,39.0,,1.0,145.0,5.0,10.0,10.0,75.0,0.0,100.0
11,7.0,1,0,600.0,400.0,200.0,,,,,,,,0,4,41,41015,TAOULOKE,4,COMPARISON,0,1.0,,,,,0,4,5,,,,,2.0,,,,,2,,,,,1,,,,,0.0,,,,,0,0,0,0,1,1,1,0,0,1,1,1,0,0,1,0,1,1,46.0,,0.0,85.71428571428571,100.0,0.0,0.0,0.0,0.0,100.0
4,8.0,6,6,2800.0,2000.0,800.0,,97.0,,,,,,0,6,64,64001,Alakro,6,COMPARISON,4,3.0,,,,,0,7,5,,,,,1.0,1.0,1.0,,,1,1.0,1.0,,,,97,,,,0.0,0.0,0.0,,,3,0,0,1,1,0,1,1,1,1,1,1,1,1,0,1,1,1,50.0,3.0,0.0,350.0,25.0,25.0,0.0,50.0,0.0,100.0
12,3.75,3,0,120.0,89.0,31.0,,2.0,,,,,,0,6,62,62001,Tioumoukro,6,COMPARISON,4,4.0,,,,,0,3,5,,,,,10.0,1.0,1.0,1.0,,1,1.0,1.0,1.0,,,,,97,,0.0,0.0,0.0,0.0,,6,0,0,1,1,0,1,0,0,1,0,0,0,1,0,1,1,0,52.0,1.0,1.0,32.0,10.0,15.0,75.0,0.0,0.0,100.0
2,5.0,6,0,200.0,120.0,80.0,120.0,2.0,,,,,1000.0,0,6,64,64002,Kouadioukro,6,COMPARISON,4,1.0,,,,,1,5,2 5,,,,,11.0,11.0,,,,1,1.0,,,,,,,,,0.0,0.0,,,,7,0,0,0,0,0,0,0,0,1,0,0,0,1,0,1,1,1,70.0,,1.0,40.0,0.0,0.0,0.0,0.0,100.0,100.0
2,4.5,6,5,400.0,240.0,160.0,240.0,2.0,,,,,1000.0,0,6,61,61001,Abongoua,6,RESTORE,4,1.0,,,,,1,7,5,5,,,,10.0,10.0,10.0,,,1,1.0,1.0,,,,,,,,0.0,0.0,0.0,,,11,1,1,0,0,0,1,0,0,1,1,0,0,1,0,1,1,1,58.0,1.0,0.0,88.88888888888889,15.11627906976744,15.11627906976744,0.0,69.76744186046511,0.0,100.0
13,0.0,1,97,35.0,25.0,10.0,,,,,,,,0,4,41,41016,TATE1,4,COMPARISON,4,1.0,,,,,0,1,5,5,,,,1.0,1.0,,,,1,1.0,1.0,,,,1,97,,,0.0,0.0,3.0,,,0,0,0,1,0,1,1,1,1,1,1,1,0,0,0,1,1,1,50.0,1.0,1.0,,100.0,0.0,0.0,0.0,0.0,100.0
6,3.0,5,5,200.0,150.0,50.0,,2.0,,,,,,0,6,64,64001,Alakro,6,COMPARISON,4,1.0,,,,,0,10,2 5,,,,,10.0,,,,,1,,,,,,,,,,0.0,,,,,15,0,0,1,0,0,1,0,1,1,1,1,0,1,0,1,1,1,41.0,1.0,0.0,66.66666666666667,0.0,0.0,0.0,100.0,0.0,100.0
3,2.5,5,0,195.0,150.0,45.0,,,,,,,,0,7,72,72003,BOGUIé,7,COMPARISON,4,1.0,,,,,1,5,5,,,,,1.0,,,,,1,,,,,97,,,,,0.0,,,,,0,0,0,0,0,0,1,0,0,1,1,1,0,0,0,0,1,1,49.0,1.0,0.0,78.0,0.0,0.0,50.0,50.0,0.0,100.0
10,6.0,6,12 13,975.0,900.0,75.0,900.0,1.0,,,,,850.0,0,5,51,51038,Manfia,5,RESTORE,4,2.0,,,,,0,5,4,4,4,,,2.0,10.0,10.0,10.0,,1,1.0,1.0,1.0,,,,,97,,0.0,2.0,2.0,2.0,,1,1,0,1,0,0,0,0,0,1,1,1,0,1,1,1,1,1,65.0,2.0,0.0,162.5,0.0,26.47058823529412,0.0,44.11764705882353,29.411764705882355,100.0
3,2.5,3,0,115.0,115.0,0.0,,1.0,,,,,,0,7,71,71005,Biasso,7,RESTORE,4,1.0,,,,,0,5,5,,,,,1.0,,,,,1,1.0,,,,,1,,,,0.0,0.0,,,,3,0,0,1,0,0,1,1,0,1,1,0,1,1,0,1,1,1,57.0,1.0,1.0,46.0,40.0,30.0,30.0,0.0,0.0,100.0
4,2.25,2,0,280.0,200.0,80.0,,2.0,,,,,,0,7,71,71012,MAMINI,7,COMPARISON,4,1.0,,,,,0,3,5,,,,,11.0,2.0,2.0,,,1,1.0,1.0,,,2,2,2 97,,,2.0,3.0,2.0,,,1,1,0,0,0,0,1,0,0,1,1,1,0,1,0,0,1,0,63.0,3.0,0.0,124.44444444444444,50.0,50.0,0.0,0.0,0.0,100.0
10,4.0,2,0,285.0,190.0,95.0,190.0,2.0,,,,,1000.0,0,4,41,41037,IRATO,4,COMPARISON,2,1.0,,,,,0,3,3,,,,,10.0,10.0,,,,1,1.0,,,,,97,,,,0.0,3.0,,,,2,0,0,0,1,1,1,1,0,1,1,1,0,1,0,1,1,1,32.0,,1.0,71.25,0.0,100.0,0.0,0.0,0.0,100.0
5,9.5,3,13,5400.0,5000.0,400.0,,1.0,,,,,,0,5,51,51014,ABRONAMOUE,5,COMPARISON,4,1.0,,,,,0,5,5,5,5,5,,,10.0,,,1.0,1,1.0,1.0,1.0,1.0,11,,11,11,,0.0,0.0,0.0,0.0,0.0,0,0,0,0,1,0,0,0,0,1,1,1,0,1,0,1,1,1,71.0,1.0,1.0,568.421052631579,0.0,10.344827586206897,89.65517241379311,0.0,0.0,100.0
4,16.0,6,7,15000.0,1000.0,500.0,,2.0,,,,,,0,5,52,52001,Akakro,5,COMPARISON,1,2.0,,,,,0,5,97,,,,,,,,,,1,,,,,,,,,,0.0,,,,,1,0,0,0,1,0,0,0,1,0,0,0,0,1,0,1,1,1,69.0,,1.0,937.5,0.0,0.0,0.0,30.0,70.0,100.0
4,2.5,4,0,1530.0,1080.0,450.0,1080.0,,,,,,1000.0,0,5,51,51003,Anuanua,5,COMPARISON,4,2.0,,,,,0,5,5,,,,,10.0,,,,,1,,,,,,,,,,3.0,,,,,0,0,1,0,1,0,1,1,1,1,0,1,1,0,0,1,1,1,38.0,,0.0,612.0,30.0,40.0,30.0,0.0,0.0,100.0
5,2.5,4,0,1100.0,700.0,400.0,,1.0,,,,,,0,7,71,71012,MAMINI,7,COMPARISON,4,1.0,,,,,1,4,5,,,,,1.0,,,,,1,,,,,,,,,,0.0,,,,,1,0,0,0,0,0,1,0,0,1,1,1,0,1,0,1,1,1,70.0,,1.0,440.0,0.0,50.0,0.0,50.0,0.0,100.0
6,5.5,6,0,410.0,260.0,150.0,,1.0,,,,,,0,7,74,74006,Monin,7,COMPARISON,4,1.0,,,,,0,5,97,,,,,10.0,10.0,,,,1,1.0,,,,97,97,,,,0.0,0.0,,,,1,1,0,1,1,0,0,0,0,1,0,1,0,1,0,0,1,1,50.0,,1.0,74.54545454545455,20.0,0.0,0.0,0.0,80.0,100.0
4,4.400000095367432,3,0,178.0,128.0,50.0,,1.0,,,,,,0,7,74,74006,Monin,7,COMPARISON,4,1.0,,,,,0,5,97,,,,,,,,,,1,,,,,,,,,,0.0,,,,,2,0,0,1,1,0,0,0,0,0,1,1,0,1,0,1,1,1,49.0,2.0,0.0,40.45454457771682,0.0,0.0,100.0,0.0,0.0,100.0
7,7.5,1,0,480.0,280.0,200.0,280.0,,,,,,1000.0,1,4,41,41037,IRATO,4,COMPARISON,2,3.0,,,,,0,6,5,,,,,10.0,10.0,,,,4,4.0,,,,97,,,,,3.0,0.0,,,,0,1,0,1,1,1,1,1,0,1,1,1,0,0,0,1,1,1,34.0,,0.0,64.0,100.0,0.0,0.0,0.0,0.0,100.0
4,3.0,3,0,1300.0,600.0,700.0,,1.0,,,,,,1,4,41,41028,GNATO,4,RESTORE,3,1.0,,,,,0,3,5,,,,,4.0,4.0,,,,4,4.0,,,,,,,,,0.0,0.0,,,,2,0,1,1,1,1,1,1,0,1,0,1,1,1,1,1,1,1,38.0,3.0,0.0,433.3333333333333,20.0,0.0,0.0,0.0,80.0,100.0
5,0.0,6,0,132.0,120.0,12.0,,1.0,,,,,,0,5,51,51046,Kabrankro,5,COMPARISON,97,2.0,,,,,0,1,5,,,,,,,,,,4,,,,,,,,,,2.0,,,,,8,1,0,0,1,0,1,0,0,0,0,0,1,1,1,1,1,0,41.0,4.0,0.0,,0.0,10.0,45.0,30.0,15.0,100.0
6,13.0,4,0,300.0,200.0,100.0,,1.0,,,,,,0,7,74,74006,Monin,7,COMPARISON,4,1.0,,,,,0,1,97,,,,,10.0,,,,,1,,,,,,,,,,0.0,,,,,1,0,0,1,1,1,0,0,0,1,1,1,0,1,0,1,1,1,56.0,1.0,1.0,23.07692307692308,0.0,0.0,0.0,100.0,0.0,100.0
1,3.0,3,5,245.0,210.0,35.0,210.0,2.0,,,,,1000.0,0,5,51,51046,Kabrankro,5,COMPARISON,4,1.0,,,,,1,6,5,,,,,10.0,,,,,1,,,,,5,,,,,2.0,,,,,4,0,0,0,0,0,0,0,1,1,1,0,1,1,1,0,1,1,59.0,,1.0,81.66666666666667,20.0,0.0,80.0,0.0,0.0,100.0
15,40.0,6,6,3800.0,3000.0,800.0,3000.0,4.0,1.0,3.0,6.0,7.0,1000.0,1,5,51,51025,Kouadiokro,5,RESTORE,0,2.0,1.0,3.0,6.0,7.0,0,10,4 5,4 5,4 5,,,10.0,10.0,10.0,10.0,,1,1.0,1.0,1.0,,,11,,,,0.0,0.0,3.0,0.0,,1,0,0,1,1,1,1,1,1,1,1,1,1,1,1,1,1,1,57.0,,1.0,95.0,0.0,0.0,0.0,52.5,47.5,100.0
4,4.0,1,0,540.0,360.0,180.0,360.0,2.0,,,,,1000.0,0,4,41,41026,DEBLABLAI,4,RESTORE,3,2.0,,,,,1,4,5,,,,,8.0,,,,,4,,,,,,,,,,0.0,,,,,1,1,0,1,1,0,1,0,0,1,1,1,0,1,1,0,1,1,42.0,1.0,0.0,135.0,15.0,30.0,30.0,25.0,0.0,100.0
6,5.0,3,0,595.0,453.0,142.0,,1.0,,,,,,0,7,71,71007,Bassadzin,7,RESTORE,4,1.0,,,,,0,5,97,97,,,,1.0,97.0,,,,1,1.0,,,,,,,,,3.0,0.0,,,,4,1,0,1,1,0,1,1,1,1,0,1,1,1,0,1,1,1,53.0,2.0,1.0,119.0,29.160000000000004,42.04,28.799999999999997,0.0,0.0,100.0
5,10.0,4,0,1120.0,800.0,320.0,800.0,1.0,,,,,1000.0,0,4,41,41008,DAHIOKE,4,COMPARISON,2,1.0,,,,,0,2,5,,,,,10.0,10.0,,,,1,1.0,,,,,,,,,2.0,0.0,,,,1,0,0,1,1,1,1,0,0,1,1,1,0,1,0,1,1,1,50.0,,1.0,112.0,20.0,30.0,50.0,0.0,0.0,100.0
7,4.0,4,0,720.0,450.0,270.0,450.0,1.0,,,,,1000.0,0,5,51,51017,Appoisso,5,RESTORE,2,1.0,,,,,0,2,4 5,,,,,10.0,,,,,1,,,,,,,,,,2.0,,,,,2,1,0,0,1,1,1,0,1,1,1,1,1,1,1,1,1,1,40.0,1.0,1.0,180.0,50.0,0.0,50.0,0.0,0.0,100.0
9,4.849999904632568,3,0,1000.0,1000.0,0.0,,97.0,,,,,,0,5,51,51028,Ananguié,5,RESTORE,4,3.0,,,,,0,10,5,,,,,10.0,,,,,1,,,,,,,,,,3.0,,,,,1,1,1,0,1,1,0,1,1,1,1,1,0,1,0,1,1,1,45.0,1.0,1.0,206.1855710646161,0.0,50.0,50.0,0.0,0.0,100.0
2,5.0,6,0,630.0,490.0,140.0,490.0,2.0,,,,,850.0,0,4,41,41009,DONIE,4,COMPARISON,2,1.0,,,,,0,10,5,,,,,1.0,1.0,,,,1,1.0,,,,2,2,,,,3.0,3.0,,,,2,0,1,0,0,1,0,0,1,1,0,0,0,1,0,0,1,1,66.0,5.0,0.0,126.0,25.0,25.0,25.0,25.0,0.0,100.0
5,3.0,6,9,250.0,250.0,0.0,,1.0,,,,,,0,7,71,71008,Mafa-Mafou,7,RESTORE,4,1.0,,,,,0,3,5 97,,97,,,1.0,1.0,,,,1,1.0,1.0,,,,,97,,,0.0,0.0,0.0,,,6,1,0,1,1,0,1,1,1,1,0,1,1,1,0,1,1,0,60.0,5.0,1.0,83.33333333333333,18.97590361445783,24.096385542168676,0.0,0.0,56.92771084337349,100.0
4,6.5,6,7 10,1080.0,810.0,270.0,810.0,2.0,,,,,800.0,0,5,51,51028,Ananguié,5,RESTORE,4,1.0,,,,,0,7,,97,,,,,,,,,1,1.0,,,,,,,,,0.0,0.0,,,,0,0,0,0,0,0,1,1,1,0,1,1,0,1,1,1,1,1,47.0,,0.0,166.15384615384616,5.0,15.0,80.0,0.0,0.0,100.0
5,10.0,6,4,910.0,700.0,210.0,700.0,6.0,,,,,100.0,0,5,51,51047,Bossematié,5,COMPARISON,4,1.0,,,,,1,4,4,,,,,10.0,9.0,,,,1,1.0,,,,,1 9,,,,2.0,2.0,,,,4,0,0,0,1,0,0,0,0,1,0,1,0,1,0,0,1,1,75.0,,1.0,91.0,0.0,0.0,0.0,100.0,0.0,100.0
6,2.0,6,7,195.0,130.0,65.0,,1.0,,,,,,0,7,74,74002,Montézo,7,COMPARISON,4,1.0,,,,,0,9,5,,,,,9.0,9.0,,,,1,1.0,1.0,,,,97,97,,,0.0,0.0,0.0,,,5,0,0,0,1,0,1,1,1,1,0,1,1,1,0,1,1,0,60.0,1.0,1.0,97.5,2.0,0.0,8.0,0.0,90.0,100.0
5,1.0,3,0,210.0,140.0,70.0,140.0,,,,,,14.285714149475098,0,6,62,62001,Tioumoukro,6,COMPARISON,4,1.0,,,,,0,5,2 4 5,,,,,1.0,1.0,,,,1,1.0,,,,,97,,,,2.0,0.0,,,,0,0,0,0,0,0,1,1,1,1,0,1,1,0,0,1,1,1,63.0,2.0,1.0,210.0,15.0,30.0,55.00000000000001,0.0,0.0,100.0
4,3.5,2,0,2300.0,2000.0,300.0,,2.0,,,,,,0,4,41,41015,TAOULOKE,4,COMPARISON,0,2.0,,,,,0,2,5,5,,,,2.0,2.0,,,,4,1.0,,,,,2,,,,2.0,0.0,,,,2,0,0,0,0,1,1,0,1,1,1,1,1,1,0,1,1,1,32.0,,0.0,657.1428571428571,50.0,50.0,0.0,0.0,0.0,100.0
7,7.0,6,5,900.0,700.0,200.0,,2.0,,,,,,0,7,72,72005,MOBIOKOUA,7,COMPARISON,4,1.0,,,,,0,3,5,5,,,,10.0,8.0,1.0,1.0,1.0,1,1.0,1.0,1.0,1.0,2,2,97,2,2,3.0,0.0,0.0,0.0,2.0,5,0,0,1,0,0,1,0,1,1,1,1,0,1,0,0,1,1,55.0,3.0,0.0,128.57142857142858,25.0,44.642857142857146,27.142857142857142,3.214285714285714,0.0,99.99999999999999
9,6.0,4,0,980.0,700.0,280.0,700.0,1.0,,,,,1000.0,0,5,51,51005,Takima,5,COMPARISON,0,2.0,,,,,0,2,4 5,4 5,,,,10.0,10.0,,,,1,1.0,,,,,,,,,0.0,0.0,,,,3,1,0,1,1,0,1,1,1,1,0,0,1,1,1,1,1,1,36.0,,1.0,163.33333333333334,10.0,36.666666666666664,20.0,33.33333333333333,0.0,99.99999999999999
8,2.5,5,10,175.0,130.0,45.0,,1.0,,,,,,0,7,71,71007,Bassadzin,7,RESTORE,4,3.0,,,,,0,6,5,,,,,1.0,1.0,,,,1,1.0,,,,,,,,,0.0,0.0,,,,6,1,0,0,1,0,1,1,1,1,1,1,0,1,0,1,1,1,49.0,5.0,0.0,70.0,0.0,0.0,0.0,100.0,0.0,100.0
7,4.0,5,97,2400.0,2000.0,400.0,2000.0,1.0,,,,,12.5,1,6,61,61001,Abongoua,6,RESTORE,4,1.0,,,,,0,5,2 3 4,,,,,1.0,,,,,1,,,,,,,,,,0.0,,,,,5,0,0,0,0,0,1,1,0,1,1,1,0,1,0,1,1,1,45.0,1.0,1.0,600.0,10.0,30.0,40.0,20.0,0.0,100.0
6,6.5,2,0,115.0,80.0,35.0,,1.0,,,,,,0,4,41,41011,KLODIO,4,COMPARISON,2,4.0,,,,,0,7,5,5,,,,10.0,10.0,10.0,10.0,10.0,1,1.0,1.0,1.0,1.0,,,,,,0.0,2.0,0.0,0.0,0.0,5,0,0,1,1,0,1,1,1,1,1,1,1,1,0,1,1,1,42.0,1.0,1.0,17.692307692307693,75.0,25.0,0.0,0.0,0.0,100.0
14,9.0,6,0,250.0,150.0,100.0,,1.0,,,,,,0,5,52,52001,Akakro,5,COMPARISON,0,2.0,,,,,0,5,5,,,,,10.0,10.0,,,,4,4.0,,,,,97,,,,0.0,0.0,,,,1,0,0,1,0,0,0,1,1,1,1,1,0,1,1,1,1,1,55.0,,1.0,27.77777777777778,0.0,0.0,0.0,100.0,0.0,100.0
14,2.0,6,13,200.0,200.0,0.0,,97.0,,,,,,0,7,71,71008,Mafa-Mafou,7,RESTORE,4,1.0,,,,,0,2,5,5,5,,,1.0,10.0,10.0,,,1,1.0,1.0,,,3,,3,,,0.0,0.0,0.0,,,1,0,0,0,0,0,1,1,0,1,0,0,0,1,0,1,1,0,65.0,1.0,1.0,100.0,0.0,0.0,0.0,0.0,100.0,100.0
3,20.0,6,6 11,3040.0,2400.0,640.0,2400.0,97.0,,,,,900.0,0,5,51,51015,Bébou,5,COMPARISON,4,1.0,,,,,0,5,5,4 5,,,,1.0,,,,,1,1.0,,,,97,97,,,,2.0,2.0,,,,7,0,0,1,0,0,1,0,1,1,1,1,0,1,0,0,1,1,51.0,8.0,1.0,152.0,7.5,10.0,20.0,62.5,0.0,100.0
1,6.0,6,0,400.0,300.0,100.0,,1.0,,,,,,0,7,71,71010,Blékoum,7,COMPARISON,4,3.0,,,,,0,3,5,,,,,9.0,,,,,1,,,,,,,,,,0.0,,,,,1,0,0,0,1,1,1,0,1,1,1,1,0,1,0,1,1,1,39.0,1.0,1.0,66.66666666666667,0.0,0.0,0.0,0.0,100.0,100.0
8,2.900000095367432,5,6,485.0,400.0,85.0,,1.0,,,,,,0,5,51,51011,N'Gouanda,5,COMPARISON,4,1.0,,,,,0,5,4 5,4 5,,,,10.0,10.0,,,,1,1.0,,,,,,,,,0.0,0.0,,,,2,0,0,0,1,0,0,0,1,1,1,1,0,1,0,1,1,1,53.0,1.0,1.0,167.24137381055849,0.0,17.5,63.74999999999999,18.75,0.0,100.0
4,8.0,6,13,2310.0,1750.0,560.0,1750.0,1.0,,,,,1000.0,0,5,51,51011,N'Gouanda,5,COMPARISON,4,1.0,,,,,0,7,4 5,4 5,4 5,,,10.0,9.0,10.0,10.0,9.0,1,1.0,1.0,1.0,1.0,,,,,,0.0,2.0,0.0,0.0,0.0,4,1,0,0,1,1,0,0,0,1,1,1,0,1,0,1,1,1,57.0,1.0,1.0,288.75,0.0,0.0,39.21568627450981,0.0,60.78431372549019,100.0
7,4.5,3,1,840.0,490.0,350.0,490.0,6.0,,,,,14.285714149475098,0,5,51,51032,N'Grakon,5,RESTORE,4,1.0,,,,,1,5,4,,,,,4.0,4.0,,,,1,1.0,,,,,9,,,,0.0,0.0,,,,7,1,1,0,1,0,0,0,0,1,1,1,0,1,0,1,1,1,56.0,,0.0,186.66666666666663,0.0,0.0,100.0,0.0,0.0,100.0
8,10.0,6,6,3400.0,3000.0,400.0,,1.0,,,,,,0,5,51,51015,Bébou,5,COMPARISON,4,1.0,,,,,0,6,4 5,5,,,,,,,,,1,1.0,1.0,,,3,4,97,,,0.0,2.0,0.0,,,1,0,0,1,1,0,1,0,1,0,1,1,0,1,1,0,1,1,41.0,5.0,1.0,340.0,0.0,4.0,10.0,42.0,44.0,100.0
7,2.0,3,0,750.0,450.0,300.0,,1.0,,,,,,0,5,53,53004,N'Djorekro,5,COMPARISON,3,3.0,,,,,0,5,4,,,,,4.0,,,,,2,1.0,,,,,97,,,,0.0,0.0,,,,1,0,0,0,1,1,1,1,0,1,1,1,1,1,1,1,1,1,33.0,,0.0,375.0,0.0,50.0,50.0,0.0,0.0,100.0
8,3.0,4,7,50.0,50.0,0.0,,,,,,,,0,7,74,74003,BOHOUIN,7,COMPARISON,4,1.0,,,,,1,4,97,,,,,9.0,,,,,1,,,,,97,,,,,0.0,,,,,0,0,0,0,0,0,0,0,0,1,1,1,0,0,0,0,1,1,60.0,4.0,1.0,16.666666666666668,20.0,30.0,50.0,0.0,0.0,100.0
6,3.5,4,7,1040.0,880.0,160.0,880.0,6.0,,,,,900.0,0,5,51,51046,Kabrankro,5,COMPARISON,4,2.0,,,,,0,7,5,5,,,,10.0,9.0,,,,1,1.0,,,,,3,,,,2.0,2.0,,,,7,0,0,0,0,0,1,0,1,1,1,0,0,1,1,1,1,1,51.0,,1.0,297.1428571428572,60.0,8.0,32.0,0.0,0.0,100.0
5,6.0,1,1,260.0,200.0,60.0,,,,,,,,0,4,41,41012,MERE,4,COMPARISON,2,1.0,,,,,0,3,5,,,,,1.0,,,,,1,,,,,,,,,,0.0,,,,,0,0,0,1,1,1,1,0,0,1,0,0,0,0,0,1,1,1,50.0,3.0,1.0,43.333333333333336,100.0,0.0,0.0,0.0,0.0,100.0
6,4.0,4,13,3000.0,2500.0,500.0,,1.0,,,,,,0,7,73,73003,Affery,7,COMPARISON,4,1.0,,,,,0,3,4,,,,,,,,,,1,,,,,,,,,,2.0,,,,,2,1,1,0,0,0,0,1,1,0,1,0,0,1,0,1,1,1,71.0,2.0,1.0,750.0,0.0,75.0,25.0,0.0,0.0,100.0
4,0.0,2,0,160.0,100.0,60.0,,,,,,,,0,4,41,41032,OLODIO,4,RESTORE,97,2.0,,,,,0,6,5,,,,,6.0,,,,,1,,,,,97,,,,,0.0,,,,,0,1,0,1,1,0,0,0,1,1,1,1,0,0,0,0,1,1,30.0,1.0,0.0,,0.0,100.0,0.0,0.0,0.0,100.0
8,10.0,6,0,2100.0,1800.0,300.0,1800.0,2.0,,,,,1000.0,0,4,41,41003,GBAROU,4,COMPARISON,0,2.0,,,,,0,7,5,5,,,,8.0,8.0,,,,4,4.0,,,,,,,,,0.0,0.0,,,,5,1,0,0,1,1,1,1,0,1,1,1,0,1,1,1,1,1,44.0,,0.0,210.0,6.0,0.0,40.0,54.0,0.0,100.0
11,19.75,4,6,470.0,400.0,70.0,,1.0,,,,,,0,5,53,53005,N'DRIKRO,5,COMPARISON,4,1.0,,,,,0,3,4,,,,,1.0,1.0,,,,1,1.0,,,,,,,,,0.0,0.0,,,,1,0,0,0,1,0,1,1,0,1,1,1,1,1,0,1,1,1,57.0,,0.0,23.79746835443038,18.0,10.0,72.0,0.0,0.0,100.0
8,9.0,6,0,2800.0,1700.0,1100.0,,2.0,,,,,,1,4,41,41022,PARA,4,RESTORE,0,1.0,,,,,0,7,5,,,,,6.0,6.0,,,,4,4.0,,,,,97,,,,0.0,3.0,,,,3,1,0,1,1,1,1,1,1,1,1,1,0,1,1,1,1,1,58.0,,0.0,311.1111111111111,0.0,0.0,0.0,100.0,0.0,100.0
4,1.5,3,0,500.0,350.0,150.0,,1.0,,,,,,0,7,71,71012,MAMINI,7,COMPARISON,4,1.0,,,,,0,5,5,,,,,10.0,,,,,1,,,,,,,,,,0.0,,,,,1,0,0,0,1,0,1,0,1,1,1,1,0,1,1,1,1,1,44.0,,1.0,333.3333333333333,0.0,30.0,70.0,0.0,0.0,100.0
15,21.0,6,0,2500.0,2000.0,500.0,,2.0,,,,,,0,7,71,71010,Blékoum,7,COMPARISON,0,2.0,,,,,0,3,5,5,5,,,8.0,8.0,8.0,8.0,8.0,1,1.0,1.0,1.0,1.0,2,2,2,2,2,0.0,0.0,0.0,0.0,0.0,0,0,0,0,0,0,1,0,0,1,1,1,0,1,0,0,1,1,53.0,,0.0,119.04761904761904,25.454545454545453,26.36363636363636,17.272727272727273,30.909090909090907,0.0,100.0
9,3.0,2,97,70.0,70.0,0.0,,6.0,,,,,,0,7,74,74002,Montézo,7,COMPARISON,4,1.0,,,,,0,5,97,,,,,9.0,9.0,,,,1,1.0,,,,,97,,,,0.0,0.0,,,,4,0,1,0,1,0,0,0,0,1,1,1,0,1,0,1,1,1,57.0,1.0,1.0,23.33333333333333,2.0,30.0,0.0,68.0,0.0,100.0
6,4.699999809265137,6,97,665.0,420.0,245.0,420.0,2.0,,,,,1000.0,0,4,41,41027,GBAPET,4,RESTORE,0,2.0,,,,,0,9,5,,,,,10.0,,,,,4,,,,,,,,,,0.0,,,,,1,1,1,0,1,0,0,0,1,1,1,1,0,1,1,1,1,1,42.0,,0.0,141.489367444033,0.0,0.0,0.0,0.0,100.0,100.0
4,5.5,6,0,550.0,400.0,150.0,,2.0,,,,,,0,7,72,72005,MOBIOKOUA,7,COMPARISON,4,1.0,,,,,0,6,5,,,,,8.0,8.0,8.0,,,1,1.0,1.0,,,2,2,2,,,2.0,2.0,2.0,,,1,0,1,1,0,1,1,0,1,1,1,1,0,1,0,0,1,1,52.0,1.0,0.0,100.0,25.0,25.0,35.0,15.0,0.0,100.0
2,6.0,5,0,700.0,490.0,210.0,490.0,2.0,,,,,1000.0,0,6,62,62001,Tioumoukro,6,COMPARISON,4,1.0,,,,,0,6,2 3,,,,,10.0,,,,,1,,,,,,,,,,2.0,,,,,11,0,0,1,1,0,1,0,1,1,0,1,0,1,0,1,1,1,59.0,3.0,1.0,116.66666666666669,5.0,10.0,80.0,5.0,0.0,100.0
9,8.0,6,0,1000.0,600.0,400.0,,1.0,,,,,,0,7,73,73002,Adiaoukoi,7,COMPARISON,4,1.0,,,,,0,5,97,,,,,10.0,,,,,1,,,,,,,,,,0.0,,,,,3,0,0,0,1,0,1,1,1,1,1,1,1,1,0,1,1,1,61.0,1.0,1.0,125.0,17.0,25.0,50.0,3.0,5.0,100.0
7,10.0,3,10,910.0,630.0,280.0,630.0,1.0,,,,,14.285714149475098,0,5,53,53005,N'DRIKRO,5,COMPARISON,4,3.0,,,,,0,5,5 97,,,,,1.0,,,,,1,,,,,97,,,,,0.0,,,,,4,0,0,1,1,1,0,1,0,1,1,1,0,1,0,0,1,1,51.0,3.0,1.0,91.0,20.0,50.0,30.0,0.0,0.0,100.0
3,3.0,2,0,400.0,240.0,160.0,240.0,1.0,,,,,850.0,0,5,51,51005,Takima,5,COMPARISON,0,2.0,,,,,0,1,5,,,,,10.0,,,,,1,,,,,,,,,,2.0,,,,,2,0,0,0,1,0,1,0,1,1,1,1,1,1,1,1,1,1,43.0,1.0,1.0,133.33333333333334,20.0,80.0,0.0,0.0,0.0,100.0
1,5.0,1,0,350.0,250.0,100.0,,1.0,,,,,,0,4,41,41001,TEPOIBOKE,4,COMPARISON,2,1.0,,,,,1,1,5,,,,,1.0,10.0,11.0,,,1,1.0,1.0,,,2,,2,,,2.0,0.0,0.0,,,3,0,0,0,0,0,1,0,1,1,1,1,0,1,0,1,1,1,60.0,,0.0,70.0,100.0,0.0,0.0,0.0,0.0,100.0
11,12.0,6,0,1200.0,800.0,400.0,,97.0,,,,,,0,7,71,71009,Yakassé-Mé,7,RESTORE,4,1.0,,,,,0,3,5 97,,,,,10.0,,,,,1,,,,,97,,,,,3.0,,,,,4,1,0,0,1,0,0,1,0,1,1,1,1,1,0,0,1,1,62.0,5.0,1.0,100.0,0.0,20.0,5.0,20.0,55.00000000000001,100.0
6,5.5,5,7,700.0,400.0,300.0,400.0,,,,,,1000.0,0,5,53,53001,Kokonou,5,COMPARISON,4,1.0,,,,,1,2,4,,,,,9.0,9.0,,,,1,1.0,,,,,,,,,1.0,1.0,,,,0,0,0,0,0,0,1,0,1,1,1,1,0,0,1,1,1,1,61.0,,1.0,127.27272727272728,40.0,20.0,20.0,20.0,0.0,100.0
4,5.0,4,97,2520.0,1920.0,600.0,1920.0,2.0,,,,,1000.0,0,4,41,41020,MAHINO2,4,RESTORE,3,2.0,,,,,0,7,5,,,,,11.0,8.0,,,,4,4.0,,,,,,,,,3.0,0.0,,,,2,0,0,1,1,1,1,0,0,1,1,1,1,1,1,1,1,1,52.0,2.0,0.0,504.0,25.0,25.0,40.0,10.0,0.0,100.0
3,5.0,2,0,1500.0,800.0,700.0,,2.0,,,,,,1,4,41,41002,DJEKA,4,COMPARISON,0,2.0,,,,,0,4,5,2 5,,,,,2.0,,,,4,4.0,4.0,,,,11,11,,,0.0,0.0,2.0,,,2,0,0,0,1,0,1,1,1,1,0,1,1,1,1,1,1,1,51.0,,0.0,300.0,0.0,100.0,0.0,0.0,0.0,100.0
8,18.0,6,7,1800.0,1300.0,500.0,,2.0,,,,,,1,4,41,41003,GBAROU,4,COMPARISON,4,1.0,,,,,0,8,4 5,,,,,6.0,6.0,6.0,6.0,,4,4.0,4.0,4.0,,,,,,,0.0,0.0,0.0,3.0,,6,0,1,1,1,0,1,1,0,1,1,1,0,1,1,1,1,1,47.0,,0.0,100.0,0.0,0.0,25.0,40.0,35.0,100.0
7,6.0,6,97,760.0,560.0,200.0,560.0,2.0,,,,,1000.0,0,4,41,41039,HANNIE,4,COMPARISON,4,1.0,,,,,0,5,5,,,,,10.0,10.0,10.0,,,4,4.0,4.0,,,1,,,,,0.0,0.0,0.0,,,2,0,0,1,1,1,0,0,0,1,1,1,0,1,1,1,1,1,48.0,,0.0,126.66666666666669,0.0,0.0,0.0,0.0,100.0,100.0
9,19.0,4,0,1600.0,960.0,640.0,960.0,1.0,,,,,900.0,0,5,51,51001,Adahou,5,COMPARISON,4,3.0,,,,,0,2,4 5,4,,,,10.0,10.0,,,,1,1.0,,,,,,,,,0.0,0.0,,,,3,1,1,0,1,0,1,1,1,1,1,1,0,1,1,1,1,1,57.0,,1.0,84.21052631578948,17.80821917808219,20.54794520547945,41.0958904109589,20.54794520547945,0.0,99.99999999999999
15,25.0,6,0,1500.0,1000.0,500.0,,1.0,3.0,7.0,7.0,3.0,,0,5,52,52001,Akakro,5,COMPARISON,3,2.0,3.0,7.0,7.0,3.0,0,5,5 97,,,,,10.0,10.0,10.0,,,1,1.0,1.0,,,,97,97,,,0.0,0.0,0.0,,,4,0,0,1,0,0,1,1,0,1,1,1,0,1,1,1,1,1,56.0,,0.0,60.0,0.0,0.0,0.0,100.0,0.0,100.0
4,4.0,3,11,216.0,120.0,96.0,,6.0,,,,,,0,5,51,51008,Adjoumani-Kouassikro,5,COMPARISON,4,1.0,,,,,0,5,5,,,,,1.0,,,,,1,,,,,,,,,,0.0,,,,,8,0,0,1,0,0,1,1,0,1,0,1,1,1,0,1,1,1,28.0,3.0,0.0,54.0,5.0,7.000000000000001,88.0,0.0,0.0,100.0
4,4.0,3,97,640.0,320.0,320.0,320.0,,,,,,12.5,0,6,64,64001,Alakro,6,COMPARISON,4,4.0,,,,,0,5,2 5,,,,,1.0,,,,,1,,,,,,,,,,2.0,,,,,0,0,0,0,0,0,1,1,0,1,1,1,0,0,0,1,1,1,37.0,,0.0,160.0,10.0,60.0,30.0,0.0,0.0,100.0
7,1.5,2,0,560.0,360.0,200.0,360.0,1.0,,,,,900.0,0,7,73,73004,Agbaou,7,COMPARISON,4,1.0,,,,,0,4,5,,,,,10.0,,,,,1,,,,,,,,,,0.0,,,,,2,1,0,1,1,0,1,1,0,1,1,1,1,1,0,1,1,1,46.0,,1.0,373.3333333333333,70.0,30.0,0.0,0.0,0.0,100.0
4,6.0,2,0,280.0,240.0,40.0,240.0,,,,,,1000.0,1,4,41,41037,IRATO,4,COMPARISON,2,1.0,,,,,0,7,5,5,,,,1.0,1.0,10.0,,,4,4.0,4.0,,,,,,,,3.0,0.0,0.0,,,0,0,0,1,1,1,1,1,0,1,1,1,0,0,0,1,1,1,25.0,2.0,1.0,46.66666666666666,0.0,100.0,0.0,0.0,0.0,100.0
8,2.0,4,0,652.5,435.0,217.5,435.0,6.0,,,,,1000.0,0,7,73,73003,Affery,7,COMPARISON,4,1.0,,,,,1,7,97,,,,,10.0,,,,,1,,,,,,,,,,0.0,,,,,5,0,0,0,0,0,0,1,1,1,0,1,1,1,0,1,1,1,50.0,1.0,1.0,326.25,20.0,10.0,70.0,0.0,0.0,100.0
9,4.0,6,0,380.0,285.0,95.0,285.0,,,,,,1000.0,0,4,41,41039,HANNIE,4,COMPARISON,4,1.0,,,,,0,2,5,,,,,8.0,10.0,,,,4,4.0,,,,,97,,,,0.0,0.0,,,,0,1,0,1,1,1,1,1,0,1,1,1,0,0,0,1,1,1,48.0,,0.0,95.0,0.0,0.0,0.0,0.0,100.0,100.0
3,4.0,3,0,640.0,560.0,80.0,560.0,,,,,,12.5,0,5,51,51009,Affalikro,5,COMPARISON,4,1.0,,,,,0,7,5,,,,,9.0,,,,,1,,,,,3,,,,,0.0,,,,,0,0,0,0,1,0,0,0,0,1,1,1,1,0,0,0,1,1,77.0,6.0,0.0,160.0,2.0,28.000000000000004,70.0,0.0,0.0,100.0
10,8.0,6,0,2530.0,2500.0,30.0,,1.0,,,,,,0,5,51,51008,Adjoumani-Kouassikro,5,COMPARISON,4,3.0,,,,,0,3,5,5,5,,,1.0,1.0,1.0,1.0,,1,1.0,1.0,1.0,,,,,97,,0.0,0.0,0.0,0.0,,7,0,0,0,1,0,1,1,0,1,0,1,0,1,0,1,1,1,57.0,,1.0,316.25,4.929577464788732,2.464788732394366,0.0,92.6056338028169,0.0,100.0
6,8.5,6,0,2430.0,1800.0,630.0,1800.0,1.0,,,,,1000.0,1,4,41,41020,MAHINO2,4,RESTORE,0,1.0,,,,,0,4,5,5,,,,8.0,8.0,8.0,,,4,4.0,4.0,,,,,97,,,0.0,0.0,0.0,,,7,1,0,1,1,1,1,1,0,1,1,1,1,1,1,1,1,1,53.0,,0.0,285.88235294117646,0.2857142857142857,0.0,28.57142857142857,71.14285714285714,0.0,100.0
4,2.5,6,1,280.0,210.0,70.0,210.0,6.0,,,,,1000.0,0,5,51,51011,N'Gouanda,5,COMPARISON,4,1.0,,,,,1,4,4,,,,,9.0,9.0,,,,1,1.0,,,,,9,,,,2.0,2.0,,,,4,0,0,1,0,0,0,0,0,1,1,1,0,1,0,1,1,1,53.0,,1.0,112.0,0.0,0.0,0.0,100.0,0.0,100.0
9,0.0,2,0,640.0,360.0,280.0,,,,,,,,0,4,41,41012,MERE,4,COMPARISON,4,1.0,,,,,0,1,5,,,,,1.0,1.0,,,,1,1.0,,,,1,9,,,,3.0,3.0,,,,0,1,0,1,1,1,0,0,0,1,1,0,0,0,1,0,1,1,56.0,,1.0,,0.0,100.0,0.0,0.0,0.0,100.0
5,10.0,6,0,1600000.0,1200000.0,400000.0,1200000.0,2.0,,,,,1.0,1,4,41,41030,SOTO,4,RESTORE,1,2.0,,,,,0,7,5,,,,,8.0,8.0,,,,4,4.0,,,,,,,,,3.0,0.0,,,,4,1,0,1,1,0,0,0,1,1,1,1,0,1,1,1,1,1,66.0,,0.0,160000.0,0.0,0.0,20.0,20.0,60.0,100.0
7,3.0,6,0,1121.0,811.0,310.0,,1.0,,,,,,0,5,51,51028,Ananguié,5,RESTORE,4,1.0,,,,,0,3,5,,,,,1.0,,,,,1,,,,,,,,,,0.0,,,,,5,0,0,0,0,0,1,1,1,1,0,1,0,1,0,1,1,1,57.0,1.0,1.0,373.6666666666667,0.0,0.0,0.0,45.0,55.00000000000001,100.0
6,3.0,1,0,0.0,0.0,0.0,0.0,3.0,,,,,1000.0,0,4,41,41020,MAHINO2,4,RESTORE,0,1.0,,,,,0,7,5,,,,,11.0,,,,,4,,,,,,,,,,0.0,,,,,2,0,0,0,0,0,1,0,1,1,0,0,0,1,1,1,1,1,53.0,,0.0,0.0,100.0,0.0,0.0,0.0,0.0,100.0
4,4.0,2,0,440.0,320.0,120.0,320.0,1.0,,,,,1000.0,0,5,51,51001,Adahou,5,COMPARISON,4,3.0,,,,,0,7,4 5,,,,,9.0,,,,,1,,,,,,,,,,2.0,,,,,2,0,0,1,1,0,0,1,1,1,1,1,0,1,1,1,1,1,45.0,1.0,1.0,110.0,10.0,15.0,15.0,32.0,28.000000000000004,100.0
7,4.5,5,97,84.0,84.0,0.0,,1.0,,,,,,0,7,71,71001,Annépé,7,COMPARISON,4,1.0,,,,,0,1,97,5,,,,9.0,10.0,,,,1,1.0,,,,,,,,,0.0,0.0,,,,2,0,0,0,0,0,0,1,1,1,1,1,0,1,0,1,1,1,46.0,4.0,1.0,18.666666666666668,0.0,0.0,0.0,100.0,0.0,100.0
8,3.0,6,0,1440.0,960.0,480.0,960.0,2.0,,,,,1000.0,1,4,41,41004,FETE,4,COMPARISON,1,2.0,,,,,0,7,5,,,,,10.0,,,,,4,,,,,,,,,,0.0,,,,,3,0,0,1,1,0,1,1,0,1,1,1,0,1,1,1,1,1,30.0,6.0,0.0,480.0,0.0,10.0,10.0,80.0,0.0,100.0
7,1.0,6,4,160.0,80.0,80.0,80.0,1.0,,,,,1000.0,0,5,51,51047,Bossematié,5,COMPARISON,4,1.0,,,,,0,4,5,,,,,1.0,,,,,1,,,,,,,,,,2.0,,,,,3,0,0,0,1,0,1,0,0,1,1,1,1,1,1,1,1,1,44.0,3.0,0.0,160.0,20.0,0.0,0.0,80.0,0.0,100.0
12,15.0,3,0,2800.0,1600.0,1200.0,1600.0,1.0,,,,,1000.0,0,5,51,51054,Amian-Kouassikro,5,COMPARISON,0,2.0,,,,,0,6,4 5,4 5,,,,8.0,8.0,1.0,,,1,1.0,1.0,,,,,9,,,0.0,0.0,2.0,,,2,1,1,1,0,0,1,1,1,1,1,1,1,1,1,1,1,1,46.0,,0.0,186.66666666666663,26.413043478260867,73.58695652173914,0.0,0.0,0.0,100.0
8,5.0,2,0,325.0,195.0,130.0,195.0,1.0,,,,,900.0,0,7,75,75001,ASSE ORIé,7,COMPARISON,4,1.0,,,,,0,3,5,,,,,9.0,9.0,10.0,8.0,,1,1.0,1.0,1.0,,11,97,97,97,,0.0,0.0,0.0,0.0,,2,0,0,0,1,0,1,1,1,1,1,1,0,1,1,0,1,1,43.0,1.0,1.0,65.0,50.0,50.0,0.0,0.0,0.0,100.0
2,0.0,1,97,260.0,180.0,80.0,,,,,,,,0,4,41,41001,TEPOIBOKE,4,COMPARISON,4,1.0,,,,,0,5,5,,,,,1.0,1.0,1.0,,,1,1.0,1.0,,,11,97,97,,,0.0,0.0,0.0,,,0,1,0,1,1,1,0,0,0,1,0,0,0,0,0,0,1,1,42.0,3.0,1.0,,100.0,0.0,0.0,0.0,0.0,100.0
6,0.0,1,0,600.0,400.0,200.0,,1.0,,,,,,0,4,41,41014,SEH,4,COMPARISON,0,2.0,,,,,0,5,5,5,5,5,,6.0,2.0,,,,1,1.0,2.0,2.0,4.0,97,1,97,97,97,0.0,3.0,0.0,3.0,0.0,0,1,0,1,1,1,1,1,1,1,0,0,1,1,1,0,1,1,38.0,1.0,0.0,,44.433497536945815,25.615763546798032,29.95073891625616,0.0,0.0,100.0
8,8.0,6,7,2250.0,1950.0,300.0,1950.0,4.0,,,,,900.0,0,5,51,51005,Takima,5,COMPARISON,1,2.0,,,,,0,2,4 5,,,,,10.0,,,,,1,4.0,,,,97,97,,,,3.0,0.0,,,,4,0,0,1,1,0,0,0,1,1,0,1,1,1,1,0,1,1,64.0,1.0,0.0,281.25,10.0,20.0,30.0,40.0,0.0,100.0
5,5.5,6,0,760.0,480.0,280.0,480.0,2.0,,,,,1000.0,0,4,41,41030,SOTO,4,RESTORE,1,2.0,,,,,0,7,5,,,,,8.0,,,,,4,,,,,,,,,,0.0,,,,,4,1,0,1,1,0,1,1,0,1,1,1,0,1,1,1,1,1,48.0,,0.0,138.1818181818182,0.0,10.0,10.0,10.0,70.0,100.0
14,8.0,2,0,250.0,150.0,100.0,,,,,,,,0,4,41,41013,NIRO,4,COMPARISON,0,2.0,,,,,0,5,5,,,,,6.0,6.0,6.0,,,1,1.0,1.0,,,2,2,2,,,0.0,0.0,0.0,,,0,0,0,1,0,0,1,0,1,1,1,1,0,0,1,0,1,1,65.0,,0.0,31.25,50.0,50.0,0.0,0.0,0.0,100.0
4,7.5,5,0,2700.0,2000.0,700.0,,2.0,,,,,,0,4,41,41024,POUTOU,4,RESTORE,0,2.0,,,,,0,4,5,,,,,6.0,6.0,,,,4,4.0,,,,,97,,,,0.0,2.0,,,,4,1,0,1,1,1,1,1,1,1,1,1,1,1,0,1,1,1,60.0,,0.0,360.0,0.0,0.0,50.0,50.0,0.0,100.0
4,17.5,4,0,880.0,560.0,320.0,560.0,6.0,,,,,1000.0,0,5,51,51017,Appoisso,5,RESTORE,3,2.0,,,,,0,5,5,,,,,10.0,,,,,1,,,,,,,,,,2.0,,,,,5,0,0,1,1,0,1,1,1,1,0,1,1,1,1,1,1,1,48.0,,1.0,50.285714285714285,15.0,25.0,30.0,25.0,5.0,100.0
3,4.5,3,7,1.0,1.0,0.0,1.0,3.0,,,,,1000.0,0,7,74,74002,Montézo,7,COMPARISON,4,1.0,,,,,0,1,5 97,,,,,,,9.0,,,1,1.0,1.0,,,,97,97,,,3.0,0.0,0.0,,,1,0,1,0,0,0,1,0,0,1,1,1,0,1,0,1,1,1,56.0,5.0,0.0,0.2222222222222222,0.0,0.0,100.0,0.0,0.0,100.0
4,14.0,5,13,989.0,375.0,614.0,,1.0,,,,,,0,5,51,51047,Bossematié,5,COMPARISON,4,3.0,,,,,0,6,5,5,2 3,2 3,,10.0,9.0,6.0,8.0,10.0,1,1.0,1.0,1.0,1.0,,,,,97,0.0,2.0,2.0,2.0,2.0,4,0,0,0,0,0,0,0,1,1,1,1,1,1,1,1,1,1,60.0,3.0,0.0,70.64285714285714,16.483516483516482,0.0,13.736263736263737,69.78021978021978,0.0,100.0
6,4.0,3,97,720.0,480.0,240.0,480.0,,,,,,1000.0,0,4,41,41006,TATE2,4,COMPARISON,0,1.0,,,,,0,5,5,5,,,,8.0,1.0,,,,4,4.0,,,,,2 4,,,,2.0,3.0,,,,0,0,0,0,0,0,1,0,1,1,1,1,0,0,1,1,1,1,39.0,,0.0,180.0,42.934782608695656,38.04347826086957,19.021739130434785,0.0,0.0,100.0
9,2.0,3,0,1300.0,800.0,500.0,,1.0,,,,,,0,7,73,73003,Affery,7,COMPARISON,4,1.0,,,,,0,8,5,,,,,1.0,,,,,1,,,,,,,,,,0.0,,,,,3,0,0,0,0,0,1,1,0,1,0,0,1,1,0,1,1,1,68.0,3.0,1.0,650.0,0.0,50.0,50.0,0.0,0.0,100.0
9,8.0,1,0,13.0,7.0,6.0,,2.0,,,,,,0,4,41,41010,IBO2,4,COMPARISON,2,1.0,,,,,0,5,5,,,,,11.0,10.0,11.0,10.0,11.0,1,1.0,1.0,1.0,1.0,,97,97,97,97,0.0,0.0,0.0,0.0,0.0,1,0,0,1,0,0,1,1,0,1,1,1,0,1,0,1,1,1,55.0,3.0,0.0,1.625,100.0,0.0,0.0,0.0,0.0,100.0
5,5.5,6,5,960.0,640.0,320.0,640.0,1.0,,,,,925.0,0,5,51,51028,Ananguié,5,RESTORE,4,1.0,,,,,0,4,5,5,,,,10.0,10.0,,,,1,1.0,,,,,,,,,0.0,0.0,,,,5,0,0,0,1,1,1,1,1,1,1,1,1,1,0,1,1,1,67.0,1.0,1.0,174.54545454545453,17.22222222222222,19.444444444444446,26.666666666666668,21.11111111111111,15.555555555555555,100.00000000000001
5,6.25,4,6,700.0,500.0,200.0,,2.0,,,,,,0,5,53,53005,N'DRIKRO,5,COMPARISON,3,1.0,,,,,0,3,5,,,,,1.0,1.0,,,,1,1.0,1.0,,,,,,,,0.0,0.0,0.0,,,2,0,1,0,0,0,1,1,1,1,1,1,1,1,0,1,1,1,47.0,1.0,1.0,112.0,10.0,0.0,90.0,0.0,0.0,100.0
6,2.0,4,1 3 5,3500.0,2800.0,700.0,,1.0,,,,,,0,7,73,73002,Adiaoukoi,7,COMPARISON,4,1.0,,,,,0,5,5,,,,,,,,,,1,,,,,,,,,,0.0,,,,,4,1,1,0,0,0,1,1,0,0,0,0,0,1,0,1,1,1,53.0,2.0,1.0,1750.0,0.0,25.0,75.0,0.0,0.0,100.0
9,5.5,1,0,350.0,250.0,100.0,,2.0,,,,,,0,4,41,41001,TEPOIBOKE,4,COMPARISON,3,2.0,,,,,0,5,5,5,5,,,5.0,2.0,2.0,,,1,1.0,1.0,,,,2,2,,,3.0,2.0,2.0,,,3,0,1,0,0,0,1,0,1,1,1,1,1,1,0,1,1,1,35.0,,0.0,63.63636363636363,100.0,0.0,0.0,0.0,0.0,100.0
4,2.0,2,0,100.0,50.0,50.0,,,,,,,,0,7,71,71013,BOUDEPE,7,COMPARISON,4,1.0,,,,,0,2,97,,,,,10.0,,,,,1,1.0,,,,11,97,,,,3.0,0.0,,,,0,0,0,0,1,0,1,1,1,1,1,1,0,0,0,0,1,1,54.0,1.0,1.0,50.0,0.0,100.0,0.0,0.0,0.0,100.0
12,11.0,6,0,2900.0,2600.0,300.0,2600.0,1.0,,,,,800.0,0,5,51,51038,Manfia,5,RESTORE,4,1.0,,,,,1,8,4,,,,,11.0,11.0,11.0,,,1,1.0,1.0,,,,97,97,,,0.0,0.0,2.0,,,3,0,0,1,1,0,0,1,1,1,0,1,0,1,0,1,1,1,59.0,,0.0,263.6363636363636,10.0,10.0,0.0,10.0,70.0,100.0
7,7.0,3,0,500.0,350.0,150.0,,2.0,,,,,,0,7,72,72005,MOBIOKOUA,7,COMPARISON,4,1.0,,,,,0,1,5,,,,,1.0,1.0,1.0,1.0,,1,1.0,1.0,1.0,,2,2,2 10,2,,3.0,3.0,3.0,3.0,,2,0,0,0,0,0,1,0,0,1,1,1,0,1,0,0,1,1,38.0,1.0,0.0,71.42857142857143,25.0,50.0,25.0,0.0,0.0,100.0
1,1.5,4,0,525.0,420.0,105.0,420.0,1.0,,,,,1000.0,0,5,51,51018,Kouassi-Béniékro,5,RESTORE,4,1.0,,,,,0,2,5,,,,,9.0,,,,,1,,,,,,,,,,0.0,,,,,2,0,0,0,0,0,1,0,1,1,0,0,0,1,0,1,1,1,56.0,5.0,0.0,350.0,15.0,25.0,28.000000000000004,32.0,0.0,100.0
5,3.0,6,13,700.0,450.0,250.0,,,,,,,,0,7,72,72005,MOBIOKOUA,7,COMPARISON,4,1.0,,,,,0,5,5,,,,,10.0,,,,,1,,,,,,,,,,0.0,,,,,0,0,0,1,0,0,1,0,1,1,0,1,0,0,0,1,1,1,43.0,6.0,1.0,233.33333333333331,0.0,0.0,0.0,0.0,100.0,100.0
4,4.0,3,0,950.0,570.0,380.0,570.0,2.0,,,,,1000.0,0,4,41,41026,DEBLABLAI,4,RESTORE,3,1.0,,,,,0,4,2,,,,,8.0,8.0,8.0,,,4,4.0,4.0,,,,97,97,,,0.0,0.0,0.0,,,4,1,0,0,1,1,1,1,0,1,1,1,0,1,1,1,1,1,38.0,,0.0,237.5,0.0,0.0,100.0,0.0,0.0,100.0
13,2.0,6,0,250.0,250.0,0.0,,1.0,,,,,,1,7,73,73005,Ahéoua,7,COMPARISON,4,1.0,,,,,0,5,5,,,,,,,,,,1,,,,,,,,,,0.0,,,,,4,0,1,0,1,0,1,1,1,0,0,1,1,1,1,1,1,1,65.0,3.0,1.0,125.0,10.0,55.00000000000001,10.0,15.0,10.0,100.0
7,5.0,2,0,35.0,15.0,20.0,,4.0,,,,,,1,7,71,71008,Mafa-Mafou,7,RESTORE,4,1.0,,,,,0,1,97,,,,,,10.0,,,,1,1.0,,,,,11,,,,0.0,0.0,,,,4,0,0,1,0,0,1,0,0,1,1,1,0,1,0,0,1,0,61.0,5.0,1.0,7.0,20.0,80.0,0.0,0.0,0.0,100.0
8,2.0,5,13,380.0,304.0,76.0,304.0,1.0,,,,,1000.0,0,7,73,73002,Adiaoukoi,7,COMPARISON,4,3.0,,,,,0,5,5,,,,,10.0,,,,,1,,,,,,,,,,0.0,,,,,4,0,0,0,1,1,1,1,0,1,1,1,1,1,0,1,1,1,44.0,5.0,0.0,190.0,20.0,20.0,20.0,40.0,0.0,100.0
3,2.5,6,0,630.0,385.0,245.0,385.0,1.0,,,,,900.0,0,5,51,51047,Bossematié,5,COMPARISON,4,1.0,,,,,0,3,5,,,,,,,,,,2,,,,,,,,,,0.0,,,,,4,0,0,0,0,0,1,0,0,0,1,0,0,1,0,1,1,1,64.0,1.0,0.0,252.0,15.0,20.0,0.0,25.0,40.0,100.0
9,5.0,6,0,1520.0,1235.0,285.0,1235.0,1.0,,,,,1000.0,0,5,51,51017,Appoisso,5,RESTORE,0,2.0,,,,,0,2,5,,,,,10.0,,,,,1,,,,,,,,,,2.0,,,,,4,0,0,0,1,0,1,1,1,1,0,1,1,1,1,1,1,1,49.0,1.0,0.0,304.0,10.0,10.0,30.0,50.0,0.0,100.0
1,2.5,3,0,140.0,105.0,35.0,105.0,1.0,,,,,1000.0,0,5,51,51018,Kouassi-Béniékro,5,RESTORE,4,1.0,,,,,0,1,5,,,,,10.0,,,,,1,,,,,,,,,,0.0,,,,,4,0,0,1,1,0,1,0,1,1,0,0,0,1,1,1,1,1,38.0,1.0,0.0,56.0,0.0,0.0,100.0,0.0,0.0,100.0
8,5.070000171661377,6,12,1403.0,1250.0,153.0,,2.0,,,,,,0,7,72,72003,BOGUIé,7,COMPARISON,4,1.0,,,,,0,5,5,5,5,,,10.0,10.0,10.0,,,1,1.0,1.0,,,,,,,,0.0,0.0,0.0,,,2,0,0,0,0,0,1,1,0,1,1,1,0,1,0,1,1,1,69.0,1.0,1.0,276.7258288948448,0.0,0.0,26.31578947368421,35.526315789473685,38.15789473684211,100.0
5,1.5,2,7 10,780.0,650.0,130.0,650.0,1.0,,,,,15.384614944458008,0,5,51,51008,Adjoumani-Kouassikro,5,COMPARISON,4,1.0,,,,,0,4,5 97,,,,,1.0,,,,,1,,,,,,,,,,0.0,,,,,2,0,0,1,1,1,0,1,0,1,1,1,0,1,0,1,1,1,33.0,5.0,1.0,520.0,40.0,60.0,0.0,0.0,0.0,100.0
4,5.0,6,10,2100.0,1700.0,400.0,,4.0,,,,,,0,7,73,73004,Agbaou,7,COMPARISON,4,1.0,,,,,0,5,5,5,,,,1.0,1.0,,,,1,1.0,,,,1,,,,,0.0,2.0,,,,0,0,0,0,1,0,0,1,1,1,1,1,0,1,1,1,1,1,44.0,4.0,1.0,420.0,10.0,70.0,20.0,0.0,0.0,100.0
7,5.5,6,0,850.0,500.0,350.0,,2.0,,,,,,0,4,41,41030,SOTO,4,RESTORE,1,2.0,,,,,0,4,5,,,,,6.0,6.0,6.0,,,4,4.0,4.0,,,,,,,,0.0,0.0,0.0,,,4,0,0,0,1,0,1,1,0,1,1,1,1,1,0,1,1,1,58.0,,0.0,154.54545454545453,0.0,0.0,0.0,50.0,50.0,100.0
6,16.5,2,0,500.0,300.0,200.0,,1.0,,,,,,0,5,52,52001,Akakro,5,COMPARISON,3,2.0,,,,,0,5,5 97,,,,,10.0,,,,,1,,,,,,,,,,0.0,,,,,4,1,0,0,1,1,1,0,0,1,1,1,0,1,0,1,1,1,69.0,,0.0,30.303030303030305,0.0,100.0,0.0,0.0,0.0,100.0
8,2.5,6,0,340.0,340.0,0.0,340.0,2.0,,,,,1000.0,1,5,51,51028,Ananguié,5,RESTORE,4,4.0,,,,,1,1,97,,,,,,,,,,2,,,,,1,,,,,3.0,,,,,3,0,1,0,0,0,0,0,1,0,1,1,1,1,0,0,1,1,51.0,,1.0,136.0,10.0,10.0,10.0,10.0,60.0,100.0
6,1.5,4,10,200.0,120.0,80.0,,,,,,,,0,4,41,41004,FETE,4,COMPARISON,2,1.0,,,,,0,3,2 5,,,,,1.0,,,,,1,,,,,97,,,,,0.0,,,,,0,1,0,1,1,0,1,1,0,1,1,1,0,0,0,0,1,1,54.0,1.0,1.0,133.33333333333334,0.0,0.0,0.0,100.0,0.0,100.0
6,3.5,3,0,2040.0,1380.0,660.0,1380.0,,,,,,1000.0,0,4,41,41017,BEOUE,4,RESTORE,0,2.0,,,,,0,7,5,,,,,11.0,,,,,4,,,,,,,,,,3.0,,,,,0,0,0,0,1,0,1,1,0,1,1,1,0,0,1,1,1,1,39.0,,0.0,582.8571428571429,0.0,0.0,100.0,0.0,0.0,100.0
9,8.0,3,0,12.25,7.0,5.25,7.0,,,,,,228.5714263916016,0,5,52,52001,Akakro,5,COMPARISON,0,2.0,,,,,0,5,4 5,,,,,10.0,,,,,1,,,,,,,,,,0.0,,,,,0,0,1,1,1,1,1,0,1,1,0,1,0,0,0,1,1,1,50.0,,1.0,1.53125,5.0,15.0,80.0,0.0,0.0,100.0
7,1.0,4,1,105.0,70.0,35.0,,6.0,,,,,,0,5,51,51011,N'Gouanda,5,COMPARISON,4,1.0,,,,,1,5,4,,,,,9.0,,,,,1,,,,,,,,,,2.0,,,,,6,0,0,1,1,0,1,1,0,1,1,1,1,1,0,1,1,0,39.0,1.0,0.0,105.0,3.0,0.0,97.0,0.0,0.0,100.0
7,7.0,3,0,900.0,600.0,300.0,,2.0,,,,,,0,4,41,41032,OLODIO,4,RESTORE,2,1.0,,,,,0,1,5,,,,,10.0,8.0,8.0,8.0,,1,1.0,1.0,1.0,,,2,2,,,2.0,3.0,2.0,3.0,,2,1,0,1,0,0,1,0,1,1,1,1,0,1,0,1,1,1,50.0,1.0,1.0,128.57142857142858,25.0,25.0,50.0,0.0,0.0,100.0
10,14.0,3,13,455.0,325.0,130.0,195.0,,,,,,1000.0,0,4,41,41010,IBO2,4,COMPARISON,2,1.0,,,,,0,5,5,5,,,,11.0,1.0,1.0,1.0,,1,1.0,1.0,1.0,,2,2,97,,,3.0,3.0,2.0,0.0,,0,1,0,1,1,1,1,0,0,1,1,1,1,0,0,1,1,1,53.0,1.0,1.0,32.5,17.142857142857142,72.85714285714285,10.0,0.0,0.0,99.99999999999999
4,4.0,6,0,1280.0,960.0,320.0,960.0,1.0,,,,,800.0,0,5,51,51012,Zaranou,5,COMPARISON,2,1.0,,,,,1,4,4,,,,,1.0,,,,,1,,,,,,,,,,0.0,,,,,1,1,1,0,1,0,0,0,0,1,1,1,0,1,0,0,1,1,63.0,,0.0,320.0,0.0,0.0,30.0,60.0,10.0,100.0
11,4.0,3,13,170.0,100.0,70.0,,,,,,,,0,4,41,41009,DONIE,4,COMPARISON,2,4.0,,,,,0,1,5,,,,,1.0,9.0,,,,1,1.0,,,,2,2,,,,2.0,2.0,,,,0,0,0,0,0,0,1,0,0,1,1,1,0,0,0,0,1,1,64.0,4.0,0.0,42.5,25.0,50.0,25.0,0.0,0.0,100.0
6,4.0,5,0,560.0,420.0,140.0,420.0,1.0,,,,,1000.0,1,5,51,51018,Kouassi-Béniékro,5,RESTORE,4,2.0,,,,,0,2,5,5,,,,9.0,9.0,,,,1,1.0,,,,1,,,,,3.0,0.0,,,,3,0,0,0,0,1,1,1,0,1,1,1,1,1,0,1,1,1,51.0,1.0,1.0,140.0,17.48576850094877,31.214421252371917,25.0,15.028462998102468,11.27134724857685,100.0
9,14.0,4,97,2400.0,1600.0,800.0,,1.0,,,,,,1,4,41,41009,DONIE,4,COMPARISON,0,4.0,,,,,0,4,5,5,,,,4.0,4.0,4.0,4.0,,4,4.0,4.0,4.0,,,,,,,3.0,0.0,3.0,0.0,,5,1,0,0,1,1,1,1,1,1,1,1,0,1,1,1,1,1,40.0,,0.0,171.42857142857142,22.857142857142858,34.285714285714285,42.857142857142854,0.0,0.0,100.0
4,4.5,4,0,1260.0,810.0,450.0,810.0,,,,,,1000.0,0,4,41,41004,FETE,4,COMPARISON,0,2.0,,,,,0,4,5,,,,,8.0,,,,,4,4.0,,,,,97,,,,0.0,2.0,,,,0,1,0,1,1,1,1,0,0,1,1,1,0,0,1,1,1,1,45.0,,0.0,280.0,0.0,0.0,100.0,0.0,0.0,100.0
10,1.0,5,1,210.0,140.0,70.0,140.0,6.0,,,,,1000.0,0,5,51,51038,Manfia,5,RESTORE,4,1.0,,,,,0,5,4,,,,,,,,,,1,,,,,97,,,,,2.0,,,,,4,1,1,1,1,0,1,1,1,0,1,1,0,1,0,0,1,0,39.0,1.0,0.0,210.0,0.0,0.0,0.0,100.0,0.0,100.0
10,11.609999656677246,6,6 7,1800.0,1260.0,540.0,1260.0,1.0,,,,,1000.0,0,5,51,51011,N'Gouanda,5,COMPARISON,4,1.0,,,,,0,7,5,4 5,,,,9.0,10.0,10.0,,,1,1.0,1.0,,,,,97,,,0.0,2.0,2.0,,,2,0,1,0,1,0,1,0,0,1,0,1,0,1,0,1,1,1,48.0,1.0,1.0,155.03876427461978,12.5,40.0,40.0,2.5,5.0,100.0
7,6.5,3,0,1200.0,900.0,300.0,,1.0,,,,,,0,4,41,41024,POUTOU,4,RESTORE,0,2.0,,,,,0,3,1 5,5,,,,4.0,2.0,,,,4,4.0,4.0,,,,,97,,,0.0,0.0,3.0,,,6,1,0,1,1,0,1,1,1,1,1,1,0,1,0,1,1,1,42.0,1.0,0.0,184.6153846153846,60.0,40.0,0.0,0.0,0.0,100.0
8,11.0,4,13,770.0,560.0,210.0,560.0,1.0,,,,,1000.0,0,5,51,51027,Ahininkro,5,RESTORE,4,1.0,,,,,0,2,4 5,,,,,,,,,,1,1.0,,,,,97,,,,0.0,0.0,,,,7,0,0,0,1,0,1,1,1,0,0,0,1,1,1,1,1,1,50.0,,1.0,70.0,5.0,25.0,70.0,0.0,0.0,100.0
9,7.5,4,0,1680.0,1280.0,400.0,1280.0,2.0,,,,,1000.0,0,4,41,41039,HANNIE,4,COMPARISON,0,1.0,,,,,0,3,2,,,,,97.0,97.0,,,,4,4.0,,,,,97,,,,3.0,3.0,,,,4,0,0,0,1,1,1,1,0,1,0,1,0,1,1,1,1,1,38.0,3.0,0.0,224.0,0.0,0.0,0.0,100.0,0.0,100.0
2,14.0,5,7,3400.0,3000.0,400.0,3000.0,,,,,,900.0,0,7,73,73004,Agbaou,7,COMPARISON,4,1.0,,,,,0,5,97,,,,,,4.0,,,,1,1.0,1.0,,,1,4 97,1,,,0.0,2.0,0.0,,,0,0,1,1,1,1,1,1,0,1,1,1,1,0,0,0,1,1,68.0,3.0,1.0,242.8571428571429,5.0,10.0,15.0,70.0,0.0,100.0
6,7.0,3,97,450.0,150.0,300.0,,,,,,,,0,4,41,41010,IBO2,4,COMPARISON,2,1.0,,,,,0,5,5,,,,,1.0,1.0,,,,1,1.0,,,,,,,,,0.0,0.0,,,,0,0,0,1,1,1,1,0,1,1,1,1,0,0,0,1,1,1,42.0,5.0,1.0,64.28571428571429,0.0,66.0,34.0,0.0,0.0,100.0
6,2.0,6,10,355.0,295.0,60.0,,1.0,,,,,,0,7,73,73004,Agbaou,7,COMPARISON,4,3.0,,,,,0,4,5,,,,,1.0,,,,,1,,,,,1 2,,,,,2.0,,,,,2,1,0,1,0,0,1,1,1,1,1,1,1,1,0,0,1,1,55.0,2.0,1.0,177.5,10.0,25.0,25.0,25.0,15.0,100.0
15,8.5,4,6,720.0,480.0,240.0,480.0,97.0,,,,,800.0,1,4,41,41004,FETE,4,COMPARISON,0,2.0,,,,,0,5,5,5,5,,,8.0,8.0,8.0,,,4,4.0,4.0,,,,,,,,0.0,0.0,0.0,,,3,1,0,1,1,1,1,0,1,1,1,1,1,1,1,1,1,1,53.0,,0.0,84.70588235294117,0.0,20.51282051282051,12.82051282051282,66.66666666666666,0.0,99.99999999999999
8,12.25,3,0,664.0,264.0,400.0,,,,,,,,0,6,64,64002,Kouadioukro,6,COMPARISON,4,1.0,,,,,0,5,5,,,,,9.0,1.0,1.0,,,1,1.0,1.0,,,11,,,,,0.0,0.0,0.0,,,0,0,0,0,1,0,1,1,0,1,0,1,0,0,0,1,1,1,50.0,,1.0,54.204081632653065,0.0,0.0,100.0,0.0,0.0,100.0
6,3.0,6,0,725.0,425.0,300.0,,1.0,,,,,,0,7,73,73005,Ahéoua,7,COMPARISON,4,3.0,,,,,0,1,5,,,,,1.0,,,,,1,,,,,,,,,,0.0,,,,,5,0,1,0,1,0,0,1,1,1,0,1,0,1,0,1,1,1,62.0,4.0,1.0,241.66666666666663,0.0,0.0,0.0,100.0,0.0,100.0
5,1.0,1,9,500.0,300.0,200.0,,97.0,,,,,,0,4,41,41014,SEH,4,COMPARISON,0,1.0,,,,,0,2,5,,,,,,,,,,1,,,,,,,,,,3.0,,,,,4,1,0,0,1,1,1,0,1,0,1,0,0,1,0,1,1,1,40.0,,0.0,500.0,100.0,0.0,0.0,0.0,0.0,100.0
5,5.5,2,0,2000.0,1500.0,500.0,,,,,,,,0,4,41,41037,IRATO,4,COMPARISON,2,1.0,,,,,0,7,5,,,,,1.0,1.0,1.0,,,1,1.0,1.0,,,,,97,,,0.0,0.0,3.0,,,0,0,0,1,1,1,1,1,0,1,1,1,1,0,1,1,1,1,61.0,,1.0,363.6363636363636,0.0,100.0,0.0,0.0,0.0,100.0
5,5.0,2,0,57.0,57.0,0.0,,97.0,,,,,,0,7,71,71013,BOUDEPE,7,COMPARISON,4,1.0,,,,,1,2,5,,,,,10.0,,,,,1,1.0,,,,,97,,,,0.0,2.0,,,,1,0,0,0,0,0,0,0,0,1,1,1,0,1,0,1,1,1,56.0,97.0,0.0,11.4,0.0,100.0,0.0,0.0,0.0,100.0
10,0.0,6,97,150.0,100.0,50.0,100.0,3.0,,,,,12.0,0,4,41,41008,DAHIOKE,4,COMPARISON,4,1.0,,,,,0,1,5,,,,,1.0,1.0,,,,1,1.0,,,,,97,,,,3.0,0.0,,,,2,1,0,0,0,0,1,1,1,1,1,1,0,1,0,1,1,1,68.0,,1.0,,0.0,0.0,0.0,100.0,0.0,100.0
4,9.0,6,0,3500.0,2700.0,800.0,,2.0,,,,,,1,4,41,41020,MAHINO2,4,RESTORE,2,1.0,,,,,0,5,2 3 5,,,,,1.0,1.0,1.0,,,1,1.0,1.0,,,,,,,,0.0,0.0,0.0,,,3,1,0,1,1,0,1,0,1,1,1,1,0,1,0,1,1,1,56.0,1.0,1.0,388.8888888888889,0.0,25.0,25.0,50.0,0.0,100.0
6,2.0,4,0,1300.0,975.0,325.0,975.0,2.0,,,,,1000.0,0,4,41,41020,MAHINO2,4,RESTORE,0,1.0,,,,,0,5,5,,,,,11.0,,,,,4,,,,,,,,,,0.0,,,,,2,1,0,0,1,1,1,0,0,1,1,1,0,1,1,1,1,1,40.0,,0.0,650.0,0.0,0.0,100.0,0.0,0.0,100.0
4,2.5,6,0,210.0,140.0,70.0,140.0,3.0,,,,,12.857142448425291,1,5,51,51004,Dramanekro,5,COMPARISON,3,2.0,,,,,0,5,5,,,,,10.0,,,,,1,,,,,,,,,,0.0,,,,,1,0,0,0,0,0,1,1,1,1,0,1,1,1,1,1,1,1,59.0,,1.0,84.0,10.0,20.0,20.0,20.0,30.0,100.0
3,7.0,1,0,300.0,180.0,120.0,,,,,,,,0,4,41,41009,DONIE,4,COMPARISON,0,2.0,,,,,0,7,5,,,,,2.0,,,,,2,,,,,,,,,,0.0,,,,,0,1,0,1,1,0,1,0,1,1,1,1,0,0,0,1,1,1,35.0,,0.0,42.85714285714285,100.0,0.0,0.0,0.0,0.0,100.0
4,2.0,2,0,340.0,140.0,200.0,,,,,,,,0,4,41,41010,IBO2,4,COMPARISON,0,1.0,,,,,0,5,5,,,,,8.0,,,,,4,,,,,,,,,,0.0,,,,,0,0,0,1,1,1,1,0,1,1,1,0,0,0,1,1,1,1,40.0,,0.0,170.0,0.0,100.0,0.0,0.0,0.0,100.0
6,0.0,1,97,400.0,300.0,100.0,,,,,,,,0,4,41,41016,TATE1,4,COMPARISON,4,1.0,,,,,0,1,5,,,,,1.0,1.0,11.0,,,1,1.0,1.0,,,1 11,97,97,,,0.0,0.0,0.0,,,0,0,0,0,1,1,1,1,1,1,1,1,0,0,0,0,1,1,42.0,1.0,1.0,,100.0,0.0,0.0,0.0,0.0,100.0
7,1.25,3,0,200.0,120.0,80.0,120.0,2.0,,,,,12.5,0,5,53,53004,N'Djorekro,5,COMPARISON,4,1.0,,,,,1,5,2 5,,,,,10.0,,,,,1,,,,,,,,,,0.0,,,,,7,0,0,1,0,0,1,0,1,1,1,0,0,1,0,1,1,1,45.0,,1.0,160.0,5.0,15.0,80.0,0.0,0.0,100.0
6,6.0,6,5,205.0,175.0,30.0,,6.0,,,,,,1,5,51,51015,Bébou,5,COMPARISON,4,1.0,,,,,1,4,4,,,,,10.0,10.0,,,,1,1.0,,,,,9,,,,0.0,0.0,,,,5,0,0,1,1,0,1,1,1,1,1,1,1,1,0,1,1,1,50.0,2.0,1.0,34.166666666666664,10.0,10.0,0.0,80.0,0.0,100.0
9,1.0,4,9,282.0,240.0,42.0,,1.0,,,,,,0,5,51,51038,Manfia,5,RESTORE,4,1.0,,,,,1,6,5,,,,,11.0,,,,,1,1.0,,,,11,8,,,,2.0,2.0,,,,3,0,0,0,0,0,1,0,0,1,1,0,0,1,0,0,1,0,42.0,,0.0,282.0,0.0,0.0,50.0,50.0,0.0,100.0
4,2.0,1,0,900.0,720.0,180.0,720.0,6.0,,,,,1000.0,0,5,51,51005,Takima,5,COMPARISON,4,1.0,,,,,0,5,5,,,,,10.0,,,,,1,,,,,,,,,,0.0,,,,,3,0,1,0,1,1,1,1,1,1,0,0,1,1,0,1,1,1,34.0,5.0,0.0,450.0,20.0,30.0,50.0,0.0,0.0,100.0
8,2.799999952316284,3,0,70.0,50.0,20.0,,1.0,,,,,,0,7,74,74002,Montézo,7,COMPARISON,4,1.0,,,,,0,5,97,,,,,,,,,,1,1.0,1.0,,,,97,97,,,0.0,0.0,0.0,,,4,0,0,0,1,0,1,1,1,0,1,1,1,1,0,1,1,0,50.0,1.0,0.0,25.00000042574747,30.0,50.0,20.0,0.0,0.0,100.0
5,5.5,1,0,358.0,250.0,108.0,,1.0,,,,,,0,7,71,71012,MAMINI,7,COMPARISON,4,1.0,,,,,0,1,5,,,,,8.0,8.0,8.0,,,1,1.0,1.0,,,2,2,2,,,2.0,0.0,0.0,,,1,0,0,0,0,0,1,0,1,1,1,1,1,1,0,0,1,1,34.0,5.0,0.0,65.0909090909091,100.0,0.0,0.0,0.0,0.0,100.0
7,7.0,4,97,2100.0,1400.0,700.0,1400.0,1.0,,,,,1000.0,1,5,51,51038,Manfia,5,RESTORE,4,1.0,,,,,0,7,5,5,,,,,,,,,2,1.0,,,,,,,,,0.0,0.0,,,,2,1,0,0,1,0,1,0,1,0,0,1,0,1,1,1,1,1,51.0,5.0,0.0,300.0,0.0,19.886363636363637,59.65909090909091,20.454545454545457,0.0,100.0
7,7.0,6,0,850.0,700.0,150.0,,1.0,,,,,,0,5,51,51008,Adjoumani-Kouassikro,5,COMPARISON,4,1.0,,,,,0,6,5,,,,,1.0,9.0,9.0,,,1,1.0,1.0,,,,,,,,0.0,3.0,3.0,,,3,0,0,0,1,1,0,1,0,1,1,1,0,1,0,1,1,1,44.0,1.0,0.0,121.42857142857144,0.0,25.0,25.0,50.0,0.0,100.0
4,4.0,5,6,960.0,720.0,240.0,720.0,3.0,,,,,12.5,1,5,51,51001,Adahou,5,COMPARISON,4,1.0,,,,,1,6,3 5,,,,,10.0,,,,,1,,,,,,,,,,0.0,,,,,1,0,0,0,0,0,1,0,0,1,1,1,0,1,0,1,1,1,71.0,2.0,1.0,240.0,20.0,20.0,30.0,30.0,0.0,100.0
7,5.75,5,6,1100.0,800.0,300.0,,1.0,,,,,,0,6,61,61001,Abongoua,6,RESTORE,3,1.0,,,,,0,5,3 4 5,5,,,,,,,,,1,1.0,,,,,9,,,,0.0,0.0,,,,7,0,1,0,1,0,1,1,0,0,0,1,0,1,1,1,1,1,48.0,,0.0,191.30434782608697,50.0,0.0,25.0,25.0,0.0,100.0
4,18.0,6,6,350.0,150.0,200.0,,97.0,,,,,,0,5,53,53004,N'Djorekro,5,COMPARISON,4,4.0,,,,,0,5,5,,,,,1.0,1.0,,,,1,1.0,,,,,,,,,0.0,0.0,,,,3,0,0,0,0,0,0,1,1,1,1,1,1,1,0,1,1,1,72.0,,0.0,19.444444444444443,25.0,25.0,0.0,0.0,50.0,100.0
9,7.0,4,0,4000.0,2500.0,1500.0,,,,,,,,0,7,71,71010,Blékoum,7,COMPARISON,4,1.0,,,,,1,6,5,5,,,,1.0,1.0,1.0,,,1,1.0,1.0,,,,11,,,,0.0,0.0,2.0,,,0,0,0,0,1,1,0,0,1,1,1,1,0,0,0,1,1,1,60.0,,1.0,571.4285714285714,0.0,0.0,100.0,0.0,0.0,100.0
2,2.0,3,7 97,1790.0,790.0,1000.0,,,,,,,,0,4,41,41006,TATE2,4,COMPARISON,0,1.0,,,,,0,5,5,,,,,6.0,,,,,4,,,,,,,,,,0.0,,,,,0,0,0,1,1,1,1,0,0,1,1,1,0,0,1,1,1,1,59.0,3.0,0.0,895.0,0.0,0.0,100.0,0.0,0.0,100.0
11,6.5,3,0,650.0,500.0,150.0,,,,,,,,0,6,62,62001,Tioumoukro,6,COMPARISON,4,1.0,,,,,0,5,5,,,,,1.0,1.0,,,,1,1.0,,,,11,,,,,0.0,0.0,,,,0,0,0,0,1,0,1,1,0,1,0,1,0,0,0,1,1,1,54.0,1.0,1.0,100.0,0.0,0.0,100.0,0.0,0.0,100.0
5,21.5,6,3,1400.0,1050.0,350.0,1050.0,2.0,,,,,1142.857177734375,0,4,41,41002,DJEKA,4,COMPARISON,0,2.0,,,,,0,5,3,,,,,10.0,10.0,8.0,,,4,4.0,4.0,,,,97,97,,,0.0,0.0,0.0,,,3,1,0,1,1,1,1,1,0,1,0,1,0,1,1,1,1,1,34.0,,0.0,65.11627906976744,0.0,0.0,0.0,0.0,100.0,100.0
4,4.0,4,0,1700.0,1100.0,600.0,,1.0,,,,,,0,4,41,41003,GBAROU,4,COMPARISON,1,1.0,,,,,0,5,4 5,,,,,4.0,4.0,4.0,,,4,4.0,4.0,,,,,97,,,0.0,0.0,3.0,,,3,1,1,1,1,0,0,0,1,1,0,1,1,1,1,1,1,1,62.0,4.0,0.0,425.0,0.0,0.0,100.0,0.0,0.0,100.0
10,18.0,5,0,4900.0,3700.0,1200.0,,1.0,,,,,,0,7,73,73003,Affery,7,COMPARISON,4,3.0,,,,,0,4,97,,,,,1.0,,,,,1,,,,,,,,,,0.0,,,,,7,1,0,0,1,0,0,1,1,1,1,1,0,1,0,1,1,1,54.0,5.0,1.0,272.22222222222223,0.0,8.0,0.0,92.00000000000001,0.0,100.00000000000001
6,7.25,4,6,500.0,300.0,200.0,,2.0,,,,,,0,6,64,64001,Alakro,6,COMPARISON,4,1.0,,,,,0,5,5,,,,,1.0,,,,,1,,,,,,,,,,0.0,,,,,2,0,1,0,1,0,1,1,0,1,1,1,1,1,0,1,1,1,49.0,,0.0,68.96551724137932,0.0,0.0,0.0,100.0,0.0,100.0
5,4.0,4,0,401.0,395.0,6.0,,97.0,,,,,,0,7,71,71001,Annépé,7,COMPARISON,4,3.0,,,,,0,4,5,,,,,1.0,10.0,,,,1,1.0,,,,11,97,,,,0.0,0.0,,,,1,0,0,1,0,0,1,1,0,1,1,1,1,1,0,0,1,1,49.0,1.0,0.0,100.25,5.0,10.0,85.0,0.0,0.0,100.0
7,8.0,4,10,3.5,2.5,1.0,,1.0,,,,,,0,5,51,51009,Affalikro,5,COMPARISON,0,2.0,,,,,0,5,5,5,,,,1.0,1.0,,,,1,1.0,,,,,97,,,,0.0,0.0,,,,3,0,1,0,1,0,1,1,0,1,1,0,1,1,1,1,1,1,51.0,1.0,1.0,0.4375,5.0,30.526315789473685,41.31578947368421,19.473684210526315,3.684210526315789,100.0
7,6.0,3,6,3360.0,1300.0,2060.0,,1.0,,,,,,0,4,41,41008,DAHIOKE,4,COMPARISON,0,2.0,,,,,0,5,5,5,,5,,8.0,5.0,5.0,5.0,,4,4.0,4.0,4.0,,,,97,,,0.0,2.0,2.0,0.0,,1,1,0,1,1,1,1,1,1,1,1,1,1,1,1,1,1,1,40.0,2.0,0.0,560.0,4.0,13.846153846153847,82.15384615384616,0.0,0.0,100.0
4,2.0,2,0,180.0,100.0,80.0,,,,,,,,0,4,41,41006,TATE2,4,COMPARISON,2,4.0,,,,,0,1,,5,,,,1.0,1.0,,,,1,1.0,,,,2,,,,,3.0,3.0,,,,0,0,0,0,0,0,1,0,1,1,1,1,1,0,0,1,1,1,25.0,1.0,0.0,90.0,25.0,75.0,0.0,0.0,0.0,100.0
7,4.0,6,6,490.0,350.0,140.0,350.0,6.0,,,,,1000.0,0,5,51,51011,N'Gouanda,5,COMPARISON,4,1.0,,,,,1,5,4,4,,,,9.0,9.0,,,,1,1.0,,,,,,,,,0.0,2.0,,,,0,1,1,1,1,0,1,1,1,1,1,1,0,1,0,1,1,1,58.0,1.0,0.0,122.5,7.142857142857142,0.0,0.0,92.85714285714286,0.0,100.0
4,2.0,6,0,288.0,216.0,72.0,216.0,1.0,,,,,12.5,0,7,73,73005,Ahéoua,7,COMPARISON,4,3.0,,,,,1,5,5,,,,,,,,,,1,1.0,,,,,97,,,,0.0,0.0,,,,5,0,0,0,0,0,1,1,1,0,1,1,1,1,0,1,1,1,62.0,,1.0,144.0,0.0,0.0,0.0,0.0,0.0,0.0
6,3.5,4,11,1070.0,800.0,270.0,,2.0,,,,,,0,4,41,41003,GBAROU,4,COMPARISON,2,1.0,,,,,0,5,5,5,,,,1.0,,1.0,,,4,4.0,4.0,,,,,97,,,0.0,0.0,3.0,,,4,1,0,1,1,0,0,0,1,1,0,1,0,1,0,1,1,1,35.0,,1.0,305.7142857142857,33.33333333333333,0.0,66.66666666666666,0.0,0.0,99.99999999999999
3,1.5,2,6,375.0,225.0,150.0,225.0,1.0,,,,,12.0,0,7,73,73004,Agbaou,7,COMPARISON,4,1.0,,,,,0,1,5,,,,,10.0,,,,,1,,,,,,,,,,0.0,,,,,2,1,0,0,0,0,0,1,0,1,0,1,1,1,0,1,1,1,45.0,5.0,1.0,250.0,65.0,35.0,0.0,0.0,0.0,100.0
14,6.5,2,0,2100.0,1500.0,600.0,,1.0,,,,,,0,7,71,71010,Blékoum,7,COMPARISON,0,2.0,,,,,0,5,5,5,,,,10.0,10.0,10.0,10.0,,4,4.0,4.0,4.0,,2,2,2,2,,0.0,0.0,0.0,0.0,,1,0,0,0,0,0,1,0,1,1,1,1,0,1,0,0,1,1,38.0,2.0,1.0,323.0769230769231,50.0,50.0,0.0,0.0,0.0,100.0
3,2.5,2,0,210.0,150.0,60.0,,1.0,,,,,,0,6,62,62001,Tioumoukro,6,COMPARISON,4,1.0,,,,,0,5,5,,,,,1.0,,,,,1,1.0,,,,,97,,,,0.0,3.0,,,,1,0,1,0,1,0,1,0,0,1,0,1,0,1,0,1,1,1,43.0,,1.0,84.0,0.0,100.0,0.0,0.0,0.0,100.0
9,18.0,6,9,3440.0,2720.0,720.0,2720.0,6.0,,,,,1000.0,0,5,51,51012,Zaranou,5,COMPARISON,4,1.0,,,,,1,5,5,5,,,,1.0,1.0,,,,1,1.0,,,,,5,,,,2.0,2.0,,,,7,0,0,0,0,0,0,0,1,1,1,1,1,1,0,1,1,1,68.0,1.0,1.0,191.11111111111111,0.0,15.294117647058824,0.0,11.76470588235294,72.94117647058823,100.0
15,12.0,3,13,1150.0,850.0,300.0,,1.0,,,,,,0,4,41,41010,IBO2,4,COMPARISON,2,3.0,,,,,0,7,3,,,,,10.0,,,,,1,,,,,,,,,,0.0,,,,,3,0,0,0,1,0,1,0,0,1,1,0,0,1,0,1,1,1,66.0,1.0,1.0,95.83333333333331,0.0,0.0,100.0,0.0,0.0,100.0
2,15.0,6,0,2470.0,2080.0,390.0,2080.0,2.0,,,,,1000.0,0,4,41,41039,HANNIE,4,COMPARISON,4,1.0,,,,,0,6,5,,,,,10.0,10.0,11.0,,,4,4.0,4.0,,,,,,,,0.0,0.0,0.0,,,2,1,1,1,1,1,1,0,0,1,1,1,0,1,1,1,1,1,27.0,,0.0,164.66666666666666,25.0,75.0,0.0,0.0,0.0,100.0
7,3.0,6,0,1000.0,800.0,200.0,,2.0,,,,,,0,5,54,54001,Akacomoékro,5,RESTORE,4,3.0,,,,,0,5,97,,2,97,,1.0,1.0,1.0,4.0,,1,1.0,1.0,4.0,1.0,,1,,1,1,0.0,3.0,0.0,3.0,0.0,2,0,0,0,1,1,1,1,0,1,0,0,1,1,0,1,1,1,54.0,2.0,1.0,333.3333333333333,6.25,18.75,0.0,0.0,75.0,100.0
6,2.0,2,0,300.0,200.0,100.0,,1.0,,,,,,0,7,71,71005,Biasso,7,RESTORE,4,4.0,,,,,0,1,97,,,,,1.0,9.0,,,,1,1.0,,,,,97,,,,0.0,0.0,,,,1,0,0,0,1,0,1,1,0,1,1,1,0,1,0,1,1,0,36.0,1.0,1.0,150.0,0.0,100.0,0.0,0.0,0.0,100.0
8,6.0,1,9,420.0,280.0,140.0,280.0,6.0,,,,,1000.0,0,7,73,73002,Adiaoukoi,7,COMPARISON,4,1.0,,,,,1,5,3 5,,,,,10.0,,,,,1,,,,,,,,,,0.0,,,,,1,0,0,0,0,0,0,0,1,1,1,1,1,1,0,1,1,1,46.0,2.0,0.0,70.0,100.0,0.0,0.0,0.0,0.0,100.0
6,6.0,6,0,2600.0,2000.0,600.0,,3.0,,,,,,0,5,51,51002,Akoikro,5,COMPARISON,4,4.0,,,,,0,7,4 5,,,,,10.0,10.0,,,,1,1.0,,,,,,,,,2.0,2.0,,,,3,0,0,1,1,0,1,0,1,1,0,1,1,1,0,1,1,1,55.0,5.0,1.0,433.3333333333333,0.0,40.0,0.0,60.0,0.0,100.0
9,10.5,5,0,2635.0,1785.0,850.0,1785.0,2.0,,,,,1000.0,0,4,41,41025,YOUKOU,4,RESTORE,0,1.0,,,,,0,4,5,5,,,,8.0,8.0,,,,4,4.0,,,,,,,,,0.0,0.0,,,,4,1,0,1,1,1,1,1,0,1,1,1,0,1,1,1,1,1,43.0,,0.0,250.95238095238096,0.0,0.0,42.857142857142854,57.14285714285714,0.0,100.0
3,0.0,2,0,3100.0,2300.0,800.0,,2.0,,,,,,0,4,41,41013,NIRO,4,COMPARISON,4,2.0,,,,,0,8,4,,,,,1.0,1.0,1.0,1.0,,1,1.0,1.0,1.0,,,97,97,97,,0.0,0.0,0.0,0.0,,4,1,1,1,1,1,0,1,1,1,1,1,1,1,0,1,1,1,54.0,2.0,0.0,,20.0,80.0,0.0,0.0,0.0,100.0
6,2.0,5,0,1520.0,560.0,960.0,560.0,2.0,,,,,1000.0,0,4,41,41027,GBAPET,4,RESTORE,0,2.0,,,,,0,7,5,,,,,11.0,,,,,4,,,,,1,,,,,0.0,,,,,1,1,0,0,1,0,1,0,0,1,1,1,1,1,0,0,1,1,42.0,,0.0,760.0,0.0,30.0,25.0,45.0,0.0,100.0
6,7.5,4,0,560.0,480.0,80.0,480.0,2.0,,,,,725.0,1,5,51,51004,Dramanekro,5,COMPARISON,1,2.0,,,,,0,2,5,,,,,10.0,,,,,1,2.0,,,,,97,,,,2.0,2.0,,,,1,0,0,1,1,0,0,1,1,1,0,0,1,1,0,1,1,1,48.0,,1.0,74.66666666666667,0.0,40.0,60.0,0.0,0.0,100.0
9,6.0,6,0,160.0,70.0,90.0,,1.0,,,,,,0,7,74,74002,Montézo,7,COMPARISON,4,1.0,,,,,0,3,5,,,,,1.0,,,,,1,1.0,1.0,,,,97,97,,,0.0,0.0,0.0,,,3,0,0,0,1,0,1,1,0,1,0,1,0,1,0,1,1,1,60.0,3.0,1.0,26.666666666666668,0.0,25.0,25.0,20.0,30.0,100.0
3,6.0,6,6,275.0,220.0,55.0,220.0,1.0,,,,,18.18181800842285,0,7,71,54002,Bécédi-Brignan,7,RESTORE,4,1.0,,,,,0,1,5,,,,,10.0,10.0,,,,1,1.0,,,,,97,,,,0.0,3.0,,,,5,1,0,0,1,0,0,1,0,1,1,1,1,1,1,1,1,1,60.0,3.0,0.0,45.833333333333336,0.0,0.0,0.0,15.0,85.0,100.0
4,1.5,3,0,225.0,150.0,75.0,,97.0,,,,,,1,7,71,71008,Mafa-Mafou,7,RESTORE,4,1.0,,,,,1,1,4 5 97,,,,,,,,,,1,,,,,1,,,,,3.0,,,,,1,1,0,1,0,0,1,0,0,0,1,0,0,1,0,0,1,1,41.0,1.0,1.0,150.0,0.0,5.0,95.0,0.0,0.0,100.0
2,0.0,3,0,1800.0,1500.0,300.0,,97.0,,,,,,0,4,41,41013,NIRO,4,COMPARISON,0,2.0,,,,,0,5,5,5,,,,8.0,,,,,1,2.0,,,,,,,,,0.0,0.0,,,,0,1,0,1,1,1,1,1,1,1,1,1,0,1,1,1,1,1,46.0,,0.0,,37.5,0.0,62.5,0.0,0.0,100.0
3,3.0,6,0,500.0,350.0,150.0,,2.0,,,,,,0,4,41,41021,NIGRE,4,RESTORE,0,2.0,,,,,1,4,5,,,,,6.0,,,,,4,4.0,,,,,97,,,,0.0,3.0,,,,3,1,0,1,1,0,1,1,0,1,0,1,1,1,0,1,1,1,42.0,,0.0,166.66666666666666,0.0,0.0,100.0,0.0,0.0,100.0
8,1.5,5,0,420.0,385.0,35.0,385.0,,,,,,14.285714149475098,1,5,51,51002,Akoikro,5,COMPARISON,4,1.0,,,,,0,5,5,,,,,10.0,,,,,1,,,,,,,,,,0.0,,,,,0,0,1,0,0,0,0,0,0,1,1,1,0,0,0,1,1,1,65.0,2.0,1.0,280.0,0.0,30.0,30.0,40.0,0.0,100.0
8,10.0,6,0,250.0,200.0,50.0,,2.0,,,,,,0,7,71,71010,Blékoum,7,COMPARISON,1,2.0,,,,,0,4,5,,,,,10.0,5.0,10.0,,,1,1.0,1.0,,,2,,2,,,2.0,3.0,0.0,,,1,0,0,0,0,0,1,0,0,1,1,0,0,1,0,1,1,1,49.0,1.0,0.0,25.0,20.0,30.0,25.0,25.0,0.0,100.0
8,5.0,6,10,115.0,100.0,15.0,,1.0,,,,,,0,7,71,71006,Nyan,7,RESTORE,4,1.0,,,,,0,5,97,,,,,,,,,,1,1.0,1.0,,,,,97,,,3.0,0.0,0.0,,,2,1,0,0,1,0,1,1,0,0,0,1,1,1,1,1,1,1,57.0,1.0,1.0,23.0,9.0,9.0,20.0,20.0,42.0,100.0
15,28.0,6,13,5900.0,3500.0,2400.0,,1.0,,,,,,0,5,51,51014,ABRONAMOUE,5,COMPARISON,4,1.0,,,,,0,5,5,5,,,,1.0,1.0,1.0,1.0,1.0,1,1.0,1.0,1.0,1.0,,,,97,,0.0,0.0,0.0,0.0,0.0,3,0,0,0,1,0,0,0,1,1,1,1,0,1,0,1,1,1,52.0,3.0,1.0,210.7142857142857,0.0,0.0,100.0,0.0,0.0,100.0
7,4.5,3,7,5000.0,3000.0,2000.0,,2.0,,,,,,0,4,41,41013,NIRO,4,COMPARISON,0,2.0,,,,,0,1,5,4 5,,,,8.0,8.0,,,,4,4.0,,,,2,,,,,2.0,2.0,,,,3,1,0,0,1,1,1,0,1,1,1,1,0,1,1,1,1,1,44.0,,0.0,1111.111111111111,35.0,35.0,30.0,0.0,0.0,100.0
5,9.5,6,97,880.0,560.0,320.0,560.0,,,,,,825.0,0,4,41,41004,FETE,4,COMPARISON,2,1.0,,,,,0,5,5,,,,,10.0,10.0,10.0,,,1,1.0,1.0,,,1 2,97,97,,,0.0,0.0,0.0,,,0,1,0,1,1,1,1,0,0,1,1,1,1,0,0,0,1,1,52.0,1.0,1.0,92.63157894736842,0.0,10.0,38.0,0.0,52.0,100.0
5,10.0,3,0,2760.0,2040.0,720.0,2040.0,2.0,,,,,1000.0,0,4,41,41025,YOUKOU,4,RESTORE,0,2.0,,,,,0,6,5,,,,,10.0,10.0,,,,4,4.0,,,,,,,,,0.0,3.0,,,,4,0,0,0,1,0,1,1,0,1,1,1,0,1,1,1,1,1,35.0,3.0,0.0,276.0,0.0,0.0,100.0,0.0,0.0,100.0
8,3.0,1,10,280.0,200.0,80.0,,1.0,,,,,,0,6,64,64001,Alakro,6,COMPARISON,4,3.0,,,,,0,5,5,,,,,1.0,,,,,1,,,,,1,,,,,3.0,,,,,1,0,0,0,0,0,1,1,0,1,1,1,1,1,0,0,1,1,48.0,,1.0,93.33333333333331,100.0,0.0,0.0,0.0,0.0,100.0
7,2.5,5,0,1900.0,1100.0,800.0,,1.0,,,,,,0,4,41,41028,GNATO,4,RESTORE,3,2.0,,,,,1,3,5,5,,,,8.0,4.0,,,,4,4.0,,,,,,,,,0.0,0.0,,,,3,1,0,0,1,1,1,1,1,1,1,1,0,1,1,1,1,1,39.0,0.0,0.0,760.0,0.0,0.0,0.0,22.58064516129032,77.41935483870968,100.0
7,5.0,4,0,1000.0,500.0,500.0,,2.0,,,,,,0,4,41,41039,HANNIE,4,COMPARISON,4,1.0,,,,,0,6,5,,,,,1.0,1.0,1.0,,,4,4.0,4.0,,,,,97,,,0.0,2.0,2.0,,,4,0,1,0,1,0,1,1,1,1,0,1,0,1,0,1,1,1,46.0,,0.0,200.0,0.0,0.0,0.0,50.0,50.0,100.0
10,4.0,6,0,800.0,640.0,160.0,640.0,2.0,,,,,1000.0,0,5,51,51014,ABRONAMOUE,5,COMPARISON,4,1.0,,,,,1,5,2,,,,,10.0,,,,,1,,,,,,,,,,0.0,,,,,5,1,1,0,1,1,0,0,0,1,1,0,1,1,0,1,1,1,72.0,,1.0,200.0,5.0,35.0,50.0,10.0,0.0,100.0
7,0.0,4,10,400.0,250.0,150.0,,1.0,,,,,,0,4,41,41004,FETE,4,COMPARISON,2,1.0,,,,,0,5,5,,,,,1.0,1.0,,,,1,1.0,,,,,,,,,0.0,0.0,,,,3,1,0,1,1,0,0,1,0,1,1,1,0,1,0,1,1,1,43.0,1.0,1.0,,0.0,0.0,100.0,0.0,0.0,100.0
10,5.0,6,13,1400.0,910.0,490.0,910.0,3.0,,,,,14.285714149475098,0,5,51,51014,ABRONAMOUE,5,COMPARISON,4,1.0,,,,,0,6,5,,,,,1.0,,,,,1,,,,,,,,,,0.0,,,,,4,0,0,0,1,1,1,0,0,1,0,1,0,1,0,1,1,1,54.0,3.0,1.0,280.0,5.0,20.0,35.0,35.0,5.0,100.0
5,0.0,3,3 7,1300.0,900.0,400.0,900.0,1.0,,,,,1000.0,0,4,41,41014,SEH,4,COMPARISON,0,1.0,,,,,0,5,5,,,,,8.0,,,,,4,,,,,,,,,,0.0,,,,,1,1,0,1,1,1,1,0,1,1,1,1,0,1,1,1,1,1,37.0,,0.0,,1.0,0.0,99.0,0.0,0.0,100.0
6,3.0,6,0,650.0,500.0,150.0,,,,,,,,0,7,71,71013,BOUDEPE,7,COMPARISON,4,1.0,,,,,0,1,97,4 5,,,,,,,,,1,1.0,1.0,,,1,1,97,,,3.0,3.0,0.0,,,0,0,0,0,0,0,1,0,0,0,1,1,0,0,0,0,1,1,58.0,1.0,0.0,216.66666666666663,1.25,5.0,37.5,18.75,37.5,100.0
7,6.5,5,0,960.0,640.0,320.0,640.0,1.0,,,,,1000.0,0,5,51,51025,Kouadiokro,5,RESTORE,0,2.0,,,,,0,2,4 5,,,,,10.0,11.0,,,11.0,1,1.0,2.0,2.0,1.0,,,,,,2.0,3.0,0.0,0.0,3.0,4,0,0,1,1,0,1,1,1,1,0,0,0,1,1,1,1,1,65.0,,0.0,147.69230769230768,0.0,20.0,25.0,25.0,30.0,100.0
2,1.0,1,97,120.0,80.0,40.0,80.0,6.0,,,,,1000.0,0,5,51,51025,Kouadiokro,5,RESTORE,4,1.0,,,,,1,5,5,,,,,10.0,,,,,1,,,,,,,,,,2.0,,,,,2,0,0,1,0,1,1,1,1,1,0,0,0,1,0,1,1,0,29.0,2.0,0.0,120.0,100.0,0.0,0.0,0.0,0.0,100.0
9,15.0,4,0,2100.0,1500.0,600.0,,1.0,,,,,,0,5,51,51001,Adahou,5,COMPARISON,4,,,,,,0,5,4 5,5,,,,10.0,9.0,,,,1,1.0,,,,,,,,,0.0,0.0,,,,4,0,0,0,0,0,0,1,1,1,0,1,1,1,0,1,1,1,43.0,6.0,1.0,140.0,22.22222222222222,34.22222222222222,16.88888888888889,26.666666666666668,0.0,100.0
3,6.0,2,97,280.0,175.0,105.0,175.0,,,,,,1000.0,0,5,51,51025,Kouadiokro,5,RESTORE,4,1.0,,,,,1,5,4,,,,,10.0,9.0,,,,1,1.0,,,,,9,,,,0.0,0.0,,,,0,0,0,1,0,0,1,0,1,1,0,0,0,0,0,1,1,1,37.0,6.0,1.0,46.66666666666666,25.0,75.0,0.0,0.0,0.0,100.0
6,6.0,3,0,1600.0,1200.0,400.0,1200.0,2.0,,,,,1000.0,0,5,53,53001,Kokonou,5,COMPARISON,4,1.0,,,,,1,6,5,,,,,11.0,,,,,1,,,,,,,,,,0.0,,,,,7,1,0,1,0,0,1,0,1,1,0,0,0,1,0,1,1,1,62.0,,0.0,266.6666666666667,2.0,18.0,80.0,0.0,0.0,100.0
3,2.0,4,10,280.0,210.0,70.0,210.0,,,,,,1000.0,0,7,73,73004,Agbaou,7,COMPARISON,4,1.0,,,,,0,2,,,,,,,,,,,1,,,,,,,,,,0.0,,,,,0,0,0,0,0,0,0,0,0,0,0,0,0,0,0,1,0,1,72.0,1.0,1.0,140.0,0.0,0.0,0.0,0.0,0.0,0.0
4,1.0,3,0,600.0,320.0,280.0,320.0,1.0,,,,,12.5,0,6,64,64001,Alakro,6,COMPARISON,4,1.0,,,,,0,5,5,5,,,,1.0,1.0,,,,1,1.0,,,,,,,,,0.0,0.0,,,,1,1,1,1,0,0,1,1,1,1,1,1,1,1,0,1,1,1,34.0,1.0,0.0,600.0,16.666666666666664,53.333333333333336,30.0,0.0,0.0,100.0
6,3.0,1,0,40.0,30.0,10.0,,,,,,,,0,4,41,41012,MERE,4,COMPARISON,2,1.0,,,,,0,5,5,,,,,11.0,11.0,,,,1,1.0,,,,4,2,,,,2.0,0.0,,,,0,0,0,1,0,0,1,0,0,1,1,1,0,0,0,0,1,1,42.0,,0.0,13.333333333333334,100.0,0.0,0.0,0.0,0.0,100.0
3,6.0,4,0,375.0,279.0,96.0,,3.0,,,,,,0,5,51,51025,Kouadiokro,5,RESTORE,4,1.0,,,,,0,6,4 5,,,,,9.0,,,,,1,,,,,,,,,,2.0,,,,,7,0,0,1,1,0,1,1,1,1,1,1,0,1,0,1,1,1,39.0,1.0,1.0,62.5,0.0,5.0,80.0,15.0,0.0,100.0
7,2.0,3,0,684.0,450.0,234.0,,2.0,,,,,,0,4,41,41017,BEOUE,4,RESTORE,0,2.0,,,,,0,3,2 4,,,,,2.0,,,,,4,4.0,,,,,8,,,,0.0,3.0,,,,2,0,0,1,1,0,1,1,0,1,1,1,1,1,1,1,1,0,43.0,1.0,0.0,342.0,0.0,0.0,100.0,0.0,0.0,100.0
3,2.0,2,0,104.0,92.0,12.0,,1.0,,,,,,0,7,71,71006,Nyan,7,RESTORE,4,1.0,,,,,0,4,5 97,,,,,1.0,,,,,1,1.0,,,,,,,,,2.0,0.0,,,,2,1,0,0,1,0,1,1,0,1,1,1,0,1,0,1,1,1,57.0,3.0,1.0,52.0,25.0,75.0,0.0,0.0,0.0,100.0
8,8.0,6,0,1500.0,1000.0,500.0,,1.0,,,,,,0,4,41,41030,SOTO,4,RESTORE,0,2.0,,,,,0,3,5,5,,,,7.0,7.0,,,,4,4.0,,,,,,,,,0.0,2.0,,,,0,1,0,1,1,0,1,0,1,1,1,1,1,1,1,1,1,1,64.0,,0.0,187.5,0.0,0.0,0.0,0.0,0.0,0.0
15,5.75,3,97,850.0,400.0,450.0,,2.0,,,,,,0,4,41,41010,IBO2,4,COMPARISON,2,1.0,,,,,0,4,5,5,,,,10.0,10.0,10.0,10.0,10.0,1,1.0,1.0,1.0,1.0,,,97,97,97,2.0,0.0,0.0,2.0,0.0,3,0,0,1,1,1,1,1,1,1,1,1,0,1,0,1,1,1,44.0,1.0,1.0,147.82608695652175,21.77536231884058,41.213768115942024,37.01086956521739,0.0,0.0,100.0
12,17.0,1,97,325.0,250.0,75.0,,2.0,,,,,,1,4,41,41015,TAOULOKE,4,COMPARISON,2,1.0,,,,,0,5,5,,,,,10.0,10.0,10.0,10.0,10.0,1,1.0,1.0,1.0,1.0,,,,,,0.0,0.0,0.0,0.0,0.0,4,0,1,1,1,1,0,0,1,1,1,1,1,1,0,1,1,1,54.0,3.0,1.0,19.11764705882353,100.0,0.0,0.0,0.0,0.0,100.0
10,12.5,6,7,1540.0,980.0,560.0,980.0,6.0,,,,,1000.0,0,4,41,41030,SOTO,4,RESTORE,0,2.0,,,,,0,5,97,97,,,,11.0,8.0,11.0,,,4,4.0,4.0,,,,,97,,,0.0,0.0,0.0,,,5,1,0,1,1,1,1,0,1,1,0,1,1,1,1,1,1,1,61.0,1.0,0.0,123.2,0.0,0.0,41.56521739130435,0.0,58.434782608695656,100.0
6,7.5,4,0,3200.0,2000.0,1200.0,2000.0,2.0,,,,,1000.0,1,4,41,41030,SOTO,4,RESTORE,0,2.0,,,,,0,7,5,5,,,,8.0,8.0,,,,4,4.0,,,,,,,,,0.0,3.0,,,,0,1,0,1,1,0,1,1,1,1,1,1,0,1,1,1,1,1,42.0,2.0,0.0,426.6666666666667,0.0,71.42857142857143,28.57142857142857,0.0,0.0,100.0
2,2.0,2,0,800.0,500.0,300.0,,1.0,,,,,,1,4,41,41012,MERE,4,COMPARISON,2,1.0,,,,,0,4,5,,,,,11.0,,,,,4,,,,,,,,,,3.0,,,,,3,1,0,1,1,0,1,1,1,1,1,0,0,1,0,1,1,1,52.0,,0.0,400.0,25.0,75.0,0.0,0.0,0.0,100.0
9,5.5,5,0,800.0,500.0,300.0,,,,,,,,0,4,41,41039,HANNIE,4,COMPARISON,4,1.0,,,,,0,5,5,,,,,1.0,1.0,1.0,1.0,,4,4.0,4.0,4.0,,11 97,,,97,,0.0,2.0,3.0,2.0,,0,0,0,1,1,1,1,1,0,1,0,1,1,0,0,1,1,1,44.0,,0.0,145.45454545454547,20.0,40.0,40.0,0.0,0.0,100.0
8,5.0,4,0,200.0,200.0,0.0,,97.0,,,,,,0,7,71,71008,Mafa-Mafou,7,RESTORE,4,1.0,,,,,1,5,97,,,,,10.0,,,,,1,,,,,,,,,,0.0,,,,,3,1,0,0,0,0,0,1,1,1,0,1,0,1,1,1,1,1,45.0,1.0,1.0,40.0,0.0,0.0,30.0,70.0,0.0,100.0
10,13.0,6,13,1360.0,1200.0,160.0,1200.0,1.0,,,,,1000.0,0,5,51,51038,Manfia,5,RESTORE,4,1.0,,,,,0,10,4 5,4 5,,,,10.0,10.0,,,,1,1.0,,,,,,,,,0.0,0.0,,,,3,1,0,0,1,0,1,0,1,1,0,1,1,1,0,1,1,1,50.0,1.0,0.0,104.6153846153846,18.181818181818183,20.0,47.27272727272727,4.545454545454546,10.0,100.00000000000001
3,5.0,6,10,700.0,500.0,200.0,,,,,,,,0,7,74,74003,BOHOUIN,7,COMPARISON,4,1.0,,,,,0,5,97,,,,,,,,,,1,,,,,,,,,,0.0,,,,,0,0,1,1,0,0,1,1,0,0,1,1,1,0,0,1,1,1,60.0,,1.0,140.0,7.000000000000001,25.0,25.0,30.0,13.0,100.0
5,2.5,2,97,250.0,150.0,100.0,150.0,2.0,,,,,800.0,0,4,41,41016,TATE1,4,COMPARISON,2,1.0,,,,,0,2,5,5,,,,10.0,10.0,,,,1,1.0,,,,,2,,,,2.0,0.0,,,,1,0,0,1,0,1,1,0,1,1,1,1,0,1,0,1,1,1,27.0,1.0,0.0,100.0,36.0,64.0,0.0,0.0,0.0,100.0
13,7.5,4,0,1435.0,1015.0,420.0,1015.0,2.0,,,,,1000.0,1,4,41,41024,POUTOU,4,RESTORE,0,2.0,,,,,0,7,5,,,,,8.0,8.0,8.0,8.0,97.0,4,4.0,4.0,4.0,4.0,,,,,,0.0,0.0,0.0,0.0,0.0,4,1,0,1,1,1,1,1,0,1,1,1,0,1,1,1,1,1,51.0,,0.0,191.33333333333331,10.0,30.0,60.0,0.0,0.0,100.0
4,17.5,4,13,965.0,575.0,390.0,,1.0,,,,,,0,4,41,41006,TATE2,4,COMPARISON,2,1.0,,,,,0,4,3 5,5,5,,,1.0,1.0,1.0,,,1,1.0,1.0,,,,97,,,,0.0,0.0,0.0,,,2,1,0,1,1,1,0,0,0,1,1,1,0,1,0,1,1,1,46.0,3.0,0.0,55.142857142857146,0.0,36.61971830985916,63.38028169014085,0.0,0.0,100.0
6,6.0,2,0,880.0,560.0,320.0,560.0,1.0,,,,,12.5,0,5,51,51014,ABRONAMOUE,5,COMPARISON,4,2.0,,,,,0,6,5,,,,,9.0,9.0,,,,1,1.0,,,,,97,,,,0.0,0.0,,,,3,0,0,0,1,1,1,1,1,1,1,1,1,1,0,1,1,1,60.0,1.0,0.0,146.66666666666666,25.0,75.0,0.0,0.0,0.0,100.0
2,7.0,2,10,500.0,350.0,150.0,,,,,,,,0,4,41,41008,DAHIOKE,4,COMPARISON,2,3.0,,,,,0,6,5,,,,,1.0,10.0,,,,1,1.0,,,,1,97,,,,0.0,0.0,,,,0,0,0,1,1,1,0,0,0,1,1,0,0,0,0,0,1,1,44.0,1.0,1.0,71.42857142857143,0.0,100.0,0.0,0.0,0.0,100.0
3,2.5,3,0,1120.0,770.0,350.0,770.0,2.0,,,,,925.0,0,5,51,51003,Anuanua,5,COMPARISON,3,2.0,,,,,0,1,4 5,,,,,10.0,,,,,1,4.0,,,,,97,,,,0.0,0.0,,,,2,0,0,1,0,0,1,0,1,1,1,1,1,1,1,1,1,1,48.0,1.0,0.0,448.0,40.0,0.0,60.0,0.0,0.0,100.0
7,4.0,4,0,1200.0,700.0,500.0,,,,,,,,0,4,41,41003,GBAROU,4,COMPARISON,0,1.0,,,,,0,2,4 5,,,,,6.0,6.0,,,,4,4.0,,,,,,,,,3.0,0.0,,,,0,1,0,1,1,0,0,0,1,1,1,1,1,0,1,1,1,1,39.0,,0.0,300.0,0.0,0.0,100.0,0.0,0.0,100.0
9,10.0,1,13,900.0,600.0,300.0,,2.0,,,,,,0,4,41,41009,DONIE,4,COMPARISON,2,4.0,,,,,0,5,5,,,,,1.0,1.0,1.0,,,1,1.0,1.0,,,2,,2 97,,,3.0,3.0,2.0,,,1,1,1,1,0,1,1,0,0,1,1,1,1,1,0,1,1,1,49.0,1.0,1.0,90.0,100.0,0.0,0.0,0.0,0.0,100.0
8,6.0,4,0,3000.0,2300.0,700.0,,2.0,,,,,,0,4,41,41022,PARA,4,RESTORE,0,2.0,,,,,0,7,5,,,,,6.0,6.0,,,,4,4.0,,,,,97,,,,0.0,3.0,,,,6,1,0,1,1,1,1,1,0,1,1,1,0,1,1,1,1,1,53.0,,0.0,500.0,0.0,0.0,0.0,100.0,0.0,100.0
7,1.0,2,6,100.0,50.0,50.0,50.0,1.0,,,,,1000.0,0,6,61,61001,Abongoua,6,RESTORE,4,1.0,,,,,1,4,2 4,,,,,1.0,,,,,1,,,,,,,,,,2.0,,,,,7,0,1,0,1,0,0,0,1,1,0,1,0,1,0,1,1,0,65.0,3.0,1.0,100.0,5.0,50.0,20.0,20.0,5.0,100.0
5,3.0,4,0,630.0,450.0,180.0,450.0,1.0,,,,,1000.0,0,5,51,51015,Bébou,5,COMPARISON,1,1.0,,,,,0,5,3 4 5,,,,,10.0,,,,,1,,,,,,,,,,2.0,,,,,7,1,0,0,1,0,0,1,0,1,0,0,0,1,0,1,1,1,42.0,1.0,1.0,210.0,20.0,50.0,30.0,0.0,0.0,100.0
7,6.0,1,97,616.0,409.0,207.0,,1.0,,,,,,0,4,41,41015,TAOULOKE,4,COMPARISON,2,1.0,,,,,0,5,5,,,,,10.0,10.0,10.0,,,1,1.0,1.0,,,,,,,,0.0,0.0,0.0,,,5,1,0,1,1,0,1,1,1,1,1,1,1,1,0,1,1,1,40.0,1.0,0.0,102.66666666666669,100.0,0.0,0.0,0.0,0.0,100.0
5,8.0,6,0,4500.0,3000.0,1500.0,,2.0,,,,,,0,4,41,41017,BEOUE,4,RESTORE,0,2.0,,,,,0,3,5,,,,,10.0,10.0,10.0,,,4,4.0,4.0,,,,97,97,,,0.0,3.0,0.0,,,4,1,0,1,1,1,1,1,0,1,1,1,0,1,1,1,1,1,52.0,,0.0,562.5,0.0,0.0,0.0,100.0,0.0,100.0
11,30.0,6,0,19000.0,12000.0,7000.0,12000.0,2.0,,,,,1000.0,0,4,41,41022,PARA,4,RESTORE,0,2.0,,,,,0,8,5,5,5,5,,10.0,8.0,8.0,10.0,8.0,4,4.0,4.0,4.0,4.0,,,,,97,0.0,0.0,0.0,0.0,0.0,3,1,0,1,1,1,1,1,0,1,0,1,1,1,1,1,1,1,48.0,,0.0,633.3333333333334,0.0,0.0,10.37037037037037,58.14814814814815,31.48148148148148,100.0
8,2.0,3,0,240.0,160.0,80.0,160.0,2.0,,,,,1000.0,0,5,53,53001,Kokonou,5,COMPARISON,4,1.0,,,,,1,7,2 5,,,,,1.0,,,,,1,,,,,,,,,,0.0,,,,,7,0,1,0,0,0,1,0,1,1,1,0,0,1,0,1,1,1,55.0,,1.0,120.0,5.0,15.0,80.0,0.0,0.0,100.0
5,1.0,4,0,250.0,150.0,100.0,,3.0,,,,,,0,5,51,51002,Akoikro,5,COMPARISON,4,1.0,,,,,0,4,4 5,,,,,1.0,,,,,1,,,,,,,,,,0.0,,,,,5,0,0,0,1,0,0,0,1,1,0,1,1,1,0,1,1,0,49.0,3.0,0.0,250.0,5.0,0.0,0.0,95.0,0.0,100.0
8,20.0,6,7,3720.0,3000.0,720.0,3000.0,2.0,,,,,1000.0,0,4,41,41022,PARA,4,RESTORE,0,1.0,,,,,0,7,5,5,5,5,,8.0,8.0,8.0,8.0,4.0,4,4.0,4.0,4.0,4.0,,,4,4,,0.0,0.0,0.0,0.0,0.0,0,1,0,1,1,0,1,1,0,1,0,1,0,1,1,1,1,1,60.0,2.0,0.0,186.0,0.0,0.0,0.0,40.0,60.0,100.0
5,2.0,6,10,455.0,325.0,130.0,325.0,,,,,,1000.0,1,7,71,71008,Mafa-Mafou,7,RESTORE,4,1.0,,,,,0,3,4 5 97,,,,,,,,,,1,1.0,,,,,97,,,,3.0,0.0,,,,0,0,1,1,0,0,0,0,1,0,1,1,1,0,0,1,1,0,38.0,3.0,1.0,227.5,10.0,30.0,50.0,10.0,0.0,100.0
8,3.5,4,0,1800.0,1500.0,300.0,,4.0,,,,,,0,7,71,71009,Yakassé-Mé,7,RESTORE,4,1.0,,,,,0,5,97,,,,,,,,,,1,,,,,97,,,,,0.0,,,,,3,0,0,1,0,1,1,1,0,0,1,1,0,1,0,0,1,1,60.0,3.0,1.0,514.2857142857143,0.0,0.0,0.0,100.0,0.0,100.0
7,2.5,6,0,285.0,190.0,95.0,190.0,2.0,,,,,1000.0,0,4,41,41025,YOUKOU,4,RESTORE,0,2.0,,,,,0,3,5,,,,,10.0,10.0,,,,4,4.0,,,,,97,,,,0.0,3.0,,,,2,1,0,1,1,0,1,1,0,1,1,1,1,1,1,1,1,1,30.0,,1.0,114.0,13.0,10.0,10.0,0.0,67.0,100.0
4,3.0,2,0,1200.0,960.0,240.0,960.0,,,,,,1000.0,0,5,51,51005,Takima,5,COMPARISON,0,2.0,,,,,0,2,5,,,,,,,,,,2,,,,,,,,,,2.0,,,,,0,0,0,0,1,0,1,1,1,0,0,1,1,0,0,1,1,1,59.0,,0.0,400.0,0.0,100.0,0.0,0.0,0.0,100.0
5,2.5,2,0,200.0,150.0,50.0,,2.0,,,,,,0,4,41,41021,NIGRE,4,RESTORE,0,2.0,,,,,1,4,5,,,,,3.0,1.0,,,,4,4.0,,,,,97,,,,0.0,2.0,,,,4,1,0,1,1,0,1,1,1,1,0,1,1,1,0,1,1,1,50.0,,0.0,80.0,100.0,0.0,0.0,0.0,0.0,100.0
7,6.0,6,0,845.0,781.0,64.0,,1.0,,,,,,0,7,71,71007,Bassadzin,7,RESTORE,4,1.0,,,,,0,8,4 97,,,,,,,,,,1,,,,,,,,,,3.0,,,,,5,1,0,1,1,0,1,1,1,0,1,1,1,1,0,1,1,1,33.0,4.0,1.0,140.83333333333334,7.000000000000001,2.0,6.0,25.0,60.0,100.0
4,2.5,4,0,115.0,80.0,35.0,,,,,,,,0,7,74,74006,Monin,7,COMPARISON,4,1.0,,,,,0,1,5 97,,,,,1.0,,,,,1,,,,,3,,,,,0.0,,,,,0,0,0,0,0,0,0,0,1,1,1,1,0,0,0,0,1,1,58.0,3.0,0.0,46.0,50.0,0.0,50.0,0.0,0.0,100.0
8,4.5,2,0,75.0,50.0,25.0,,97.0,,,,,,0,7,71,71013,BOUDEPE,7,COMPARISON,4,1.0,,,,,0,5,97,97,,,,,,,,,1,1.0,,,,1,97,,,,0.0,3.0,,,,0,0,0,0,0,0,0,0,1,0,1,1,0,1,0,0,1,1,49.0,3.0,0.0,16.666666666666668,2.6,49.4,0.0,0.0,48.0,100.0
10,5.0,6,0,1300.0,1000.0,300.0,,1.0,,,,,,0,7,75,75001,ASSE ORIé,7,COMPARISON,4,1.0,,,,,0,6,3,,,,,1.0,,,,,1,1.0,,,,,1,,,,0.0,0.0,,,,7,0,1,0,0,0,0,0,0,1,1,1,0,1,0,1,1,1,63.0,5.0,1.0,260.0,0.0,0.0,25.0,50.0,25.0,100.0
7,6.0,3,0,1200.0,800.0,400.0,800.0,1.0,,,,,1000.0,1,5,51,51054,Amian-Kouassikro,5,COMPARISON,0,2.0,,,,,0,5,5,5,,,,8.0,8.0,,,,1,1.0,,,,,,,,,3.0,3.0,,,,3,1,1,1,1,0,1,1,1,1,0,1,1,1,1,1,1,1,37.0,1.0,1.0,200.0,6.363636363636363,19.090909090909093,74.54545454545455,0.0,0.0,100.0
4,3.0,1,5,650.0,520.0,130.0,520.0,4.0,,,,,1000.0,1,5,51,51018,Kouassi-Béniékro,5,RESTORE,4,1.0,,,,,0,5,4,,,,,10.0,,,,,1,,,,,,,,,,3.0,,,,,4,0,1,0,0,0,0,0,0,1,1,1,0,1,1,1,1,1,29.0,6.0,1.0,216.66666666666663,3.0,80.0,12.0,5.0,0.0,100.0
1,5.0,6,13,520.0,390.0,130.0,390.0,2.0,,,,,15.384614944458008,0,5,51,51014,ABRONAMOUE,5,COMPARISON,4,1.0,,,,,0,6,5,5,,,,2.0,1.0,,,,1,1.0,,,,97,97,,,,3.0,0.0,,,,0,1,0,1,1,1,1,1,0,1,1,1,0,1,0,0,1,1,70.0,6.0,1.0,104.0,6.875000000000001,27.500000000000004,40.625,18.75,6.25,100.0
4,9.5,3,5,690.0,460.0,230.0,,1.0,,,,,,0,4,41,41001,TEPOIBOKE,4,COMPARISON,2,1.0,,,,,0,5,5 97,,,,,10.0,10.0,10.0,10.0,,1,1.0,1.0,1.0,,,,,97,,0.0,0.0,0.0,0.0,,1,1,0,1,1,1,1,1,1,1,0,0,0,1,0,1,1,1,50.0,1.0,1.0,72.63157894736842,0.0,0.0,100.0,0.0,0.0,100.0
6,3.0,4,1,490.0,280.0,210.0,280.0,6.0,,,,,1000.0,1,5,51,51012,Zaranou,5,COMPARISON,4,1.0,,,,,1,5,4,,,,,5.0,,,,,1,,,,,,,,,,2.0,,,,,4,0,1,1,1,0,1,0,0,1,0,1,0,1,0,1,1,1,38.0,1.0,1.0,163.33333333333334,0.0,10.0,90.0,0.0,0.0,100.0
6,1.0,6,0,540.0,360.0,180.0,360.0,1.0,,,,,900.0,0,6,64,64001,Alakro,6,COMPARISON,4,1.0,,,,,0,1,2,,,,,10.0,,,,,1,,,,,,,,,,2.0,,,,,5,1,0,1,0,0,1,0,1,1,1,1,0,1,0,1,1,0,80.0,,1.0,540.0,20.0,0.0,5.0,75.0,0.0,100.0
12,6.0,3,0,4000.0,3000.0,1000.0,,1.0,,,,,,0,4,41,41013,NIRO,4,COMPARISON,0,1.0,,,,,0,5,5 97,5 97,5 97,,,2.0,4.0,4.0,4.0,,4,4.0,4.0,4.0,,,,,,,0.0,0.0,2.0,2.0,,2,1,0,0,1,1,1,1,1,1,1,1,0,1,1,1,1,1,34.0,,0.0,666.6666666666666,56.08108108108109,26.351351351351347,17.56756756756757,0.0,0.0,100.0
4,3.5,3,0,280.0,140.0,140.0,140.0,,,,,,1000.0,0,5,53,53005,N'DRIKRO,5,COMPARISON,3,1.0,,,,,1,2,2,2 5,,,,10.0,10.0,,,,1,1.0,,,,,,,,,2.0,2.0,,,,0,0,1,0,1,0,0,0,1,1,0,1,0,0,0,1,1,1,65.0,,0.0,80.0,0.0,45.714285714285715,54.285714285714285,0.0,0.0,100.0
5,7.0,6,0,2000.0,1600.0,400.0,1600.0,3.0,,,,,12.5,0,5,51,51017,Appoisso,5,RESTORE,97,2.0,,,,,0,6,4,4,,,,6.0,6.0,,,,1,1.0,,,,,,,,,0.0,0.0,,,,6,0,0,0,0,0,1,1,1,1,1,1,1,1,1,1,1,1,48.0,,1.0,285.7142857142857,18.125,20.0,21.875,33.75,6.25,100.0
4,1.100000023841858,3,0,373.0,280.0,93.0,,1.0,,,,,,1,7,71,71013,BOUDEPE,7,COMPARISON,4,1.0,,,,,0,5,97,,,,,1.0,,,,,1,,,,,97,,,,,0.0,,,,,1,0,1,0,1,0,0,0,0,1,0,1,0,1,0,0,1,0,71.0,3.0,1.0,339.0909017413117,0.0,30.0,70.0,0.0,0.0,100.0
15,1.0,6,97,350.0,280.0,70.0,280.0,1.0,,,,,1000.0,0,7,71,71008,Mafa-Mafou,7,RESTORE,4,1.0,,,,,1,5,97,,,,,10.0,,,,,1,,,,,,,,,,3.0,,,,,3,0,0,0,0,0,1,1,1,1,1,1,0,1,0,1,1,1,62.0,1.0,1.0,350.0,0.0,0.0,0.0,0.0,100.0,100.0
3,1.0,3,0,130.0,65.0,65.0,65.0,4.0,,,,,1000.0,0,6,61,61001,Abongoua,6,RESTORE,4,1.0,,,,,1,5,2,,,,,10.0,,,,,1,,,,,,,,,,1.0,,,,,6,0,0,0,1,0,0,0,1,1,0,0,0,1,0,1,1,0,67.0,,1.0,130.0,0.0,70.0,30.0,0.0,0.0,100.0
3,3.5,6,0,770.0,420.0,350.0,420.0,,,,,,800.0,0,7,71,71003,Anougbakro,7,RESTORE,0,2.0,,,,,0,2,5,5,,,,8.0,8.0,,,,1,1.0,,,,,11,,,,0.0,0.0,,,,0,0,0,1,1,0,1,0,0,1,1,1,1,0,0,1,1,1,60.0,1.0,1.0,220.0,20.0,25.65217391304348,0.0,54.347826086956516,0.0,100.0
7,6.25,5,0,1500.0,1200.0,300.0,,1.0,,,,,,0,7,72,72003,BOGUIé,7,COMPARISON,4,4.0,,,,,1,6,5,,,,,97.0,,,,,1,,,,,,,,,,0.0,,,,,1,0,0,0,0,0,0,0,1,1,1,1,0,1,0,1,1,1,50.0,,1.0,240.0,0.0,0.0,80.0,20.0,0.0,100.0
6,17.0,1,0,1200.0,800.0,400.0,,,,,,,,1,4,41,41037,IRATO,4,COMPARISON,2,3.0,,,,,0,4,5,,,,,1.0,1.0,1.0,1.0,,1,1.0,1.0,1.0,,,,,97,,0.0,0.0,0.0,3.0,,0,0,0,0,1,0,1,1,1,1,0,1,0,0,0,1,1,1,80.0,,1.0,70.58823529411765,100.0,0.0,0.0,0.0,0.0,100.0
6,0.0,2,0,400.0,300.0,100.0,,1.0,,,,,,0,4,41,41011,KLODIO,4,COMPARISON,4,1.0,,,,,0,5,5,,,,,1.0,1.0,1.0,,,1,1.0,1.0,,,,9,97,,,0.0,0.0,0.0,,,3,0,1,0,0,1,1,1,1,1,1,1,0,1,0,1,1,1,47.0,1.0,1.0,,10.0,90.0,0.0,0.0,0.0,100.0
5,1.0,2,0,960.0,560.0,400.0,560.0,,,,,,1000.0,0,4,41,41037,IRATO,4,COMPARISON,2,1.0,,,,,0,6,5,5,5,,,1.0,1.0,1.0,1.0,1.0,4,4.0,4.0,4.0,1.0,97,97,97,,,0.0,0.0,0.0,0.0,0.0,0,0,0,1,1,1,1,1,0,1,1,1,0,0,0,1,1,1,34.0,6.0,0.0,960.0,0.0,100.0,0.0,0.0,0.0,100.0
13,40.0,6,0,2000.0,1500.0,500.0,,1.0,,,,,,0,5,52,52001,Akakro,5,COMPARISON,1,2.0,,,,,0,5,5 97,,,,,10.0,,,,,4,,,,,,,,,,0.0,,,,,4,0,0,0,1,0,1,1,0,1,1,1,1,1,0,1,1,1,57.0,,0.0,50.0,10.0,20.0,20.0,30.0,20.0,100.0
6,4.0,3,0,2200.0,2000.0,200.0,,1.0,,,,,,0,5,51,51008,Adjoumani-Kouassikro,5,COMPARISON,4,1.0,,,,,0,5,4,5,,,,1.0,1.0,,,,1,1.0,1.0,,,,,,,,0.0,0.0,0.0,,,6,0,0,0,1,1,1,1,0,1,1,1,1,1,0,1,1,1,36.0,,1.0,550.0,5.0,65.0,30.0,0.0,0.0,100.0
6,12.0,6,13,700.0,500.0,200.0,,1.0,,,,,,0,7,74,74003,BOHOUIN,7,COMPARISON,4,1.0,,,,,0,5,5,5,,,,10.0,9.0,,,,1,1.0,,,,,,,,,2.0,0.0,,,,6,1,0,1,1,0,1,1,1,1,0,1,1,1,0,1,1,1,61.0,5.0,1.0,58.333333333333336,11.666666666666666,15.0,15.0,16.666666666666664,41.66666666666667,100.0
1,1.0,2,0,500.0,300.0,200.0,,,,,,,,0,7,71,71012,MAMINI,7,COMPARISON,4,1.0,,,,,0,4,5,5,,,,9.0,10.0,,,,1,1.0,,,,,11,,,,0.0,0.0,,,,0,0,0,0,1,0,1,0,1,1,1,0,0,0,0,1,1,1,45.0,1.0,0.0,500.0,0.0,100.0,0.0,0.0,0.0,100.0
4,2.0,6,6,161.0,115.0,46.0,,1.0,,,,,,0,7,74,74003,BOHOUIN,7,COMPARISON,4,1.0,,,,,0,1,5,,,,,10.0,,,,,1,,,,,,,,,,0.0,,,,,6,0,1,0,1,0,1,1,0,1,1,1,1,1,0,1,1,1,52.0,1.0,1.0,80.5,5.0,5.0,5.0,85.0,0.0,100.0
6,6.0,2,5,300.0,225.0,75.0,,1.0,,,,,,0,7,73,73005,Ahéoua,7,COMPARISON,4,1.0,,,,,0,5,5,,,,,6.0,6.0,6.0,,,1,1.0,1.0,,,,,97,,,0.0,0.0,0.0,,,2,1,1,0,1,1,1,1,0,1,1,1,1,1,1,1,1,1,52.0,5.0,0.0,50.0,50.0,50.0,0.0,0.0,0.0,100.0
8,10.0,6,6,980.0,770.0,210.0,770.0,97.0,,,,,1000.0,0,7,73,73005,Ahéoua,7,COMPARISON,4,1.0,,,,,0,5,5 97,5 97,,,,,,,,,1,1.0,,,,4,6,,,,2.0,2.0,,,,3,0,0,0,0,0,0,0,1,0,1,1,1,1,0,0,1,1,63.0,1.0,1.0,98.0,7.531645569620253,17.531645569620252,14.810126582278482,60.12658227848101,0.0,100.0
7,7.0,6,97,769.0,646.0,123.0,,1.0,,,,,,0,7,71,71010,Blékoum,7,COMPARISON,3,1.0,,,,,0,3,5 97,,,,,10.0,4.0,4.0,,,4,2.0,4.0,,,,,,,,0.0,0.0,0.0,,,5,1,0,1,1,1,0,1,1,1,0,1,0,1,0,1,1,1,44.0,1.0,1.0,109.85714285714286,0.0,0.0,0.0,30.0,70.0,100.0
8,0.0,6,7,700.0,560.0,140.0,560.0,1.0,,,,,1000.0,0,5,51,51046,Kabrankro,5,COMPARISON,97,2.0,,,,,0,1,5,4 5,,,,,,,,,4,4.0,,,,,,,,,2.0,0.0,,,,2,1,0,0,1,1,1,0,1,0,1,1,0,1,1,1,1,1,44.0,,1.0,,0.0,4.901960784313726,12.254901960784313,50.49019607843137,32.35294117647059,100.0
5,1.5,1,0,90.0,60.0,30.0,,1.0,,,,,,0,7,74,74003,BOHOUIN,7,COMPARISON,4,1.0,,,,,0,2,5,,,,,10.0,,,,,1,1.0,,,,,97,,,,3.0,0.0,,,,2,0,0,0,0,0,1,1,0,1,1,1,1,1,0,1,1,1,27.0,1.0,0.0,60.0,100.0,0.0,0.0,0.0,0.0,100.0
5,4.5,4,0,2000.0,1500.0,500.0,,,,,,,,0,7,74,74002,Montézo,7,COMPARISON,4,1.0,,,,,0,2,5 97,,,,,9.0,9.0,,,,1,1.0,,,,11,97,,,,0.0,0.0,,,,0,0,0,0,1,0,1,1,0,1,1,1,0,0,0,0,1,1,40.0,3.0,1.0,444.44444444444446,0.0,0.0,100.0,0.0,0.0,100.0
8,8.0,3,0,640.0,400.0,240.0,400.0,1.0,,,,,1000.0,0,5,51,51004,Dramanekro,5,COMPARISON,3,2.0,,,,,0,3,5,,,,,1.0,,,,,1,1.0,,,,,,,,,0.0,0.0,,,,4,0,0,0,0,0,1,0,1,1,1,1,1,1,0,1,1,1,43.0,1.0,1.0,80.0,25.0,25.0,35.0,15.0,0.0,100.0
4,8.0,6,13,800.0,500.0,300.0,,1.0,,,,,,0,7,71,71009,Yakassé-Mé,7,RESTORE,4,4.0,,,,,0,1,5,,,,,10.0,,,,,1,,,,,,,,,,2.0,,,,,3,0,0,0,1,0,0,1,0,1,1,1,0,1,0,1,1,1,51.0,1.0,1.0,100.0,0.0,0.0,0.0,0.0,100.0,100.0
4,4.0,2,0,600.0,480.0,120.0,480.0,1.0,,,,,1000.0,0,5,51,51054,Amian-Kouassikro,5,COMPARISON,0,2.0,,,,,0,2,5,5,,,,10.0,10.0,,,,1,1.0,,,,,,,,,0.0,0.0,,,,0,1,0,0,1,0,1,1,1,1,1,1,1,1,1,1,1,1,30.0,1.0,1.0,150.0,0.0,85.0,0.0,15.0,0.0,100.0
9,2.0,3,97,520.0,325.0,195.0,325.0,,,,,,1000.0,1,7,72,72003,BOGUIé,7,COMPARISON,4,1.0,,,,,0,1,5,,,,,1.0,,,,,1,,,,,1,,,,,0.0,,,,,0,0,0,0,0,0,1,0,0,1,1,1,1,0,0,0,1,1,60.0,3.0,1.0,260.0,20.0,55.00000000000001,25.0,0.0,0.0,100.0
2,2.0,1,0,250.0,190.0,60.0,,1.0,,,,,,0,4,41,41015,TAOULOKE,4,COMPARISON,0,1.0,,,,,0,3,5,5,,,,2.0,2.0,,,,4,4.0,,,,2,2,,,,2.0,2.0,,,,0,0,0,0,1,1,1,0,1,1,1,1,0,1,0,0,1,0,49.0,,0.0,125.0,100.0,0.0,0.0,0.0,0.0,100.0
3,3.0,4,0,560.0,480.0,80.0,480.0,1.0,,,,,1000.0,0,5,51,51008,Adjoumani-Kouassikro,5,COMPARISON,4,1.0,,,,,0,6,5,5,,,,1.0,1.0,,,,1,1.0,,,,,,,,,0.0,0.0,,,,1,0,0,0,0,0,1,0,0,1,1,0,1,1,0,1,1,1,65.0,4.0,1.0,186.66666666666663,2.2941176470588234,10.0,75.94117647058823,11.76470588235294,0.0,100.0
6,4.5,3,0,3500.0,2000.0,1500.0,,1.0,,,,,,0,4,41,41013,NIRO,4,COMPARISON,0,2.0,,,,,0,5,5,5,,,,8.0,8.0,,,,4,4.0,,,,,97,,,,0.0,0.0,,,,4,1,0,1,1,1,1,0,1,1,1,1,0,1,1,1,1,1,41.0,,0.0,777.7777777777778,44.44444444444444,0.0,55.55555555555556,0.0,0.0,100.0
3,16.0,3,0,18000.0,13000.0,3000.0,,1.0,,,,,,0,7,73,73005,Ahéoua,7,COMPARISON,4,3.0,,,,,0,4,5,,,,,1.0,,,,,1,,,,,,,,,,0.0,,,,,3,1,1,0,1,0,1,1,0,1,0,0,1,1,0,1,1,1,45.0,1.0,0.0,1125.0,20.0,40.0,40.0,0.0,0.0,100.0
5,1.5,2,6,140.0,100.0,40.0,,1.0,,,,,,0,7,71,71008,Mafa-Mafou,7,RESTORE,4,4.0,,,,,0,1,5,,,,,10.0,,,,,1,,,,,,,,,,3.0,,,,,2,1,0,0,1,0,1,1,0,1,0,1,0,1,0,1,1,1,48.0,5.0,1.0,93.33333333333331,0.0,100.0,0.0,0.0,0.0,100.0
10,11.5,1,0,150.0,100.0,50.0,,,,,,,,0,4,41,41001,TEPOIBOKE,4,COMPARISON,2,1.0,,,,,0,1,5,,,,,4.0,1.0,1.0,,,1,1.0,1.0,,,2,2,,,,2.0,2.0,2.0,,,0,0,0,1,0,0,1,0,1,1,1,1,0,0,1,1,1,1,41.0,,0.0,13.043478260869565,100.0,0.0,0.0,0.0,0.0,100.0
5,4.5,3,97,2300.0,800.0,1500.0,800.0,1.0,,,,,1000.0,0,4,41,41010,IBO2,4,COMPARISON,3,4.0,,,,,0,3,5,,,,,8.0,,,,,1,,,,,1,,,,,3.0,,,,,1,1,0,0,0,0,1,0,0,1,1,1,0,1,1,0,1,1,47.0,1.0,0.0,511.1111111111111,25.0,50.0,25.0,0.0,0.0,100.0
1,4.0,5,0,400.0,320.0,80.0,320.0,1.0,,,,,1000.0,0,5,51,51003,Anuanua,5,COMPARISON,3,1.0,,,,,0,5,5,,,,,9.0,,,,,4,,,,,,,,,,0.0,,,,,3,0,0,0,1,0,1,1,1,1,1,1,1,1,0,1,1,1,48.0,,1.0,100.0,0.0,0.0,10.0,90.0,0.0,100.0
12,0.0,6,10 13,800.0,480.0,320.0,480.0,1.0,,,,,12.5,0,5,53,53001,Kokonou,5,COMPARISON,4,1.0,,,,,0,5,5,5,,,,1.0,1.0,,,,1,1.0,,,,1,1,,,,0.0,0.0,,,,4,0,0,1,1,1,1,1,0,1,1,1,1,1,0,0,1,1,52.0,1.0,0.0,,7.894736842105263,21.578947368421055,32.89473684210527,25.0,12.631578947368421,100.00000000000001
6,4.0,4,0,57800.0,43350.0,14450.0,43350.0,1.0,,,,,11.764705657958984,1,7,71,51028,Ananguié,7,RESTORE,0,2.0,,,,,0,5,5 97,,,,,,,,,,1,1.0,,,,,,,,,0.0,0.0,,,,3,0,0,0,0,0,1,1,1,0,1,1,0,1,0,1,1,1,47.0,,0.0,14450.0,0.0,0.0,0.0,100.0,0.0,100.0
2,2.5,6,0,700.0,600.0,100.0,600.0,,,,,,900.0,1,5,51,51004,Dramanekro,5,COMPARISON,1,2.0,,,,,0,2,4,,,,,10.0,,,,,1,4.0,,,,97,97,,,,3.0,0.0,,,,0,0,0,1,0,0,1,0,1,1,0,1,1,0,0,0,1,1,70.0,,1.0,280.0,2.0,0.0,0.0,0.0,98.0,100.0
5,3.75,2,6,210.0,180.0,30.0,,1.0,,,,,,1,5,51,51047,Bossematié,5,COMPARISON,4,1.0,,,,,0,5,3 4,,,,,2.0,,,,,2,4.0,4.0,,,,97,4,,,0.0,2.0,0.0,,,4,0,0,0,0,0,1,0,1,1,1,1,0,1,0,1,1,1,47.0,1.0,0.0,56.0,30.0,70.0,0.0,0.0,0.0,100.0
7,6.0,2,0,1600.0,960.0,640.0,960.0,3.0,,,,,11.25,1,5,51,51017,Appoisso,5,RESTORE,4,1.0,,,,,1,5,4,,,,,10.0,,,,,1,,,,,,,,,,0.0,,,,,3,1,1,0,1,0,0,0,1,1,0,0,0,1,0,1,1,1,43.0,,1.0,266.6666666666667,15.0,85.0,0.0,0.0,0.0,100.0
7,3.0,3,0,360.0,240.0,120.0,240.0,6.0,,,,,1000.0,1,5,51,51017,Appoisso,5,RESTORE,0,2.0,,,,,0,3,4,,,,,10.0,,,,,1,4.0,,,,,9,,,,2.0,3.0,,,,2,0,0,0,0,0,1,1,1,1,0,1,1,1,1,1,1,1,31.0,1.0,0.0,120.0,30.0,70.0,0.0,0.0,0.0,100.0
15,6.5,2,10,2200.0,1500.0,700.0,,6.0,,,,,,0,5,52,52001,Akakro,5,COMPARISON,1,2.0,,,,,0,6,97,,,,,8.0,,,,,1,,,,,,,,,,0.0,,,,,5,0,0,0,1,0,1,1,1,1,0,1,0,1,0,1,1,1,56.0,,1.0,338.46153846153845,0.0,100.0,0.0,0.0,0.0,100.0
8,3.0,2,0,1200.0,800.0,400.0,800.0,2.0,,,,,1000.0,0,4,41,41003,GBAROU,4,COMPARISON,2,1.0,,,,,0,4,5,,,,,1.0,1.0,,,,4,4.0,,,,,,,,,0.0,0.0,,,,2,0,0,1,1,0,1,1,0,1,0,1,0,1,0,1,1,1,30.0,3.0,1.0,400.0,15.0,85.0,0.0,0.0,0.0,100.0
6,15.0,5,97,1400.0,1050.0,350.0,1050.0,3.0,,,,,12.857142448425291,1,5,51,51001,Adahou,5,COMPARISON,4,1.0,,,,,0,5,4 5,4 5,4 5,,,10.0,10.0,10.0,,,1,1.0,1.0,,,,97,,,,0.0,3.0,0.0,,,3,0,0,0,0,0,1,0,1,1,1,1,1,1,0,1,1,1,58.0,5.0,1.0,93.33333333333331,20.0,43.15789473684211,19.473684210526315,17.36842105263158,0.0,100.0
4,3.0,3,13,500.0,350.0,150.0,,97.0,,,,,,0,6,64,64001,Alakro,6,COMPARISON,4,3.0,,,,,0,5,2,2,,,,1.0,,,,,1,1.0,,,,,,,,,3.0,0.0,,,,3,0,0,1,1,0,0,1,1,1,1,1,0,1,0,1,1,1,57.0,,1.0,166.66666666666666,23.304347826086957,66.52173913043478,10.173913043478262,0.0,0.0,100.0
5,5.0,4,10,1300.0,200.0,1100.0,,,,,,,,0,4,41,41009,DONIE,4,COMPARISON,0,2.0,,,,,0,4,5,,,,,2.0,,,,,2,,,,,,,,,,0.0,,,,,0,0,0,1,1,1,1,0,1,1,1,1,0,0,0,1,1,1,59.0,,0.0,260.0,0.0,0.0,100.0,0.0,0.0,100.0
4,5.0,3,0,3000.0,2000.0,1000.0,,2.0,,,,,,0,4,41,41013,NIRO,4,COMPARISON,0,1.0,,,,,0,10,5,,,,,8.0,,,,,4,,,,,,,,,,3.0,,,,,1,1,0,0,1,1,1,0,1,1,1,1,0,1,0,1,1,1,33.0,,0.0,600.0,25.0,25.0,50.0,0.0,0.0,100.0
6,0.0,3,0,70.0,50.0,20.0,,,,,,,,1,4,41,41016,TATE1,4,COMPARISON,4,1.0,,,,,0,1,5,5,,,,1.0,1.0,1.0,,,1,1.0,1.0,,,1,1,97,,,0.0,0.0,0.0,,,0,0,0,1,1,1,0,1,1,1,1,0,0,0,0,0,1,0,56.0,1.0,1.0,,100.0,0.0,0.0,0.0,0.0,100.0
15,7.0,6,11,1200.0,1000.0,200.0,,1.0,,,,,,0,5,51,51015,Bébou,5,COMPARISON,4,1.0,,,,,0,4,5,,,,,9.0,9.0,,,,1,1.0,,,,,97,,,,0.0,2.0,,,,1,0,0,1,0,0,0,0,0,1,1,1,0,1,1,1,1,1,52.0,3.0,0.0,171.42857142857142,0.0,60.0,30.0,5.0,5.0,100.0
5,1.75,1,97,25.0,25.0,0.0,25.0,,,,,,1000.0,0,7,73,73004,Agbaou,7,COMPARISON,4,3.0,,,,,0,2,3 97,,,,,9.0,,,,,1,,,,,97,,,,,2.0,,,,,0,0,1,1,0,0,1,1,1,1,1,1,1,0,0,0,1,1,51.0,3.0,0.0,14.285714285714286,100.0,0.0,0.0,0.0,0.0,100.0
15,10.0,6,0,630.0,450.0,180.0,450.0,2.0,5.0,7.0,5.0,4.0,1000.0,0,7,73,73005,Ahéoua,7,COMPARISON,4,3.0,5.0,7.0,5.0,4.0,0,5,3 97,,,,,,,,,,1,,,,,3 4,,,,,0.0,,,,,2,0,0,0,0,0,0,0,1,0,1,1,0,1,0,0,1,1,70.0,1.0,1.0,63.0,0.0,0.0,0.0,0.0,100.0,100.0
11,2.5,6,11,245.0,175.0,70.0,175.0,97.0,,,,,1000.0,0,5,51,51008,Adjoumani-Kouassikro,5,COMPARISON,4,1.0,,,,,0,4,5,2,,,,10.0,1.0,,,,1,1.0,,,,,,,,,1.0,1.0,,,,7,0,0,0,0,0,1,1,1,1,1,0,1,1,1,1,1,1,54.0,1.0,0.0,98.0,1.0,4.0,12.0,64.0,19.0,100.0
8,4.0,6,0,210.0,140.0,70.0,140.0,97.0,,,,,12.857142448425291,0,7,71,71009,Yakassé-Mé,7,RESTORE,4,4.0,,,,,0,5,5,,,,,1.0,,,,,1,,,,,9,,,,,2.0,,,,,3,0,0,0,1,0,0,1,0,1,0,1,0,1,0,0,1,1,55.0,1.0,1.0,52.5,0.0,0.0,0.0,100.0,0.0,100.0
10,10.5,4,0,3400.0,3000.0,480.0,3000.0,2.0,,,,,1000.0,0,4,41,41021,NIGRE,4,RESTORE,4,1.0,,,,,0,7,5,,,,,10.0,,,,,4,,,,,,,,,,3.0,,,,,5,1,0,1,1,1,1,1,1,1,1,1,1,1,1,1,1,1,50.0,,0.0,323.8095238095238,0.0,15.0,30.0,30.0,25.0,100.0
10,4.0,2,0,420.0,375.0,45.0,,1.0,,,,,,1,5,51,51047,Bossematié,5,COMPARISON,97,2.0,,,,,1,6,5,,,,,,,,,,2,,,,,,,,,,2.0,,,,,7,0,0,0,0,0,0,0,1,0,1,1,0,1,1,1,1,1,50.0,,0.0,105.0,80.0,20.0,0.0,0.0,0.0,100.0
4,5.0,6,13,1425.0,1125.0,300.0,1125.0,1.0,,,,,13.333333015441896,0,5,51,51008,Adjoumani-Kouassikro,5,COMPARISON,4,1.0,,,,,0,5,5 97,,,,,1.0,,,,,1,,,,,,,,,,0.0,,,,,1,0,1,0,1,0,1,1,1,1,1,1,1,1,0,1,1,1,51.0,,1.0,285.0,5.0,20.0,50.0,25.0,0.0,100.0
8,4.0,2,97,900.0,800.0,100.0,,1.0,,,,,,0,7,71,71010,Blékoum,7,COMPARISON,4,2.0,,,,,0,1,5,,,,,2.0,,,,,1,,,,,2,,,,,3.0,,,,,2,1,0,0,0,0,1,0,1,1,1,1,0,1,0,0,1,1,42.0,1.0,0.0,225.0,50.0,50.0,0.0,0.0,0.0,100.0
6,9.5,6,0,2800.0,2000.0,800.0,2000.0,2.0,,,,,1000.0,0,4,41,41024,POUTOU,4,RESTORE,3,2.0,,,,,0,3,5,,,,,10.0,10.0,10.0,,10.0,4,4.0,4.0,4.0,4.0,,97,97,97,97,0.0,0.0,0.0,0.0,0.0,2,1,0,1,1,1,1,1,1,1,1,1,0,1,1,1,1,1,25.0,,1.0,294.7368421052632,0.0,0.0,0.0,100.0,0.0,100.0
2,6.0,3,13,558.0,465.0,93.0,,97.0,,,,,,0,5,53,53004,N'Djorekro,5,COMPARISON,4,1.0,,,,,0,5,4 5,4,,,,1.0,1.0,,,,1,1.0,,,,,,,,,0.0,0.0,,,,2,0,0,1,0,0,1,1,1,1,1,1,0,1,0,1,1,1,51.0,3.0,0.0,93.0,15.11627906976744,50.0,34.883720930232556,0.0,0.0,100.0
11,12.0,6,0,1500.0,1000.0,500.0,,,,,,,,1,4,41,41039,HANNIE,4,COMPARISON,0,2.0,,,,,0,4,3 5,3 5,,,,4.0,4.0,,,,4,4.0,,,,11,11,,,,2.0,0.0,,,,0,1,0,1,1,0,1,0,1,1,0,1,0,0,1,0,1,1,47.0,,0.0,125.0,0.0,0.0,35.0,35.833333333333336,29.166666666666668,100.00000000000001
5,5.5,4,0,2000.0,1500.0,500.0,,1.0,,,,,,0,4,41,41002,DJEKA,4,COMPARISON,0,1.0,,,,,0,4,5,,,,,4.0,4.0,,,,4,4.0,4.0,,,,,11,,,0.0,0.0,3.0,,,3,0,1,1,1,0,1,1,1,1,0,1,1,1,1,1,1,1,38.0,,0.0,363.6363636363636,0.0,0.0,100.0,0.0,0.0,100.0
7,4.5,2,0,166.0,96.0,70.0,,1.0,,,,,,0,4,41,41006,TATE2,4,COMPARISON,2,3.0,,,,,0,4,5,,,,,10.0,10.0,10.0,10.0,,1,1.0,1.0,1.0,,,,,,,2.0,0.0,0.0,0.0,,3,0,0,1,1,1,1,1,1,1,0,1,0,1,0,1,1,1,31.0,,1.0,36.888888888888886,25.0,75.0,0.0,0.0,0.0,100.0
11,5.0,5,0,1755.0,1300.0,455.0,1300.0,2.0,,,,,1000.0,0,4,41,41028,GNATO,4,RESTORE,4,1.0,,,,,0,5,5,,,,,8.0,,,,,4,,,,,,,,,,0.0,,,,,4,0,0,0,1,1,1,0,0,1,1,1,0,1,1,1,1,1,46.0,,0.0,351.0,0.0,20.0,60.0,20.0,0.0,100.0
6,0.0,3,0,960.0,640.0,320.0,640.0,2.0,,,,,1000.0,0,6,64,64002,Kouadioukro,6,COMPARISON,4,1.0,,,,,1,7,2,,,,,10.0,1.0,1.0,,,1,1.0,1.0,,,,,,,,2.0,2.0,1.0,,,5,0,0,1,0,0,0,0,1,1,1,1,0,1,0,1,1,1,55.0,,1.0,,0.0,30.0,0.0,70.0,0.0,100.0
1,5.0,5,0,104.0,104.0,0.0,,97.0,,,,,,0,7,71,71006,Nyan,7,RESTORE,4,3.0,,,,,0,1,5,,,,,10.0,10.0,,,,1,1.0,,,,,97,,,,2.0,3.0,,,,6,1,0,0,1,0,1,1,0,1,1,1,1,1,0,1,1,1,43.0,1.0,1.0,20.8,0.0,0.0,40.0,60.0,0.0,100.0
4,2.0,4,0,86.0,86.0,0.0,,1.0,,,,,,0,7,71,71008,MAFA-MAFOU,7,RESTORE,4,1.0,,,,,1,5,5 97,,,,,1.0,,,,,1,1.0,,,,,97,,,,2.0,2.0,,,,1,1,0,0,0,0,1,1,0,1,1,1,0,1,1,1,1,1,56.0,2.0,1.0,43.0,0.0,0.0,0.0,100.0,0.0,100.0
2,0.0,3,0,1300.0,800.0,500.0,,,,,,,,0,4,41,41009,DONIE,4,COMPARISON,97,1.0,,,,,0,7,5,,,,,5.0,,,,,1,,,,,1 9,,,,,0.0,,,,,0,1,0,1,1,1,1,1,1,1,1,1,0,0,1,0,1,1,23.0,,0.0,,0.0,0.0,100.0,0.0,0.0,100.0
10,8.0,5,0,2500.0,1500.0,1000.0,,1.0,,,,,,0,5,53,53001,Kokonou,5,COMPARISON,0,2.0,,,,,0,4,5,,,,,1.0,,,,,4,,,,,,,,,,0.0,,,,,2,0,0,0,1,0,1,1,1,1,1,1,1,1,1,1,1,1,60.0,,0.0,312.5,50.0,0.0,0.0,50.0,0.0,100.0
5,6.0,2,0,600.0,400.0,200.0,,,,,,,,0,4,41,41011,KLODIO,4,COMPARISON,2,1.0,,,,,0,5,5,,,,,1.0,,,,,1,,,,,,,,,,0.0,,,,,0,0,0,1,1,1,1,0,1,1,1,1,0,0,0,1,1,1,29.0,1.0,1.0,100.0,25.0,75.0,0.0,0.0,0.0,100.0
11,22.5,6,0,3240.0,2400.0,840.0,2400.0,,,,,,1000.0,0,4,41,41003,GBAROU,4,COMPARISON,0,2.0,,,,,0,7,5,5,,,,8.0,8.0,8.0,8.0,8.0,4,4.0,4.0,4.0,4.0,,,,,,0.0,0.0,0.0,0.0,0.0,0,0,0,0,1,1,1,1,0,1,1,1,0,0,1,1,1,1,49.0,,0.0,144.0,0.0,35.0,0.0,65.0,0.0,100.0
10,10.0,2,97,1600.0,1200.0,400.0,1200.0,97.0,,,,,1000.0,0,7,75,75001,ASSE ORIé,7,COMPARISON,4,3.0,,,,,0,6,5,,,,,10.0,,,,,1,,,,,,,,,,0.0,,,,,3,0,0,0,0,0,0,0,1,1,1,1,0,1,0,1,1,1,53.0,2.0,1.0,160.0,0.0,100.0,0.0,0.0,0.0,100.0
2,5.0,5,5,1760.0,1440.0,320.0,1440.0,1.0,,,,,12.5,0,5,51,51009,Affalikro,5,COMPARISON,3,1.0,,,,,0,1,5,,,,,1.0,,,,,1,,,,,,,,,,0.0,,,,,2,0,0,0,1,1,1,0,0,1,1,1,0,1,1,1,1,1,59.0,3.0,1.0,352.0,0.0,10.0,50.0,40.0,0.0,100.0
5,3.0,3,0,720.0,480.0,240.0,480.0,2.0,,,,,850.0,0,4,41,41018,GBELETO,4,RESTORE,4,2.0,,,,,0,5,5,,,,,8.0,,,,,4,,,,,,,,,,0.0,,,,,3,1,0,1,1,1,1,1,0,1,1,1,0,1,1,1,1,1,46.0,3.0,0.0,240.0,0.0,0.0,100.0,0.0,0.0,100.0
6,4.0,3,0,487.5,325.0,162.5,325.0,1.0,,,,,15.384614944458008,1,5,51,51023,Elinso,5,RESTORE,4,1.0,,,,,0,1,5,,,,,10.0,9.0,,,,1,1.0,,,,,,,,,0.0,0.0,,,,3,0,0,0,1,0,0,1,0,1,1,1,0,1,0,1,1,1,43.0,1.0,1.0,121.875,0.0,50.0,50.0,0.0,0.0,100.0
6,13.949999809265137,3,97,1400.0,1200.0,200.0,,1.0,,,,,,0,5,51,51014,ABRONAMOUE,5,COMPARISON,4,3.0,,,,,0,5,5,5,5,5,,1.0,1.0,1.0,1.0,1.0,1,1.0,1.0,1.0,1.0,,,,3,97,0.0,0.0,0.0,0.0,0.0,4,1,1,1,1,1,1,1,1,1,1,1,1,1,0,1,1,1,43.0,5.0,1.0,100.35842431124377,18.17773788150808,53.3213644524237,15.035906642728905,13.464991023339318,0.0,100.0
2,8.0,6,0,640.0,400.0,240.0,400.0,2.0,,,,,12.5,0,4,41,41037,IRATO,4,COMPARISON,2,1.0,,,,,1,2,5,,,,,10.0,10.0,10.0,,,4,4.0,4.0,,,9,97,97,,,0.0,0.0,0.0,,,1,0,0,0,0,0,0,0,0,1,1,1,0,1,1,0,1,1,42.0,,0.0,80.0,0.0,0.0,0.0,100.0,0.0,100.0
12,10.0,1,7,350.0,250.0,100.0,,,,,,,,0,4,41,41009,DONIE,4,COMPARISON,2,3.0,,,,,0,4,5,,,,,1.0,,,,,1,,,,,,,,,,0.0,,,,,0,0,0,1,0,0,0,0,0,1,1,1,0,0,0,1,1,1,61.0,1.0,1.0,35.0,100.0,0.0,0.0,0.0,0.0,100.0
5,2.5,3,9,500.0,300.0,200.0,300.0,6.0,,,,,850.0,0,5,51,51031,Dallo,5,RESTORE,3,1.0,,,,,1,7,5,5,,,,8.0,6.0,,,,1,1.0,,,,11,10,,,,2.0,2.0,,,,7,0,1,0,0,0,1,0,1,1,1,1,0,1,1,0,1,1,39.0,,1.0,200.0,0.0,0.0,100.0,0.0,0.0,100.0
5,8.0,4,0,855.0,540.0,315.0,540.0,1.0,,,,,1000.0,0,5,51,51005,Takima,5,COMPARISON,0,2.0,,,,,0,5,5,,,,,10.0,,,,,1,,,,,,,,,,2.0,,,,,4,0,0,0,0,0,1,1,1,1,0,1,1,1,0,1,1,1,37.0,,1.0,106.875,30.0,25.0,45.0,0.0,0.0,100.0
5,3.0,3,0,1000.0,700.0,300.0,,2.0,,,,,,0,4,41,41032,OLODIO,4,RESTORE,0,2.0,,,,,0,3,5,,,,,2.0,3.0,,,,4,4.0,,,,2,2,,,,2.0,3.0,,,,4,0,0,0,1,0,1,0,1,1,1,1,1,1,0,0,1,1,41.0,1.0,0.0,333.3333333333333,40.0,30.0,30.0,0.0,0.0,100.0
10,3.0,5,1,840.0,560.0,280.0,560.0,6.0,,,,,1000.0,0,5,51,51036,Ahuasso,5,RESTORE,4,1.0,,,,,1,5,4,,,,,10.0,,,,,1,,,,,,,,,,2.0,,,,,3,1,0,1,1,0,0,0,1,1,1,1,0,1,0,1,1,1,41.0,,0.0,280.0,0.0,0.0,0.0,100.0,0.0,100.0
7,2.0,1,97,150.0,112.5,37.5,112.5,1.0,,,,,1000.0,0,5,51,51003,Anuanua,5,COMPARISON,4,1.0,,,,,0,5,5,5,,,,1.0,9.0,,,,1,1.0,,,,11,,,,,0.0,0.0,,,,2,0,1,1,1,1,1,1,1,1,0,0,0,1,0,1,1,1,35.0,5.0,1.0,75.0,100.0,0.0,0.0,0.0,0.0,100.0
4,6.0,6,0,1600.0,1040.0,560.0,1040.0,1.0,,,,,1000.0,0,5,51,51011,N'Gouanda,5,COMPARISON,4,1.0,,,,,0,3,5,,,,,,,,,,1,,,,,,,,,,2.0,,,,,1,0,0,0,1,1,1,0,0,0,1,1,1,1,0,1,1,1,65.0,,1.0,266.6666666666667,20.0,0.0,0.0,30.0,50.0,100.0
8,5.5,4,0,2300.0,2000.0,300.0,,2.0,,,,,,0,4,41,41017,BEOUE,4,RESTORE,2,1.0,,,,,0,6,5,5,,,,1.0,1.0,1.0,1.0,,4,4.0,1.0,1.0,,,,,,,0.0,0.0,0.0,0.0,,0,1,0,1,1,0,1,1,1,1,0,1,1,1,1,1,1,1,49.0,1.0,1.0,418.1818181818182,0.0,0.0,100.0,0.0,0.0,100.0
8,1.5,6,1,165.0,105.0,60.0,,6.0,,,,,,0,5,51,51027,Ahininkro,5,RESTORE,4,1.0,,,,,1,5,4,,,,,10.0,,,,,1,,,,,,,,,,2.0,,,,,2,0,0,0,1,0,0,0,1,1,1,1,1,1,0,1,1,1,54.0,,1.0,110.0,20.0,0.0,0.0,0.0,80.0,100.0
4,5.0,2,0,650.0,400.0,250.0,,1.0,,,,,,0,6,64,64001,Alakro,6,COMPARISON,4,1.0,,,,,0,2,5,,,,,1.0,,,,,4,,,,,,,,,,0.0,,,,,6,1,0,0,0,0,1,1,1,1,1,1,1,1,0,1,1,1,48.0,1.0,0.0,130.0,95.0,0.0,0.0,0.0,5.0,100.0
12,9.0,5,0,900.0,600.0,300.0,,4.0,,,,,,0,5,53,53001,Kokonou,5,COMPARISON,1,2.0,,,,,0,5,5,,,,,1.0,,,,,4,,,,,,,,,,0.0,,,,,4,1,0,1,1,0,1,1,1,1,1,1,0,1,0,1,1,1,55.0,,1.0,100.0,0.0,0.0,40.0,60.0,0.0,100.0
6,7.0,3,12,720.0,560.0,160.0,560.0,3.0,,,,,1000.0,0,5,51,51005,Takima,5,COMPARISON,0,2.0,,,,,0,3,5,,,,,10.0,,,,,1,,,,,,,,,,3.0,,,,,2,1,0,0,1,0,1,0,1,1,0,0,0,1,1,1,1,1,59.0,,0.0,102.85714285714286,0.0,35.0,45.0,20.0,0.0,100.0
4,9.0,6,11,960.0,760.0,360.0,760.0,97.0,,,,,1000.0,0,5,51,51014,ABRONAMOUE,5,COMPARISON,4,1.0,,,,,1,5,2 5,,,,,1.0,,,,,1,,,,,,,,,,0.0,,,,,8,0,1,1,1,1,1,0,1,1,1,1,1,1,0,1,1,1,52.0,7.0,0.0,106.66666666666669,0.0,20.0,50.0,30.0,0.0,100.0
5,12.0,6,0,390.0,390.0,0.0,240.0,1.0,,,,,15.0,0,7,71,71001,Annépé,7,COMPARISON,4,4.0,,,,,0,5,5,5,,,,10.0,9.0,,,,1,1.0,,,,9,9,,,,0.0,0.0,,,,4,0,0,0,1,0,1,1,0,1,1,1,1,1,0,0,1,1,53.0,3.0,1.0,32.5,3.3333333333333335,38.333333333333336,36.666666666666664,8.333333333333332,13.333333333333334,100.0
9,6.0,6,0,735.0,490.0,245.0,490.0,97.0,,,,,1000.0,0,7,71,71001,Annépé,7,COMPARISON,4,1.0,,,,,0,5,97,,,,,10.0,10.0,,,,1,1.0,,,,97,,,,,0.0,3.0,,,,2,1,0,1,1,1,0,1,0,1,1,1,0,1,1,1,1,1,67.0,1.0,1.0,122.5,0.0,0.0,0.0,100.0,0.0,100.0
15,11.0,3,10 97,2300.0,1800.0,500.0,,1.0,,,,,,0,7,75,75001,ASSE ORIé,7,COMPARISON,4,1.0,,,,,0,5,5,,,,,10.0,8.0,8.0,,,1,1.0,1.0,,,,,97,,,0.0,0.0,0.0,,,3,1,0,0,0,1,0,0,0,1,1,0,1,1,1,1,1,1,39.0,7.0,1.0,209.0909090909091,0.0,30.0,70.0,0.0,0.0,100.0
5,0.0,4,5,375.0,262.5,112.5,262.5,4.0,,,,,13.333333015441896,1,7,73,73002,Adiaoukoi,7,COMPARISON,4,1.0,,,,,0,7,3 5,,,,,,,,,,1,,,,,,,,,,0.0,,,,,3,1,1,0,1,1,1,0,1,0,1,1,1,1,0,1,1,1,80.0,5.0,0.0,,5.0,85.0,0.0,10.0,0.0,100.0
9,8.0,4,13,2000.0,1500.0,500.0,,1.0,,,,,,0,5,51,51003,Anuanua,5,COMPARISON,4,2.0,,,,,0,7,4,,,,,1.0,,,,,1,,,,,,,,,,3.0,,,,,5,1,1,1,1,0,1,1,1,1,1,1,1,1,0,1,1,1,64.0,,1.0,250.0,10.0,25.0,65.0,0.0,0.0,100.0
15,17.0,6,12,252.0,252.0,0.0,252.0,1.0,6.0,5.0,5.0,6.0,800.0,0,7,71,54002,Bécédi-Brignan,7,RESTORE,4,1.0,6.0,5.0,5.0,6.0,0,6,5,,,,,10.0,10.0,9.0,,,1,1.0,1.0,,,3,97,97,,,2.0,2.0,0.0,,,2,1,0,0,0,0,1,1,1,1,1,1,0,1,0,0,1,1,64.0,1.0,1.0,14.823529411764708,0.0,0.0,0.0,0.0,100.0,100.0
8,12.0,6,7,1440.0,960.0,480.0,960.0,6.0,,,,,1000.0,0,5,51,51025,Kouadiokro,5,RESTORE,0,2.0,,,,,0,6,4,,,,,6.0,,,,,1,1.0,,,,,,,,,2.0,0.0,,,,3,0,0,1,1,0,1,1,1,1,1,1,0,1,1,1,1,1,66.0,1.0,0.0,120.0,0.0,25.0,25.0,50.0,0.0,100.0
5,13.5,5,0,9064.0,6416.0,800.0,,97.0,,,,,,1,4,41,41006,TATE2,4,COMPARISON,0,1.0,,,,,0,6,5,5,5,5,,2.0,2.0,,10.0,8.0,4,4.0,2.0,4.0,4.0,,97,,,9,0.0,0.0,0.0,3.0,2.0,3,1,0,1,1,1,1,1,1,1,1,1,1,1,1,1,1,1,26.0,1.0,0.0,671.4074074074074,22.0873786407767,27.427184466019416,25.24271844660194,25.24271844660194,0.0,100.0
5,3.0,3,0,2000.0,1500.0,500.0,,1.0,,,,,,0,4,41,41001,TEPOIBOKE,4,COMPARISON,0,1.0,,,,,0,8,5,5,,,,2.0,2.0,,,,2,2.0,,,,,,,,,0.0,0.0,,,,1,1,0,1,1,1,1,0,0,1,0,1,0,1,0,1,1,1,36.0,,0.0,666.6666666666666,33.33333333333333,0.0,66.66666666666666,0.0,0.0,99.99999999999999
12,7.0,6,10,36.0,36.0,0.0,,97.0,,,,,,1,7,71,71001,Annépé,7,COMPARISON,4,4.0,,,,,0,1,5 97,,,,,,,,,,1,1.0,,,,1,9,,,,3.0,3.0,,,,2,0,0,0,0,0,1,0,0,0,1,1,0,1,1,0,1,1,69.0,1.0,1.0,5.142857142857143,0.0,10.0,10.0,30.0,50.0,100.0
4,1.5,3,0,640.0,560.0,80.0,560.0,1.0,,,,,1000.0,0,5,51,51038,Manfia,5,RESTORE,4,1.0,,,,,1,3,5,,,,,,,,,,1,,,,,,,,,,2.0,,,,,2,1,0,0,0,0,1,0,1,0,0,0,0,1,0,1,1,1,66.0,1.0,0.0,426.6666666666667,0.0,0.0,30.0,70.0,0.0,100.0
10,12.0,4,7,980.0,700.0,280.0,700.0,,,,,,11.428571701049805,0,5,52,52001,Akakro,5,COMPARISON,3,2.0,,,,,0,5,3 4,,,,,10.0,10.0,,,,1,1.0,,,,,97,,,,0.0,0.0,,,,0,1,0,1,1,1,1,0,1,1,1,1,1,0,0,1,1,1,67.0,,0.0,81.66666666666667,5.0,15.0,80.0,0.0,0.0,100.0
11,14.0,6,0,1360.0,1200.0,160.0,1200.0,1.0,,,,,900.0,0,5,51,51036,Ahuasso,5,RESTORE,0,2.0,,,,,0,5,5,,,,,,,,,,4,4.0,4.0,,,,,,,,0.0,2.0,2.0,,,6,0,0,0,1,0,1,0,1,0,0,1,0,1,0,1,1,1,52.0,,0.0,97.14285714285714,10.0,20.0,30.0,40.0,0.0,100.0
15,5.0,6,0,1500.0,1000.0,500.0,,1.0,8.0,3.0,4.0,2.0,,0,5,52,52001,Akakro,5,COMPARISON,1,2.0,8.0,3.0,4.0,2.0,0,2,5,,,,,10.0,,,,,4,,,,,,,,,,0.0,,,,,3,0,0,0,1,0,1,1,0,1,0,1,1,1,0,1,1,1,58.0,,1.0,300.0,0.0,10.0,20.0,20.0,50.0,100.0
3,2.0,6,0,1600.0,1300.0,300.0,,2.0,,,,,,0,7,71,71010,Blékoum,7,COMPARISON,4,3.0,,,,,0,5,5,,,,,1.0,,,,,1,,,,,,,,,,0.0,,,,,1,1,0,0,1,1,1,0,1,1,1,1,0,1,0,1,1,1,51.0,1.0,1.0,800.0,0.0,0.0,0.0,50.0,50.0,100.0
4,0.0,1,0,420.0,280.0,140.0,,,,,,,,0,4,41,41001,TEPOIBOKE,4,COMPARISON,1,1.0,,,,,0,6,5,,,,,8.0,8.0,8.0,,,1,1.0,1.0,,,11,97,97,,,0.0,0.0,0.0,,,0,0,0,1,1,0,0,0,0,1,1,1,1,0,1,0,1,1,65.0,6.0,0.0,,100.0,0.0,0.0,0.0,0.0,100.0
5,4.0,2,0,1900.0,1500.0,400.0,,1.0,,,,,,0,4,41,41009,DONIE,4,COMPARISON,0,4.0,,,,,0,1,5,,,,,3.0,,,,,1,,,,,2,,,,,0.0,,,,,1,1,0,0,1,0,1,0,1,1,1,1,0,1,1,0,1,1,27.0,3.0,0.0,475.0,50.0,50.0,0.0,0.0,0.0,100.0
6,6.5,2,10 13,808.5,577.5,231.0,577.5,2.0,,,,,1000.0,0,7,75,75001,ASSE ORIé,7,COMPARISON,4,1.0,,,,,0,7,5,,,,,,,,,,1,,,,,3,,,,,2.0,,,,,6,0,0,1,1,0,0,0,0,0,1,1,0,1,0,0,1,1,41.0,3.0,0.0,124.3846153846154,0.0,100.0,0.0,0.0,0.0,100.0
4,4.5,3,0,1280.0,800.0,480.0,800.0,2.0,,,,,1000.0,0,4,41,41039,HANNIE,4,COMPARISON,0,1.0,,,,,0,3,5,,,,,6.0,97.0,,,,4,4.0,4.0,,,,97,97,,,0.0,0.0,0.0,,,4,1,0,1,1,1,1,1,0,1,1,1,0,1,1,1,1,1,42.0,5.0,0.0,284.44444444444446,0.0,0.0,100.0,0.0,0.0,100.0
4,3.5,4,10,990.0,790.0,200.0,,2.0,,,,,,0,5,51,51046,Kabrankro,5,COMPARISON,4,1.0,,,,,0,7,4,4,,,,5.0,5.0,5.0,,,1,1.0,1.0,,,,,,,,0.0,2.0,0.0,,,1,1,0,0,1,0,0,0,1,1,0,0,0,1,1,1,1,1,60.0,7.0,0.0,282.85714285714283,0.0,75.0,25.0,0.0,0.0,100.0
9,4.0,4,0,480.0,80.0,400.0,80.0,2.0,,,,,1000.0,0,6,62,62001,Tioumoukro,6,COMPARISON,4,1.0,,,,,0,1,2 5,,,,,10.0,,,,,1,,,,,,,,,,0.0,,,,,6,1,0,1,0,0,1,0,1,1,1,0,0,1,0,1,1,1,49.0,,1.0,120.0,5.0,15.0,80.0,0.0,0.0,100.0
4,4.5,3,0,1400.0,1000.0,400.0,1000.0,,,,,,1000.0,0,4,41,41010,IBO2,4,COMPARISON,0,1.0,,,,,0,5,5,5,,,,8.0,5.0,,,,4,4.0,,,,1,4,,,,3.0,3.0,,,,0,1,0,0,0,0,1,0,0,1,1,1,0,0,1,0,1,1,24.0,,0.0,311.1111111111111,50.0,37.5,12.5,0.0,0.0,100.0
3,3.0,2,0,570.0,500.0,70.0,,97.0,,,,,,0,7,71,71009,Yakassé-Mé,7,RESTORE,4,1.0,,,,,1,1,97,,,,,11.0,,,,,1,,,,,97,,,,,0.0,,,,,1,1,0,0,1,1,0,0,0,1,0,1,0,1,0,0,1,1,46.0,1.0,1.0,190.0,100.0,0.0,0.0,0.0,0.0,100.0
3,2.5,3,0,585.0,585.0,0.0,585.0,2.0,,,,,1000.0,0,7,72,72003,BOGUIé,7,COMPARISON,4,4.0,,,,,0,3,5,5,,,,1.0,4.0,,,,1,1.0,,,,4,3 4,,,,0.0,0.0,,,,2,0,0,0,0,0,1,0,1,1,1,1,0,1,0,0,1,1,44.0,1.0,0.0,234.0,50.0,25.0,25.0,0.0,0.0,100.0
6,3.0,6,0,500.0,300.0,200.0,,1.0,,,,,,0,7,73,73003,Affery,7,COMPARISON,4,1.0,,,,,0,5,97,,,,,1.0,,,,,1,,,,,,,,,,0.0,,,,,8,1,1,0,1,0,0,1,0,1,1,1,0,1,0,1,1,1,56.0,1.0,1.0,166.66666666666666,0.0,25.0,20.0,40.0,15.0,100.0
15,9.0,5,0,500.0,500.0,0.0,,2.0,4.0,6.0,5.0,4.0,,0,7,71,54002,Bécédi-Brignan,7,RESTORE,4,1.0,4.0,6.0,5.0,4.0,0,6,97,97,,,,10.0,10.0,10.0,10.0,,1,1.0,1.0,1.0,,,,97,,,0.0,2.0,0.0,0.0,,2,0,0,1,0,0,1,1,1,1,1,1,1,1,0,1,1,1,57.0,5.0,1.0,55.55555555555556,0.0,6.0,0.0,94.0,0.0,100.0
6,3.0,2,0,101.0,60.0,41.0,,1.0,,,,,,0,6,62,62001,Tioumoukro,6,COMPARISON,4,2.0,,,,,0,4,2,,,,,1.0,,,,,1,,,,,,,,,,3.0,,,,,4,0,0,1,0,0,1,1,0,1,0,1,1,1,0,1,1,1,45.0,,1.0,33.666666666666664,30.0,70.0,0.0,0.0,0.0,100.0
6,10.0,6,0,2150.0,2000.0,150.0,,1.0,,,,,,0,7,71,71007,Bassadzin,7,RESTORE,4,1.0,,,,,0,5,4 5,5,97,,,1.0,1.0,1.0,,,1,1.0,1.0,,,97,97,,,,0.0,0.0,0.0,,,3,0,0,1,0,0,1,1,0,1,1,1,1,1,0,1,1,1,62.0,2.0,1.0,215.0,2.011976047904192,0.0,6.287425149700598,52.45508982035928,39.24550898203593,100.0
4,7.5,6,0,216.0,144.0,72.0,144.0,97.0,,,,,13.88888931274414,0,7,71,54002,Bécédi-Brignan,7,RESTORE,4,3.0,,,,,0,3,5,,,,,10.0,10.0,10.0,,,1,1.0,1.0,,,9,97,97,,,3.0,0.0,0.0,,,6,0,0,1,1,1,1,1,0,1,1,1,1,1,0,0,1,1,41.0,5.0,1.0,28.8,0.0,0.0,0.0,0.0,100.0,100.0
2,2.0,2,5,800.0,500.0,300.0,,,,,,,,0,7,72,72005,MOBIOKOUA,7,COMPARISON,4,1.0,,,,,1,4,5,,,,,10.0,,,,,1,,,,,10,,,,,0.0,,,,,0,0,0,0,0,0,1,0,0,1,1,1,0,0,0,0,1,1,42.0,1.0,1.0,400.0,0.0,100.0,0.0,0.0,0.0,100.0
14,6.0,5,10,4500.0,3000.0,1500.0,,1.0,,,,,,1,4,41,41002,DJEKA,4,COMPARISON,3,3.0,,,,,0,7,5,5,,,,5.0,4.0,,,,4,4.0,,,,,97,,,,0.0,2.0,,,,4,1,0,1,1,0,1,1,1,1,0,1,1,1,1,1,1,1,33.0,,1.0,750.0,37.5,9.375,9.375,43.75,0.0,100.0
4,6.5,2,0,1000.0,700.0,300.0,,1.0,,,,,,1,4,41,41020,MAHINO2,4,RESTORE,3,2.0,,,,,0,5,3 4 5,,,,,1.0,1.0,1.0,,,4,4.0,4.0,,,,9,97,,,0.0,2.0,2.0,,,3,1,0,1,1,1,1,1,1,1,1,1,0,1,0,1,1,1,27.0,,1.0,153.84615384615384,100.0,0.0,0.0,0.0,0.0,100.0
8,4.5,3,0,400.0,320.0,80.0,320.0,97.0,,,,,1000.0,0,7,73,73003,Affery,7,COMPARISON,4,1.0,,,,,1,2,3 97,,,,,10.0,10.0,,,,1,1.0,,,,,97,,,,3.0,0.0,,,,3,0,0,0,1,0,0,0,1,1,1,1,0,1,0,1,1,1,65.0,1.0,0.0,88.88888888888889,10.0,20.0,70.0,0.0,0.0,100.0
3,9.0,6,13,260.0,130.0,130.0,130.0,2.0,,,,,11.15384578704834,1,7,74,74002,Montézo,7,COMPARISON,4,1.0,,,,,0,5,97,97,,,,9.0,,,,,2,1.0,,,,11,,,,,3.0,0.0,,,,5,0,1,0,1,1,0,0,1,1,0,1,0,1,0,1,1,1,60.0,1.0,1.0,28.88888888888889,6.666666666666667,6.666666666666667,36.666666666666664,3.3333333333333335,46.666666666666664,100.0
5,9.0,5,9 10,20.25,15.75,4.5,15.75,,,,,,12000.0,1,7,71,71006,Nyan,7,RESTORE,4,4.0,,,,,0,8,97,97,,,,,10.0,10.0,,,1,2.0,1.0,,,4,3,3,,,0.0,0.0,0.0,,,0,1,0,1,1,0,0,0,1,1,1,1,1,0,0,0,1,1,55.0,3.0,1.0,2.25,59.4,0.6,0.0,40.0,0.0,100.0
3,5.0,3,0,90.0,60.0,30.0,,97.0,,,,,,0,7,74,74006,Monin,7,COMPARISON,4,1.0,,,,,0,5,97,,,,,10.0,10.0,10.0,,,1,1.0,1.0,,,,,,,,3.0,0.0,0.0,,,1,0,0,1,1,0,0,0,0,1,1,1,0,1,0,1,1,1,57.0,1.0,0.0,18.0,0.0,0.0,100.0,0.0,0.0,100.0
8,6.0,5,10,240.0,180.0,60.0,180.0,3.0,,,,,15.0,1,5,51,51001,Adahou,5,COMPARISON,4,1.0,,,,,0,8,4,4,,,,10.0,10.0,,,,1,1.0,,,,,,,,,0.0,0.0,,,,1,1,1,1,0,1,1,0,1,1,0,0,0,1,0,1,1,1,62.0,2.0,1.0,40.0,16.363636363636363,30.0,30.0,23.636363636363637,0.0,100.0
9,6.0,4,0,2425.0,1625.0,800.0,,,,,,,,0,7,71,71010,Blékoum,7,COMPARISON,4,1.0,,,,,1,4,5,,,,,1.0,,,,,1,,,,,3,,,,,0.0,,,,,0,0,0,0,0,0,0,0,1,1,0,1,0,0,0,0,1,1,56.0,,0.0,404.1666666666667,0.0,25.0,50.0,25.0,0.0,100.0
10,9.0,1,0,500.0,400.0,100.0,,1.0,,,,,,0,4,41,41032,OLODIO,4,RESTORE,2,1.0,,,,,0,5,5,,,,,10.0,10.0,10.0,,,1,1.0,1.0,,,,,,,,0.0,0.0,0.0,,,1,0,0,1,0,0,0,1,1,1,1,1,1,1,0,1,1,1,37.0,1.0,1.0,55.55555555555556,100.0,0.0,0.0,0.0,0.0,100.0
6,15.0,5,1,700.0,400.0,300.0,,1.0,,,,,,0,7,71,71009,Yakassé-Mé,7,RESTORE,4,4.0,,,,,0,2,5,,,,,10.0,10.0,,,,1,1.0,,,,,97,,,,0.0,0.0,,,,6,1,0,0,1,0,0,0,0,1,1,1,1,1,0,1,1,1,55.0,1.0,1.0,46.66666666666666,0.0,0.0,70.0,30.0,0.0,100.0
3,5.0,6,0,480.0,400.0,80.0,400.0,1.0,,,,,1000.0,0,5,51,51012,Zaranou,5,COMPARISON,4,1.0,,,,,0,4,4 5,,,,,10.0,10.0,,,,1,1.0,,,,,97,,,,0.0,0.0,,,,3,0,1,0,1,1,0,0,0,1,1,1,0,1,0,1,1,1,59.0,3.0,0.0,96.0,0.0,0.0,0.0,100.0,0.0,100.0
12,22.0,1,0,13.0,10.0,3.0,,1.0,,,,,,0,4,41,41010,IBO2,4,COMPARISON,2,1.0,,,,,0,5,5,5,,,,10.0,10.0,10.0,10.0,10.0,1,1.0,1.0,1.0,1.0,,,97,,97,2.0,2.0,2.0,2.0,0.0,2,1,1,1,1,1,1,1,1,1,1,1,0,1,0,1,1,1,47.0,5.0,1.0,0.5909090909090909,100.0,0.0,0.0,0.0,0.0,100.0
6,4.0,2,0,1840.0,1440.0,400.0,1440.0,2.0,,,,,1000.0,0,4,41,41021,NIGRE,4,RESTORE,0,2.0,,,,,0,6,5,,,,,10.0,,,,,4,,,,,,,,,,3.0,,,,,3,1,0,1,1,0,1,1,1,1,1,1,1,1,0,1,1,1,38.0,3.0,0.0,460.0,10.0,90.0,0.0,0.0,0.0,100.0
4,2.0,6,0,49.0,49.0,0.0,,1.0,,,,,,0,7,71,71006,Nyan,7,RESTORE,4,1.0,,,,,0,5,97,,,,,,1.0,,,,1,1.0,,,,1,97,,,,2.0,0.0,,,,3,1,0,0,0,0,0,1,0,1,0,1,0,1,0,0,1,1,60.0,3.0,0.0,24.5,0.0,0.0,3.0,0.0,97.0,100.0
7,10.0,3,6,1920.0,1360.0,560.0,1360.0,1.0,,,,,1000.0,0,5,51,51017,Appoisso,5,RESTORE,0,2.0,,,,,0,5,5,5,5,,,10.0,,,,,1,2.0,2.0,,,,,,,,2.0,2.0,0.0,,,1,0,0,0,1,0,1,1,1,1,0,0,0,1,0,1,1,1,49.0,,0.0,192.0,0.0,0.0,86.10687022900764,13.893129770992365,0.0,100.0
6,2.25,2,0,320.0,230.0,90.0,,1.0,,,,,,0,7,71,71009,Yakassé-Mé,7,RESTORE,4,3.0,,,,,0,5,97,,,,,1.0,1.0,,,,1,1.0,,,,,97,,,,0.0,0.0,,,,3,1,0,1,0,1,1,1,0,1,1,1,0,1,0,1,1,1,37.0,3.0,1.0,142.22222222222223,25.0,75.0,0.0,0.0,0.0,100.0
3,4.0,2,0,765.0,510.0,255.0,510.0,3.0,,,,,11.764705657958984,1,5,51,51003,Anuanua,5,COMPARISON,4,4.0,,,,,0,6,4,,,,,10.0,,,,,1,,,,,,,,,,0.0,,,,,7,0,0,0,1,0,0,0,1,1,1,1,1,1,1,1,1,1,48.0,1.0,0.0,191.25,30.0,70.0,0.0,0.0,0.0,100.0
6,4.0,6,0,640.0,480.0,160.0,480.0,6.0,,,,,1000.0,0,5,51,51017,Appoisso,5,RESTORE,0,2.0,,,,,0,3,4,4,,,,11.0,11.0,,,,1,1.0,,,,,,,,,0.0,0.0,,,,2,0,0,0,0,0,1,1,1,1,0,1,1,1,1,1,1,1,64.0,,1.0,160.0,18.555798687089716,20.0,20.776805251641136,18.555798687089716,22.111597374179432,100.0
4,2.0,3,0,420.0,280.0,140.0,280.0,3.0,,,,,14.285714149475098,0,5,51,51003,Anuanua,5,COMPARISON,3,1.0,,,,,0,4,4 5,,,,,11.0,,,,,1,,,,,,,,,,0.0,,,,,4,0,0,0,0,0,1,1,1,1,1,1,1,1,0,1,1,1,67.0,1.0,0.0,210.0,20.0,30.0,50.0,0.0,0.0,100.0
10,1.5,3,0,160.0,120.0,40.0,120.0,1.0,,,,,1000.0,0,5,53,53001,Kokonou,5,COMPARISON,4,1.0,,,,,1,7,5,,,,,10.0,,,,,1,,,,,,,,,,0.0,,,,,4,0,0,1,0,0,0,0,1,1,1,0,0,1,1,1,1,1,59.0,,0.0,106.66666666666669,0.0,0.0,100.0,0.0,0.0,100.0
9,19.0,6,97,2160.0,2000.0,160.0,,2.0,,,,,,0,7,71,71010,Blékoum,7,COMPARISON,1,2.0,,,,,0,3,5,5,,,,1.0,1.0,10.0,2.0,,1,1.0,1.0,1.0,,2,2,2,2,,3.0,0.0,0.0,0.0,,1,0,1,0,0,0,1,0,0,1,1,1,0,1,0,0,1,1,53.0,1.0,0.0,113.6842105263158,25.0,25.0,25.0,25.0,0.0,100.0
7,5.5,3,1,700.0,560.0,140.0,560.0,6.0,,,,,14.285714149475098,0,5,51,51046,Kabrankro,5,COMPARISON,4,1.0,,,,,1,5,5,,,,,97.0,97.0,,,,1,1.0,,,,,9,,,,2.0,2.0,,,,2,1,1,0,0,0,1,1,1,1,1,1,1,1,0,1,1,1,61.0,,0.0,127.27272727272728,20.0,0.0,80.0,0.0,0.0,100.0
15,10.5,6,0,3600.0,2400.0,1200.0,2400.0,2.0,,,,,1000.0,1,4,41,41022,PARA,4,RESTORE,0,2.0,,,,,0,4,5,,,,,10.0,10.0,,,,4,4.0,,,,,,,,,3.0,3.0,,,,4,0,0,1,1,0,1,1,1,1,0,1,0,1,1,1,1,1,56.0,2.0,0.0,342.85714285714283,5.0,10.0,40.0,20.0,25.0,100.0
7,10.0,5,0,425.0,250.0,175.0,250.0,2.0,,,,,1000.0,0,4,41,41024,POUTOU,4,RESTORE,0,2.0,,,,,0,7,5,5,,,,8.0,8.0,8.0,,,4,4.0,4.0,,,,,,,,0.0,0.0,3.0,,,3,0,0,0,1,0,1,1,1,1,1,1,0,1,1,1,1,1,62.0,,0.0,42.5,0.0,0.0,0.0,100.0,0.0,100.0
5,4.0,2,0,300.0,150.0,150.0,,1.0,,,,,,0,7,73,73002,Adiaoukoi,7,COMPARISON,4,1.0,,,,,0,5,5,,,,,,,,,,1,,,,,,,,,,0.0,,,,,1,0,0,1,1,0,1,1,1,0,0,1,1,1,0,1,1,1,33.0,4.0,0.0,75.0,30.0,70.0,0.0,0.0,0.0,100.0
4,4.0,4,13,700.0,500.0,200.0,,,,,,,,0,7,72,72005,MOBIOKOUA,7,COMPARISON,4,3.0,,,,,0,5,5,,,,,10.0,,,,,1,,,,,,,,,,2.0,,,,,0,0,0,0,0,0,1,0,0,1,1,1,0,0,0,1,1,1,41.0,1.0,1.0,175.0,0.0,0.0,50.0,50.0,0.0,100.0
6,7.0,6,6,2200.0,1300.0,900.0,,1.0,,,,,,0,4,41,41014,SEH,4,COMPARISON,2,1.0,,,,,0,7,5,,5,,,11.0,5.0,10.0,10.0,,1,1.0,1.0,1.0,,,8,,,,0.0,0.0,0.0,0.0,,2,1,0,1,1,0,0,0,1,1,1,1,1,1,0,1,1,1,41.0,1.0,1.0,314.2857142857143,18.852459016393443,39.34426229508197,12.295081967213115,29.508196721311474,0.0,100.00000000000001
7,8.0,5,0,1610.0,980.0,630.0,980.0,2.0,,,,,825.0,0,5,51,51001,Adahou,5,COMPARISON,4,1.0,,,,,0,2,4 5,,,,,10.0,,,,,1,,,,,,,,,,3.0,,,,,3,0,0,0,1,0,0,0,1,1,1,1,1,1,0,1,1,1,58.0,1.0,1.0,201.25,10.0,20.0,40.0,30.0,0.0,100.0
7,10.0,5,0,1165.0,1000.0,165.0,,,,,,,,0,4,41,41008,DAHIOKE,4,COMPARISON,2,1.0,,,,,0,4,5,,,,,1.0,97.0,,,,1,1.0,,,,,,,,,0.0,0.0,,,,0,1,0,1,1,1,1,0,1,1,1,1,0,0,0,1,1,1,45.0,,1.0,116.5,0.0,0.0,0.0,0.0,0.0,0.0
4,2.0,2,0,382.5,255.0,127.5,255.0,97.0,,,,,900.0,0,7,71,51028,Ananguié,7,RESTORE,0,2.0,,,,,0,2,5,,,,,10.0,,,,,4,,,,,3,,,,,3.0,,,,,1,1,0,0,1,0,1,1,0,1,0,1,0,1,0,0,1,1,30.0,1.0,1.0,191.25,0.0,100.0,0.0,0.0,0.0,100.0
5,1.5,4,97,90.0,90.0,0.0,,,,,,,,0,7,71,71006,Nyan,7,RESTORE,4,1.0,,,,,1,1,97,5,,,,9.0,9.0,,,,1,1.0,,,,,97,,,,0.0,0.0,,,,0,1,0,0,1,0,1,1,1,1,0,1,1,0,0,1,1,1,60.0,3.0,1.0,60.0,77.9245283018868,0.0,0.0,0.0,22.07547169811321,100.0
8,16.5,4,0,1158.0,700.0,458.0,,,,,,,,0,7,71,71007,Bassadzin,7,RESTORE,4,4.0,,,,,0,1,5,,,,,11.0,9.0,,,,1,1.0,,,,1 2,97,,,,0.0,2.0,,,,0,1,0,1,1,0,1,1,1,1,1,1,1,0,0,0,1,1,51.0,3.0,1.0,70.18181818181819,0.0,30.0,70.0,0.0,0.0,100.0
3,3.0,6,10,1181.0,751.0,430.0,,1.0,,,,,,0,7,75,75001,ASSE ORIé,7,COMPARISON,4,1.0,,,,,0,5,5,,,,,,,,,,1,,,,,,,,,,0.0,,,,,2,0,1,1,1,0,0,0,1,0,1,1,0,1,0,1,1,1,66.0,1.0,1.0,393.6666666666667,0.0,30.0,70.0,0.0,0.0,100.0
5,9.5,6,0,1360.0,850.0,510.0,850.0,2.0,,,,,1000.0,0,4,41,41026,DEBLABLAI,4,RESTORE,0,1.0,,,,,0,4,5,,,,,6.0,6.0,6.0,,6.0,4,4.0,4.0,4.0,4.0,,97,97,97,97,0.0,0.0,0.0,3.0,0.0,6,1,0,1,1,1,1,1,0,1,1,1,1,1,1,1,1,1,53.0,,0.0,143.1578947368421,0.0,50.0,0.0,50.0,0.0,100.0
5,9.0,6,0,1700.0,1000.0,700.0,1000.0,1.0,,,,,850.0,0,4,41,41020,MAHINO2,4,RESTORE,0,1.0,,,,,0,3,5,,,,,8.0,8.0,8.0,,,4,4.0,4.0,,,3,97,97,,,0.0,2.0,0.0,,,4,0,0,1,1,0,1,1,1,1,0,1,0,1,1,0,1,1,62.0,1.0,0.0,188.88888888888889,0.0,0.0,0.0,0.0,100.0,100.0
6,4.0,3,97,700.0,560.0,140.0,560.0,1.0,,,,,1000.0,0,5,51,51027,Ahininkro,5,RESTORE,4,3.0,,,,,0,4,5,,,,,,,,,,1,,,,,,,,,,0.0,,,,,3,0,0,0,1,0,0,0,0,0,1,0,0,1,1,1,1,1,48.0,3.0,1.0,175.0,30.0,20.0,50.0,0.0,0.0,100.0
3,10.0,2,0,5400.0,3000.0,2400.0,3000.0,2.0,,,,,900.0,0,5,51,51001,Adahou,5,COMPARISON,2,1.0,,,,,0,6,97,,,,,10.0,10.0,,,,1,1.0,,,,,,,,,2.0,0.0,,,,1,1,0,1,0,1,0,1,1,1,1,0,1,1,1,1,1,1,35.0,1.0,0.0,540.0,25.0,75.0,0.0,0.0,0.0,100.0
7,4.0,3,0,1000.0,600.0,400.0,,1.0,,,,,,0,4,41,41039,HANNIE,4,COMPARISON,0,2.0,,,,,0,3,5,5,,,,4.0,4.0,,,,4,4.0,,,,,97,,,,3.0,3.0,,,,3,1,0,1,1,1,1,1,1,1,1,1,1,1,1,1,1,1,30.0,,0.0,250.0,5.384615384615385,48.46153846153846,46.15384615384615,0.0,0.0,100.0
4,8.0,4,0,490.0,350.0,140.0,350.0,3.0,,,,,1000.0,0,5,51,51025,Kouadiokro,5,RESTORE,0,2.0,,,,,0,5,4 5,5,,,,8.0,10.0,10.0,,,1,1.0,1.0,,,,,,,,2.0,2.0,2.0,,,5,0,0,1,1,1,0,0,1,1,1,1,1,1,1,1,1,1,30.0,1.0,1.0,61.25,0.0,23.076923076923077,69.23076923076923,7.6923076923076925,0.0,100.0
8,7.0,4,0,1290.0,900.0,390.0,900.0,1.0,,,,,15.0,1,7,71,51028,Ananguié,7,RESTORE,97,2.0,,,,,0,5,97,,,,,8.0,8.0,,,,1,1.0,,,,,97,,,,0.0,0.0,,,,3,1,1,1,1,0,1,1,1,1,1,1,1,1,0,1,1,1,43.0,,0.0,184.28571428571428,4.0,25.0,25.0,46.0,0.0,100.0
9,19.0,6,0,700.0,500.0,200.0,,1.0,,,,,,0,5,52,52001,Akakro,5,COMPARISON,1,2.0,,,,,0,5,5,,,,,10.0,,,,,4,,,,,,,,,,0.0,,,,,3,0,0,1,1,1,1,0,0,1,0,1,0,1,0,1,1,1,58.0,,1.0,36.8421052631579,1.0,20.0,30.0,49.0,0.0,100.0
3,7.0,4,10,3150.0,2100.0,1050.0,,1.0,,,,,,0,4,41,41015,TAOULOKE,4,COMPARISON,3,2.0,,,,,0,6,5,,,,,8.0,,,,,4,,,,,,,,,,0.0,,,,,5,1,0,1,1,1,1,0,1,1,1,1,0,1,1,1,1,1,39.0,3.0,0.0,450.0,0.0,0.0,100.0,0.0,0.0,100.0
10,15.0,6,1 10,2000.0,1700.0,300.0,,1.0,,,,,,0,7,73,73002,Adiaoukoi,7,COMPARISON,4,1.0,,,,,0,5,5,5,,,,1.0,1.0,,,,1,1.0,,,,3,,,,,0.0,0.0,,,,0,0,0,0,0,1,1,1,1,1,1,1,1,1,0,1,1,1,79.0,1.0,1.0,133.33333333333334,8.333333333333332,0.0,16.666666666666664,0.0,75.0,100.0
11,6.0,6,97,2500.0,2000.0,500.0,,1.0,,,,,,0,7,71,71012,MAMINI,7,COMPARISON,4,1.0,,,,,0,1,5,,,,,1.0,1.0,1.0,1.0,,1,1.0,1.0,1.0,,2,2,2,2,,3.0,2.0,3.0,2.0,,1,1,0,0,0,0,0,0,1,1,1,1,0,1,0,0,1,1,51.0,1.0,0.0,416.6666666666667,25.0,25.0,25.0,25.0,0.0,100.0
5,10.0,4,0,1200.0,900.0,300.0,900.0,1.0,,,,,900.0,0,5,51,51003,Anuanua,5,COMPARISON,4,1.0,,,,,0,5,4 5,4 5,4 5,,,1.0,11.0,,,,1,1.0,1.0,,,3,1,,,,2.0,0.0,2.0,,,2,0,1,0,1,1,1,1,1,1,1,0,0,1,0,1,1,1,48.0,4.0,1.0,120.0,51.546391752577314,0.0,48.45360824742268,0.0,0.0,100.0
5,17.5,6,13,1500.0,1000.0,500.0,,3.0,,,,,,0,5,51,51004,Dramanekro,5,COMPARISON,3,2.0,,,,,1,8,4 5,,,,,10.0,,,,,1,,,,,,,,,,2.0,,,,,6,0,0,0,1,1,0,0,1,1,0,1,1,1,1,1,1,1,86.0,,0.0,85.71428571428571,5.0,2.0,10.0,60.0,23.0,100.0
4,4.0,3,0,2010.0,1500.0,510.0,,1.0,,,,,,0,7,73,73003,Affery,7,COMPARISON,4,1.0,,,,,0,5,5,,,,,10.0,,,,,1,,,,,,,,,,0.0,,,,,9,0,1,0,1,0,1,1,1,1,0,1,1,1,0,1,1,1,51.0,8.0,1.0,502.5,20.0,60.0,20.0,0.0,0.0,100.0
14,5.0,6,0,528.0,420.0,108.0,,1.0,,,,,,0,7,71,71005,Biasso,7,RESTORE,4,1.0,,,,,0,5,5,,,,,1.0,1.0,,,,1,1.0,,,,,9,,,,0.0,0.0,,,,5,1,0,0,0,0,1,1,1,1,1,1,1,1,0,1,1,1,67.0,1.0,1.0,105.6,30.0,25.0,30.0,10.0,5.0,100.0
8,16.5,6,0,7225.0,4250.0,2975.0,4250.0,2.0,,,,,1000.0,0,4,41,41022,PARA,4,RESTORE,0,1.0,,,,,0,5,5,5,5,,,6.0,10.0,10.0,10.0,10.0,4,4.0,4.0,4.0,4.0,,,,97,97,0.0,0.0,0.0,0.0,3.0,1,1,0,1,1,1,1,1,0,1,1,1,1,1,1,1,1,1,52.0,,0.0,437.8787878787879,0.0,21.11111111111111,0.0,62.22222222222222,16.666666666666664,100.0
6,5.5,2,0,800.0,600.0,200.0,,,,,,,,0,7,71,71007,Bassadzin,7,RESTORE,4,1.0,,,,,0,1,5,,,,,10.0,10.0,10.0,,,1,1.0,1.0,,,1,97,9 97,,,0.0,0.0,0.0,,,0,1,0,1,1,0,1,1,0,1,1,1,0,0,0,0,1,1,44.0,3.0,1.0,145.45454545454547,0.0,100.0,0.0,0.0,0.0,100.0
4,9.0,2,6,400.0,300.0,100.0,,,,,,,,0,4,41,41012,MERE,4,COMPARISON,2,1.0,,,,,0,5,5,,,,,1.0,,,,,1,,,,,,,,,,0.0,,,,,0,0,0,1,1,0,0,0,1,1,1,0,0,0,0,1,1,1,55.0,1.0,1.0,44.44444444444444,0.0,100.0,0.0,0.0,0.0,100.0
14,10.0,5,6,1800.0,1440.0,360.0,1440.0,1.0,,,,,1000.0,0,5,51,51027,Ahininkro,5,RESTORE,0,1.0,,,,,0,6,5,5,,,,10.0,4.0,,,,1,1.0,,,,,,,,,0.0,2.0,,,,1,0,0,0,1,0,1,1,0,1,1,1,0,1,1,1,1,1,66.0,1.0,0.0,180.0,0.0,13.333333333333334,0.0,20.0,66.66666666666666,100.0
8,4.5,4,0,370.0,250.0,120.0,,2.0,,,,,,0,4,41,41037,IRATO,4,COMPARISON,2,4.0,,,,,0,3,5,,,,,10.0,10.0,10.0,,,1,1.0,1.0,,,,97,97,,,0.0,0.0,0.0,,,4,1,0,1,1,1,1,1,0,1,1,1,0,1,0,1,1,1,49.0,1.0,1.0,82.22222222222223,0.0,0.0,0.0,100.0,0.0,100.0
6,6.5,4,0,2470.0,1950.0,520.0,1950.0,2.0,,,,,1000.0,0,4,41,41020,MAHINO2,4,RESTORE,0,2.0,,,,,0,5,5,5,,,,8.0,8.0,,,,4,4.0,,,,,,,,,0.0,0.0,,,,2,1,0,1,1,1,1,0,0,1,1,1,0,1,1,1,1,1,42.0,,0.0,380.0,16.153846153846153,40.76923076923077,43.07692307692308,0.0,0.0,100.0
7,2.5,2,0,1280.0,800.0,480.0,800.0,,,,,,12.5,0,5,53,53004,N'Djorekro,5,COMPARISON,0,3.0,,,,,0,2,5,,,,,4.0,,,,,4,,,,,,,,,,0.0,,,,,0,0,1,1,1,1,1,1,0,1,1,0,1,0,1,1,1,1,38.0,,0.0,512.0,40.0,60.0,0.0,0.0,0.0,100.0
12,5.5,3,0,880.0,560.0,320.0,560.0,2.0,,,,,1000.0,0,4,41,41003,GBAROU,4,COMPARISON,2,1.0,,,,,0,4,5,,,,,6.0,8.0,,,,4,4.0,,,,,,,,,3.0,0.0,,,,3,1,0,0,1,0,1,1,1,1,1,1,1,1,1,1,1,1,41.0,,0.0,160.0,10.0,30.0,60.0,0.0,0.0,100.0
12,2.0,2,0,673.0,451.0,222.0,,1.0,,,,,,0,7,75,75001,ASSE ORIé,7,COMPARISON,4,3.0,,,,,0,5,5,,,,,1.0,,,,,1,,,,,,,,,,0.0,,,,,5,0,0,0,0,0,1,1,1,1,1,1,0,1,0,1,1,1,62.0,4.0,1.0,336.5,0.0,100.0,0.0,0.0,0.0,100.0
8,7.0,6,13,2023.0,1654.0,369.0,,,,,,,,0,7,73,73005,Ahéoua,7,COMPARISON,4,1.0,,,,,0,4,5,,,5,,10.0,10.0,10.0,10.0,,1,1.0,1.0,1.0,,2,2,2,2,,0.0,0.0,0.0,0.0,,0,0,1,0,0,0,1,1,0,1,0,1,1,0,0,0,1,1,54.0,3.0,1.0,289.0,0.0,0.0,58.14432989690722,23.917525773195877,17.938144329896907,100.0
6,2.0,4,0,950.0,650.0,300.0,,,,,,,,0,7,75,75001,ASSE ORIé,7,COMPARISON,4,1.0,,,,,0,5,4,,,,,1.0,,,,,1,,,,,,,,,,2.0,,,,,0,0,1,1,1,1,1,1,1,1,1,1,0,0,0,1,1,1,64.0,2.0,1.0,475.0,0.0,0.0,100.0,0.0,0.0,100.0
4,6.5,6,0,1650.0,1500.0,150.0,,1.0,,,,,,0,5,51,51009,Affalikro,5,COMPARISON,4,1.0,,,,,0,8,5,,,,,1.0,1.0,1.0,,,1,1.0,1.0,,,,,,,,0.0,0.0,0.0,,,4,0,0,1,1,1,0,1,0,1,0,0,0,1,0,1,1,1,56.0,3.0,0.0,253.84615384615384,0.0,0.0,0.0,0.0,100.0,100.0
1,2.0,3,0,400.0,300.0,100.0,,,,,,,,0,7,72,72003,BOGUIé,7,COMPARISON,4,1.0,,,,,1,5,3 5,,,,,10.0,,,,,1,,,,,,,,,,0.0,,,,,0,0,1,0,0,0,0,1,1,1,0,0,0,0,0,1,1,1,70.0,1.0,1.0,200.0,50.0,25.0,25.0,0.0,0.0,100.0
6,6.5,2,0,233.0,150.0,83.0,,2.0,,,,,,1,4,41,41012,MERE,4,COMPARISON,0,1.0,,,,,0,1,5,5,,,,2.0,2.0,,,,1,4.0,,,,,,,,,3.0,3.0,,,,3,0,0,0,0,1,1,0,1,1,1,1,1,1,0,1,1,1,21.0,,0.0,35.84615384615385,100.0,0.0,0.0,0.0,0.0,100.0
8,14.0,6,3 5 13,1200.0,400.0,800.0,,1.0,,,,,,0,5,51,51046,Kabrankro,5,COMPARISON,4,1.0,,,,,0,5,5,,,,,1.0,1.0,1.0,,,1,1.0,1.0,,,,97,,,,0.0,0.0,2.0,,,3,0,1,1,1,0,0,0,0,1,1,0,0,1,0,1,1,1,37.0,5.0,1.0,85.71428571428571,0.0,0.0,30.0,70.0,0.0,100.0
1,5.5,4,10,1300.0,1000.0,300.0,,1.0,,,,,,0,7,71,71010,Blékoum,7,COMPARISON,4,1.0,,,,,0,4,5,5,,,,9.0,9.0,9.0,,,1,1.0,1.0,,,,,,,,0.0,0.0,0.0,,,1,1,0,0,0,0,0,0,1,1,1,1,0,1,0,1,1,1,48.0,8.0,0.0,236.3636363636364,0.0,25.0,50.0,25.0,0.0,100.0
12,2.799999952316284,6,7,1040.0,800.0,240.0,800.0,1.0,,,,,850.0,0,5,51,51004,Dramanekro,5,COMPARISON,1,2.0,,,,,0,2,4 5,,,,,1.0,,,,,1,,,,,,,,,,0.0,,,,,4,0,0,0,0,0,1,1,0,1,0,0,1,1,0,1,1,1,55.0,,1.0,371.4285777539624,0.0,25.0,35.0,40.0,0.0,100.0
6,2.299999952316284,6,0,200.0,150.0,50.0,,2.0,,,,,,0,7,71,71013,BOUDEPE,7,COMPARISON,4,1.0,,,,,0,4,5,,,,,10.0,,,,,1,,,,,,,,,,0.0,,,,,2,0,0,0,0,0,1,1,0,1,1,1,1,1,0,1,1,1,52.0,,1.0,86.95652354191746,20.0,20.0,20.0,20.0,20.0,100.0
13,12.5,6,0,1200.0,880.0,320.0,880.0,2.0,,,,,1000.0,0,4,41,41024,POUTOU,4,RESTORE,3,2.0,,,,,0,4,3,3,,,,8.0,8.0,8.0,,8.0,4,4.0,4.0,4.0,4.0,,,97,97,97,0.0,0.0,0.0,3.0,0.0,4,1,0,1,1,1,1,1,0,1,1,1,0,1,1,1,1,1,47.0,,0.0,96.0,0.0,0.0,50.0,50.0,0.0,100.0
5,3.0,1,6,150.0,150.0,0.0,,1.0,,,,,,0,5,54,54001,Akacomoékro,5,RESTORE,4,3.0,,,,,0,5,5,,,,,9.0,9.0,10.0,,,1,1.0,1.0,,,,,,,,0.0,0.0,0.0,,,1,0,0,0,0,0,1,1,1,1,0,0,0,1,0,1,1,1,53.0,5.0,0.0,50.0,100.0,0.0,0.0,0.0,0.0,100.0
6,6.0,4,0,1280.0,800.0,480.0,800.0,2.0,,,,,1000.0,1,4,41,41021,NIGRE,4,RESTORE,0,2.0,,,,,0,6,5,,,,,10.0,,,,,4,,,,,,,,,,3.0,,,,,4,0,0,1,1,1,1,1,1,1,1,1,1,1,0,1,1,1,38.0,3.0,0.0,213.33333333333331,0.0,0.0,100.0,0.0,0.0,100.0
10,8.5,6,0,2300.0,1800.0,500.0,,1.0,,,,,,1,4,41,41024,POUTOU,4,RESTORE,3,2.0,,,,,0,4,5,5,,,,6.0,6.0,,,,4,4.0,4.0,,,,,97,,,3.0,0.0,3.0,,,7,0,0,1,1,1,1,1,1,1,1,1,1,1,1,1,1,1,62.0,,0.0,270.5882352941176,0.0,0.0,18.75,77.5,3.75,100.0
8,2.5,5,0,720.0,600.0,120.0,600.0,2.0,,,,,1000.0,0,4,41,41002,DJEKA,4,COMPARISON,0,2.0,,,,,0,7,5,,,,,8.0,,,,,4,,,,,,,,,,0.0,,,,,1,1,0,0,1,1,0,0,0,1,1,1,0,1,1,1,1,1,33.0,,1.0,288.0,0.0,0.0,100.0,0.0,0.0,100.0
8,3.0,2,0,1440.0,800.0,640.0,800.0,3.0,,,,,10.0,1,5,51,51005,Takima,5,COMPARISON,0,2.0,,,,,0,6,4 5,,,,,10.0,,,,,1,,,,,,,,,,0.0,,,,,3,0,0,0,0,0,0,1,1,1,0,1,0,1,1,1,1,1,55.0,,1.0,480.0,20.0,80.0,0.0,0.0,0.0,100.0
6,0.0,6,13,840.0,700.0,140.0,700.0,,,,,,1000.0,0,5,51,51031,Dallo,5,RESTORE,4,1.0,,,,,1,5,5,5,,,,,,,,,1,1.0,,,,,,,,,0.0,0.0,,,,0,0,1,1,0,0,1,0,0,0,1,0,1,0,1,1,1,1,43.0,1.0,1.0,,4.0,60.0,0.0,16.0,20.0,100.0
10,5.0,6,0,2240.0,2000.0,240.0,2000.0,1.0,,,,,1000.0,0,5,51,51012,Zaranou,5,COMPARISON,0,2.0,,,,,0,1,5,5,,,,,,,,,4,4.0,,,,,,,,,2.0,2.0,,,,3,0,1,1,1,1,1,0,0,0,1,1,1,1,0,1,1,1,37.0,,1.0,448.0,0.0,14.000000000000002,27.0,38.0,21.0,100.0
6,6.0,6,97,800.0,500.0,300.0,,1.0,,,,,,0,7,72,72005,MOBIOKOUA,7,COMPARISON,4,1.0,,,,,0,5,5,5,,,,1.0,1.0,1.0,,,1,1.0,1.0,,,2,2,1 2,,,3.0,3.0,2.0,,,4,0,0,1,0,0,1,0,0,1,1,1,0,1,0,0,1,1,70.0,2.0,0.0,133.33333333333334,25.0,25.0,30.0,20.0,0.0,100.0
6,6.449999809265137,6,0,2960.0,2160.0,800.0,2160.0,2.0,,,,,1000.0,0,4,41,41019,KARIE,4,RESTORE,0,2.0,,,,,0,7,5,5,,,,8.0,8.0,,,,4,4.0,,,,,11,,,,0.0,0.0,3.0,,,5,1,0,0,1,1,1,1,0,1,1,1,0,1,1,1,1,1,49.0,1.0,0.0,458.9147422528745,0.0,27.522935779816514,57.98165137614679,14.495412844036698,0.0,100.0
8,2.0,3,6,864.0,600.0,264.0,,6.0,,,,,,0,4,41,41008,DAHIOKE,4,COMPARISON,0,2.0,,,,,0,1,5,5,,,,6.0,2.0,,,,1,1.0,4.0,4.0,,,,97,97,,3.0,0.0,0.0,3.0,,2,1,0,1,1,1,1,1,1,1,1,1,1,1,1,1,1,1,40.0,,0.0,432.0,5.803571428571429,41.964285714285715,52.23214285714286,0.0,0.0,100.0
1,2.0,3,0,240.0,160.0,80.0,160.0,,,,,,1000.0,0,5,51,51005,Takima,5,COMPARISON,4,1.0,,,,,1,1,5,,,,,9.0,,,,,1,,,,,,,,,,2.0,,,,,0,0,0,1,0,0,1,0,1,1,1,1,1,0,1,1,1,1,70.0,3.0,0.0,120.0,0.0,100.0,0.0,0.0,0.0,100.0
5,2.0,3,97,301.0,215.0,86.0,215.0,3.0,,,,,1000.0,0,7,73,73003,Affery,7,COMPARISON,4,1.0,,,,,1,4,3 5,,,,,9.0,,,,,1,,,,,,,,,,0.0,,,,,2,0,1,0,0,0,0,1,1,1,1,1,1,1,0,1,1,1,52.0,3.0,0.0,150.5,14.000000000000002,53.0,33.0,0.0,0.0,100.0
3,1.0,1,0,15.0,10.0,5.0,,1.0,,,,,,0,4,41,41011,KLODIO,4,COMPARISON,2,1.0,,,,,1,1,5,,,,,1.0,,,,,1,,,,,,,,,,2.0,,,,,2,0,0,1,0,1,0,0,1,1,1,1,0,1,0,1,1,0,48.0,,1.0,15.0,100.0,0.0,0.0,0.0,0.0,100.0
5,2.0,1,0,80.0,50.0,30.0,,,,,,,,0,4,41,41008,DAHIOKE,4,COMPARISON,3,3.0,,,,,0,1,5,,,,,10.0,,,,,1,,,,,,,,,,0.0,,,,,0,0,0,0,1,0,1,0,0,1,0,1,0,0,0,1,1,1,35.0,5.0,0.0,40.0,100.0,0.0,0.0,0.0,0.0,100.0
6,3.0,4,0,70.0,70.0,0.0,70.0,1.0,,,,,14.285714149475098,0,6,62,62001,Tioumoukro,6,COMPARISON,4,1.0,,,,,0,3,2 4,,,,,1.0,1.0,,,,1,1.0,,,,,97,,,,0.0,0.0,,,,1,0,0,0,0,0,1,1,1,1,1,1,0,1,0,1,1,1,44.0,,1.0,23.33333333333333,20.0,30.0,40.0,10.0,0.0,100.0
14,11.0,6,6,1100.0,800.0,300.0,,1.0,,,,,,0,7,72,72005,MOBIOKOUA,7,COMPARISON,4,1.0,,,,,0,5,5,5,,,,10.0,11.0,8.0,10.0,4.0,1,1.0,1.0,1.0,1.0,,,,,97,0.0,0.0,0.0,0.0,0.0,1,0,0,0,0,0,0,1,1,1,1,1,0,1,1,1,1,1,55.0,3.0,1.0,100.0,0.0,42.0,18.0,6.0,34.0,100.0
12,6.0,6,13,3200.0,2400.0,800.0,2400.0,1.0,,,,,12.5,0,5,51,51009,Affalikro,5,COMPARISON,4,1.0,,,,,0,5,5,,,,,1.0,,,,,1,,,,,,,,,,0.0,,,,,2,1,0,0,1,1,0,0,1,1,1,0,1,1,1,1,1,1,61.0,5.0,1.0,533.3333333333334,5.0,20.0,30.0,30.0,15.0,100.0
6,15.0,5,6 10 13,900.0,585.0,315.0,585.0,1.0,,,,,800.0,0,5,51,51036,Ahuasso,5,RESTORE,4,1.0,,,,,0,5,3 4 5,,,,,1.0,1.0,,,,1,1.0,,,,,,,,,0.0,0.0,,,,4,0,0,0,0,0,0,0,0,1,0,0,0,1,0,1,1,1,53.0,1.0,0.0,60.0,0.0,0.0,0.0,100.0,0.0,100.0
3,4.0,5,6 11,110.0,70.0,40.0,,97.0,,,,,,0,7,74,74006,Monin,7,COMPARISON,4,1.0,,,,,0,5,97,97,5,,,9.0,10.0,9.0,9.0,,1,1.0,1.0,1.0,,3,3,3 4,97,,0.0,0.0,0.0,0.0,,0,0,0,1,1,0,1,1,0,1,1,1,0,1,0,0,1,0,29.0,7.0,0.0,27.5,29.411764705882355,58.82352941176471,0.0,11.76470588235294,0.0,100.00000000000001
9,4.0,1,0,400.0,300.0,100.0,,1.0,,,,,,0,4,41,41011,KLODIO,4,COMPARISON,2,1.0,,,,,0,5,5,,,,,1.0,1.0,,,,1,1.0,,,,,2,,,,3.0,3.0,,,,2,1,0,1,0,0,1,0,1,1,0,0,0,1,0,1,1,1,52.0,1.0,0.0,100.0,100.0,0.0,0.0,0.0,0.0,100.0
6,5.25,4,0,344.0,300.0,44.0,,1.0,,,,,,0,5,53,53005,N'DRIKRO,5,COMPARISON,4,4.0,,,,,0,5,5,,,,,1.0,,,,,1,,,,,,,,,,0.0,,,,,2,0,0,0,0,0,1,1,0,1,1,1,1,1,0,1,1,1,60.0,3.0,1.0,65.52380952380952,0.0,12.0,88.0,0.0,0.0,100.0
5,2.0,2,97,760.0,480.0,280.0,480.0,1.0,,,,,900.0,0,5,51,51002,Akoikro,5,COMPARISON,4,1.0,,,,,0,5,4 5,,,,,9.0,,,,,1,1.0,,,,,97,,,,2.0,3.0,,,,2,0,0,0,1,0,1,0,1,1,1,1,0,1,0,1,1,1,45.0,5.0,1.0,380.0,10.0,90.0,0.0,0.0,0.0,100.0
3,5.0,2,0,3000.0,2000.0,1000.0,,,,,,,,0,4,41,41013,NIRO,4,COMPARISON,0,2.0,,,,,0,3,5,,,,,6.0,,,,,4,,,,,,,,,,0.0,,,,,0,1,0,1,1,1,1,0,1,1,1,1,0,0,1,1,1,1,49.0,,0.0,600.0,0.0,100.0,0.0,0.0,0.0,100.0
7,4.5,6,0,1080.0,810.0,270.0,810.0,4.0,,,,,900.0,0,4,41,41020,MAHINO2,4,RESTORE,3,2.0,,,,,0,4,5,,,,,10.0,10.0,10.0,,,4,4.0,4.0,,,,97,97,,,0.0,0.0,2.0,,,2,0,0,0,1,1,1,1,0,1,0,1,1,1,1,1,1,1,50.0,,0.0,240.0,5.0,5.0,5.0,5.0,80.0,100.0
7,3.0,3,0,1200.0,960.0,240.0,960.0,1.0,,,,,1000.0,0,5,51,51005,Takima,5,COMPARISON,0,2.0,,,,,0,5,5,,,,,10.0,,,,,1,,,,,,,,,,2.0,,,,,4,0,0,0,1,1,0,0,1,1,0,1,1,1,0,1,1,1,35.0,1.0,0.0,400.0,10.0,30.0,60.0,0.0,0.0,100.0
7,0.0,4,0,459.0,309.0,150.0,,1.0,,,,,,0,7,72,72005,MOBIOKOUA,7,COMPARISON,97,2.0,,,,,0,5,5,,,,,8.0,8.0,,,,1,1.0,,,,,3,,,,3.0,0.0,,,,2,0,0,1,1,0,0,0,1,1,1,1,0,1,0,1,1,1,78.0,,0.0,,0.0,0.0,0.0,100.0,0.0,100.0
4,2.5,2,0,250.0,200.0,50.0,,1.0,,,,,,0,7,71,71012,MAMINI,7,COMPARISON,4,1.0,,,,,0,1,5,,,,,1.0,1.0,,,,1,1.0,,,,2,2,,,,2.0,2.0,,,,4,0,0,1,0,0,1,0,1,1,1,1,0,1,0,0,1,1,44.0,3.0,0.0,100.0,50.0,50.0,0.0,0.0,0.0,100.0
5,7.0,6,0,500.0,350.0,150.0,,1.0,,,,,,0,7,71,71013,BOUDEPE,7,COMPARISON,4,1.0,,,,,0,5,97,,,,,1.0,,,,,1,,,,,,,,,,2.0,,,,,5,0,1,0,1,0,1,1,1,1,1,1,1,1,0,1,1,1,64.0,3.0,1.0,71.42857142857143,50.0,0.0,25.0,12.0,13.0,100.0
3,1.0,1,0,49.0,0.0,49.0,,97.0,,,,,,0,7,74,74003,BOHOUIN,7,COMPARISON,4,1.0,,,,,1,1,97,,,,,,,,,,1,,,,,1,,,,,0.0,,,,,1,0,0,0,0,0,1,0,0,0,1,1,0,1,0,0,1,0,62.0,,1.0,49.0,100.0,0.0,0.0,0.0,0.0,100.0
9,6.0,3,0,130.0,90.0,40.0,,2.0,,,,,,0,4,41,41016,TATE1,4,COMPARISON,2,1.0,,,,,0,1,5,,,,,10.0,8.0,10.0,,,1,1.0,1.0,,,,2,2,,,2.0,2.0,2.0,,,1,1,0,1,1,1,1,0,1,1,1,1,0,1,0,1,1,1,37.0,1.0,1.0,21.666666666666668,25.0,50.0,25.0,0.0,0.0,100.0
4,9.5,6,0,5840.0,4240.0,1600.0,4240.0,,,,,,1000.0,0,4,41,41020,MAHINO2,4,RESTORE,0,2.0,,,,,0,4,5,5,,,,10.0,8.0,,,,4,4.0,,,,,,,,,3.0,0.0,,,,0,0,0,0,1,0,1,1,0,1,0,1,0,0,1,1,1,1,30.0,1.0,0.0,614.7368421052631,8.16326530612245,0.0,0.0,0.0,91.83673469387756,100.00000000000001
5,4.0,6,10 13,150.0,150.0,0.0,,97.0,,,,,,0,5,54,54002,Bécédi-Brignan,5,RESTORE,4,1.0,,,,,0,3,97,,,,,,,,,,1,,,,,,,,,,3.0,,,,,2,0,0,0,0,0,1,0,1,0,1,1,0,1,0,1,1,1,60.0,3.0,1.0,37.5,0.0,0.0,0.0,0.0,100.0,100.0
2,8.5,6,0,560.0,350.0,210.0,350.0,1.0,,,,,1000.0,1,7,74,74003,BOHOUIN,7,COMPARISON,4,1.0,,,,,0,5,5,5,,,,10.0,9.0,10.0,,,1,1.0,1.0,,,97,,,,,0.0,3.0,0.0,,,2,0,0,1,1,0,0,0,1,1,1,1,1,1,0,1,1,1,57.0,3.0,1.0,65.88235294117646,25.789473684210527,14.105263157894738,24.31578947368421,35.78947368421053,0.0,100.0
11,7.0,6,0,560.0,400.0,160.0,400.0,2.0,,,,,1000.0,0,4,41,41024,POUTOU,4,RESTORE,0,2.0,,,,,0,4,5,,,,,8.0,8.0,97.0,,,4,4.0,4.0,,,,,,,,3.0,3.0,3.0,0.0,0.0,2,1,0,1,1,1,1,1,1,1,1,1,0,1,1,1,1,1,49.0,,0.0,80.0,0.0,0.0,0.0,100.0,0.0,100.0
15,14.0,5,7,900.0,400.0,500.0,,2.0,1.0,3.0,8.0,7.0,,0,5,53,53001,Kokonou,5,COMPARISON,1,2.0,1.0,3.0,8.0,7.0,0,4,5,,,,,1.0,,,,,4,,,,,,,,,,0.0,,,,,1,0,0,0,0,0,1,1,1,1,1,1,0,1,0,1,1,1,44.0,,0.0,64.28571428571429,0.0,0.0,0.0,100.0,0.0,100.0
6,8.25,4,5,1882.0,1652.0,230.0,,1.0,,,,,,0,5,53,53005,N'DRIKRO,5,COMPARISON,4,1.0,,,,,0,5,4 5,,,,,1.0,1.0,,,,1,1.0,,,,,97,,,,0.0,0.0,,,,3,0,1,0,1,1,1,1,1,1,0,1,1,1,0,1,1,1,56.0,3.0,0.0,228.12121212121207,37.0,30.0,33.0,0.0,0.0,100.0
12,3.0,5,0,380.0,250.0,130.0,,1.0,,,,,,0,7,71,71008,Mafa-Mafou,7,RESTORE,4,1.0,,,,,0,1,97,,,,,10.0,10.0,,,,1,1.0,,,,,97,,,,0.0,0.0,,,,3,0,0,0,0,0,1,1,0,1,1,1,1,1,0,1,1,1,42.0,3.0,0.0,126.66666666666669,15.0,20.0,15.0,50.0,0.0,100.0
13,11.0,6,0,5000.0,3000.0,2000.0,,2.0,,,,,,0,4,41,41021,NIGRE,4,RESTORE,0,2.0,,,,,0,4,3,3,5,,,10.0,10.0,8.0,,,4,4.0,4.0,4.0,,,,,97,,0.0,0.0,0.0,3.0,,3,1,0,1,1,1,1,1,0,1,1,1,0,1,1,1,1,1,46.0,,0.0,454.54545454545456,0.0,0.0,21.428571428571427,78.57142857142857,0.0,100.0
6,3.0,6,13,1275.0,1125.0,150.0,1125.0,2.0,,,,,13.333333015441896,0,5,51,51014,ABRONAMOUE,5,COMPARISON,4,1.0,,,,,0,1,5,5,,,,1.0,1.0,,,,1,1.0,,,,,,,,,0.0,2.0,,,,4,0,0,0,1,1,1,1,1,1,1,1,0,1,0,1,1,1,59.0,3.0,0.0,425.0,6.8181818181818175,23.636363636363637,33.63636363636363,32.27272727272727,3.6363636363636362,100.00000000000001
6,1.0,1,0,500.0,400.0,100.0,,1.0,,,,,,0,7,73,73002,Adiaoukoi,7,COMPARISON,4,3.0,,,,,0,5,5,,,,,1.0,,,,,1,,,,,,,,,,0.0,,,,,4,0,0,1,1,0,1,1,0,1,1,1,0,1,0,1,1,0,49.0,,1.0,500.0,100.0,0.0,0.0,0.0,0.0,100.0
4,7.0,2,0,2000.0,1500.0,500.0,,,,,,,,0,4,41,41037,IRATO,4,COMPARISON,2,1.0,,,,,0,4,5,5,,,,1.0,1.0,1.0,1.0,1.0,1,1.0,1.0,1.0,1.0,,97,,,97,0.0,0.0,0.0,0.0,3.0,0,1,0,1,1,1,1,1,1,1,0,1,0,0,0,1,1,1,42.0,,1.0,285.7142857142857,0.0,100.0,0.0,0.0,0.0,100.0
5,7.0,6,97,1200.0,840.0,360.0,840.0,97.0,,,,,1000.0,0,4,41,41039,HANNIE,4,COMPARISON,4,1.0,,,,,0,6,5,,,,,10.0,10.0,10.0,,,4,4.0,4.0,,,,,,,,0.0,0.0,0.0,,,1,1,0,1,1,1,0,0,0,1,1,1,1,1,1,1,1,1,52.0,5.0,0.0,171.42857142857142,25.0,25.0,0.0,0.0,50.0,100.0
6,2.0,6,10,430.0,280.0,150.0,,1.0,,,,,,0,7,71,71008,MAFA-MAFOU,7,RESTORE,4,1.0,,,,,0,5,97,97,,,,,1.0,,,,1,1.0,,,,,,,,,0.0,0.0,,,,1,1,0,0,0,1,1,1,1,1,0,1,1,1,1,1,1,1,52.0,5.0,1.0,215.0,0.0,7.142857142857142,0.0,92.85714285714286,0.0,100.0
15,9.0,6,97,2500.0,2000.0,500.0,,1.0,,,,,,0,5,53,53005,N'DRIKRO,5,COMPARISON,4,4.0,,,,,0,5,2,,,,,1.0,1.0,,,,1,1.0,,,,,97,,,,0.0,0.0,,,,1,0,1,0,1,0,1,1,0,1,1,1,0,1,0,1,1,1,50.0,1.0,1.0,277.77777777777777,5.0,25.0,30.0,40.0,0.0,100.0
6,0.5,2,0,160.0,80.0,80.0,80.0,,,,,,10.0,1,5,51,51002,Akoikro,5,COMPARISON,4,1.0,,,,,1,4,97,,,,,9.0,,,,,1,,,,,,,,,,0.0,,,,,0,0,0,0,0,0,0,1,1,1,0,1,0,0,0,1,1,0,62.0,1.0,1.0,320.0,0.0,100.0,0.0,0.0,0.0,100.0
8,50.0,6,1,420.0,350.0,70.0,350.0,6.0,,,,,1000.0,0,5,51,51012,Zaranou,5,COMPARISON,4,1.0,,,,,1,5,4,,,,,5.0,5.0,,,,1,1.0,,,,,1 9,,,,2.0,2.0,,,,4,0,0,0,1,0,0,0,1,1,0,1,0,1,0,1,1,1,68.0,,0.0,8.4,0.0,10.0,0.0,0.0,90.0,100.0
11,8.0,5,12 97,600.0,600.0,0.0,600.0,1.0,,,,,1000.0,0,5,51,51015,Bébou,5,COMPARISON,4,1.0,,,,,0,5,5,,,,,1.0,1.0,,,,1,1.0,,,,,97,,,,0.0,0.0,,,,1,1,0,0,1,0,0,0,0,1,0,0,0,1,1,1,1,1,56.0,3.0,0.0,75.0,0.0,0.0,0.0,100.0,0.0,100.0
9,12.5,3,0,280.0,200.0,80.0,,1.0,,,,,,0,6,64,64002,Kouadioukro,6,COMPARISON,4,1.0,,,,,0,5,5,,,,,1.0,1.0,1.0,,,1,1.0,1.0,,,,97,,,,0.0,0.0,0.0,,,1,0,0,0,1,0,1,1,0,1,0,1,0,1,0,1,1,1,52.0,1.0,1.0,22.4,0.0,0.0,100.0,0.0,0.0,100.0
7,12.0,6,0,6600.0,4200.0,2400.0,4200.0,2.0,,,,,1000.0,0,4,41,41022,PARA,4,RESTORE,0,2.0,,,,,0,7,5,5,,,,10.0,10.0,10.0,,,4,4.0,4.0,,,,,,,,0.0,0.0,3.0,,,5,1,0,0,1,0,1,1,0,1,0,1,1,1,1,1,1,1,38.0,,0.0,550.0,10.0,15.0,35.0,32.5,7.5,100.0
9,16.0,3,7,1000.0,600.0,400.0,,,,,,,,0,4,41,41010,IBO2,4,COMPARISON,2,1.0,,,,,0,4,5,,,,,1.0,10.0,,,,1,1.0,,,,11,,,,,0.0,0.0,,,,0,1,1,1,1,1,1,0,0,1,1,1,0,0,0,1,1,1,33.0,1.0,1.0,62.5,40.0,0.0,60.0,0.0,0.0,100.0
3,2.0,3,6,560.0,420.0,140.0,420.0,1.0,,,,,1000.0,0,5,51,51003,Anuanua,5,COMPARISON,0,2.0,,,,,0,5,4,,,,,10.0,,,,,1,,,,,,,,,,0.0,,,,,2,1,1,1,1,1,1,1,1,1,0,0,0,1,0,1,1,1,65.0,,1.0,280.0,10.0,30.0,60.0,0.0,0.0,100.0
5,0.0,1,0,480.0,285.0,195.0,,97.0,,,,,,1,4,41,41001,TEPOIBOKE,4,COMPARISON,3,2.0,,,,,0,2,5,5,,,,8.0,,,,,1,2.0,,,,,97,,,,0.0,0.0,,,,2,1,0,1,1,1,1,1,1,1,1,1,0,1,0,1,1,1,39.0,1.0,0.0,,100.0,0.0,0.0,0.0,0.0,100.0
5,7.0,6,0,320.0,240.0,80.0,240.0,,,,,,1000.0,0,7,73,73005,Ahéoua,7,COMPARISON,4,4.0,,,,,0,2,4 5 97,,,,,,,,,,1,,,,,4,,,,,2.0,,,,,0,0,1,0,1,0,0,0,1,0,1,1,0,0,0,0,1,1,64.0,5.0,1.0,45.71428571428572,0.0,40.0,0.0,10.0,50.0,100.0
4,9.0,5,7 97,400.0,300.0,100.0,,,,,,,,0,4,41,41008,DAHIOKE,4,COMPARISON,2,1.0,,,,,0,5,5,,,,,1.0,,,,,1,,,,,,,,,,0.0,,,,,0,0,0,1,1,1,1,0,0,1,1,0,0,0,0,1,1,1,52.0,5.0,0.0,44.44444444444444,0.0,0.0,0.0,100.0,0.0,100.0
2,2.0,6,10,72.0,40.0,32.0,,,,,,,,1,7,71,71001,Annépé,7,COMPARISON,4,1.0,,,,,1,5,5,5,,,,,,,,,1,1.0,1.0,,,3,,97,,,3.0,0.0,0.0,,,0,0,0,0,0,0,1,0,0,0,1,1,0,0,1,1,1,0,62.0,4.0,1.0,36.0,0.0,0.0,50.0,50.0,0.0,100.0
6,6.5,2,0,700.0,500.0,200.0,500.0,1.0,,,,,800.0,0,5,51,51004,Dramanekro,5,COMPARISON,1,2.0,,,,,0,5,4,,,,,,,,,,2,4.0,,,,,97,,,,2.0,2.0,,,,2,0,0,0,1,0,1,1,1,0,0,0,1,1,0,1,1,1,38.0,,1.0,107.6923076923077,50.0,50.0,0.0,0.0,0.0,100.0
10,3.25,2,7,75.0,75.0,0.0,,,,,,,,0,6,62,62001,Tioumoukro,6,COMPARISON,4,1.0,,,,,0,5,4,,,,,1.0,,1.0,1.0,1.0,1,1.0,1.0,1.0,1.0,,97,97,,97,0.0,0.0,0.0,0.0,0.0,0,0,0,0,1,0,1,0,0,1,0,1,0,0,0,1,1,1,60.0,1.0,1.0,23.07692307692308,0.0,100.0,0.0,0.0,0.0,100.0
15,23.5,6,6 13,4060.0,3500.0,560.0,3500.0,1.0,,,,,900.0,0,5,51,51015,Bébou,5,COMPARISON,4,1.0,,,,,0,6,4 5,4 5,4 5,,,10.0,1.0,10.0,10.0,,1,1.0,1.0,1.0,,,,,97,,0.0,0.0,0.0,0.0,,3,0,1,1,1,0,0,0,0,1,1,1,0,1,0,1,1,1,68.0,1.0,1.0,172.7659574468085,0.0,8.333333333333332,40.833333333333336,27.500000000000004,23.333333333333332,100.0
5,5.5,6,0,2210.0,1700.0,510.0,1700.0,2.0,,,,,1000.0,1,4,41,41022,PARA,4,RESTORE,0,2.0,,,,,0,3,5,5,,,,8.0,10.0,10.0,10.0,10.0,4,4.0,4.0,4.0,4.0,,,97,97,97,0.0,0.0,0.0,0.0,3.0,1,1,0,0,1,1,1,1,0,1,0,1,0,1,1,1,1,1,56.0,,0.0,401.8181818181818,0.0,0.0,0.0,0.0,100.0,100.0
5,3.5,6,0,1920.0,1560.0,360.0,1560.0,2.0,,,,,1000.0,0,4,41,41002,DJEKA,4,COMPARISON,0,1.0,,,,,0,6,5,,,,,10.0,10.0,,,,4,4.0,,,,,,,,,0.0,0.0,,,,3,0,0,1,1,1,1,1,0,1,1,1,1,1,1,1,1,1,33.0,1.0,1.0,548.5714285714286,5.0,0.0,30.0,65.0,0.0,100.0
7,2.799999952316284,6,0,560.0,400.0,160.0,400.0,1.0,,,,,1000.0,1,5,51,51054,Amian-Kouassikro,5,COMPARISON,0,2.0,,,,,0,2,5,5,,,,10.0,10.0,,,,1,1.0,,,,,,,,,0.0,0.0,,,,2,1,1,0,1,1,1,1,1,1,1,1,1,1,0,1,1,1,50.0,3.0,0.0,200.00000340597973,6.896551724137931,0.0,31.03448275862069,62.06896551724138,0.0,100.0
4,6.019999980926514,6,10,749.0,574.0,175.0,,1.0,,,,,,0,7,74,74006,Monin,7,COMPARISON,4,1.0,,,,,0,7,4,,,,,1.0,,,,,1,,,,,,,,,,0.0,,,,,3,0,0,1,1,0,1,1,0,1,0,1,1,1,0,1,1,1,59.0,2.0,1.0,124.41860504536488,25.0,75.0,0.0,0.0,0.0,100.0
5,2.5,3,0,540.0,360.0,180.0,360.0,97.0,,,,,1000.0,0,5,51,51028,Ananguié,5,RESTORE,4,1.0,,,,,1,3,5,,,,,10.0,,,,,1,,,,,97,,,,,2.0,,,,,2,1,0,1,1,0,0,0,0,1,1,1,0,1,0,0,1,1,30.0,1.0,1.0,216.0,20.0,60.0,20.0,0.0,0.0,100.0
13,10.5,6,7,1800.0,1200.0,600.0,1200.0,2.0,,,,,1000.0,0,4,41,41002,DJEKA,4,COMPARISON,0,2.0,,,,,0,7,5,5,,,,6.0,6.0,8.0,,,4,4.0,4.0,,,,,,,,0.0,0.0,0.0,,,2,1,0,1,1,0,1,0,0,1,1,1,0,1,1,1,1,1,54.0,,0.0,171.42857142857142,40.0,0.0,0.0,60.0,0.0,100.0
7,4.5,3,6 7,825.0,525.0,300.0,525.0,2.0,,,,,1000.0,0,5,51,51003,Anuanua,5,COMPARISON,4,1.0,,,,,0,5,5,,,,,10.0,,,,,1,,,,,,,,,,0.0,,,,,3,1,1,0,1,1,0,1,0,1,1,1,0,1,0,1,1,1,41.0,2.0,0.0,183.33333333333331,30.0,50.0,20.0,0.0,0.0,100.0
7,0.0,2,0,1300.0,800.0,500.0,,97.0,,,,,,0,4,41,41009,DONIE,4,COMPARISON,0,4.0,,,,,0,3,5,5,,,,6.0,6.0,,,,1,1.0,,,,,1,,,,0.0,0.0,,,,6,1,0,0,1,1,1,1,1,1,1,1,0,1,1,1,1,1,27.0,,0.0,,69.23076923076923,30.76923076923077,0.0,0.0,0.0,100.0
7,3.0,6,0,160.0,80.0,80.0,80.0,97.0,,,,,1000.0,0,7,73,73004,Agbaou,7,COMPARISON,4,1.0,,,,,1,1,97,,,,,10.0,9.0,,,,1,1.0,,,,4,97,,,,3.0,0.0,,,,1,0,0,0,0,0,0,0,1,1,1,1,1,1,0,0,1,1,68.0,2.0,1.0,53.333333333333336,20.0,0.0,30.0,50.0,0.0,100.0
8,18.0,6,10,600.0,400.0,200.0,,1.0,,,,,,0,5,52,52001,Akakro,5,COMPARISON,97,2.0,,,,,0,3,97,,,,,10.0,,,,,1,,,,,,,,,,0.0,,,,,2,0,0,0,1,0,1,1,1,1,0,0,0,1,0,1,1,1,66.0,,0.0,33.333333333333336,0.0,0.0,0.0,0.0,100.0,100.0
5,12.0,3,10,864.0,720.0,144.0,720.0,1.0,,,,,1100.0,1,5,51,51002,Akoikro,5,COMPARISON,4,1.0,,,,,0,5,4,,,,,10.0,,,,,1,,,,,,,,,,3.0,,,,,1,1,0,0,0,0,1,0,1,1,1,1,1,1,0,1,1,1,58.0,2.0,0.0,72.0,40.0,0.0,60.0,0.0,0.0,100.0
9,7.0,3,0,1000.0,800.0,200.0,,1.0,,,,,,0,7,72,72003,BOGUIé,7,COMPARISON,4,1.0,,,,,0,6,3 5,3,,,,10.0,8.0,,,,1,1.0,,,,,,,,,0.0,0.0,,,,2,1,0,1,1,0,1,0,1,1,1,1,0,1,1,1,1,1,53.0,3.0,1.0,142.85714285714286,28.846153846153843,20.384615384615383,18.461538461538463,4.615384615384616,27.692307692307693,100.0
7,7.0,3,9,490.0,210.0,280.0,210.0,1.0,,,,,900.0,0,5,51,51018,Kouassi-Béniékro,5,RESTORE,4,1.0,,,,,1,5,5,5,,,,1.0,,,,,1,2.0,,,,,,,,,0.0,0.0,,,,2,0,0,0,0,0,1,1,1,1,1,1,1,1,1,1,1,1,50.0,1.0,1.0,70.0,13.333333333333334,31.11111111111111,41.66666666666667,13.88888888888889,0.0,100.0
2,5.0,5,0,1120.0,800.0,320.0,800.0,2.0,,,,,12.5,0,5,51,51014,ABRONAMOUE,5,COMPARISON,4,1.0,,,,,1,7,5,,,,,9.0,,,,,1,,,,,,,,,,0.0,,,,,5,0,1,0,1,1,0,0,0,1,1,0,0,1,0,1,1,1,77.0,1.0,1.0,224.0,0.0,30.0,30.0,40.0,0.0,100.0
7,8.0,5,0,525.0,375.0,150.0,375.0,2.0,,,,,900.0,1,7,73,73004,Agbaou,7,COMPARISON,4,4.0,,,,,0,5,97,5 97,,,,1.0,8.0,,,,1,1.0,,,,1,,,,,2.0,3.0,,,,2,1,1,1,1,0,1,1,0,1,1,1,0,1,1,1,1,1,60.0,1.0,1.0,65.625,60.0,8.0,0.0,32.0,0.0,100.0
4,4.0,2,0,3100.0,1700.0,1400.0,,2.0,,,,,,0,4,41,41015,TAOULOKE,4,COMPARISON,3,2.0,,,,,0,5,5,,,,,8.0,,,,,4,,,,,,,,,,0.0,,,,,2,0,0,1,1,1,1,0,1,1,1,1,0,1,1,1,1,1,32.0,,0.0,775.0,10.0,90.0,0.0,0.0,0.0,100.0
9,4.0,6,0,2550.0,2125.0,425.0,2125.0,1.0,,,,,11.764705657958984,0,5,51,51008,Adjoumani-Kouassikro,5,COMPARISON,3,1.0,,,,,0,5,5,,,,,1.0,,,,,1,,,,,,,,,,0.0,,,,,2,0,0,1,1,1,0,1,1,1,1,1,1,1,0,1,1,1,41.0,1.0,1.0,637.5,5.0,50.0,30.0,15.0,0.0,100.0
7,8.5,1,0,300.0,200.0,100.0,,,,,,,,0,4,41,41012,MERE,4,COMPARISON,2,1.0,,,,,0,6,5,,,,,10.0,,,,,1,,,,,,,,,,0.0,,,,,0,0,0,1,1,1,0,0,1,1,1,1,0,0,0,1,1,1,26.0,1.0,1.0,35.294117647058826,100.0,0.0,0.0,0.0,0.0,100.0
5,6.0,2,0,1240.0,1000.0,240.0,,6.0,,,,,,0,7,73,73003,Affery,7,COMPARISON,4,1.0,,,,,1,4,97,,,,,10.0,,,,,1,,,,,,,,,,2.0,,,,,5,0,1,0,1,1,1,0,1,1,1,1,0,1,0,1,1,1,53.0,3.0,0.0,206.66666666666663,0.0,100.0,0.0,0.0,0.0,100.0
5,5.0,3,0,1025.0,900.0,125.0,,1.0,,,,,,1,7,71,71013,BOUDEPE,7,COMPARISON,4,1.0,,,,,0,5,3,,,,,1.0,,,,,1,1.0,,,,,97,,,,1.0,1.0,,,,2,1,1,0,1,0,1,1,1,1,1,1,0,1,0,1,1,1,49.0,3.0,0.0,205.0,0.0,100.0,0.0,0.0,0.0,100.0
6,4.5,5,0,2422.5,2040.0,382.5,2040.0,1.0,,,,,1000.0,0,5,51,51011,N'Gouanda,5,COMPARISON,97,2.0,,,,,1,6,5,5,,,,11.0,11.0,,,,4,4.0,,,,,,,,,2.0,2.0,,,,8,0,0,0,0,0,0,0,1,1,1,1,0,1,1,1,1,1,55.0,,0.0,538.3333333333334,0.0,0.0,73.33333333333333,26.666666666666668,0.0,100.0
5,6.0,1,13,320.0,200.0,120.0,,,,,,,,0,4,41,41001,TEPOIBOKE,4,COMPARISON,2,1.0,,,,,0,5,5,,,,,1.0,,,,,1,,,,,,,,,,0.0,,,,,0,0,0,0,1,0,1,0,1,1,1,0,0,0,0,1,1,1,49.0,1.0,0.0,53.333333333333336,100.0,0.0,0.0,0.0,0.0,100.0
4,1.5,2,0,80.0,80.0,0.0,80.0,97.0,,,,,1000.0,0,7,71,71005,Biasso,7,RESTORE,4,3.0,,,,,1,5,4,,,,,10.0,9.0,,,,1,1.0,,,,97,97,,,,0.0,0.0,,,,1,0,0,0,0,0,1,1,0,1,1,1,0,1,0,0,1,0,42.0,1.0,1.0,53.333333333333336,0.0,100.0,0.0,0.0,0.0,100.0
13,10.5,5,12 13,280.0,200.0,80.0,200.0,1.0,,,,,1000.0,0,5,51,51046,Kabrankro,5,COMPARISON,4,1.0,,,,,0,5,4,4,,4,,10.0,10.0,10.0,10.0,10.0,1,1.0,1.0,1.0,1.0,,97,97,,97,0.0,0.0,0.0,0.0,0.0,2,0,1,1,1,0,1,1,1,1,1,1,1,1,1,1,1,1,60.0,3.0,1.0,26.666666666666668,30.0,8.0,0.0,40.0,22.0,100.0
6,8.0,5,13,3500.0,2800.0,700.0,2800.0,1.0,,,,,1000.0,0,5,51,51011,N'Gouanda,5,COMPARISON,4,1.0,,,,,0,6,5,5,,,,,,,,,1,1.0,,,,1,11,,,,2.0,0.0,,,,3,0,0,0,1,0,1,0,0,0,1,1,0,1,0,0,1,1,50.0,1.0,1.0,437.5,0.0,2.5,20.0,77.5,0.0,100.0
13,11.5,5,12,945.0,750.0,195.0,,1.0,,,,,,0,7,75,75001,ASSE ORIé,7,COMPARISON,4,1.0,,,,,0,7,5 97,5 97,,,,1.0,1.0,1.0,,,1,1.0,1.0,,,4,,97,,,0.0,0.0,0.0,,,2,0,1,0,1,0,0,1,0,1,1,1,1,1,0,1,1,1,72.0,6.0,1.0,82.17391304347827,16.666666666666664,0.0,33.33333333333333,50.0,0.0,100.0
5,2.5,3,0,1350.0,1000.0,350.0,,,,,,,,0,4,41,41010,IBO2,4,COMPARISON,0,1.0,,,,,0,5,5,,,,,8.0,,,,,4,,,,,,,,,,3.0,,,,,0,0,0,0,1,0,1,0,0,1,0,1,0,0,1,1,1,1,40.0,,0.0,540.0,0.0,50.0,50.0,0.0,0.0,100.0
5,4.0,6,7,960.0,640.0,320.0,640.0,1.0,,,,,1000.0,0,5,51,51011,N'Gouanda,5,COMPARISON,1,2.0,,,,,0,3,5,,,,,,,,,,1,,,,,,,,,,0.0,,,,,3,0,0,0,0,0,1,0,0,0,1,1,0,1,0,1,1,1,76.0,,0.0,240.0,5.0,20.0,20.0,25.0,30.0,100.0
5,20.0,2,13,1500.0,1000.0,500.0,1000.0,1.0,,,,,1000.0,0,4,41,41012,MERE,4,COMPARISON,2,4.0,,,,,0,6,5,,,,,10.0,10.0,10.0,,,1,1.0,1.0,,,,2,,,,3.0,2.0,0.0,,,1,1,1,1,1,1,0,0,1,1,1,1,0,1,0,1,1,1,82.0,,1.0,75.0,50.0,50.0,0.0,0.0,0.0,100.0
4,7.0,6,0,1610.0,1120.0,490.0,1120.0,4.0,,,,,1000.0,0,4,41,41020,MAHINO2,4,RESTORE,0,2.0,,,,,0,4,5,5,,,,8.0,8.0,,,,4,4.0,,,,,,,,,0.0,0.0,,,,2,1,0,0,1,1,1,1,0,1,1,1,0,1,1,1,1,1,40.0,1.0,0.0,230.0,0.0,60.24096385542169,0.0,39.75903614457831,0.0,100.0
9,3.5,6,5 6,770.0,560.0,210.0,560.0,6.0,,,,,1000.0,0,5,51,51038,Manfia,5,RESTORE,4,1.0,,,,,0,5,3,,,,,10.0,10.0,,,,1,1.0,,,,,,,,,2.0,2.0,,,,3,0,0,0,0,0,0,1,1,1,0,1,0,1,0,1,1,1,47.0,,0.0,220.0,0.0,0.0,0.0,0.0,100.0,100.0
4,4.0,2,6,800.0,500.0,300.0,,2.0,,,,,,0,7,72,72005,MOBIOKOUA,7,COMPARISON,4,1.0,,,,,1,3,5,,,,,97.0,97.0,,,,1,1.0,,,,2,2,,,,2.0,0.0,,,,2,0,0,0,0,0,0,0,0,1,1,1,0,1,0,0,1,1,52.0,3.0,1.0,200.0,50.0,50.0,0.0,0.0,0.0,100.0
2,2.0,2,0,1823.0,1103.0,720.0,,1.0,,,,,,0,4,41,41015,TAOULOKE,4,COMPARISON,0,1.0,,,,,0,5,5,,,,,2.0,,,,,2,,,,,,,,,,0.0,,,,,3,1,0,1,1,1,1,0,1,1,1,1,0,1,1,1,1,1,36.0,,0.0,911.5,0.0,100.0,0.0,0.0,0.0,100.0
7,10.0,4,0,2210.0,2000.0,210.0,,3.0,,,,,,0,7,74,74003,BOHOUIN,7,COMPARISON,4,1.0,,,,,0,5,97,,,,,,,,,,1,1.0,,,,,97,,,,0.0,0.0,,,,3,0,0,0,0,0,1,1,1,0,0,1,1,1,0,1,1,1,74.0,3.0,1.0,221.0,7.000000000000001,25.0,30.0,38.0,0.0,100.0
6,9.0,6,0,800.0,480.0,320.0,480.0,2.0,,,,,1000.0,0,4,41,41002,DJEKA,4,COMPARISON,0,2.0,,,,,0,4,4,,,,,8.0,8.0,8.0,,,4,4.0,4.0,,,,97,97,,,0.0,0.0,0.0,,,1,1,0,0,1,0,1,1,0,1,0,1,0,1,1,1,1,1,55.0,,0.0,88.88888888888889,0.0,0.0,0.0,100.0,0.0,100.0
4,1.5,1,0,90.0,60.0,30.0,60.0,,,,,,1000.0,0,4,41,41002,DJEKA,4,COMPARISON,0,2.0,,,,,0,3,5,,,,,11.0,,,,,4,,,,,97,,,,,0.0,,,,,0,1,0,1,1,1,1,1,0,1,0,1,0,0,0,0,1,1,42.0,2.0,0.0,60.0,100.0,0.0,0.0,0.0,0.0,100.0
4,3.0,2,0,600.0,500.0,100.0,,2.0,,,,,,0,4,41,41009,DONIE,4,COMPARISON,4,1.0,,,,,0,4,5,,,,,6.0,5.0,,,,1,1.0,,,,5,2,,,,0.0,0.0,,,,1,0,0,0,0,0,1,0,1,1,1,1,0,1,0,0,1,1,31.0,6.0,0.0,200.0,25.0,75.0,0.0,0.0,0.0,100.0
6,3.0,3,0,1000.0,700.0,300.0,,1.0,,,,,,0,7,73,73004,Agbaou,7,COMPARISON,4,3.0,,,,,0,1,4,,,,,1.0,,,,,1,,,,,,,,,,0.0,,,,,4,0,0,0,0,0,1,1,1,1,0,1,0,1,0,1,1,1,49.0,3.0,1.0,333.3333333333333,0.0,0.0,100.0,0.0,0.0,100.0
12,13.0,6,10,3120.0,2400.0,720.0,2400.0,3.0,,,,,12.5,0,5,51,51054,Amian-Kouassikro,5,COMPARISON,0,2.0,,,,,0,3,3 4,3 4,3 4,,,11.0,11.0,11.0,,,1,1.0,1.0,,,,,97,,,0.0,0.0,0.0,,,2,1,0,1,0,0,1,0,1,1,1,1,1,1,1,1,1,1,53.0,1.0,0.0,240.0,35.63492063492063,3.0952380952380953,10.952380952380953,24.92063492063492,25.396825396825395,100.0
9,1.0,6,10,15.0,10.0,5.0,,97.0,,,,,,0,7,71,71007,Bassadzin,7,RESTORE,4,1.0,,,,,0,1,5 97,,,,,,,,,,1,,,,,3,,,,,0.0,,,,,5,0,0,0,0,0,0,0,0,0,1,1,0,1,0,0,1,1,53.0,7.0,1.0,15.0,0.0,0.0,0.0,0.0,100.0,100.0
4,4.0,3,13,210.0,140.0,70.0,140.0,1.0,,,,,900.0,0,5,51,51020,Améakro,5,RESTORE,4,1.0,,,,,0,4,4,4,,,,9.0,4.0,,,,1,1.0,,,,,,,,,0.0,2.0,,,,2,0,0,0,0,0,1,0,1,1,0,1,1,1,0,1,1,1,36.0,5.0,0.0,52.5,20.0,80.0,0.0,0.0,0.0,100.0
5,8.0,5,0,4350.0,3375.0,975.0,3375.0,1.0,,,,,1000.0,0,5,51,51001,Adahou,5,COMPARISON,4,1.0,,,,,0,6,4 5,,,,,1.0,,,,,1,,,,,,,,,,2.0,,,,,3,0,0,0,0,0,1,1,1,1,1,1,0,1,0,1,1,1,46.0,1.0,1.0,543.75,15.0,25.0,60.0,0.0,0.0,100.0
6,0.5,5,6,120.0,80.0,40.0,80.0,1.0,,,,,1000.0,0,6,64,64001,Alakro,6,COMPARISON,4,1.0,,,,,0,6,2,,,,,9.0,,,,,1,,,,,,,,,,2.0,,,,,2,0,1,1,1,0,0,0,0,1,1,0,0,1,0,1,1,0,50.0,1.0,1.0,240.0,0.0,0.0,0.0,100.0,0.0,100.0
7,3.0,4,0,560.0,400.0,160.0,400.0,2.0,,,,,1000.0,0,4,41,41024,POUTOU,4,RESTORE,0,2.0,,,,,0,3,3,,,,,8.0,,,,,4,4.0,4.0,,,,97,97,,,0.0,3.0,0.0,,,5,0,0,1,1,1,1,1,0,1,1,1,0,1,1,1,1,1,45.0,,0.0,186.66666666666663,0.0,0.0,100.0,0.0,0.0,100.0
4,2.0,2,10,200.0,150.0,50.0,,1.0,,,,,,0,7,71,71008,Mafa-Mafou,7,RESTORE,4,1.0,,,,,0,5,97,,,,,1.0,1.0,,,,1,1.0,,,,,97,,,,0.0,0.0,,,,1,1,0,0,1,0,0,1,0,1,0,1,0,1,1,1,1,0,67.0,5.0,1.0,100.0,25.0,75.0,0.0,0.0,0.0,100.0
6,3.0,3,0,2000.0,1500.0,500.0,,2.0,,,,,,0,4,41,41017,BEOUE,4,RESTORE,0,2.0,,,,,0,4,4,,,,,6.0,,8.0,,,4,4.0,4.0,,,,97,97,,,0.0,3.0,0.0,,,4,0,0,0,1,1,1,1,0,1,1,1,0,1,1,1,1,1,36.0,1.0,1.0,666.6666666666666,0.0,0.0,100.0,0.0,0.0,100.0
8,7.0,6,97,2640.0,1920.0,720.0,1920.0,2.0,,,,,1000.0,1,4,41,41017,BEOUE,4,RESTORE,2,1.0,,,,,0,5,5,5,,,,10.0,10.0,1.0,1.0,1.0,4,4.0,4.0,4.0,4.0,,,,,,0.0,0.0,3.0,3.0,3.0,3,1,0,1,1,0,0,0,0,1,1,1,0,1,1,1,1,1,43.0,3.0,1.0,377.1428571428572,0.0,0.0,0.0,100.0,0.0,100.0
2,3.0,6,0,562.5,450.0,112.5,450.0,1.0,,,,,12.0,1,5,51,51024,Koitienko,5,RESTORE,4,1.0,,,,,1,2,5,,,,,10.0,10.0,,,,1,1.0,,,,,97,,,,0.0,0.0,,,,3,0,0,0,0,0,0,0,0,1,0,1,1,1,0,1,1,1,65.0,1.0,0.0,187.5,0.0,0.0,0.0,50.0,50.0,100.0
7,0.0,6,7,400.0,300.0,100.0,,97.0,,,,,,0,7,72,72005,MOBIOKOUA,7,COMPARISON,4,1.0,,,,,0,3,5,,,,,1.0,7.0,1.0,,,1,1.0,1.0,,,,97,97,,,0.0,0.0,0.0,,,4,0,0,0,0,0,1,1,0,1,1,1,0,1,0,1,1,1,55.0,3.0,0.0,,0.0,0.0,0.0,100.0,0.0,100.0
6,0.0,4,9,240.0,180.0,60.0,180.0,1.0,,,,,900.0,0,5,51,51046,Kabrankro,5,COMPARISON,4,1.0,,,,,1,1,5,,,,,,,,,,1,,,,,97,,,,,2.0,,,,,6,0,0,0,0,0,1,0,0,0,0,1,0,1,1,0,1,1,66.0,1.0,1.0,,0.0,0.0,0.0,100.0,0.0,100.0
8,8.0,3,0,3000.0,2000.0,1000.0,,1.0,,,,,,0,4,41,41001,TEPOIBOKE,4,COMPARISON,3,3.0,,,,,0,6,5,5,,,,6.0,2.0,,,,4,2.0,,,,,,,,,0.0,0.0,,,,2,1,0,1,1,1,1,0,1,1,0,1,0,1,1,1,1,1,37.0,,0.0,375.0,12.5,12.5,75.0,0.0,0.0,100.0
5,6.0,4,0,560.0,320.0,240.0,320.0,2.0,,,,,1000.0,1,5,51,51025,Kouadiokro,5,RESTORE,0,1.0,,,,,0,2,4 5,,,,,10.0,,,,,1,,,,,,,,,,0.0,,,,,3,0,1,1,1,1,1,1,1,1,1,1,1,1,1,1,1,1,42.0,2.0,1.0,93.33333333333331,15.0,45.0,40.0,0.0,0.0,100.0
7,5.0,5,6,1610.0,1400.0,210.0,1400.0,6.0,,,,,900.0,0,5,51,51036,Ahuasso,5,RESTORE,4,1.0,,,,,0,6,5,5,,,,,,,,,1,1.0,,,,,5,,,,2.0,2.0,,,,5,1,0,1,1,0,1,0,1,0,1,1,0,1,0,1,1,1,44.0,3.0,1.0,322.0,0.0,7.5,26.25,66.25,0.0,100.0
4,4.0,6,0,577.0,467.0,110.0,,1.0,,,,,,1,7,71,71005,Biasso,7,RESTORE,4,1.0,,,,,0,6,97,,,,,,,,,,1,1.0,,,,,,,,,2.0,2.0,,,,3,0,0,0,1,0,1,1,1,0,1,1,1,1,0,1,1,1,57.0,,0.0,144.25,25.0,0.0,0.0,0.0,75.0,100.0
3,4.0,3,9,100.0,50.0,50.0,50.0,97.0,,,,,1000.0,0,5,53,53001,Kokonou,5,COMPARISON,4,1.0,,,,,1,3,2,,,,,1.0,1.0,,,,1,1.0,,,,,,,,,1.0,1.0,,,,5,0,0,0,0,0,1,0,1,1,1,1,0,1,0,1,1,1,67.0,,1.0,25.0,0.0,0.0,100.0,0.0,0.0,100.0
4,5.0,2,10,25.0,25.0,0.0,,1.0,,,,,,0,6,64,64002,Kouadioukro,6,COMPARISON,4,1.0,,,,,0,4,5,,,,,1.0,1.0,,,,1,1.0,,,,,97,,,,0.0,0.0,,,,2,0,0,1,1,0,1,1,1,1,0,0,0,1,0,1,1,1,34.0,5.0,1.0,5.0,30.0,70.0,0.0,0.0,0.0,100.0
8,4.0,5,97,3000.0,2625.0,375.0,2625.0,1.0,,,,,1000.0,0,5,51,51012,Zaranou,5,COMPARISON,4,1.0,,,,,0,4,5,5,5,,,,,,,,1,1.0,1.0,,,,,,,,2.0,0.0,0.0,,,3,0,0,0,1,0,1,0,0,0,0,0,0,1,0,1,1,1,47.0,1.0,1.0,750.0,0.0,9.375,28.125,50.0,12.5,100.0
10,8.800000190734863,6,0,3150.0,2100.0,1050.0,2100.0,2.0,,,,,1000.0,1,4,41,41019,KARIE,4,RESTORE,0,1.0,,,,,0,7,5,,,,,8.0,,,,,4,,,,,,,,,,3.0,,,,,5,0,0,0,1,0,1,1,1,1,0,1,0,1,1,1,1,1,38.0,1.0,0.0,357.9545376960898,0.0,0.0,0.0,100.0,0.0,100.0
1,3.0,6,13,300.0,200.0,100.0,,1.0,,,,,,0,7,71,71012,MAMINI,7,COMPARISON,4,1.0,,,,,0,2,5,,,,,4.0,,,,,4,,,,,,,,,,0.0,,,,,3,0,0,0,1,0,1,0,1,1,0,1,0,1,0,1,1,1,65.0,3.0,0.0,100.0,0.0,0.0,0.0,0.0,100.0,100.0
12,15.0,1,0,1120.0,560.0,560.0,560.0,2.0,,,,,1000.0,0,5,51,51025,Kouadiokro,5,RESTORE,3,4.0,,,,,0,4,5,5,5,,,,,,,,2,2.0,2.0,,,,11,,,,0.0,0.0,0.0,,,2,0,0,0,0,0,1,0,1,0,1,1,0,1,1,1,1,1,47.0,,1.0,74.66666666666667,26.666666666666668,53.333333333333336,20.0,0.0,0.0,100.0
8,2.0,4,97,950.0,800.0,150.0,,1.0,,,,,,0,5,51,51008,Adjoumani-Kouassikro,5,COMPARISON,3,3.0,,,,,0,5,5,,,,,1.0,,,,,1,,,,,,,,,,0.0,,,,,4,0,0,0,1,1,1,1,0,1,1,1,0,1,0,1,1,1,42.0,5.0,0.0,475.0,3.0,10.0,87.0,0.0,0.0,100.0
9,0.0,5,0,590.0,460.0,130.0,,,,,,,,0,4,41,41010,IBO2,4,COMPARISON,0,4.0,,,,,0,1,5,5,,,,6.0,1.0,,,,1,1.0,,,,,11,,,,0.0,0.0,,,,0,1,0,0,0,1,1,1,1,1,0,0,0,0,1,1,1,1,45.0,,0.0,,3.8461538461538463,57.230769230769226,0.0,38.92307692307692,0.0,100.0
6,9.0,6,0,3000.0,2000.0,1000.0,,1.0,,,,,,0,6,61,61001,Abongoua,6,RESTORE,4,1.0,,,,,0,5,2 97,,,,,,1.0,,,,1,1.0,,,,,,,,,0.0,0.0,,,,2,0,0,1,1,1,1,1,0,1,0,1,1,1,0,1,1,1,53.0,1.0,1.0,333.3333333333333,10.0,20.0,30.0,20.0,20.0,100.0
7,5.5,3,97,500.0,500.0,0.0,,97.0,,,,,,0,7,71,71013,BOUDEPE,7,COMPARISON,4,1.0,,,,,0,1,97,,,,,10.0,9.0,10.0,97.0,97.0,1,1.0,1.0,1.0,1.0,,,97,97,97,0.0,0.0,0.0,0.0,0.0,3,0,0,0,1,0,0,1,0,1,1,1,0,1,0,1,1,1,40.0,5.0,1.0,90.9090909090909,0.0,0.0,100.0,0.0,0.0,100.0
2,3.0,3,0,240.0,160.0,80.0,160.0,1.0,,,,,775.0,0,5,51,51001,Adahou,5,COMPARISON,4,1.0,,,,,0,2,5,5,,,,9.0,9.0,,,,1,1.0,,,,,,,,,3.0,2.0,,,,2,0,0,1,1,0,1,0,1,1,1,1,1,1,0,1,1,1,47.0,1.0,1.0,80.0,46.666666666666664,20.0,33.33333333333333,0.0,0.0,99.99999999999999
5,8.0,6,6 10,800.0,500.0,300.0,,1.0,,,,,,0,5,51,51046,Kabrankro,5,COMPARISON,4,1.0,,,,,0,5,,4,,,,8.0,10.0,10.0,,,1,1.0,1.0,,,,,,,,0.0,0.0,0.0,,,0,1,0,1,1,0,0,0,0,1,1,1,0,1,1,1,1,1,71.0,,0.0,100.0,50.0,30.0,20.0,0.0,0.0,100.0
7,5.0,2,97,70.0,70.0,0.0,70.0,1.0,,,,,900.0,0,5,51,51024,Koitienko,5,RESTORE,4,1.0,,,,,0,5,5,,,,,,,,,,1,,,,,,,,,,0.0,,,,,3,0,0,0,0,0,1,0,0,0,1,1,1,1,1,1,1,1,37.0,3.0,1.0,14.0,100.0,0.0,0.0,0.0,0.0,100.0
4,4.0,6,9,720.0,480.0,240.0,480.0,2.0,,,,,1000.0,1,5,54,54001,Akacomoékro,5,RESTORE,4,1.0,,,,,1,6,2,,,,,10.0,10.0,,,,1,1.0,,,,3,,,,,1.0,1.0,0.0,,,4,0,0,0,0,0,0,0,1,1,1,1,0,1,0,1,1,1,63.0,,1.0,180.0,0.0,0.0,0.0,0.0,100.0,100.0
14,11.0,6,0,1560.0,1200.0,360.0,1200.0,2.0,,,,,1000.0,0,4,41,41017,BEOUE,4,RESTORE,1,2.0,,,,,0,7,5,,,,,10.0,10.0,,,,4,4.0,,,,,,,,,3.0,0.0,,,,5,0,0,0,1,0,0,0,1,1,1,1,0,1,1,1,1,1,44.0,,0.0,141.8181818181818,0.0,0.0,0.0,0.0,100.0,100.0
13,11.0,4,0,2600.0,1625.0,975.0,1820.0,2.0,,,,,1000.0,1,4,41,41022,PARA,4,RESTORE,0,2.0,,,,,0,7,5,5,,,,10.0,10.0,10.0,,,4,4.0,4.0,,,,,,,,3.0,3.0,0.0,,,6,1,0,0,1,1,1,1,1,1,1,1,1,1,1,1,1,1,48.0,,0.0,236.3636363636364,13.80952380952381,32.857142857142854,38.095238095238095,15.238095238095239,0.0,100.0
5,19.0,6,7,775.0,475.0,300.0,,,,,,,,0,4,41,41001,TEPOIBOKE,4,COMPARISON,4,1.0,,,,,0,6,5,,,,,97.0,11.0,,,,4,4.0,,,,,,,,,0.0,0.0,,,,0,0,0,0,1,1,1,0,0,1,1,0,0,0,1,1,1,1,42.0,1.0,0.0,40.78947368421053,0.0,0.0,0.0,0.0,100.0,100.0
4,6.5,4,10,380.0,300.0,80.0,,1.0,,,,,,0,7,74,74003,BOHOUIN,7,COMPARISON,4,1.0,,,,,0,5,97,,,,,1.0,,,,,1,1.0,1.0,,,,,97,,,2.0,0.0,2.0,,,2,0,1,0,1,0,1,1,0,1,1,1,1,1,0,1,1,1,59.0,1.0,1.0,58.46153846153846,10.0,0.0,25.0,65.0,0.0,100.0
12,7.5,6,0,2200.0,1500.0,700.0,,2.0,,,,,,1,4,41,41004,FETE,4,COMPARISON,0,2.0,,,,,0,7,5,5,,,,6.0,6.0,,,,4,4.0,,,,,,,,,0.0,0.0,,,,6,1,0,0,1,1,1,1,1,1,1,1,1,1,1,1,1,1,51.0,,0.0,293.3333333333333,0.0,0.0,5.454545454545454,94.54545454545455,0.0,100.0
7,10.0,5,0,2300.0,2000.0,300.0,,2.0,,,,,,0,4,41,41024,POUTOU,4,RESTORE,3,2.0,,,,,0,4,5,,,,,6.0,6.0,6.0,6.0,,4,4.0,4.0,4.0,,,97,97,97,,0.0,3.0,3.0,3.0,,4,1,0,1,1,0,1,1,1,1,1,1,0,1,1,1,1,1,34.0,0.0,1.0,230.0,0.0,0.0,50.0,50.0,0.0,100.0
10,8.0,2,10,500.0,400.0,100.0,,1.0,,,,,,0,5,52,52001,Akakro,5,COMPARISON,4,1.0,,,,,0,5,97,,,,,8.0,,,,,1,,,,,,,,,,0.0,,,,,2,0,1,1,1,1,1,1,1,1,1,1,0,1,1,1,1,1,47.0,4.0,1.0,62.5,0.0,100.0,0.0,0.0,0.0,100.0
3,3.0,6,11,3150.0,2450.0,700.0,2450.0,2.0,,,,,1000.0,0,5,51,51009,Affalikro,5,COMPARISON,4,1.0,,,,,1,4,5,5,5,,,10.0,9.0,10.0,,,1,1.0,1.0,,,,,,,,1.0,1.0,1.0,,,6,0,1,0,1,1,1,0,1,1,1,1,0,1,1,1,1,0,60.0,1.0,1.0,1050.0,6.666666666666667,8.333333333333332,55.00000000000001,30.0,0.0,100.0
3,1.2999999523162842,3,0,2016.0,1500.0,516.0,,1.0,,,,,,0,7,73,73003,Affery,7,COMPARISON,4,1.0,,,,,0,5,5,,,,,10.0,,,,,1,,,,,,,,,,0.0,,,,,2,0,1,0,0,0,1,1,1,1,0,1,1,1,0,1,1,1,46.0,5.0,0.0,1550.7692876511092,5.0,40.0,55.00000000000001,0.0,0.0,100.0
4,2.0,6,11,640.0,560.0,80.0,560.0,1.0,,,,,1000.0,0,5,51,51038,Manfia,5,RESTORE,4,1.0,,,,,0,4,5,,,,,,,,,,2,1.0,,,,11,,,,,0.0,0.0,,,,2,0,0,0,1,0,1,0,0,0,0,0,1,1,0,1,1,0,36.0,1.0,1.0,320.0,5.0,0.0,0.0,25.0,70.0,100.0
3,10.0,3,0,539.0,385.0,154.0,385.0,,,,,,1000.0,1,7,75,75001,ASSE ORIé,7,COMPARISON,4,1.0,,,,,1,1,5,,,,,,,,,,2,,,,,4,,,,,3.0,,,,,0,0,0,0,1,0,0,0,0,0,1,1,0,0,0,0,1,1,70.0,,1.0,53.9,0.0,50.0,50.0,0.0,0.0,100.0
8,5.0,4,0,104.0,104.0,0.0,,97.0,,,,,,0,7,71,71006,Nyan,7,RESTORE,4,1.0,,,,,0,5,97,,,,,10.0,10.0,,,,1,1.0,,,,97,,,,,3.0,0.0,,,,5,0,0,0,1,0,0,0,0,1,1,1,0,1,0,1,1,1,60.0,1.0,1.0,20.8,10.0,40.0,50.0,0.0,0.0,100.0
6,5.0,2,10,160.0,120.0,40.0,,1.0,,,,,,0,7,73,73004,Agbaou,7,COMPARISON,4,3.0,,,,,0,8,5,,,,,,,,,,1,,,,,,,,,,0.0,,,,,1,1,1,0,1,0,1,1,1,0,1,1,1,1,0,1,1,1,50.0,,1.0,32.0,20.0,80.0,0.0,0.0,0.0,100.0
6,1.5,3,0,255.0,170.0,85.0,170.0,2.0,,,,,1000.0,0,4,41,41003,GBAROU,4,COMPARISON,0,4.0,,,,,0,5,5,,,,,8.0,8.0,,,,4,4.0,4.0,,,97,97,97,,,0.0,0.0,0.0,,,2,1,0,0,1,1,1,1,0,1,1,1,1,1,1,0,1,0,34.0,,0.0,170.0,60.0,0.0,40.0,0.0,0.0,100.0
6,3.5,2,0,160.0,110.0,50.0,,97.0,,,,,,0,4,41,41037,IRATO,4,COMPARISON,2,1.0,,,,,0,3,5,,,,,10.0,10.0,10.0,,,1,1.0,1.0,,,,97,97,,,0.0,0.0,3.0,,,2,0,0,1,1,1,1,1,0,1,1,1,0,1,0,1,1,1,39.0,,1.0,45.71428571428572,0.0,100.0,0.0,0.0,0.0,100.0
5,3.5,3,9,360.0,240.0,120.0,240.0,1.0,,,,,1000.0,0,5,51,51001,Adahou,5,COMPARISON,4,1.0,,,,,1,8,4 5,5,,,,9.0,1.0,,,,1,1.0,,,,,3,,,,3.0,0.0,,,,1,0,0,0,0,0,1,1,1,1,1,1,1,1,1,1,1,1,67.0,1.0,1.0,102.85714285714286,10.0,29.28104575163399,35.0,25.71895424836601,0.0,100.0
7,6.0,3,6,240.0,120.0,120.0,120.0,4.0,,,,,1000.0,0,5,51,51001,Adahou,5,COMPARISON,4,1.0,,,,,1,5,4 5,,,,,9.0,9.0,9.0,,,1,1.0,1.0,,,,,97,,,0.0,0.0,0.0,,,6,0,0,0,1,0,0,0,1,1,0,1,1,1,0,1,1,1,52.0,1.0,1.0,40.0,10.0,20.0,60.0,10.0,0.0,100.0
4,3.0,6,0,240.0,160.0,80.0,160.0,2.0,,,,,1000.0,0,6,64,64002,Kouadioukro,6,COMPARISON,4,1.0,,,,,1,4,5,,,,,11.0,10.0,,,,1,1.0,,,,,,,,,0.0,0.0,,,,8,0,0,0,0,0,1,0,0,1,1,0,1,1,0,1,1,1,54.0,,1.0,80.0,5.0,5.0,10.0,20.0,60.0,100.0
8,2.5,6,0,220.0,150.0,70.0,,1.0,,,,,,0,6,61,61001,Abongoua,6,RESTORE,4,4.0,,,,,0,5,2 4,,,,,1.0,,,,,1,,,,,,,,,,0.0,,,,,6,0,0,0,1,0,1,1,1,1,0,1,1,1,0,1,1,1,64.0,2.0,1.0,88.0,10.0,20.0,40.0,30.0,0.0,100.0
7,5.0,3,0,650.0,500.0,150.0,,4.0,,,,,,1,5,51,51028,Ananguié,5,RESTORE,4,2.0,,,,,0,5,5,,,,,1.0,,,,,1,,,,,,,,,,0.0,,,,,1,0,0,0,0,0,1,1,0,1,1,1,1,1,0,1,1,1,30.0,3.0,1.0,130.0,30.0,35.0,35.0,0.0,0.0,100.0
2,4.0,5,0,2349.0,2088.0,261.0,2088.0,1.0,,,,,1000.0,0,7,73,73003,Affery,7,COMPARISON,4,1.0,,,,,0,5,5,,,,,10.0,,,,,1,,,,,,,,,,2.0,,,,,6,0,0,0,1,0,1,1,0,1,0,1,1,1,0,1,1,1,43.0,1.0,1.0,587.25,30.0,20.0,30.0,20.0,0.0,100.0
9,0.0,2,97,340.0,225.0,115.0,,1.0,,,,,,0,7,72,72005,MOBIOKOUA,7,COMPARISON,4,1.0,,,,,0,5,5,,,,,1.0,1.0,1.0,,,1,1.0,1.0,,,,97,97,,,0.0,0.0,0.0,,,4,0,0,1,0,0,1,1,0,1,1,1,0,1,0,1,1,1,48.0,3.0,1.0,,0.0,0.0,0.0,0.0,100.0,100.0
4,4.0,4,0,3500.0,2000.0,1500.0,,2.0,,,,,,0,4,41,41021,NIGRE,4,RESTORE,0,2.0,,,,,0,7,3 4,,,,,6.0,,,,,4,4.0,,,,,97,,,,0.0,3.0,,,,3,1,0,1,1,0,1,1,0,1,0,1,1,1,1,1,1,1,37.0,4.0,1.0,875.0,0.0,0.0,5.0,95.0,0.0,100.0
6,3.5,2,0,1500.0,1100.0,400.0,,2.0,,,,,,1,4,41,41019,KARIE,4,RESTORE,0,1.0,,,,,0,8,5,,,,,4.0,4.0,,,,4,4.0,,,,,97,,,,0.0,3.0,,,,5,1,0,0,1,0,1,1,1,1,1,1,1,1,0,1,1,1,43.0,1.0,0.0,428.57142857142856,0.0,100.0,0.0,0.0,0.0,100.0
4,2.5,4,13,420.0,280.0,140.0,280.0,2.0,,,,,14.285714149475098,0,5,51,51014,ABRONAMOUE,5,COMPARISON,4,1.0,,,,,0,6,5,,,,,1.0,1.0,,,,1,1.0,,,,,1,,,,0.0,2.0,,,,1,0,1,0,1,0,1,1,0,1,1,1,1,1,1,1,1,1,53.0,3.0,1.0,168.0,5.0,10.0,40.0,30.0,15.0,100.0
5,3.5,5,0,320.0,240.0,80.0,240.0,1.0,,,,,1000.0,0,7,73,73002,Adiaoukoi,7,COMPARISON,1,4.0,,,,,0,4,3 4 5,,,,,,,,,,1,1.0,,,,,,,,,0.0,0.0,,,,2,1,0,0,1,1,1,0,1,0,1,1,1,1,0,1,1,1,51.0,1.0,0.0,91.42857142857144,5.0,15.0,25.0,55.00000000000001,0.0,100.0
3,4.0,1,0,275.0,200.0,75.0,,97.0,,,,,,0,7,71,71013,BOUDEPE,7,COMPARISON,4,3.0,,,,,0,4,5,,,,,97.0,,,,,4,,,,,,,,,,0.0,,,,,1,0,0,1,1,0,0,0,0,1,0,1,1,1,1,1,1,1,43.0,97.0,0.0,68.75,100.0,0.0,0.0,0.0,0.0,100.0
6,4.0,5,9,700.0,525.0,175.0,525.0,2.0,,,,,1000.0,1,5,53,53005,N'DRIKRO,5,COMPARISON,4,1.0,,,,,0,3,97,97,,,,10.0,10.0,1.0,,,1,1.0,1.0,,,,,,,,2.0,2.0,2.0,,,3,0,1,1,1,1,1,0,1,1,1,1,0,1,0,1,1,1,50.0,1.0,1.0,175.0,2.3214285714285716,2.3214285714285716,3.7142857142857144,91.64285714285715,0.0,100.00000000000001
5,2.5,4,0,425.0,340.0,85.0,340.0,2.0,,,,,9.411765098571776,0,5,51,51018,Kouassi-Béniékro,5,RESTORE,4,4.0,,,,,0,8,4 5,,,,,9.0,,,,,1,,,,,,,,,,0.0,,,,,4,1,0,1,0,0,1,1,1,1,1,1,0,1,0,1,1,1,43.0,1.0,1.0,170.0,0.0,0.0,40.0,60.0,0.0,100.0
3,6.0,6,0,2100.0,1750.0,350.0,1750.0,1.0,,,,,1000.0,1,5,51,51025,Kouadiokro,5,RESTORE,4,1.0,,,,,0,5,4 5,,,,,10.0,,,,,1,,,,,,1,,,,0.0,,,,,5,0,0,0,0,0,0,1,1,1,1,1,0,1,0,1,1,1,53.0,1.0,0.0,350.0,0.0,0.0,0.0,100.0,0.0,100.0
6,4.0,4,0,800.0,600.0,200.0,600.0,2.0,,,,,1000.0,0,4,41,41003,GBAROU,4,COMPARISON,0,2.0,,,,,0,3,5,,,,,8.0,,,,,4,4.0,,,,,97,,,,0.0,3.0,,,,3,1,0,0,1,1,1,1,0,1,1,1,0,1,1,1,1,1,40.0,,0.0,200.0,0.0,0.0,100.0,0.0,0.0,100.0
4,5.0,1,0,100.0,100.0,0.0,,,,,,,,0,6,62,62001,Tioumoukro,6,COMPARISON,4,1.0,,,,,0,3,2 4,,,,,1.0,1.0,,,,1,1.0,,,,,,,,,0.0,0.0,,,,0,0,0,0,0,0,1,1,1,1,0,1,1,0,0,1,1,1,49.0,,1.0,20.0,100.0,0.0,0.0,0.0,0.0,100.0
1,4.5,1,13,250.0,200.0,50.0,,,,,,,,0,4,41,41013,NIRO,4,COMPARISON,2,4.0,,,,,0,4,5,,,,,1.0,1.0,1.0,,,1,1.0,1.0,,,2,,2,,,2.0,2.0,0.0,,,0,0,0,0,0,0,0,0,1,1,1,1,0,0,0,1,1,1,63.0,3.0,1.0,55.55555555555556,100.0,0.0,0.0,0.0,0.0,100.0
7,0.0,3,0,700.0,600.0,100.0,,1.0,,,,,,0,6,61,61001,Abongoua,6,RESTORE,4,1.0,,,,,0,5,4,,,,,1.0,,,,,1,1.0,,,,,97,,,,2.0,0.0,,,,6,0,0,0,0,0,1,1,0,1,0,1,1,1,0,1,1,1,45.0,5.0,1.0,,25.0,0.0,75.0,0.0,0.0,100.0
3,2.0,6,0,240.0,180.0,60.0,180.0,1.0,,,,,800.0,0,5,51,51038,Manfia,5,RESTORE,4,3.0,,,,,0,1,5,,,,,,,,,,1,,,,,,,,,,2.0,,,,,1,0,0,0,0,0,1,0,1,0,0,0,0,1,0,1,1,1,66.0,,0.0,120.0,0.0,0.0,0.0,30.0,70.0,100.0
5,2.0,4,0,1690.0,1170.0,520.0,1170.0,2.0,,,,,1000.0,0,4,41,41020,MAHINO2,4,RESTORE,0,2.0,,,,,0,7,5,,,,,8.0,,,,,4,,,,,,,,,,0.0,,,,,1,1,0,1,1,1,1,0,0,1,1,1,0,1,1,1,1,1,41.0,2.0,0.0,845.0,0.0,50.0,50.0,0.0,0.0,100.0
13,8.25,3,0,450.0,300.0,150.0,,3.0,,,,,,1,4,41,41016,TATE1,4,COMPARISON,2,1.0,,,,,0,7,5,5,,,,10.0,10.0,10.0,9.0,10.0,1,1.0,1.0,1.0,1.0,,,,,,0.0,0.0,0.0,0.0,0.0,3,1,0,1,1,1,1,1,1,1,1,1,1,1,0,1,1,1,43.0,,0.0,54.54545454545455,28.57142857142857,17.857142857142858,53.57142857142857,0.0,0.0,100.0
5,4.5,4,0,1500.0,1000.0,500.0,,2.0,,,,,,0,4,41,41030,SOTO,4,RESTORE,1,2.0,,,,,0,4,5,,,,,2.0,,,,,4,4.0,,,,,97,,,,0.0,3.0,,,,5,1,0,0,1,0,1,1,1,1,1,1,0,1,1,1,1,1,48.0,,0.0,333.3333333333333,0.0,0.0,100.0,0.0,0.0,100.0
7,0.0,5,6,900.0,540.0,360.0,,1.0,,,,,,1,5,53,53005,N'DRIKRO,5,COMPARISON,3,4.0,,,,,0,5,5,,,,,,,,,,2,2.0,,,,,,,,,0.0,0.0,,,,2,0,0,0,1,0,1,1,1,0,0,1,1,1,1,1,1,1,44.0,1.0,1.0,,10.0,5.0,20.0,65.0,0.0,100.0
12,27.0,3,7,1300.0,800.0,500.0,,,,,,,,0,4,41,41009,DONIE,4,COMPARISON,0,2.0,,,,,0,5,5,,,,,8.0,8.0,,,,4,4.0,,,,,,,,,0.0,0.0,,,,0,1,0,1,1,1,0,0,0,1,1,1,0,0,0,1,1,1,52.0,1.0,0.0,48.14814814814815,0.0,0.0,100.0,0.0,0.0,100.0
15,48.0,6,6,25000.0,20000.0,5000.0,,2.0,,,,,,0,4,41,41019,KARIE,4,RESTORE,0,2.0,,,,,0,8,3,5,5,,,1.0,1.0,1.0,1.0,1.0,4,4.0,4.0,4.0,4.0,,,,,97,0.0,0.0,0.0,0.0,3.0,5,1,0,0,1,1,1,1,1,1,1,1,1,1,1,1,1,1,31.0,3.0,1.0,520.8333333333334,0.0,0.0,0.0,35.714285714285715,64.28571428571429,100.0
6,5.0,6,97,2800.0,2590.0,210.0,2590.0,1.0,,,,,1000.0,0,5,51,51011,N'Gouanda,5,COMPARISON,4,1.0,,,,,0,2,4 5,5,5,,,,,,,,1,1.0,1.0,,,,97,,,,0.0,0.0,0.0,,,3,0,1,1,1,0,1,0,0,0,1,0,0,1,1,1,1,1,49.0,3.0,0.0,560.0,0.0,12.0,46.0,42.0,0.0,100.0
4,5.0,2,9,420.0,360.0,60.0,,1.0,,,,,,0,7,74,74006,Monin,7,COMPARISON,4,1.0,,,,,0,5,4,,,,,,1.0,,,,1,1.0,,,,,,,,,0.0,0.0,,,,1,0,0,1,1,0,0,0,0,1,0,1,0,1,0,1,1,1,60.0,1.0,1.0,84.0,25.0,75.0,0.0,0.0,0.0,100.0
4,2.0,6,0,215.0,115.0,65.0,,2.0,,,,,,1,7,71,71009,Yakassé-Mé,7,RESTORE,4,1.0,,,,,1,1,5,,,,,,,,,,1,1.0,,,,11,4,,,,0.0,0.0,,,,1,0,0,0,0,0,0,0,0,0,1,1,0,1,0,0,1,0,55.0,3.0,0.0,107.5,0.0,0.0,0.0,0.0,100.0,100.0
1,5.5,2,0,130.0,80.0,50.0,,1.0,,,,,,0,4,41,41009,DONIE,4,COMPARISON,0,2.0,,,,,0,3,5,,,,,2.0,10.0,10.0,,,4,4.0,4.0,,,,2,2,,,2.0,2.0,2.0,,,4,0,0,0,0,0,1,0,1,1,1,1,0,1,0,1,1,1,49.0,,0.0,23.63636363636364,50.0,25.0,25.0,0.0,0.0,100.0
8,2.75,2,0,35.0,20.0,15.0,,2.0,,,,,,0,4,41,41016,TATE1,4,COMPARISON,2,1.0,,,,,0,1,5,,,,,10.0,10.0,10.0,10.0,,1,1.0,1.0,1.0,,,,,4,,0.0,0.0,0.0,0.0,,2,0,0,1,1,1,1,1,1,1,1,1,0,1,0,1,1,0,70.0,1.0,1.0,12.727272727272728,0.0,100.0,0.0,0.0,0.0,100.0
11,8.0,4,0,2520.0,1800.0,720.0,1800.0,2.0,,,,,1000.0,0,4,41,41039,HANNIE,4,COMPARISON,4,1.0,,,,,0,8,5,,,,,8.0,11.0,8.0,,,4,4.0,4.0,,,,,,,,0.0,2.0,0.0,,,3,1,0,1,1,1,1,0,0,1,1,1,0,1,1,1,1,1,47.0,,0.0,315.0,10.0,0.0,90.0,0.0,0.0,100.0
6,9.0,4,10,4.0,2.5,1.5,,2.0,,,,,,0,4,41,41004,FETE,4,COMPARISON,2,1.0,,,,,0,5,5,,,,,8.0,8.0,8.0,,,4,4.0,4.0,,,,,9,,,2.0,2.0,2.0,,,3,1,1,1,1,1,1,0,1,1,1,1,1,1,1,1,1,1,60.0,3.0,0.0,0.4444444444444444,30.0,20.0,50.0,0.0,0.0,100.0
7,3.5,6,10,450.0,300.0,150.0,,2.0,,,,,,0,4,41,41021,NIGRE,4,RESTORE,2,1.0,,,,,0,6,5,,,,,1.0,1.0,1.0,,,4,1.0,1.0,,,,,97,,,0.0,0.0,3.0,,,4,1,0,1,1,1,1,1,0,1,0,1,1,1,0,1,1,1,53.0,1.0,0.0,128.57142857142858,0.0,0.0,0.0,100.0,0.0,100.0
5,4.0,2,0,2860.0,2275.0,585.0,2275.0,2.0,,,,,1000.0,0,4,41,41004,FETE,4,COMPARISON,1,2.0,,,,,0,7,5,,,,,8.0,,,,,4,,,,,,,,,,0.0,,,,,4,1,0,0,1,1,1,1,0,1,1,1,0,1,1,1,1,1,40.0,1.0,0.0,715.0,0.0,100.0,0.0,0.0,0.0,100.0
5,2.0,3,0,450.0,300.0,150.0,,2.0,,,,,,0,7,74,74003,BOHOUIN,7,COMPARISON,4,1.0,,,,,0,5,5 97,,,,,,,,,,2,,,,,,,,,,0.0,,,,,2,1,0,0,1,0,0,0,1,0,1,1,1,1,0,1,1,1,44.0,,0.0,225.0,20.0,30.0,50.0,0.0,0.0,100.0
3,7.0,1,97,180.0,100.0,80.0,,2.0,,,,,,0,4,41,41011,KLODIO,4,COMPARISON,2,1.0,,,,,0,4,5,,,,,1.0,1.0,9.0,10.0,,1,1.0,1.0,1.0,,,2,2,2,,2.0,2.0,0.0,3.0,,2,0,0,0,0,1,1,0,1,1,1,1,0,1,0,1,1,1,67.0,4.0,1.0,25.714285714285715,100.0,0.0,0.0,0.0,0.0,100.0
6,6.25,6,6,2465.0,2040.0,425.0,2040.0,1.0,,,,,1000.0,0,5,51,51036,Ahuasso,5,RESTORE,4,1.0,,,,,0,5,4,4,4,,,1.0,5.0,5.0,,,1,1.0,1.0,,,,,,,,0.0,0.0,0.0,,,2,1,0,0,1,0,0,0,0,1,0,1,0,1,0,1,1,1,69.0,4.0,0.0,394.4,0.0,0.0,0.0,27.27272727272727,72.72727272727273,100.0
8,6.0,6,0,4200.0,3000.0,1200.0,,2.0,,,,,,0,4,41,41019,KARIE,4,RESTORE,0,1.0,,,,,0,6,5,,,,,4.0,,,,,4,,,,,,,,,,0.0,,,,,5,1,0,1,1,0,1,1,1,1,1,1,0,1,1,1,1,1,35.0,4.0,0.0,700.0,0.0,0.0,15.0,85.0,0.0,100.0
6,4.0,6,13,980.0,700.0,280.0,700.0,1.0,,,,,900.0,0,5,51,51024,Koitienko,5,RESTORE,4,1.0,,,,,0,5,4,,,,,9.0,,,,,1,,,,,,,,,,0.0,,,,,3,0,0,0,0,0,1,0,1,1,1,1,1,1,1,1,1,1,63.0,1.0,0.0,245.0,0.0,8.0,7.000000000000001,85.0,0.0,100.0
6,13.0,6,0,3800.0,3000.0,800.0,,2.0,,,,,,0,4,41,41017,BEOUE,4,RESTORE,1,2.0,,,,,0,3,3,,,,,10.0,10.0,10.0,10.0,10.0,4,4.0,4.0,4.0,4.0,,97,97,97,97,0.0,0.0,0.0,3.0,0.0,9,1,0,0,1,0,1,1,0,1,0,1,0,1,1,1,1,1,53.0,,0.0,292.3076923076923,0.0,0.0,0.0,0.0,100.0,100.0
4,6.0,4,0,480.0,300.0,180.0,,2.0,,,,,,0,7,71,71012,MAMINI,7,COMPARISON,4,4.0,,,,,0,4,5,5,,,,10.0,10.0,10.0,,,1,1.0,1.0,,,2,2,2,,,2.0,0.0,0.0,,,2,0,0,0,0,0,1,0,1,1,1,1,0,1,0,0,1,1,60.0,1.0,0.0,80.0,25.0,38.88888888888889,36.11111111111111,0.0,0.0,100.0
9,6.0,6,10,1411.0,1314.0,97.0,,1.0,,,,,,1,7,75,75001,ASSE ORIé,7,COMPARISON,4,1.0,,,,,0,5,5,5,,,,1.0,1.0,,,,1,1.0,1.0,,,2,,97,,,0.0,0.0,0.0,,,0,0,0,0,0,0,1,1,0,1,1,1,1,1,1,1,1,1,51.0,1.0,1.0,235.16666666666663,7.727272727272727,0.0,0.0,43.78787878787879,48.484848484848484,100.0
10,7.75,6,97,720.0,400.0,320.0,400.0,1.0,,,,,12.5,0,5,53,53001,Kokonou,5,COMPARISON,0,2.0,,,,,0,4,5,,,,,2.0,,,,,4,,,,,,,,,,2.0,,,,,6,1,1,1,1,1,0,1,1,1,1,1,1,1,0,1,1,1,69.0,,0.0,92.90322580645162,0.0,10.0,35.0,25.0,30.0,100.0
15,17.5,6,97,4400.0,2400.0,2000.0,2400.0,2.0,,,,,1000.0,1,4,41,41030,SOTO,4,RESTORE,0,2.0,,,,,0,7,5,,,,,6.0,6.0,6.0,,,4,4.0,4.0,,,,,,,,0.0,0.0,0.0,,,2,1,0,1,1,1,0,0,0,1,1,1,1,1,1,1,1,1,65.0,,0.0,251.42857142857144,10.0,30.0,30.0,30.0,0.0,100.0
4,3.5,4,0,1500.0,500.0,1000.0,,1.0,,,,,,0,7,73,73004,Agbaou,7,COMPARISON,4,1.0,,,,,0,1,5,,,,,10.0,,,,,1,,,,,,,,,,0.0,,,,,4,0,1,1,1,0,1,1,1,1,0,1,1,1,0,1,1,1,58.0,3.0,1.0,428.57142857142856,10.0,0.0,25.0,65.0,0.0,100.0
5,4.0,2,0,80.0,50.0,30.0,,,,,,,,0,4,41,41006,TATE2,4,COMPARISON,2,1.0,,,,,0,3,5,,,,,97.0,1.0,,,,1,1.0,,,,,,,,,0.0,0.0,,,,0,0,0,1,0,0,1,0,0,1,1,0,0,0,0,1,1,1,54.0,,1.0,20.0,0.0,100.0,0.0,0.0,0.0,100.0
9,20.0,6,0,4500.0,3375.0,1125.0,3375.0,1.0,,,,,1000.0,0,7,72,72003,BOGUIé,7,COMPARISON,4,1.0,,,,,0,5,5,5,5,5,5.0,10.0,10.0,10.0,10.0,10.0,1,1.0,1.0,1.0,1.0,1,2,1,1,11,2.0,0.0,0.0,0.0,0.0,2,0,0,0,0,0,1,0,0,1,1,1,0,1,0,0,1,1,59.0,1.0,1.0,225.0,0.0,0.0,13.574144486692017,50.3041825095057,36.12167300380228,100.0
7,4.0,2,0,770.0,560.0,210.0,560.0,,,,,,1000.0,0,5,51,51054,Amian-Kouassikro,5,COMPARISON,0,2.0,,,,,0,2,5,,,,,10.0,8.0,,,,1,1.0,4.0,,,,97,97,,,2.0,0.0,2.0,,,0,1,1,0,1,0,0,0,1,1,0,1,0,0,0,1,1,1,44.0,,1.0,192.5,0.0,20.0,20.0,60.0,0.0,100.0
5,10.0,4,0,945.0,700.0,245.0,700.0,1.0,,,,,925.0,0,5,51,51023,Elinso,5,RESTORE,4,1.0,,,,,0,5,4,,,,,9.0,10.0,10.0,,,1,1.0,1.0,2.0,,,97,97,97,,0.0,0.0,0.0,0.0,,11,0,0,0,0,0,0,0,1,1,1,1,1,1,0,1,1,1,44.0,1.0,1.0,94.5,0.0,0.0,100.0,0.0,0.0,100.0
11,2.5,2,6,82.0,60.0,22.0,,2.0,,,,,,1,5,51,51047,Bossematié,5,COMPARISON,0,1.0,,,,,0,3,5,,,,,,1.0,,,,2,4.0,4.0,,,,,97,,,0.0,0.0,2.0,,,2,1,0,0,1,0,1,0,1,1,1,1,1,1,0,1,1,1,52.0,4.0,0.0,32.8,50.0,50.0,0.0,0.0,0.0,100.0
10,12.0,4,0,1760.0,1280.0,480.0,1280.0,1.0,,,,,1000.0,0,5,53,53005,N'DRIKRO,5,COMPARISON,4,1.0,,,,,0,10,2 5,,,,,10.0,,,,,1,,,,,,,,,,0.0,,,,,13,0,0,1,1,1,0,0,1,1,0,1,0,1,1,1,1,1,75.0,2.0,1.0,146.66666666666666,30.0,20.0,50.0,0.0,0.0,100.0
6,0.0,3,0,2500.0,1300.0,1200.0,,,,,,,,0,4,41,41014,SEH,4,COMPARISON,0,2.0,,,,,0,3,5,,,,,6.0,,,,,1,,,,,,,,,,0.0,,,,,0,1,0,0,1,1,1,1,1,1,0,0,1,0,0,1,1,1,43.0,,0.0,,0.0,5.0,95.0,0.0,0.0,100.0
9,4.0,1,0,33.0,20.0,13.0,,,,,,,,0,4,41,41008,DAHIOKE,4,COMPARISON,2,1.0,,,,,0,1,,5,,,,11.0,10.0,,,,1,1.0,,,,,,,,,3.0,3.0,,,,0,1,0,1,0,0,1,0,0,1,1,1,0,0,0,1,1,1,63.0,3.0,1.0,8.25,100.0,0.0,0.0,0.0,0.0,100.0
8,3.0,6,9,490.0,420.0,70.0,420.0,1.0,,,,,850.0,0,5,51,51030,Assémanou,5,RESTORE,4,1.0,,,,,1,8,5,,,,,,,,,,1,,,,,4,,,,,0.0,,,,,1,0,0,0,0,0,0,0,0,0,1,1,0,1,1,0,1,1,62.0,,1.0,163.33333333333334,0.0,0.0,0.0,40.0,60.0,100.0
15,17.0,2,0,3600.0,2400.0,1200.0,2400.0,2.0,,,,,1000.0,0,4,41,41017,BEOUE,4,RESTORE,0,2.0,,,,,1,6,5,,,,,10.0,10.0,,,,4,4.0,,,,,,,,,0.0,0.0,,,,4,0,0,1,1,0,0,0,1,1,1,1,1,1,1,1,1,1,47.0,,0.0,211.76470588235293,20.0,80.0,0.0,0.0,0.0,100.0
6,0.0,2,0,430.0,250.0,180.0,,1.0,,,,,,0,4,41,41014,SEH,4,COMPARISON,2,1.0,,,,,0,5,5,,,,,1.0,,,,,1,,,,,,,,,,0.0,,,,,1,1,0,1,1,1,1,0,1,1,1,0,0,1,0,1,1,1,33.0,1.0,1.0,,0.0,100.0,0.0,0.0,0.0,100.0
9,5.0,6,0,630.0,420.0,210.0,420.0,1.0,,,,,1000.0,0,5,51,51047,Bossematié,5,COMPARISON,0,1.0,,,,,0,5,5,,,,,,,,,,4,,,,,,,,,,2.0,,,,,3,0,0,0,1,1,1,0,1,0,0,1,0,1,0,1,1,1,55.0,,1.0,126.0,0.0,0.0,40.0,60.0,0.0,100.0
8,14.0,4,0,1350.0,990.0,360.0,990.0,6.0,,,,,1000.0,0,5,51,51005,Takima,5,COMPARISON,0,2.0,,,,,0,5,4 5,,,,,11.0,,,,,1,,,,,,,,,,0.0,,,,,4,0,0,0,0,0,1,1,1,1,0,1,0,1,1,1,1,1,46.0,,1.0,96.42857142857144,0.0,10.0,90.0,0.0,0.0,100.0
5,4.5,3,0,630.0,450.0,180.0,,2.0,,,,,,0,7,71,71012,MAMINI,7,COMPARISON,4,1.0,,,,,0,5,5,,,,,1.0,1.0,,,,1,1.0,,,,2,2,,,,2.0,2.0,,,,3,0,0,0,0,1,1,0,1,1,1,1,0,1,0,0,1,1,42.0,,0.0,140.0,25.0,25.0,50.0,0.0,0.0,100.0
4,9.0,6,0,1440.0,720.0,720.0,720.0,1.0,,,,,1000.0,0,7,73,73002,Adiaoukoi,7,COMPARISON,4,1.0,,,,,1,4,5 97,,,,,10.0,,,,,1,,,,,,,,,,0.0,,,,,1,0,0,0,1,0,0,0,0,1,1,0,0,1,0,1,1,1,74.0,,1.0,160.0,0.0,10.0,0.0,0.0,90.0,100.0
4,2.5,3,10,700.0,200.0,500.0,,,,,,,,0,4,41,41006,TATE2,4,COMPARISON,0,2.0,,,,,0,5,5,,,,,6.0,,,,,4,,,,,3,,,,,0.0,,,,,0,0,0,1,1,0,1,0,0,1,1,1,0,0,1,0,1,1,36.0,,0.0,280.0,0.0,0.0,100.0,0.0,0.0,100.0
4,10.0,6,0,1690.0,1365.0,325.0,1365.0,1.0,,,,,1000.0,0,7,73,73003,Affery,7,COMPARISON,4,2.0,,,,,0,8,5,5 97,,,,10.0,9.0,,,,1,1.0,,,,,,,,,0.0,0.0,,,,6,0,0,0,1,0,1,1,1,1,0,1,1,1,0,1,1,1,57.0,5.0,1.0,169.0,0.0,21.422450728363323,0.0,57.155098543273354,21.422450728363323,100.0
5,23.0,6,0,3780.0,2940.0,840.0,2940.0,1.0,,,,,900.0,0,5,51,51015,Bébou,5,COMPARISON,4,1.0,,,,,0,7,4 5,,,,,1.0,,,,,1,,,,,,,,,,0.0,,,,,11,0,0,0,0,0,1,0,0,1,0,1,0,1,0,1,1,1,62.0,5.0,1.0,164.34782608695653,0.0,10.0,25.0,20.0,45.0,100.0
6,7.0,3,0,1500.0,1000.0,500.0,,2.0,,,,,,0,4,41,41001,TEPOIBOKE,4,COMPARISON,0,1.0,,,,,0,1,5,5,5,5,,8.0,4.0,4.0,4.0,4.0,4,4.0,4.0,4.0,4.0,,,,,11,0.0,0.0,0.0,0.0,0.0,1,0,1,1,1,1,1,1,1,1,1,0,1,1,1,1,1,1,56.0,1.0,0.0,214.28571428571428,54.769230769230774,0.46153846153846156,44.76923076923077,0.0,0.0,100.0
4,12.5,4,0,280.0,240.0,40.0,240.0,,,,,,1000.0,1,5,51,51025,Kouadiokro,5,RESTORE,3,4.0,,,,,0,2,5,,,,,,,,,,1,2.0,2.0,,,,97,97,,,0.0,2.0,0.0,,,0,0,0,1,0,0,0,0,1,0,1,1,0,0,1,1,1,1,38.0,,1.0,22.4,0.0,0.0,100.0,0.0,0.0,100.0
4,6.0,6,0,3000.0,2000.0,1000.0,,2.0,,,,,,0,4,41,41004,FETE,4,COMPARISON,0,2.0,,,,,0,6,4 5,,,,,10.0,6.0,,,,4,4.0,,,,,,,,,0.0,0.0,,,,4,1,0,1,1,1,1,1,1,1,1,1,1,1,1,1,1,1,41.0,,0.0,500.0,0.0,0.0,15.0,85.0,0.0,100.0
4,6.0,3,0,4140.0,3240.0,900.0,3240.0,2.0,,,,,1000.0,0,4,41,41039,HANNIE,4,COMPARISON,0,2.0,,,,,0,5,5,,,,,8.0,,,,,4,4.0,,,,,97,,,,0.0,3.0,,,,3,1,0,1,1,1,1,1,0,1,1,1,0,1,1,1,1,1,36.0,3.0,0.0,690.0,0.0,0.0,100.0,0.0,0.0,100.0
4,19.0,6,12,7000.0,6000.0,1000.0,,6.0,,,,,,0,5,51,51015,Bébou,5,COMPARISON,4,1.0,,,,,1,8,5,5,,,,10.0,1.0,,,,1,1.0,,,,,,,,,2.0,2.0,,,,3,0,0,0,0,0,0,0,1,1,0,1,0,1,1,1,1,1,76.0,,0.0,368.42105263157896,0.0,0.0,0.0,0.0,100.0,100.0
8,2.140000104904175,5,9,220.0,190.0,30.0,,2.0,,,,,,0,5,51,51027,Ahininkro,5,RESTORE,4,1.0,,,,,1,3,5,5,,,,9.0,9.0,,,,1,1.0,,,,97,4,,,,2.0,2.0,,,,8,0,0,0,1,0,0,0,1,1,0,1,0,1,1,0,1,1,56.0,3.0,0.0,102.80373327825195,0.0,45.429740791268756,27.285129604365622,27.285129604365622,0.0,100.0
10,9.0,1,0,550.0,350.0,200.0,350.0,,,,,,900.0,0,7,71,71005,Biasso,7,RESTORE,4,1.0,,,,,1,1,5,,,,,,,,,,2,,,,,,,,,,0.0,,,,,0,0,0,1,1,0,0,0,1,0,1,1,0,0,0,1,1,1,61.0,,1.0,61.11111111111112,10.0,90.0,0.0,0.0,0.0,100.0
6,0.0,6,97,300.0,180.0,120.0,180.0,1.0,,,,,1000.0,0,5,51,51046,Kabrankro,5,COMPARISON,4,1.0,,,,,0,5,5,5,,,,,1.0,,,,1,1.0,,,,,4,,,,2.0,0.0,,,,5,1,1,0,0,0,1,0,0,1,1,1,1,1,1,1,1,1,44.0,1.0,1.0,,11.341463414634147,10.0,0.0,53.04878048780488,25.609756097560975,100.00000000000001
7,10.0,3,0,950.0,800.0,150.0,,97.0,,,,,,0,7,71,71006,Nyan,7,RESTORE,4,1.0,,,,,0,5,5 97,5 97,,,,,,,,,1,1.0,,,,3,3,,,,0.0,0.0,,,,1,1,0,0,1,0,1,0,1,0,0,1,0,1,0,0,1,1,55.0,3.0,1.0,95.0,5.603448275862069,55.603448275862064,38.793103448275865,0.0,0.0,100.0
5,4.0,4,6,1820.0,1470.0,350.0,1470.0,1.0,,,,,1000.0,0,5,51,51027,Ahininkro,5,RESTORE,4,3.0,,,,,0,6,3,3,3,,,10.0,10.0,10.0,,,1,1.0,1.0,,,,,,,,2.0,2.0,2.0,,,4,0,1,1,1,1,0,1,1,1,0,1,1,1,0,1,1,1,44.0,3.0,0.0,455.0,11.186440677966102,3.8135593220338984,85.0,0.0,0.0,100.0
2,2.0,2,13,100.0,50.0,50.0,50.0,1.0,,,,,900.0,0,5,51,51047,Bossematié,5,COMPARISON,4,1.0,,,,,0,5,3,,,,,10.0,10.0,,,,1,1.0,,,,,97,,,,0.0,0.0,,,,1,0,0,0,1,0,0,1,1,1,1,0,1,1,0,1,1,0,48.0,3.0,0.0,50.0,60.0,40.0,0.0,0.0,0.0,100.0
7,5.0,4,3,1500.0,1300.0,200.0,,1.0,,,,,,1,5,51,51001,N'GOUANDA,5,COMPARISON,0,2.0,,,,,0,9,,5,,,,1.0,1.0,,,,1,1.0,,,,,,,,,2.0,0.0,,,,0,1,0,0,1,0,0,1,1,1,0,1,1,1,0,1,1,1,40.0,,0.0,300.0,10.0,0.0,80.0,10.0,0.0,100.0
4,4.5,3,0,630.0,490.0,140.0,490.0,1.0,,,,,900.0,0,5,51,51054,Amian-Kouassikro,5,COMPARISON,0,2.0,,,,,0,5,4,4,,,,8.0,8.0,8.0,,,1,1.0,1.0,,,,,97,,,0.0,0.0,0.0,,,3,1,0,0,1,0,1,0,1,1,0,0,1,1,0,1,1,1,54.0,,0.0,140.0,33.94736842105263,23.684210526315788,42.368421052631575,0.0,0.0,100.0
15,4.0,3,0,126.0,100.0,26.0,,1.0,,,,,,0,7,74,74002,Montézo,7,COMPARISON,4,1.0,,,,,0,5,5,,,,,9.0,9.0,10.0,,,1,1.0,1.0,,,,97,97,,,0.0,0.0,0.0,,,4,0,1,0,1,0,1,1,0,1,1,1,0,1,1,1,1,1,60.0,1.0,1.0,31.5,0.0,0.0,100.0,0.0,0.0,100.0
7,6.0,5,0,2400.0,1920.0,480.0,1920.0,,,,,,1000.0,0,4,41,41025,YOUKOU,4,RESTORE,4,3.0,,,,,0,6,5,,,,,11.0,11.0,,,,4,4.0,,,,,,,,,0.0,0.0,,,,0,0,0,1,1,1,1,1,0,1,1,1,0,0,1,1,1,1,42.0,,0.0,400.0,0.0,0.0,0.0,100.0,0.0,100.0
7,5.0,6,0,845.0,645.0,200.0,,1.0,,,,,,0,7,71,71001,Annépé,7,COMPARISON,4,1.0,,,,,0,5,5,,,,,1.0,1.0,,,,1,1.0,,,,,97,,,,0.0,0.0,,,,5,0,0,0,0,0,1,1,1,1,1,1,0,1,0,1,1,1,60.0,3.0,1.0,169.0,0.0,0.0,0.0,0.0,100.0,100.0
5,3.5,3,0,115.0,75.0,40.0,,2.0,,,,,,0,4,41,41016,TATE1,4,COMPARISON,2,4.0,,,,,0,1,5,5,,,,10.0,1.0,10.0,11.0,,1,1.0,1.0,1.0,,,,2,2,,2.0,2.0,0.0,3.0,,0,0,0,0,0,0,1,0,1,1,1,1,0,1,0,1,1,0,30.0,1.0,1.0,32.857142857142854,62.5,25.0,12.5,0.0,0.0,100.0
6,4.0,4,9 13,700.0,420.0,280.0,420.0,4.0,,,,,1000.0,0,5,53,53004,N'Djorekro,5,COMPARISON,4,1.0,,,,,0,6,2,,,,,11.0,,,,,1,,,,,,,,,,2.0,,,,,4,0,0,1,0,0,0,0,1,1,1,1,0,1,0,1,1,1,50.0,1.0,1.0,175.0,5.0,10.0,85.0,0.0,0.0,100.0
8,10.0,6,13,1760.0,1200.0,560.0,1200.0,1.0,,,,,1000.0,0,5,51,51047,Bossematié,5,COMPARISON,4,3.0,,,,,0,3,5,5,,,,,,,,,1,1.0,,,,,,,,,2.0,2.0,,,,0,1,0,0,1,0,1,0,0,0,1,1,0,1,0,1,1,1,59.0,3.0,0.0,176.0,8.0,20.0,4.0,30.0,38.0,100.0
5,7.0,6,0,960.0,640.0,320.0,640.0,2.0,,,,,1000.0,0,5,51,51014,ABRONAMOUE,5,COMPARISON,4,1.0,,,,,1,8,5,5,,,,9.0,1.0,,,,1,1.0,,,,,,,,,0.0,0.0,,,,6,0,1,1,1,1,1,0,0,1,1,0,1,1,1,1,1,1,74.0,,0.0,137.14285714285714,16.11111111111111,41.11111111111111,21.666666666666668,14.444444444444443,6.666666666666667,100.0
6,7.0,4,7,910.0,700.0,210.0,700.0,2.0,,,,,14.285714149475098,0,5,51,51004,Dramanekro,5,COMPARISON,1,2.0,,,,,0,6,4 5,4 5,,,,10.0,10.0,,,,1,1.0,,,,,,,,,0.0,0.0,,,,3,0,1,0,1,0,1,1,1,1,1,1,1,1,1,1,1,1,45.0,,1.0,130.0,20.0,23.333333333333332,56.666666666666664,0.0,0.0,100.0
12,3.5,5,0,350.0,280.0,70.0,280.0,1.0,,,,,800.0,0,5,51,51027,Ahininkro,5,RESTORE,0,2.0,,,,,0,6,4,,,,,3.0,4.0,4.0,4.0,,4,4.0,4.0,4.0,,,97,97,,,0.0,0.0,2.0,0.0,,1,0,0,1,1,1,0,0,0,1,1,1,1,1,0,1,1,1,36.0,1.0,0.0,100.0,30.0,0.0,0.0,70.0,0.0,100.0
8,2.0,2,0,300.0,300.0,0.0,,1.0,,,,,,0,7,71,71001,Annépé,7,COMPARISON,4,3.0,,,,,0,2,5,,,,,1.0,1.0,,,,1,1.0,,,,,2,,,,2.0,2.0,,,,3,0,0,0,0,0,1,1,0,1,1,1,0,1,0,1,1,1,48.0,1.0,1.0,150.0,0.0,100.0,0.0,0.0,0.0,100.0
5,6.0,6,0,3570.0,1750.0,1820.0,1750.0,6.0,,,,,14.285714149475098,1,5,51,51004,Dramanekro,5,COMPARISON,3,2.0,,,,,0,8,3 4 5,,,,,10.0,,,,,1,,,,,,,,,,0.0,,,,,2,1,1,0,1,0,0,0,1,1,0,1,1,1,1,1,1,1,52.0,1.0,1.0,595.0,20.0,10.0,10.0,20.0,40.0,100.0
8,3.5,6,0,210.0,180.0,30.0,180.0,97.0,,,,,1000.0,0,7,71,71001,Annépé,7,COMPARISON,4,1.0,,,,,0,5,97,,,,,10.0,10.0,,,,1,1.0,,,,97,97,,,,0.0,0.0,,,,1,0,0,0,0,0,1,1,1,1,1,1,0,1,0,0,1,1,57.0,3.0,1.0,60.0,0.0,0.0,0.0,0.0,100.0,100.0
3,8.25,6,13,920.0,760.0,160.0,,1.0,,,,,,0,6,64,64001,Alakro,6,COMPARISON,4,1.0,,,,,0,5,5,,,,,1.0,1.0,,,,1,1.0,,,,,97,,,,0.0,0.0,,,,4,0,1,0,1,0,1,1,1,1,1,1,0,1,0,1,1,1,54.0,1.0,0.0,111.51515151515152,0.0,25.0,25.0,50.0,0.0,100.0
4,8.5,4,9,320.0,240.0,80.0,240.0,5.0,,,,,1000.0,0,5,51,51047,Bossematié,5,COMPARISON,4,1.0,,,,,1,8,5,,5,,,10.0,1.0,1.0,,,1,1.0,1.0,,,,,,,,0.0,2.0,2.0,,,5,0,0,0,0,0,0,0,1,1,1,1,0,1,0,1,1,1,57.0,5.0,0.0,37.64705882352941,32.142857142857146,10.714285714285714,42.857142857142854,14.285714285714285,0.0,100.0
8,16.5,6,0,3000.0,2500.0,500.0,,2.0,,,,,,0,4,41,41017,BEOUE,4,RESTORE,4,1.0,,,,,0,4,5,,,,,3.0,6.0,3.0,4.0,,4,4.0,4.0,4.0,,,,97,97,,0.0,0.0,0.0,3.0,,3,0,0,1,1,0,0,1,1,1,1,1,0,1,1,1,1,1,59.0,,0.0,181.8181818181818,0.0,0.0,0.0,50.0,50.0,100.0
1,4.0,1,97,900.0,600.0,300.0,,,,,,,,1,4,41,41014,SEH,4,COMPARISON,0,1.0,,,,,0,6,5,,,,,2.0,,,,,4,,,,,,,,,,0.0,,,,,0,1,0,1,1,1,1,0,0,1,0,1,0,0,1,1,1,1,26.0,1.0,0.0,225.0,100.0,0.0,0.0,0.0,0.0,100.0
7,4.5,6,7,1200.0,750.0,450.0,750.0,1.0,,,,,900.0,0,5,51,51004,Dramanekro,5,COMPARISON,1,2.0,,,,,0,5,5,,,,,1.0,,,,,1,4.0,,,,,9,,,,0.0,0.0,,,,3,1,1,1,1,1,0,1,0,1,1,1,1,1,0,1,1,1,60.0,,0.0,266.6666666666667,25.0,30.0,20.0,25.0,0.0,100.0
2,5.0,5,0,2700.0,1500.0,1200.0,1500.0,1.0,,,,,1000.0,0,5,51,51038,Manfia,5,RESTORE,4,1.0,,,,,0,8,5,,,,,10.0,,,,,1,,,,,,,,,,2.0,,,,,10,0,0,0,1,0,0,0,1,1,1,1,0,1,1,1,1,1,37.0,1.0,0.0,540.0,0.0,0.0,70.0,30.0,0.0,100.0
5,4.0,3,0,530.0,400.0,130.0,,1.0,,,,,,0,7,71,71010,Blékoum,7,COMPARISON,3,1.0,,,,,0,1,5,,,,,9.0,2.0,,,,1,1.0,,,,2,2,,,,2.0,3.0,,,,1,1,0,0,0,1,1,0,0,1,1,1,0,1,0,0,1,1,33.0,3.0,1.0,132.5,25.0,50.0,25.0,0.0,0.0,100.0
3,3.0,2,0,800.0,500.0,300.0,,97.0,,,,,,0,4,41,41001,TEPOIBOKE,4,COMPARISON,2,1.0,,,,,1,7,5,,,,,1.0,1.0,,,,1,1.0,,,,,,,,,0.0,0.0,,,,4,1,0,0,1,1,0,0,1,1,1,0,0,1,0,1,1,1,59.0,,1.0,266.6666666666667,0.0,100.0,0.0,0.0,0.0,100.0
10,7.0,3,0,1600.0,1100.0,500.0,,,,,,,,0,4,41,41012,MERE,4,COMPARISON,2,1.0,,,,,0,4,5,,,,,1.0,,,,,1,,,,,,,,,,0.0,,,,,0,0,0,1,1,1,0,0,1,1,1,1,0,0,0,1,1,1,38.0,,1.0,228.57142857142856,0.0,0.0,100.0,0.0,0.0,100.0
5,13.0,6,6,21.0,16.0,5.0,,6.0,,,,,,0,5,51,51047,Bossematié,5,COMPARISON,1,2.0,,,,,1,5,4,4,,,,9.0,9.0,,,,1,1.0,,,,,,,,,2.0,2.0,,,,4,0,0,1,1,0,0,0,1,1,0,1,0,1,0,1,1,1,55.0,3.0,0.0,1.6153846153846154,3.076923076923077,0.0,0.0,27.692307692307693,69.23076923076923,100.0
6,3.0,2,0,540.0,360.0,180.0,360.0,2.0,,,,,1000.0,0,4,41,41003,GBAROU,4,COMPARISON,0,2.0,,,,,0,3,5,,,,,8.0,2.0,,,,4,4.0,4.0,,,,97,97,,,0.0,0.0,3.0,,,1,1,0,1,1,1,1,1,0,1,1,1,0,1,0,1,1,1,33.0,,0.0,180.0,0.0,0.0,100.0,0.0,0.0,100.0
6,1.5,3,0,350.0,250.0,100.0,,,,,,,,1,7,72,72003,BOGUIé,7,COMPARISON,4,1.0,,,,,1,5,5,,,,,1.0,,,,,1,,,,,,,,,,0.0,,,,,0,1,0,0,1,0,1,0,1,1,1,1,1,0,1,1,1,1,81.0,1.0,0.0,233.33333333333331,25.0,25.0,50.0,0.0,0.0,100.0
7,3.5,3,0,2327.0,1500.0,827.0,,4.0,,,,,,0,7,72,72003,BOGUIé,7,COMPARISON,4,1.0,,,,,0,2,5,5,5,,,4.0,1.0,1.0,,,1,1.0,1.0,1.0,,,11,97,8,,0.0,0.0,0.0,0.0,,2,0,0,0,0,0,1,1,0,1,1,1,1,1,1,1,1,1,37.0,6.0,1.0,664.8571428571429,2.0588235294117645,24.47058823529412,73.47058823529412,0.0,0.0,100.0
2,1.5,6,0,150.0,120.0,30.0,120.0,97.0,,,,,1000.0,0,7,71,71005,Biasso,7,RESTORE,4,3.0,,,,,1,8,97,,,,,10.0,,,,,1,,,,,,,,,,0.0,,,,,1,0,0,0,0,0,1,1,0,1,1,1,0,1,0,1,1,1,68.0,,1.0,100.0,0.0,0.0,0.0,0.0,100.0,100.0
5,3.0,6,0,560.0,420.0,140.0,420.0,2.0,,,,,1000.0,1,5,51,51004,Dramanekro,5,COMPARISON,1,2.0,,,,,0,5,4,,,,,10.0,,,,,1,,,,,,,,,,0.0,,,,,2,0,0,0,0,0,1,1,0,1,1,1,1,1,0,1,1,1,60.0,,1.0,186.66666666666663,10.0,20.0,70.0,0.0,0.0,100.0
1,9.0,6,5 6 11,1105.0,850.0,255.0,850.0,1.0,,,,,1000.0,0,5,51,51038,Manfia,5,RESTORE,4,1.0,,,,,0,5,4 5,,,,,1.0,1.0,,,,1,1.0,,,,,97,,,,0.0,0.0,,,,3,1,0,1,1,1,0,1,1,1,1,1,0,1,0,1,1,1,42.0,1.0,0.0,122.77777777777776,0.0,2.0,0.0,0.0,98.0,100.0
7,0.0,3,0,2000.0,1500.0,500.0,,97.0,,,,,,1,4,41,41015,TAOULOKE,4,COMPARISON,3,2.0,,,,,0,1,5,5,5,5,,8.0,,8.0,,,1,2.0,1.0,2.0,,,97,,1,,0.0,0.0,0.0,0.0,,1,1,0,1,1,1,1,1,1,1,1,1,0,1,0,1,1,1,34.0,1.0,0.0,,41.58730158730159,7.6190476190476195,50.79365079365079,0.0,0.0,100.0
6,5.0,6,0,980.0,840.0,140.0,840.0,6.0,,,,,850.0,0,5,51,51036,Ahuasso,5,RESTORE,4,1.0,,,,,0,5,5,5,,,,,,,,,1,1.0,,,,,,,,,0.0,0.0,,,,1,1,0,1,1,0,1,0,1,0,1,1,0,1,0,1,1,1,46.0,5.0,1.0,196.0,0.0,15.0,0.0,30.0,55.00000000000001,100.0
7,3.0,4,13,560.0,490.0,70.0,490.0,1.0,,,,,1000.0,0,5,51,51015,Bébou,5,COMPARISON,4,1.0,,,,,0,5,5,5,,,,,,,,,1,1.0,,,,,,,,,0.0,0.0,,,,5,0,0,0,1,0,1,0,0,0,0,0,0,1,0,1,1,1,48.0,1.0,1.0,186.66666666666663,5.0,40.0,1.6666666666666667,53.333333333333336,0.0,100.0
10,5.0,6,0,2600.0,2000.0,600.0,,2.0,,,,,,1,4,41,41021,NIGRE,4,RESTORE,0,2.0,,,,,0,4,2,,,,,8.0,8.0,6.0,,,4,4.0,4.0,,,,97,97,,,0.0,0.0,3.0,,,3,1,0,0,1,0,1,1,0,1,0,1,1,1,1,1,1,1,66.0,,0.0,520.0,23.0,23.0,0.0,54.0,0.0,100.0
7,9.0,3,13,570.0,337.0,233.0,,97.0,,,,,,0,7,71,71009,Yakassé-Mé,7,RESTORE,4,1.0,,,,,0,5,97,5,,,,9.0,10.0,,,,1,1.0,,,,9,9,,,,3.0,2.0,,,,3,0,0,0,1,0,0,0,0,1,1,1,1,1,0,0,1,1,65.0,1.0,1.0,63.333333333333336,33.33333333333333,20.0,26.666666666666668,6.666666666666667,13.333333333333334,100.0
3,2.5,5,0,400.0,280.0,120.0,280.0,6.0,,,,,900.0,0,5,51,51030,Assémanou,5,RESTORE,4,1.0,,,,,1,5,5,,,,,97.0,97.0,,,,1,1.0,,,,5,3,,,,2.0,2.0,,,,5,0,0,0,0,0,0,0,0,1,1,1,0,1,0,0,1,1,51.0,,1.0,160.0,0.0,0.0,60.0,40.0,0.0,100.0
4,7.5,4,0,200.0,180.0,20.0,,97.0,,,,,,0,7,71,71013,BOUDEPE,7,COMPARISON,4,4.0,,,,,0,1,5 97,,,,,10.0,,,,,1,1.0,,,,9,97,,,,3.0,0.0,,,,4,0,0,0,0,0,1,1,0,1,1,1,1,1,0,0,1,1,66.0,5.0,1.0,26.666666666666668,0.0,20.0,50.0,30.0,0.0,100.0
7,9.0,6,0,7700.0,5000.0,2700.0,,2.0,,,,,,0,4,41,41019,KARIE,4,RESTORE,0,1.0,,,,,0,5,5,5,,,,6.0,6.0,,,,4,4.0,4.0,,,,,97,,,0.0,0.0,3.0,,,6,1,0,0,1,1,1,1,1,1,1,1,1,1,1,1,1,1,50.0,,0.0,855.5555555555555,0.0,0.0,37.5,62.5,0.0,100.0
7,8.0,3,10,650.0,500.0,150.0,,1.0,,,,,,0,7,71,54002,Bécédi-Brignan,7,RESTORE,4,1.0,,,,,0,10,97,,,,,1.0,1.0,1.0,,,1,1.0,1.0,,,,97,97,,,0.0,0.0,0.0,,,2,0,0,1,0,0,0,1,0,1,0,1,0,1,1,1,1,1,44.0,3.0,1.0,81.25,0.0,25.0,75.0,0.0,0.0,100.0
8,4.0,4,0,1500.0,1000.0,500.0,,2.0,,,,,,0,4,41,41002,DJEKA,4,COMPARISON,0,2.0,,,,,0,4,5,,,,,6.0,6.0,,,,4,4.0,,,,,97,,,,0.0,2.0,,,,4,1,0,1,1,1,1,1,0,1,1,1,0,1,1,1,1,1,36.0,1.0,0.0,375.0,0.0,0.0,100.0,0.0,0.0,100.0
9,14.5,3,0,468.0,324.0,144.0,324.0,1.0,,,,,12.5,0,7,71,71007,Bassadzin,7,RESTORE,4,1.0,,,,,0,1,5,,,,,10.0,9.0,9.0,10.0,9.0,1,1.0,1.0,1.0,1.0,,97,97,97,97,3.0,3.0,3.0,0.0,0.0,1,1,0,1,1,0,1,1,0,1,1,1,0,1,0,1,1,1,39.0,1.0,1.0,32.27586206896552,0.0,0.0,100.0,0.0,0.0,100.0
8,5.0,4,0,500.0,380.0,120.0,,1.0,,,,,,0,7,74,74002,Montézo,7,COMPARISON,4,1.0,,,,,0,5,5,,,,,9.0,10.0,,,,1,1.0,,,,,97,,,,0.0,0.0,,,,4,0,1,0,1,0,1,1,0,1,1,1,0,1,0,1,1,1,36.0,3.0,1.0,100.0,0.0,0.0,0.0,100.0,0.0,100.0
8,4.0,6,10,900.0,700.0,200.0,,1.0,,,,,,0,7,71,71010,Blékoum,7,COMPARISON,4,3.0,,,,,0,3,5,,,,,10.0,,,,,1,,,,,,,,,,0.0,,,,,2,0,0,0,0,0,0,0,0,1,1,1,0,1,0,1,1,1,34.0,3.0,1.0,225.0,0.0,0.0,0.0,50.0,50.0,100.0
12,11.0,4,3,630.0,420.0,210.0,420.0,1.0,,,,,14.285714149475098,0,5,53,53004,N'Djorekro,5,COMPARISON,0,2.0,,,,,0,5,5,,,,,1.0,,,,,1,,,,,97,,,,,3.0,,,,,1,0,0,0,1,0,1,1,1,1,1,1,0,1,0,0,1,1,45.0,,1.0,57.27272727272727,10.0,40.0,45.0,5.0,0.0,100.0
4,2.0,6,0,1000.0,600.0,400.0,600.0,2.0,,,,,1000.0,0,4,41,41039,HANNIE,4,COMPARISON,0,2.0,,,,,0,3,5,,,,,97.0,,,,,4,,,,,,,,,,0.0,,,,,4,0,0,1,1,1,1,1,0,1,0,1,1,1,0,1,1,1,26.0,,0.0,500.0,10.0,20.0,0.0,70.0,0.0,100.0
8,2.0,4,0,450.0,450.0,0.0,,1.0,,,,,,0,7,73,73005,Ahéoua,7,COMPARISON,4,1.0,,,,,0,5,5,,,,,1.0,,,,,1,,,,,,,,,,0.0,,,,,2,0,0,0,0,0,1,1,1,1,0,1,1,1,0,1,1,1,43.0,3.0,1.0,225.0,25.0,50.0,25.0,0.0,0.0,100.0
5,0.0,3,0,500.0,500.0,0.0,,1.0,,,,,,0,4,41,41006,TATE2,4,COMPARISON,4,1.0,,,,,0,3,5,,,,,1.0,1.0,1.0,,,1,1.0,1.0,,,1,97,1,,,3.0,0.0,0.0,,,3,0,0,1,1,0,0,0,1,1,1,1,0,1,0,0,1,1,41.0,,0.0,,67.0,0.0,33.0,0.0,0.0,100.0
7,2.0,6,0,490.0,280.0,210.0,280.0,1.0,,,,,1000.0,0,5,51,51029,Assakro,5,RESTORE,0,1.0,,,,,1,1,5,,,,,,,,,,4,,,,,,,,,,0.0,,,,,1,1,0,1,0,0,1,0,0,0,1,1,0,1,1,1,1,1,48.0,,0.0,245.0,0.0,0.0,0.0,100.0,0.0,100.0
8,5.0,4,0,900.0,720.0,180.0,720.0,1.0,,,,,1000.0,0,5,51,51009,Affalikro,5,COMPARISON,4,1.0,,,,,1,3,2 5,,,,,9.0,,,,,1,,,,,,,,,,2.0,,,,,5,0,1,1,0,1,0,0,1,1,1,1,1,1,0,1,1,1,50.0,,1.0,180.0,20.0,30.0,50.0,0.0,0.0,100.0
7,6.0,3,0,475.0,285.0,190.0,285.0,1.0,,,,,10.526315689086914,0,5,53,53004,N'Djorekro,5,COMPARISON,0,2.0,,,,,0,3,5,,,,,1.0,,,,,1,,,,,97,,,,,0.0,,,,,1,0,0,1,1,0,1,1,0,1,1,1,0,1,0,0,1,1,33.0,,1.0,79.16666666666667,5.0,70.0,25.0,0.0,0.0,100.0
8,4.0,2,0,109.0,69.0,40.0,,97.0,,,,,,0,7,74,74006,Monin,7,COMPARISON,4,4.0,,,,,0,1,5,,,,,10.0,,,,,1,,,,,9,,,,,0.0,,,,,3,0,0,1,1,0,1,1,0,1,0,1,0,1,0,0,1,1,34.0,,1.0,27.25,0.0,100.0,0.0,0.0,0.0,100.0
14,10.0,4,0,640.0,400.0,240.0,400.0,2.0,,,,,1000.0,0,4,41,41024,POUTOU,4,RESTORE,0,2.0,,,,,0,5,2 5,,,,,8.0,8.0,8.0,,8.0,4,4.0,4.0,4.0,4.0,,97,97,97,97,0.0,0.0,0.0,3.0,0.0,8,1,0,1,1,1,1,1,0,1,1,1,1,1,1,1,1,1,38.0,,0.0,64.0,32.0,0.0,68.0,0.0,0.0,100.0
5,6.0,3,97,800.0,500.0,300.0,,,,,,,,0,7,72,72005,MOBIOKOUA,7,COMPARISON,4,1.0,,,,,0,3,5,,,,,10.0,10.0,,,,1,1.0,,,,2,2,,,,2.0,0.0,,,,0,0,0,0,0,0,1,0,0,1,1,1,0,0,0,0,1,1,47.0,5.0,0.0,133.33333333333334,25.0,25.0,50.0,0.0,0.0,100.0
1,8.0,4,6,1170.0,900.0,270.0,900.0,1.0,,,,,1000.0,0,5,51,51001,N'GOUANDA,5,COMPARISON,4,1.0,,,,,0,8,4 5,4 5,4 5,,,10.0,10.0,9.0,10.0,,1,1.0,1.0,1.0,,,,,,,0.0,0.0,0.0,2.0,,4,1,0,0,1,1,0,0,1,1,0,0,0,1,0,1,1,1,43.0,5.0,0.0,146.25,17.36842105263158,40.0,42.63157894736842,0.0,0.0,100.0
10,11.75,2,9,67.0,45.0,22.0,,1.0,,,,,,0,4,41,41008,DAHIOKE,4,COMPARISON,2,1.0,,,,,0,6,5,,,,,11.0,11.0,10.0,11.0,10.0,1,1.0,1.0,1.0,1.0,,97,97,97,97,3.0,0.0,0.0,0.0,0.0,1,1,0,1,1,1,1,1,0,1,1,1,1,1,0,1,1,1,65.0,1.0,0.0,5.702127659574468,60.0,40.0,0.0,0.0,0.0,100.0
4,4.0,4,0,1100.0,900.0,200.0,,1.0,,,,,,0,7,73,73004,Agbaou,7,COMPARISON,4,1.0,,,,,0,3,5,,,,,1.0,,,,,1,,,,,,,,,,0.0,,,,,3,0,0,1,1,0,1,1,1,1,1,1,1,1,0,1,1,1,34.0,7.0,1.0,275.0,20.0,35.0,45.0,0.0,0.0,100.0
5,5.0,6,0,1600.0,1200.0,400.0,,1.0,,,,,,0,4,41,41020,MAHINO2,4,RESTORE,0,2.0,,,,,0,3,3 4 5,,,,,2.0,4.0,4.0,,,4,4.0,4.0,,,,4,3,,,2.0,3.0,0.0,,,3,1,0,1,1,1,1,1,1,1,1,1,0,1,1,1,1,1,53.0,,0.0,320.0,0.0,0.0,50.0,50.0,0.0,100.0
4,4.0,3,97,984.0,574.0,410.0,574.0,2.0,,,,,1000.0,0,4,41,41014,SEH,4,COMPARISON,0,1.0,,,,,0,6,5,5,,,,8.0,8.0,,,,1,1.0,,,,,,,,,3.0,3.0,,,,1,0,0,0,0,0,1,1,1,1,1,1,1,1,1,1,1,1,42.0,,0.0,246.0,25.0,50.0,25.0,0.0,0.0,100.0
9,6.0,6,0,90.0,60.0,30.0,,,,,,,,1,7,74,74006,Monin,7,COMPARISON,4,1.0,,,,,0,5,97,,,,,10.0,,,,,1,1.0,,,,1 3,97,,,,0.0,0.0,,,,0,0,0,0,0,0,0,0,0,1,1,1,1,0,0,0,1,1,46.0,1.0,0.0,15.0,10.0,0.0,0.0,0.0,90.0,100.0
5,2.0,3,11,1300.0,1000.0,300.0,,1.0,,,,,,0,5,51,51027,Ahininkro,5,RESTORE,4,3.0,,,,,0,5,5,,,,,,,,,,1,,,,,,,,,,0.0,,,,,4,0,0,0,1,0,1,0,0,0,0,1,0,1,0,1,1,1,39.0,1.0,1.0,650.0,0.0,50.0,50.0,0.0,0.0,100.0
5,5.0,1,13,70.0,40.0,30.0,,,,,,,,0,4,41,41016,TATE1,4,COMPARISON,2,1.0,,,,,0,5,5,,,,,1.0,,,,,1,,,,,,,,,,0.0,,,,,0,0,0,0,1,1,1,0,0,1,1,1,0,0,0,1,1,1,58.0,1.0,1.0,14.0,100.0,0.0,0.0,0.0,0.0,100.0
4,2.0,2,0,297.0,165.0,132.0,,1.0,,,,,,0,4,41,41008,DAHIOKE,4,COMPARISON,2,1.0,,,,,0,5,5,5,,,,10.0,10.0,,,,1,1.0,,,,,11,,,,2.0,0.0,,,,2,1,0,0,1,1,1,0,0,1,1,1,1,1,0,1,1,0,32.0,2.0,1.0,148.5,52.22222222222223,47.77777777777778,0.0,0.0,0.0,100.0
5,2.0,2,9,360.0,240.0,120.0,240.0,2.0,,,,,900.0,1,7,75,75001,ASSE ORIé,7,COMPARISON,4,1.0,,,,,1,5,97,,,,,,,,,,2,,,,,3,,,,,3.0,,,,,2,0,0,1,1,0,0,0,0,0,1,1,0,1,1,0,1,1,57.0,1.0,1.0,180.0,10.0,90.0,0.0,0.0,0.0,100.0
4,3.0,3,7,3000.0,2000.0,1000.0,,1.0,,,,,,0,4,41,41013,NIRO,4,COMPARISON,0,1.0,,,,,0,3,5,5,,,,8.0,8.0,,,,4,4.0,,,,,,,,,0.0,0.0,,,,3,1,0,1,1,1,1,0,1,1,1,0,0,1,1,1,1,1,49.0,1.0,0.0,1000.0,0.0,33.33333333333333,66.66666666666666,0.0,0.0,99.99999999999999
10,17.0,4,9,3500.0,3000.0,500.0,,2.0,,,,,,1,4,41,41021,NIGRE,4,RESTORE,4,1.0,,,,,1,8,5,,,,,6.0,6.0,6.0,,,4,4.0,4.0,,,,97,97,,,0.0,0.0,3.0,,,4,0,0,1,1,1,1,1,1,1,1,1,1,1,1,1,1,1,51.0,1.0,0.0,205.8823529411765,10.0,80.0,10.0,0.0,0.0,100.0
5,9.0,6,0,720.0,400.0,320.0,400.0,1.0,,,,,12.5,0,5,53,53001,Kokonou,5,COMPARISON,4,1.0,,,,,0,5,5,,,,,1.0,,,,,1,,,,,,,,,,0.0,,,,,1,0,0,0,1,1,0,1,1,1,1,1,0,1,0,1,1,1,35.0,1.0,1.0,80.0,10.0,20.0,50.0,20.0,0.0,100.0
4,5.5,2,10,750.0,500.0,250.0,,,,,,,,0,4,41,41037,IRATO,4,COMPARISON,2,4.0,,,,,0,5,5,5,,,,1.0,1.0,1.0,1.0,,1,1.0,1.0,1.0,,,,,,,0.0,0.0,0.0,0.0,,0,0,0,1,1,1,1,1,0,1,1,1,0,0,0,1,1,1,33.0,4.0,0.0,136.36363636363637,0.0,100.0,0.0,0.0,0.0,100.0
6,15.5,6,0,570.0,400.0,170.0,,1.0,,,,,,0,7,71,54002,Bécédi-Brignan,7,RESTORE,4,3.0,,,,,0,9,97,97,,,,1.0,,1.0,,,1,1.0,1.0,1.0,,,,97,97,,2.0,2.0,0.0,0.0,,3,1,0,0,0,0,0,0,0,1,1,1,0,1,0,1,1,1,41.0,5.0,1.0,36.774193548387096,0.0,0.0,40.0,60.0,0.0,100.0
5,7.0,5,0,3200.0,2500.0,700.0,,,,,,,,0,7,72,72003,BOGUIé,7,COMPARISON,4,1.0,,,,,0,3,5,,,,,10.0,,,,,1,,,,,1,,,,,0.0,,,,,0,0,0,1,1,0,1,0,1,1,1,1,1,0,0,0,1,1,71.0,3.0,1.0,457.1428571428572,10.0,20.0,30.0,40.0,0.0,100.0
7,3.5,6,0,2000.0,1200.0,800.0,1200.0,2.0,,,,,12.5,0,4,41,41026,DEBLABLAI,4,RESTORE,0,2.0,,,,,0,4,5,,,,,8.0,8.0,,,,4,4.0,,,,,97,,,,0.0,3.0,,,,4,1,0,1,1,1,1,1,0,1,1,1,0,1,1,1,1,1,43.0,,0.0,571.4285714285714,0.0,0.0,0.0,100.0,0.0,100.0
6,11.75,5,6,210.0,150.0,60.0,,1.0,,,,,,0,6,62,62001,Tioumoukro,6,COMPARISON,4,1.0,,,,,0,5,5,,,,,1.0,1.0,1.0,1.0,1.0,1,1.0,1.0,1.0,1.0,,,9,9,,0.0,0.0,0.0,0.0,0.0,2,0,0,1,1,1,0,1,0,1,1,1,0,1,0,1,1,1,72.0,5.0,1.0,17.872340425531913,0.0,0.0,0.0,100.0,0.0,100.0
3,2.5,3,0,2500.0,2000.0,500.0,,,,,,,,0,4,41,41015,TAOULOKE,4,COMPARISON,3,2.0,,,,,0,4,5,5,,,,8.0,2.0,,,,4,4.0,,,,2,2,,,,0.0,0.0,,,,0,1,0,0,1,1,1,0,1,1,0,1,0,0,1,0,1,1,45.0,,0.0,1000.0,100.0,0.0,0.0,0.0,0.0,100.0
12,9.5,6,0,2520.0,1440.0,1080.0,1440.0,97.0,,,,,1000.0,0,4,41,41004,FETE,4,COMPARISON,0,1.0,,,,,0,5,5,5,,,,8.0,8.0,,,,4,4.0,,,,,,,,,0.0,0.0,,,,1,1,0,1,1,1,1,0,1,1,1,1,0,1,1,1,1,1,53.0,2.0,0.0,265.2631578947368,0.0,0.0,21.052631578947366,78.94736842105263,0.0,100.0
4,5.5,6,0,630.0,450.0,180.0,450.0,2.0,,,,,850.0,0,4,41,41028,GNATO,4,RESTORE,4,1.0,,,,,0,4,5,,,,,10.0,10.0,,,,4,4.0,,,,,97,,,,2.0,2.0,,,,1,0,0,1,1,1,1,1,0,1,1,1,0,1,1,1,1,1,36.0,,0.0,114.54545454545456,0.0,0.0,0.0,100.0,0.0,100.0
5,9.0,4,0,2460.0,1500.0,960.0,1500.0,2.0,,,,,1000.0,0,4,41,41017,BEOUE,4,RESTORE,0,2.0,,,,,0,7,5,,,,,8.0,8.0,8.0,,,4,4.0,4.0,,,,,,,,3.0,0.0,0.0,,,5,0,0,0,1,1,1,1,1,1,1,1,0,1,1,1,1,1,40.0,,0.0,273.3333333333333,0.0,0.0,100.0,0.0,0.0,100.0
