hhmem_size,landuseha,yrs_grow,lead_vill,cocoa_produce_kg,cocoa_produce_main_kg,cocoa_produce_light_kg,cocoa_sell_kg,shade_why1,hhgroup_m18,hhgroup_f18,hhgroup_m17,hhgroup_f17,cocoa_price_kg,region,district,vill,village,community_type,ethnicity,religion,hhgroup_m18.1,hhgroup_f18.1,hhgroup_m17.1,hhgroup_f17.1,femhead,econstatus,cocoa_variety_1,cocoa_variety_2,cocoa_variety_3,cocoa_variety_4,cocoa_variety_5,farm_rights_1,farm_rights_2,farm_rights_3,farm_rights_4,farm_rights_5,farm_tenure_1,farm_tenure_2,farm_tenure_3,farm_tenure_4,farm_tenure_5,noncocoa_whyno_1,noncocoa_whyno_2,noncocoa_whyno_3,noncocoa_whyno_4,noncocoa_whyno_5,farm_swamp_1,farm_swamp_2,farm_swamp_3,farm_swamp_4,farm_swamp_5,used_fert?,used_fert_lqd?,herbicide_yn,pesticide_yn,fungicide_yn,weeding_yn,pruning_yn,cocoa_intercrop,farm_rights,disease_loss,pest_loss,replant,shadetree_yn,doc_land,noncocoa,cocoa_yn,any_farm_above_1_21,hh_head_age,hh_head_education,hh_head_birthplace,cocoa_yield_ha
3,4.0,5,10,1445.0,1105.0,340.0,1105.0,1.0,,,,,11.764705657958984,5,51,51024,Koitienko,RESTORE,4,1.0,,,,,0,3,4 5,4 5,,,,10.0,10.0,,,,1,1.0,,,,,,,,,0.0,0.0,,,,0,0,0,0,0,0,1,1,1,1,1,0,1,1,1,1,1,53.0,3.0,0.0,361.25
7,6.5,1,97,25.0,20.0,5.0,,2.0,,,,,,4,41,41011,KLODIO,COMPARISON,2,1.0,,,,,0,4,5,,,,,11.0,10.0,11.0,,,1,1.0,1.0,,,2,2,2,,,2.0,2.0,2.0,,,0,0,0,0,1,1,0,1,1,1,1,0,1,0,0,1,1,52.0,3.0,0.0,3.8461538461538463
2,2.0,4,0,467.5,212.5,255.0,212.5,97.0,,,,,1000.0,5,51,51028,Ananguié,RESTORE,4,1.0,,,,,1,6,5,,,,,10.0,,,,,1,,,,,97,,,,,0.0,,,,,0,0,0,1,0,0,0,0,1,0,1,0,1,0,0,1,1,74.0,,1.0,233.75
3,1.0,1,0,153.0,100.0,53.0,,97.0,,,,,,7,74,74003,BOHOUIN,COMPARISON,4,1.0,,,,,0,2,97,,,,,10.0,,,,,1,,,,,9,,,,,0.0,,,,,0,0,1,1,0,1,1,0,1,0,1,0,1,0,0,1,0,23.0,,1.0,153.0
5,19.0,1,0,100.0,60.0,40.0,,,,,,,,4,41,41011,KLODIO,COMPARISON,2,1.0,,,,,0,8,5,,,,,1.0,1.0,,,,1,1.0,,,,,,,,,0.0,0.0,,,,1,0,1,1,1,1,0,1,1,1,1,0,0,1,1,1,1,35.0,5.0,0.0,5.2631578947368425
7,2.0,4,3,1500.0,1000.0,500.0,,2.0,,,,,,4,41,41017,BEOUE,RESTORE,4,2.0,,,,,0,5,5,,,,,6.0,6.0,,,,4,4.0,,,,,97,,,,0.0,3.0,,,,0,0,1,1,0,0,0,0,1,1,1,0,1,1,1,1,1,53.0,2.0,0.0,750.0
3,0.0,6,0,455.0,325.0,130.0,325.0,1.0,,,,,1000.0,5,51,51030,Assémanou,RESTORE,4,1.0,,,,,1,3,5,5,,,,,,,,,1,1.0,,,,97,,,,,0.0,0.0,,,,0,0,0,0,0,1,0,0,0,1,1,1,1,1,1,1,1,74.0,,1.0,inf
1,4.0,6,13,2500.0,2000.0,500.0,,,,,,,,7,72,72003,BOGUIé,COMPARISON,4,1.0,,,,,0,4,5,,,,,10.0,,,,,1,,,,,97,,,,,0.0,,,,,0,0,0,0,0,0,0,0,1,1,0,0,0,0,0,1,1,67.0,4.0,1.0,625.0
7,4.0,5,97,700.0,490.0,210.0,490.0,1.0,,,,,1000.0,5,51,51002,Akoikro,COMPARISON,0,2.0,,,,,0,3,4 5,,,,,10.0,,,,,1,,,,,,,,,,0.0,,,,,0,0,0,1,1,1,0,1,1,1,1,1,1,1,1,1,1,42.0,,1.0,175.0
4,4.5,2,6,1030.0,600.0,430.0,,1.0,,,,,,5,53,53004,N'Djorekro,COMPARISON,0,2.0,,,,,0,8,5,,,,,9.0,,,,,1,,,,,,,,,,0.0,,,,,0,0,0,1,1,1,1,0,1,0,0,1,1,0,1,1,1,66.0,,0.0,228.88888888888889
5,3.75,3,0,360.0,240.0,120.0,240.0,1.0,,,,,900.0,7,75,75001,ASSE ORIé,COMPARISON,4,1.0,,,,,0,5,5,5,,,,10.0,10.0,,,,1,1.0,,,,,,,,,0.0,0.0,,,,0,0,1,1,0,1,1,0,1,1,1,1,1,0,1,1,1,48.0,1.0,1.0,96.0
4,4.5,6,13,320.0,240.0,80.0,240.0,2.0,,,,,950.0,5,51,51002,Akoikro,COMPARISON,4,1.0,,,,,0,5,5,,,,,10.0,10.0,,,,1,1.0,,,,,,,,,0.0,0.0,,,,0,0,0,1,0,0,0,1,1,1,1,0,1,0,1,1,1,60.0,1.0,1.0,71.11111111111111
7,13.0,3,0,400.0,240.0,160.0,240.0,1.0,,,,,12.5,5,53,53004,N'Djorekro,COMPARISON,0,2.0,,,,,0,1,5,,,,,1.0,,,,,1,,,,,,,,,,0.0,,,,,1,0,1,1,0,1,1,1,1,1,1,1,1,1,1,1,1,37.0,,1.0,30.76923076923077
11,0.0,3,0,600.0,500.0,100.0,,97.0,,,,,,4,41,41008,DAHIOKE,COMPARISON,4,1.0,,,,,0,1,5,5,,,,1.0,1.0,1.0,1.0,,1,1.0,1.0,1.0,,1,97,9 97,97,,0.0,0.0,0.0,0.0,,1,1,1,1,1,1,1,0,1,1,1,0,1,0,0,1,1,59.0,,1.0,inf
10,8.0,6,0,3500.0,3000.0,500.0,,1.0,,,,,,7,73,73003,Affery,COMPARISON,4,3.0,,,,,0,7,5,5,,,,1.0,,,,,1,1.0,,,,,,,,,0.0,0.0,,,,1,1,1,1,0,1,1,1,1,1,1,0,1,0,1,1,1,64.0,2.0,0.0,437.5
4,3.5,3,0,105.0,70.0,35.0,70.0,1.0,,,,,800.0,5,51,51002,Akoikro,COMPARISON,4,1.0,,,,,1,1,5,,,,,10.0,,,,,1,,,,,,,,,,0.0,,,,,0,0,0,0,0,0,0,1,1,1,1,1,1,0,1,1,1,65.0,,1.0,30.0
5,3.5,6,13,175.0,120.0,55.0,,1.0,,,,,,4,41,41009,DONIE,COMPARISON,2,4.0,,,,,0,3,97,,,,,10.0,10.0,10.0,,,1,1.0,1.0,,,6,,,,,2.0,0.0,0.0,,,0,0,0,1,1,0,1,0,1,1,1,1,1,0,1,1,1,61.0,3.0,1.0,50.0
4,3.0,6,0,551.0,500.0,51.0,,1.0,,,,,,7,73,73004,Agbaou,COMPARISON,4,1.0,,,,,0,5,5,,,,,,,,,,1,,,,,,,,,,0.0,,,,,0,0,0,0,0,1,1,1,0,1,1,0,1,0,1,1,1,58.0,4.0,1.0,183.66666666666666
10,3.0,4,0,400.0,280.0,120.0,280.0,,,,,,10.0,6,62,62001,Tioumoukro,COMPARISON,4,3.0,,,,,0,2,2,,,,,1.0,,,,,1,,,,,,,,,,2.0,,,,,0,0,0,1,0,0,0,1,1,1,1,0,0,0,1,1,1,70.0,,0.0,133.33333333333334
7,13.5,3,0,1300.0,1000.0,300.0,1000.0,2.0,,,,,1000.0,4,41,41003,GBAROU,COMPARISON,4,2.0,,,,,0,3,2,,,,,97.0,97.0,97.0,,97.0,4,4.0,4.0,4.0,4.0,,97,97,97,97,0.0,0.0,0.0,0.0,0.0,1,0,1,1,1,1,1,0,1,1,1,0,1,1,1,1,1,44.0,,0.0,96.29629629629629
6,5.0,5,0,95.0,50.0,45.0,,3.0,,,,,,5,51,51018,Kouassi-Béniékro,RESTORE,4,1.0,,,,,0,5,5,,,,,10.0,,,,,1,,,,,,,,,,2.0,,,,,0,0,0,0,0,1,1,1,1,0,1,0,1,0,1,1,1,45.0,1.0,1.0,19.0
9,10.0,2,0,425.0,340.0,85.0,340.0,,,,,,900.0,7,75,75001,ASSE ORIé,COMPARISON,4,1.0,,,,,0,5,5,5,,,,8.0,8.0,8.0,,,1,1.0,1.0,,,11,11,97,,,0.0,0.0,0.0,,,0,1,1,1,1,0,0,1,1,1,0,0,0,1,0,1,1,57.0,1.0,1.0,42.5
2,10.0,2,12 13,280.0,160.0,120.0,160.0,1.0,,,,,900.0,5,51,51047,Bossematié,COMPARISON,4,1.0,,,,,0,9,5,5,,,,1.0,1.0,,,,1,1.0,,,,,,,,,0.0,0.0,,,,0,1,0,0,0,0,0,1,1,0,0,1,1,0,1,1,1,64.0,7.0,0.0,28.0
1,2.5,4,97,646.0,380.0,266.0,380.0,1.0,,,,,900.0,5,51,51003,Anuanua,COMPARISON,1,1.0,,,,,0,5,5,,,,,1.0,,,,,1,,,,,,,,,,0.0,,,,,0,0,1,0,0,1,0,1,1,0,0,1,1,1,1,1,1,44.0,3.0,1.0,258.4
3,5.0,5,0,375.0,225.0,150.0,225.0,1.0,,,,,850.0,5,51,51020,Améakro,RESTORE,4,1.0,,,,,0,1,5,,,,,10.0,,,,,1,2.0,,,,,97,,,,0.0,0.0,,,,0,0,0,1,0,1,0,0,1,1,1,1,1,0,1,1,1,56.0,,0.0,75.0
9,10.0,3,0,4500.0,3000.0,1500.0,,,,,,,,4,41,41014,SEH,COMPARISON,0,1.0,,,,,0,7,5,,,,,8.0,,,,,4,,,,,11,,,,,0.0,,,,,1,0,1,1,1,1,0,0,1,1,0,0,0,1,0,1,1,42.0,,0.0,450.0
3,4.0,2,13,500.0,300.0,200.0,,1.0,,,,,,4,41,41016,TATE1,COMPARISON,2,1.0,,,,,0,3,5,,,,,1.0,1.0,,,,1,1.0,,,,,,,,,0.0,0.0,,,,0,0,1,1,1,1,0,0,1,1,1,0,1,0,1,1,1,54.0,1.0,1.0,125.0
11,2.0,2,0,350.0,350.0,0.0,,97.0,,,,,,7,71,71009,Yakassé-Mé,RESTORE,4,1.0,,,,,1,4,5 97,,,,,10.0,9.0,,,,1,1.0,,,,97,97,,,,0.0,0.0,,,,1,0,0,1,1,0,1,0,1,0,1,0,1,0,0,1,1,57.0,1.0,1.0,175.0
4,6.0,5,0,820.0,650.0,170.0,,1.0,,,,,,5,51,51009,Affalikro,COMPARISON,4,1.0,,,,,0,7,4 5,,,,,9.0,9.0,,,,1,1.0,,,,,,,,,0.0,0.0,,,,0,1,0,1,0,0,1,0,1,1,1,1,1,0,1,1,1,65.0,3.0,1.0,136.66666666666666
4,5.0,3,97,1620.0,1320.0,300.0,1320.0,2.0,,,,,1000.0,4,41,41003,GBAROU,COMPARISON,4,3.0,,,,,0,7,5,,,,,8.0,8.0,11.0,,,4,4.0,4.0,,,,,,,,0.0,0.0,0.0,,,0,0,1,1,1,1,1,0,1,1,1,0,1,1,1,1,1,52.0,5.0,0.0,324.0
5,5.0,4,0,280.0,210.0,70.0,210.0,,,,,,14.285714149475098,6,62,62001,Tioumoukro,COMPARISON,4,1.0,,,,,0,5,2,,,,,1.0,1.0,1.0,,,1,1.0,1.0,,,11,,97,,,0.0,0.0,0.0,,,0,0,0,0,0,1,1,0,1,0,1,0,0,0,1,1,1,46.0,,1.0,56.0
9,4.800000190734863,5,0,1360.0,1040.0,320.0,1040.0,,,,,,1000.0,4,41,41021,NIGRE,RESTORE,4,2.0,,,,,0,6,5,,,,,8.0,,,,,4,,,,,,,,,,0.0,,,,,1,0,1,1,0,1,1,1,1,1,1,0,0,1,1,1,1,58.0,,0.0,283.3333220746787
3,1.5,3,0,110.0,80.0,30.0,,1.0,,,,,,7,71,71005,Biasso,RESTORE,4,1.0,,,,,0,2,4 5 97,,,,,10.0,,,,,1,,,,,,,,,,0.0,,,,,1,0,1,1,0,1,1,0,1,1,1,0,1,0,1,1,1,35.0,4.0,1.0,73.33333333333333
8,25.5,3,6,2500.0,1500.0,1000.0,,97.0,,,,,,5,53,53001,Kokonou,COMPARISON,0,1.0,,,,,0,3,5,5,5,,,8.0,8.0,8.0,8.0,8.0,4,4.0,4.0,4.0,4.0,,,,,,0.0,0.0,0.0,0.0,0.0,0,0,1,1,1,1,1,1,1,0,1,0,1,1,1,1,1,64.0,,1.0,98.03921568627452
4,2.0,5,0,45.0,30.0,15.0,,97.0,,,,,,4,41,41016,TATE1,COMPARISON,2,1.0,,,,,0,3,5,,,,,1.0,,,,,1,,,,,,,,,,0.0,,,,,0,0,0,0,0,1,0,1,1,1,1,0,1,0,1,1,1,55.0,,0.0,22.5
6,5.0,5,97,2000.0,1700.0,300.0,,1.0,,,,,,5,51,51008,Adjoumani-Kouassikro,COMPARISON,4,1.0,,,,,0,5,5 97,,,,,1.0,,,,,1,,,,,,,,,,0.0,,,,,1,1,1,1,0,1,1,0,1,1,1,1,1,0,1,1,1,43.0,,1.0,400.0
6,3.5,6,7,36.0,36.0,0.0,36.0,4.0,,,,,166.6666717529297,7,74,74002,Montézo,COMPARISON,4,1.0,,,,,0,5,5,,,,,9.0,10.0,9.0,,,1,2.0,1.0,,,,97,97,,,0.0,0.0,0.0,,,0,1,0,1,0,0,1,0,1,0,1,1,1,0,1,1,1,45.0,1.0,0.0,10.285714285714286
15,13.5,6,0,675.0,450.0,225.0,450.0,,4.0,7.0,5.0,2.0,850.0,7,71,71009,Yakassé-Mé,RESTORE,4,1.0,4.0,7.0,5.0,2.0,0,2,5 97,,,,,,,,,,2,1.0,,,,11,1,,,,3.0,3.0,,,,0,0,0,1,1,0,0,0,0,1,1,0,0,0,0,1,1,61.0,3.0,1.0,50.0
7,2.0,3,0,190.0,130.0,60.0,,1.0,,,,,,5,53,53001,Kokonou,COMPARISON,0,2.0,,,,,0,5,5,5,,,,3.0,3.0,,,,4,4.0,,,,,,,,,0.0,0.0,,,,0,0,0,0,0,1,1,1,1,0,0,0,1,0,1,1,0,45.0,,0.0,95.0
5,1.0,2,0,140.0,70.0,70.0,70.0,2.0,,,,,950.0,5,51,51054,Amian-Kouassikro,COMPARISON,4,1.0,,,,,0,5,5,,,,,10.0,,,,,1,,,,,,,,,,2.0,,,,,0,0,1,0,0,1,0,1,1,1,1,1,1,0,1,1,0,28.0,6.0,0.0,140.0
2,4.0,4,4 9,1100.0,800.0,300.0,800.0,3.0,,,,,1000.0,5,51,51011,N'Gouanda,COMPARISON,4,1.0,,,,,1,6,5,5,,,,10.0,10.0,,,,1,1.0,,,,5,5 11,,,,2.0,2.0,,,,0,0,0,0,0,0,0,0,1,1,1,0,1,0,0,1,1,67.0,,0.0,275.0
5,8.0,6,0,320.0,240.0,80.0,240.0,2.0,,,,,900.0,5,51,51005,Takima,COMPARISON,4,1.0,,,,,0,7,4 5,,,,,9.0,,,,,1,,,,,,,,,,2.0,,,,,0,0,0,1,0,1,1,1,1,0,0,1,1,1,1,1,1,60.0,3.0,0.0,40.0
8,5.0,2,13,135.0,85.0,50.0,,1.0,,,,,,6,64,64001,Alakro,COMPARISON,4,1.0,,,,,0,5,5,,,,,1.0,1.0,,,,1,1.0,,,,,,,,,0.0,0.0,,,,0,1,0,1,0,1,1,0,1,0,1,1,1,0,1,1,1,54.0,2.0,0.0,27.0
7,1.0,5,0,910.0,560.0,350.0,560.0,1.0,,,,,1000.0,5,51,51036,Ahuasso,RESTORE,4,1.0,,,,,1,5,5,,,,,,,,,,1,,,,,,,,,,2.0,,,,,1,0,0,1,0,1,0,0,0,1,0,0,1,1,1,1,0,42.0,1.0,1.0,910.0
4,2.75,6,0,427.0,427.0,0.0,,1.0,,,,,,7,71,71006,Nyan,RESTORE,4,3.0,,,,,0,5,5,,,,,1.0,,,,,1,1.0,,,,,,,,,2.0,0.0,,,,1,0,0,0,0,1,1,0,1,0,1,1,1,0,1,1,1,49.0,3.0,1.0,155.27272727272728
6,13.0,6,0,5320.0,3610.0,1710.0,3610.0,2.0,,,,,1000.0,4,41,41019,KARIE,RESTORE,0,1.0,,,,,0,4,5,5,,,,10.0,10.0,,,,4,4.0,,,,,,,,,0.0,0.0,,,,1,0,1,1,0,1,1,1,1,0,1,0,1,1,1,1,1,26.0,5.0,1.0,409.2307692307692
7,11.5,6,12 13,900.0,600.0,300.0,600.0,1.0,,,,,1000.0,5,51,51015,Bébou,COMPARISON,4,1.0,,,,,0,2,5,,,,,10.0,10.0,,,,1,1.0,,,,,97,,,,0.0,0.0,,,,0,0,0,0,0,0,0,1,1,1,1,0,1,0,1,1,1,78.0,5.0,1.0,78.26086956521739
2,5.0,2,0,400.0,300.0,100.0,,2.0,,,,,,7,72,72005,MOBIOKOUA,COMPARISON,4,1.0,,,,,0,2,5,,,,,8.0,8.0,,,,1,1.0,,,,2,2,,,,2.0,0.0,,,,0,0,0,0,0,1,0,0,1,1,1,0,1,0,0,1,1,41.0,1.0,0.0,80.0
9,0.5,6,6,480.0,320.0,160.0,320.0,1.0,,,,,1000.0,5,51,51029,Assakro,RESTORE,4,1.0,,,,,0,5,4,,,,,1.0,,,,,1,,,,,11,,,,,0.0,,,,,0,1,0,0,1,0,0,0,1,1,1,0,1,0,0,1,0,53.0,1.0,0.0,960.0
7,4.5,2,0,600.0,400.0,200.0,,2.0,,,,,,4,41,41015,TAOULOKE,COMPARISON,0,2.0,,,,,0,4,5,5,,,,2.0,2.0,,,,4,4.0,,,,,2,,,,2.0,2.0,,,,0,0,1,1,1,1,0,1,1,1,1,0,1,0,1,1,1,34.0,,0.0,133.33333333333334
10,5.0,1,10,540.0,400.0,140.0,,1.0,,,,,,7,71,71001,Annépé,COMPARISON,4,1.0,,,,,0,2,5,,,,,1.0,,,,,1,1.0,,,,,97,,,,0.0,0.0,,,,0,0,1,1,0,1,1,0,1,1,1,0,1,0,1,1,1,45.0,4.0,1.0,108.0
10,4.0,4,10,60.0,45.0,15.0,,1.0,,,,,,7,71,54002,Bécédi-Brignan,RESTORE,4,1.0,,,,,0,5,97,,,,,1.0,1.0,,,,1,1.0,,,,,97,,,,0.0,0.0,,,,0,0,0,0,0,0,1,1,1,0,1,1,1,0,1,1,1,44.0,5.0,1.0,15.0
6,6.5,2,10,600.0,400.0,200.0,,,,,,,,4,41,41037,IRATO,COMPARISON,2,3.0,,,,,0,4,5,,,,,1.0,1.0,1.0,1.0,,1,1.0,1.0,1.0,,,,,97,,0.0,0.0,0.0,3.0,,0,0,1,1,1,1,1,1,1,1,1,1,0,1,1,1,1,51.0,2.0,1.0,92.3076923076923
10,10.75,6,0,1105.0,650.0,455.0,,1.0,,,,,,6,61,61001,Abongoua,RESTORE,1,2.0,,,,,0,5,5,,,,,8.0,,,,,1,,,,,,,,,,0.0,,,,,0,1,0,1,0,1,1,1,1,0,1,1,1,1,1,1,1,69.0,,1.0,102.79069767441861
9,4.5,4,6,2040.0,1200.0,840.0,1200.0,,,,,,1000.0,4,41,41004,FETE,COMPARISON,0,1.0,,,,,0,3,5,5,,,,8.0,8.0,,,,4,4.0,,,,97,,,,,0.0,0.0,,,,1,0,1,1,1,1,0,1,1,1,1,0,0,1,1,1,1,37.0,,0.0,453.3333333333333
4,4.0,6,0,280.0,210.0,70.0,210.0,3.0,,,,,1000.0,5,51,51025,Kouadiokro,RESTORE,4,1.0,,,,,1,5,5,,,,,1.0,1.0,,,,1,1.0,,,,,,,,,2.0,2.0,,,,0,0,0,0,0,0,0,0,1,1,1,0,1,0,1,1,1,78.0,,0.0,70.0
3,6.0,5,0,340.0,340.0,0.0,340.0,2.0,,,,,11.764705657958984,5,51,51018,Kouassi-Béniékro,RESTORE,4,1.0,,,,,1,6,4,,,,,10.0,,,,,1,,,,,,,,,,0.0,,,,,0,0,0,0,0,1,1,1,1,1,1,0,1,0,1,1,1,60.0,1.0,1.0,56.666666666666664
6,6.0,3,0,900.0,600.0,300.0,,1.0,,,,,,7,74,74003,BOHOUIN,COMPARISON,4,1.0,,,,,0,5,97,,,,,,,1.0,,,1,1.0,1.0,,,,,97,,,2.0,0.0,0.0,,,1,0,1,1,0,1,1,1,1,1,1,1,1,0,1,1,1,34.0,4.0,1.0,150.0
6,5.0,6,10,227.0,200.0,27.0,,1.0,,,,,,7,71,71001,Annépé,COMPARISON,4,1.0,,,,,0,5,5,,,,,1.0,1.0,,,,1,1.0,,,,,97,,,,0.0,0.0,,,,0,0,0,0,0,1,1,0,1,0,1,0,1,0,1,1,1,42.0,5.0,1.0,45.4
8,1.0,2,6,20.0,12.0,8.0,,6.0,,,,,,5,51,51047,Bossematié,COMPARISON,4,1.0,,,,,1,5,4,,,,,5.0,,,,,1,,,,,,,,,,2.0,,,,,0,0,0,0,0,0,0,0,1,0,0,0,1,0,1,1,0,43.0,6.0,0.0,20.0
4,3.5,3,0,900.0,600.0,300.0,,2.0,,,,,,4,41,41020,MAHINO2,RESTORE,0,2.0,,,,,0,3,2 5,5,,,,8.0,6.0,,,,4,4.0,,,,,97,,,,2.0,0.0,,,,1,0,1,1,1,1,1,1,1,1,1,0,1,1,1,1,1,39.0,1.0,0.0,257.14285714285717
7,4.5,2,7,610.0,377.0,233.0,,1.0,,,,,,4,41,41006,TATE2,COMPARISON,2,1.0,,,,,0,6,5,,,,,1.0,,,,,1,,,,,,,,,,0.0,,,,,0,0,1,1,0,1,0,1,1,0,1,0,1,0,1,1,1,38.0,,1.0,135.55555555555554
5,3.5,4,97,1440.0,880.0,560.0,880.0,97.0,,,,,1000.0,7,73,73005,Ahéoua,COMPARISON,4,3.0,,,,,0,5,5,,,,,10.0,,,,,1,,,,,97,,,,,3.0,,,,,0,0,0,0,0,0,0,0,1,0,1,0,1,0,0,1,1,68.0,5.0,1.0,411.42857142857144
9,5.0,5,0,480.0,300.0,180.0,300.0,1.0,,,,,1000.0,5,51,51025,Kouadiokro,RESTORE,0,2.0,,,,,0,7,4 5,,4 5,,,11.0,5.0,10.0,,,1,1.0,1.0,,,,9,,,,2.0,2.0,2.0,,,1,1,1,1,1,1,1,1,1,1,1,1,1,1,1,1,1,51.0,1.0,1.0,96.0
3,8.5,6,13,1000.0,700.0,300.0,,,,,,,,4,41,41008,DAHIOKE,COMPARISON,2,1.0,,,,,0,1,5,,,,,10.0,10.0,10.0,,,1,1.0,1.0,,,4,97,97,,,3.0,3.0,3.0,,,1,0,1,1,0,1,0,0,1,1,1,1,0,0,0,1,1,53.0,1.0,0.0,117.6470588235294
2,7.0,6,6,1000.0,800.0,200.0,,6.0,,,,,,5,51,51046,Kabrankro,COMPARISON,4,1.0,,,,,1,4,4,,,,,9.0,9.0,9.0,,,1,1.0,1.0,,,,,,,,2.0,2.0,2.0,,,1,1,0,1,0,0,0,1,1,0,1,1,1,0,1,1,1,46.0,5.0,0.0,142.85714285714286
5,9.699999809265137,2,0,2300.0,2000.0,300.0,,1.0,,,,,,4,41,41012,MERE,COMPARISON,0,1.0,,,,,0,5,5,5,,,,6.0,8.0,,,,4,1.0,,,,,,,,,2.0,2.0,,,,1,0,1,1,1,1,0,1,1,1,1,1,1,0,1,1,1,52.0,,0.0,237.1134067243086
8,4.5,6,0,700.0,520.0,180.0,,97.0,,,,,,7,71,71007,Bassadzin,RESTORE,4,1.0,,,,,0,1,5,,,,,9.0,10.0,10.0,,,1,1.0,1.0,,,9,97,97,,,0.0,0.0,0.0,,,1,0,0,1,0,0,0,0,1,1,1,1,1,0,0,1,1,47.0,3.0,1.0,155.55555555555554
10,5.0,5,0,1530.0,1080.0,450.0,1080.0,1.0,,,,,1000.0,5,51,51054,Amian-Kouassikro,COMPARISON,4,1.0,,,,,1,5,5,5,,,,9.0,9.0,,,,1,1.0,,,,,,,,,2.0,0.0,,,,1,1,0,1,0,0,0,1,1,1,0,1,1,0,1,1,1,48.0,1.0,1.0,306.0
6,2.0,3,0,560.0,420.0,140.0,420.0,,,,,,14.285714149475098,6,64,64001,Alakro,COMPARISON,4,1.0,,,,,0,5,2,,,,,1.0,,,,,1,,,,,97,,,,,0.0,,,,,0,0,0,0,0,1,1,0,1,1,1,0,0,0,0,1,1,42.0,,1.0,280.0
9,22.0,6,0,18400.0,12800.0,5600.0,12800.0,2.0,,,,,1000.0,4,41,41022,PARA,RESTORE,0,2.0,,,,,0,7,5,5,5,,,6.0,6.0,6.0,6.0,6.0,4,4.0,4.0,4.0,4.0,,,,,,0.0,0.0,0.0,3.0,3.0,1,0,0,1,0,1,1,0,1,0,1,1,1,1,1,1,1,56.0,2.0,0.0,836.3636363636364
4,4.0,6,0,180.0,135.0,45.0,135.0,1.0,,,,,2350.0,7,73,73002,Adiaoukoi,COMPARISON,4,4.0,,,,,0,1,5,5,,,,10.0,10.0,,,,1,1.0,,,,,,,,,0.0,0.0,,,,0,0,0,0,0,1,1,1,1,1,1,1,1,0,1,1,1,55.0,,1.0,45.0
5,2.5,5,12,60.0,60.0,0.0,60.0,97.0,,,,,15.0,7,71,71006,Nyan,RESTORE,4,1.0,,,,,0,1,5,,,,,10.0,,,,,1,,,,,9,,,,,0.0,,,,,0,0,0,0,0,0,0,0,1,0,1,0,1,0,0,1,1,66.0,1.0,1.0,24.0
10,5.5,5,6,160.0,160.0,0.0,160.0,2.0,,,,,1000.0,5,53,53005,N'DRIKRO,COMPARISON,4,1.0,,,,,1,6,2 5,,,,,1.0,1.0,,,,1,1.0,,,,,,,,,0.0,0.0,,,,0,0,1,0,0,0,0,0,1,0,0,0,1,1,1,1,1,67.0,,1.0,29.09090909090909
6,7.0,3,0,350.0,210.0,140.0,210.0,,,,,,14.285714149475098,6,64,64002,Kouadioukro,COMPARISON,4,1.0,,,,,0,5,97,,,,,1.0,,,,,1,,,,,,,,,,0.0,,,,,0,0,0,0,0,1,1,1,1,1,1,0,0,1,1,1,1,48.0,1.0,1.0,50.0
4,4.0,3,10,560.0,420.0,140.0,420.0,1.0,,,,,14.285714149475098,5,53,53005,N'DRIKRO,COMPARISON,4,1.0,,,,,0,5,5,,,,,1.0,,,,,1,,,,,,,,,,0.0,,,,,0,1,1,1,1,1,1,1,1,0,0,0,1,0,1,1,1,35.0,2.0,1.0,140.0
9,5.0,3,11,320.0,240.0,80.0,240.0,1.0,,,,,900.0,5,51,51047,Bossematié,COMPARISON,4,1.0,,,,,0,5,5,5,,,,,,,,,1,1.0,,,,,,,,,0.0,2.0,,,,0,0,1,0,0,1,0,1,0,1,1,0,1,0,1,1,1,50.0,5.0,0.0,64.0
3,9.0,3,0,410.0,410.0,0.0,,1.0,,,,,,7,74,74006,Monin,COMPARISON,4,1.0,,,,,0,5,3,,,,,1.0,,,,,1,1.0,,,,,97,,,,0.0,0.0,,,,0,0,0,1,0,0,0,1,1,0,1,0,1,1,1,1,1,65.0,3.0,1.0,45.55555555555556
15,6.0,1,0,120.0,80.0,40.0,80.0,,,,,,1000.0,4,41,41037,IRATO,COMPARISON,2,1.0,,,,,0,4,5,,,,,1.0,1.0,1.0,,,1,1.0,1.0,,,97,,,,,0.0,0.0,0.0,,,0,0,1,1,0,1,1,0,1,1,1,0,0,0,1,1,1,39.0,,1.0,20.0
5,4.5,6,0,1200.0,900.0,300.0,,2.0,,,,,,4,41,41004,FETE,COMPARISON,2,1.0,,,,,0,6,5,,,,,1.0,1.0,,,,1,1.0,,,,,,,,,0.0,0.0,,,,0,0,1,1,1,1,1,0,1,1,1,1,1,0,1,1,1,39.0,1.0,1.0,266.6666666666667
7,0.0,1,97,2750.0,1700.0,1050.0,,,,,,,,4,41,41013,NIRO,COMPARISON,4,1.0,,,,,0,3,5 97,5,,,,1.0,1.0,1.0,1.0,,1,1.0,1.0,1.0,,,1,97,97,,0.0,0.0,0.0,0.0,,1,0,1,1,1,0,0,1,1,1,1,1,0,0,1,1,1,35.0,3.0,0.0,inf
15,15.0,6,0,1280.0,800.0,480.0,800.0,1.0,2.0,7.0,1.0,1.0,900.0,5,51,51004,Dramanekro,COMPARISON,1,2.0,2.0,7.0,1.0,1.0,0,5,5,,,,,1.0,,,,,1,,,,,,,,,,0.0,,,,,1,0,0,0,0,1,1,1,1,0,0,1,1,1,1,1,1,61.0,,1.0,85.33333333333333
11,5.0,6,0,970.0,570.0,400.0,,2.0,,,,,,4,41,41029,GRABO,RESTORE,2,1.0,,,,,0,3,2 3,,,,,10.0,10.0,10.0,,,1,1.0,1.0,,,,97,97,,,0.0,0.0,0.0,,,1,0,1,1,1,1,1,0,1,1,1,1,1,0,1,1,1,57.0,3.0,1.0,194.0
6,3.0,3,13,330.0,240.0,90.0,240.0,2.0,,,,,1000.0,7,73,73002,Adiaoukoi,COMPARISON,4,1.0,,,,,1,5,5,5,,,,10.0,9.0,,,,1,1.0,,,,,,,,,0.0,0.0,,,,0,0,0,1,0,0,0,1,1,1,1,0,1,0,1,1,1,55.0,3.0,1.0,110.0
1,4.0,6,0,258.0,230.0,28.0,,97.0,,,,,,7,71,71006,Nyan,RESTORE,4,4.0,,,,,0,5,5,,,,,1.0,10.0,,,,1,1.0,,,,4,97,,,,0.0,0.0,,,,1,1,0,0,0,0,1,1,1,1,1,1,1,1,0,1,1,47.0,5.0,1.0,64.5
5,3.0,6,10,500.0,400.0,100.0,,1.0,,,,,,7,71,71009,Yakassé-Mé,RESTORE,4,1.0,,,,,0,3,97,,,,,1.0,,,,,1,,,,,,,,,,2.0,,,,,1,0,1,1,0,0,0,1,1,0,1,0,1,0,1,1,1,73.0,1.0,1.0,166.66666666666666
2,5.0,5,12,800.0,560.0,240.0,560.0,2.0,,,,,1000.0,5,51,51009,Affalikro,COMPARISON,4,1.0,,,,,1,6,5,,,,,10.0,,,,,1,,,,,,,,,,2.0,,,,,1,1,1,1,0,0,0,1,1,1,0,1,1,1,1,1,1,68.0,3.0,1.0,160.0
3,4.5,3,13 97,800.0,600.0,200.0,,,,,,,,7,72,72003,BOGUIé,COMPARISON,4,3.0,,,,,0,4,5,,,,,,1.0,,,,1,1.0,,,,,97,,,,0.0,2.0,,,,0,0,0,1,0,1,0,0,1,1,1,1,0,0,1,1,1,55.0,5.0,1.0,177.77777777777777
15,16.0,4,0,1600.0,1360.0,240.0,1360.0,2.0,,,,,1000.0,4,41,41024,POUTOU,RESTORE,0,2.0,,,,,0,7,5,5,,,,8.0,8.0,8.0,8.0,8.0,4,4.0,4.0,1.0,4.0,,,,,,0.0,0.0,0.0,0.0,3.0,1,0,1,1,1,1,1,1,1,1,1,0,1,1,1,1,1,45.0,,0.0,100.0
15,2.0,6,0,300.0,210.0,90.0,210.0,,0.0,5.0,6.0,8.0,1000.0,5,51,51028,Ananguié,RESTORE,4,1.0,0.0,5.0,6.0,8.0,1,5,97,,,,,10.0,,,,,1,,,,,97,,,,,3.0,,,,,1,0,0,0,0,0,0,1,1,0,0,0,0,0,0,1,1,80.0,,1.0,150.0
3,2.5,4,0,187.5,150.0,37.5,150.0,,,,,,800.0,7,71,71007,Bassadzin,RESTORE,4,1.0,,,,,0,1,5 97,,,,,,,,,,1,,,,,3,,,,,0.0,,,,,1,0,0,1,0,1,0,0,0,1,1,0,0,0,0,1,1,50.0,3.0,1.0,75.0
1,5.0,3,0,700.0,500.0,200.0,,1.0,,,,,,4,41,41001,TEPOIBOKE,COMPARISON,3,2.0,,,,,0,1,5,,,,,2.0,2.0,,,,1,1.0,,,,2,2,,,,2.0,3.0,,,,1,1,1,1,1,1,0,1,1,1,1,0,1,0,0,1,1,45.0,,0.0,140.0
1,1.5,2,0,400.0,300.0,100.0,,,,,,,,7,71,71012,MAMINI,COMPARISON,4,1.0,,,,,1,3,5,,,,,1.0,,,,,1,,,,,,,,,,0.0,,,,,0,0,0,1,0,0,0,0,1,0,1,0,0,0,1,1,1,63.0,1.0,0.0,266.6666666666667
1,5.0,6,0,400.0,300.0,100.0,,3.0,,,,,,5,51,51003,Anuanua,COMPARISON,4,1.0,,,,,0,6,5,,,,,10.0,,,,,1,,,,,,,,,,2.0,,,,,0,1,0,0,0,1,1,1,1,1,1,1,1,0,1,1,1,54.0,,1.0,80.0
6,3.5,3,0,240.0,180.0,60.0,180.0,2.0,,,,,1000.0,6,64,64002,Kouadioukro,COMPARISON,4,1.0,,,,,1,2,2,,,,,1.0,1.0,,,,1,1.0,,,,,,,,,2.0,2.0,,,,0,0,1,0,0,1,0,1,1,1,1,0,1,0,1,1,1,49.0,,1.0,68.57142857142857
7,7.0,3,0,2375.0,1710.0,665.0,1710.0,,,,,,1000.0,5,51,51054,Amian-Kouassikro,COMPARISON,0,2.0,,,,,0,2,4,,,,,1.0,1.0,,,,1,1.0,2.0,,,,9,9,,,0.0,2.0,0.0,,,1,0,0,0,0,1,1,1,1,0,0,0,0,0,1,1,1,38.0,1.0,1.0,339.2857142857143
4,2.0,2,0,1100.0,700.0,400.0,,,,,,,,4,41,41013,NIRO,COMPARISON,1,2.0,,,,,0,5,5,,,,,2.0,,,,,2,,,,,,,,,,0.0,,,,,0,1,1,1,1,1,0,1,1,1,1,0,0,0,1,1,1,30.0,3.0,0.0,550.0
1,1.5,1,0,360.0,240.0,120.0,240.0,2.0,,,,,1000.0,4,41,41006,TATE2,COMPARISON,2,4.0,,,,,1,5,5,,,,,10.0,1.0,,,,1,1.0,,,,2,2,,,,3.0,2.0,,,,0,0,0,1,0,1,0,1,1,1,1,0,1,0,0,1,1,50.0,,1.0,240.0
3,5.0,3,0,4000.0,2500.0,1500.0,,,,,,,,4,41,41009,DONIE,COMPARISON,4,3.0,,,,,0,5,5,,,,,8.0,,,,,4,,,,,,,,,,0.0,,,,,1,0,0,1,1,1,0,1,1,1,0,0,0,1,1,1,1,42.0,1.0,0.0,800.0
4,1.5,1,0,60.0,37.0,23.0,,1.0,,,,,,7,73,73004,Agbaou,COMPARISON,4,1.0,,,,,0,6,5,,,,,10.0,,,,,1,,,,,,,,,,3.0,,,,,0,0,1,0,0,1,1,0,1,1,1,1,1,0,1,1,1,29.0,7.0,1.0,40.0
8,8.0,6,0,4.0,3.0,1.0,,1.0,,,,,,7,73,73003,Affery,COMPARISON,4,1.0,,,,,0,4,3,,,,,1.0,,,,,1,,,,,,,,,,2.0,,,,,0,1,0,0,0,1,0,1,1,0,1,1,1,1,1,1,1,46.0,1.0,1.0,0.5
2,4.0,4,0,1000.0,700.0,300.0,,,,,,,,7,71,71012,MAMINI,COMPARISON,4,1.0,,,,,1,2,5,,,,,97.0,,,,,1,,,,,,,,,,0.0,,,,,0,0,0,1,0,1,0,1,1,1,1,0,0,0,1,1,1,44.0,3.0,0.0,250.0
10,14.75,6,0,1260.0,900.0,360.0,900.0,2.0,,,,,1000.0,4,41,41024,POUTOU,RESTORE,0,2.0,,,,,0,4,3,,,,,6.0,6.0,6.0,,,4,4.0,4.0,4.0,4.0,,97,97,97,97,0.0,0.0,0.0,3.0,0.0,1,0,1,1,0,1,1,0,1,1,1,1,1,0,1,1,1,54.0,,0.0,85.42372881355932
8,33.5,6,0,20000.0,15000.0,5000.0,,2.0,,,,,,4,41,41022,PARA,RESTORE,0,2.0,,,,,0,6,5,,,,,1.0,1.0,1.0,1.0,,4,4.0,4.0,4.0,,,97,97,97,,0.0,0.0,0.0,2.0,,1,0,1,1,0,1,1,1,1,0,1,0,1,1,1,1,1,52.0,,0.0,597.0149253731344
8,6.0,2,0,350.0,200.0,150.0,,6.0,,,,,,5,54,54002,Bécédi-Brignan,RESTORE,4,1.0,,,,,0,4,97,,,,,,,,,,1,,,,,,,,,,0.0,,,,,0,0,0,1,0,1,0,0,0,1,1,0,1,0,1,1,1,60.0,1.0,1.0,58.333333333333336
7,3.5,2,6,880.0,240.0,640.0,240.0,,,,,,1000.0,5,51,51018,Kouassi-Béniékro,RESTORE,0,2.0,,,,,0,7,5,5,,,,8.0,8.0,,,,1,1.0,2.0,,,,,97,,,0.0,0.0,0.0,,,0,0,1,1,1,0,1,1,1,1,1,0,0,1,1,1,1,40.0,,0.0,251.42857142857142
5,8.0,3,0,500.0,300.0,200.0,,,,,,,,4,41,41008,DAHIOKE,COMPARISON,0,1.0,,,,,0,5,5,,,,,1.0,1.0,,,,1,1.0,,,,6,,,,,0.0,0.0,,,,1,0,1,1,1,1,0,1,1,1,1,0,0,0,1,1,1,46.0,,1.0,62.5
10,4.0,5,10 97,490.0,280.0,210.0,280.0,1.0,,,,,14.285714149475098,5,53,53004,N'Djorekro,COMPARISON,4,1.0,,,,,0,1,5,,,,,1.0,,,,,1,,,,,,,,,,2.0,,,,,0,0,1,1,0,1,1,1,1,0,1,0,1,0,1,1,1,32.0,1.0,0.0,122.5
4,1.5,1,0,45.0,30.0,15.0,,1.0,,,,,,7,74,74003,BOHOUIN,COMPARISON,4,3.0,,,,,0,1,97,,,,,1.0,1.0,,,,1,1.0,,,,,97,,,,0.0,0.0,,,,0,0,0,1,0,1,1,0,1,1,1,1,1,0,1,1,0,25.0,1.0,1.0,30.0
7,7.0,6,7,560.0,350.0,210.0,350.0,6.0,,,,,900.0,7,71,71003,Anougbakro,RESTORE,4,2.0,,,,,0,1,5,5,,,,,8.0,8.0,,,1,1.0,1.0,,,,,97,,,3.0,0.0,0.0,,,0,0,0,1,0,1,0,1,1,1,1,1,1,1,1,1,1,62.0,,0.0,80.0
4,5.0,1,0,60.0,40.0,20.0,,2.0,,,,,,4,41,41016,TATE1,COMPARISON,2,1.0,,,,,0,3,5,,,,,1.0,1.0,1.0,,,1,1.0,1.0,,,,2,2,,,3.0,0.0,3.0,,,0,1,1,1,1,0,0,1,1,1,1,1,1,0,1,1,1,39.0,,1.0,12.0
4,4.0,4,0,300.0,200.0,100.0,,1.0,,,,,,7,71,71001,Annépé,COMPARISON,4,1.0,,,,,0,5,97,,,,,1.0,10.0,,,,1,1.0,,,,4,97,,,,0.0,0.0,,,,1,0,1,1,0,1,1,1,1,0,0,0,1,0,0,1,1,34.0,,1.0,75.0
7,4.0,6,0,210.0,180.0,30.0,,1.0,,,,,,7,71,71001,Annépé,COMPARISON,4,1.0,,,,,0,5,5,,,,,10.0,10.0,10.0,10.0,,1,1.0,1.0,1.0,,9,97,97,97,,0.0,0.0,0.0,0.0,,0,0,0,0,0,1,1,0,1,1,1,0,1,0,0,1,1,55.0,3.0,1.0,52.5
9,6.5,2,6 97,3000.0,2500.0,500.0,,2.0,,,,,,4,41,41021,NIGRE,RESTORE,0,1.0,,,,,0,5,5,5,,,,6.0,8.0,6.0,,,4,4.0,4.0,,,97,,97,,,0.0,0.0,3.0,,,1,0,1,1,1,1,1,0,1,1,1,0,1,1,1,1,1,44.0,3.0,0.0,461.53846153846155
15,12.0,6,0,3500.0,2000.0,1500.0,,2.0,5.0,3.0,3.0,7.0,,4,41,41021,NIGRE,RESTORE,0,2.0,5.0,3.0,3.0,7.0,0,5,5,,,,,10.0,10.0,10.0,,,4,4.0,4.0,,,,97,97,,,0.0,0.0,3.0,,,1,0,1,1,0,1,1,0,1,1,1,0,1,1,1,1,1,40.0,,0.0,291.6666666666667
5,2.0,1,0,120.0,90.0,30.0,,3.0,,,,,,5,51,51018,Kouassi-Béniékro,RESTORE,4,1.0,,,,,0,5,4,,,,,1.0,,,,,1,,,,,,,,,,2.0,,,,,0,0,1,1,0,0,0,1,1,1,1,0,1,0,1,1,1,34.0,3.0,1.0,60.0
4,5.0,3,0,456.0,350.0,106.0,,1.0,,,,,,7,73,73002,Adiaoukoi,COMPARISON,4,4.0,,,,,0,1,5,,,,,10.0,,,,,1,,,,,,,,,,0.0,,,,,0,1,0,1,0,1,1,0,1,1,0,1,1,0,1,1,1,49.0,1.0,1.0,91.2
4,2.0,2,13,1200.0,825.0,375.0,825.0,1.0,,,,,13.333333015441896,5,51,51009,Affalikro,COMPARISON,4,1.0,,,,,0,1,5,,,,,1.0,,,,,1,,,,,,,,,,0.0,,,,,1,1,0,1,1,1,0,0,1,1,1,0,1,0,1,1,1,48.0,6.0,1.0,600.0
5,37.0,3,12,2400.0,1500.0,900.0,,,,,,,,4,41,41013,NIRO,COMPARISON,2,3.0,,,,,0,10,5,,,,,1.0,,,,,1,,,,,,,,,,0.0,,,,,1,0,1,1,1,0,0,1,1,0,0,0,0,0,1,1,1,91.0,,1.0,64.86486486486487
11,4.0,4,0,1500.0,950.0,550.0,,1.0,,,,,,5,51,51028,Ananguié,RESTORE,4,1.0,,,,,0,5,5,,,,,2.0,,,,,1,,,,,,,,,,0.0,,,,,1,1,0,1,0,1,1,1,1,1,1,1,1,0,1,1,1,54.0,1.0,0.0,375.0
4,2.0,3,6,1440.0,960.0,480.0,960.0,2.0,,,,,1000.0,6,64,64001,Alakro,COMPARISON,4,3.0,,,,,0,5,3,,,,,10.0,,,,,1,,,,,,,,,,2.0,,,,,0,1,1,1,1,1,0,1,1,1,1,0,1,0,1,1,1,40.0,7.0,0.0,720.0
6,2.0,2,0,560.0,400.0,160.0,400.0,1.0,,,,,1000.0,5,51,51054,Amian-Kouassikro,COMPARISON,4,1.0,,,,,0,5,5,4 5,,,,1.0,1.0,,,,1,1.0,,,,,,,,,0.0,0.0,,,,1,1,1,1,1,1,1,1,1,1,1,1,1,1,1,1,0,36.0,4.0,0.0,280.0
6,9.5,6,0,299.0,299.0,0.0,,1.0,,,,,,7,71,71001,Annépé,COMPARISON,4,1.0,,,,,0,5,5,,,,,1.0,,,,,1,1.0,1.0,1.0,1.0,,,,,97,3.0,0.0,0.0,0.0,0.0,0,0,0,0,0,1,1,0,1,1,1,0,1,1,1,1,1,41.0,4.0,1.0,31.473684210526315
12,3.5,4,0,1615.0,1105.0,510.0,1105.0,97.0,,,,,1000.0,7,73,73005,Ahéoua,COMPARISON,4,4.0,,,,,0,1,97,97,,,,4.0,97.0,,,,1,1.0,,,,3,97,,,,0.0,0.0,,,,0,0,1,1,0,0,0,1,1,1,1,0,1,0,0,1,1,64.0,4.0,1.0,461.42857142857144
3,5.5,5,0,590.0,500.0,90.0,,1.0,,,,,,5,51,51009,Affalikro,COMPARISON,4,1.0,,,,,0,4,5,5,,,,9.0,9.0,,,,1,1.0,,,,,,,,,0.0,0.0,,,,0,1,0,1,1,0,1,0,1,0,1,0,1,0,1,1,1,60.0,5.0,1.0,107.27272727272727
7,3.5,3,13,560.0,320.0,240.0,320.0,1.0,,,,,12.5,5,53,53004,N'Djorekro,COMPARISON,4,1.0,,,,,0,1,5,5,,,,1.0,1.0,,,,1,1.0,,,,,,,,,0.0,0.0,,,,0,1,1,0,0,1,1,1,1,0,0,0,1,0,1,1,1,54.0,3.0,0.0,160.0
3,15.0,2,0,240.0,200.0,40.0,,,,,,,,4,41,41006,TATE2,COMPARISON,2,1.0,,,,,0,7,,,5,5,,1.0,10.0,10.0,9.0,,1,1.0,1.0,1.0,,,2,2,2,,3.0,0.0,3.0,2.0,,1,0,1,1,0,1,1,1,1,1,1,0,0,0,1,1,1,52.0,7.0,0.0,16.0
3,2.0,3,0,500.0,400.0,100.0,,1.0,,,,,,7,73,73005,Ahéoua,COMPARISON,4,3.0,,,,,0,1,5,,,,,,,,,,1,,,,,3,,,,,3.0,,,,,0,0,0,0,0,1,1,1,0,1,1,1,1,0,0,1,1,71.0,1.0,1.0,250.0
7,3.0,2,97,650.0,400.0,250.0,,2.0,,,,,,4,41,41037,IRATO,COMPARISON,2,1.0,,,,,0,3,3,,,,,10.0,10.0,10.0,10.0,10.0,1,1.0,1.0,1.0,1.0,,97,97,97,97,0.0,0.0,0.0,3.0,3.0,0,0,0,1,1,1,1,0,1,1,1,0,1,0,1,1,1,47.0,,1.0,216.66666666666666
9,5.0,1,0,1680.0,1540.0,140.0,1540.0,2.0,,,,,1000.0,5,51,51001,Adahou,COMPARISON,4,1.0,,,,,0,7,5,,,,,10.0,,,,,1,,,,,,,,,,3.0,,,,,0,0,1,1,1,1,1,1,1,0,1,1,1,1,1,1,1,26.0,5.0,1.0,336.0
7,6.0,6,0,245.0,175.0,70.0,175.0,97.0,,,,,11.785714149475098,7,71,54002,Bécédi-Brignan,RESTORE,4,4.0,,,,,0,5,5,,,,,10.0,1.0,,,,1,1.0,,,,9,97,,,,0.0,0.0,,,,1,0,1,1,0,1,1,0,1,0,1,1,1,0,0,1,1,50.0,3.0,1.0,40.833333333333336
12,10.0,6,0,800.0,600.0,200.0,600.0,3.0,,,,,12.5,5,51,51054,Amian-Kouassikro,COMPARISON,0,2.0,,,,,0,3,3 4,3 4,,,,97.0,97.0,,,,1,1.0,,,,,,,,,0.0,0.0,,,,0,1,0,0,0,0,0,1,1,1,1,1,1,1,1,1,1,38.0,1.0,0.0,80.0
7,4.0,6,0,1120.0,880.0,240.0,880.0,2.0,,,,,1000.0,4,41,41021,NIGRE,RESTORE,4,2.0,,,,,1,4,5,,,,,97.0,97.0,,,,4,4.0,,,,,,,,,3.0,,,,,0,0,1,1,1,1,1,0,1,0,1,0,1,1,1,1,1,40.0,,0.0,280.0
7,9.0,6,0,1462.5,845.0,617.5,845.0,2.0,,,,,1000.0,4,41,41028,GNATO,RESTORE,2,1.0,,,,,1,7,5,,,,,10.0,1.0,,,,4,4.0,,,,1,,,,,0.0,0.0,,,,1,0,1,1,1,0,0,0,1,1,1,1,1,0,1,1,1,69.0,,1.0,162.5
10,0.0,2,97,675.0,400.0,275.0,,3.0,,,,,,4,41,41014,SEH,COMPARISON,4,1.0,,,,,0,5,5,,,,,1.0,1.0,1.0,,,1,1.0,1.0,,,,97,97,,,0.0,0.0,0.0,,,1,0,1,1,1,0,1,0,1,1,0,0,1,0,1,1,1,41.0,1.0,1.0,inf
3,2.0,4,13,160.0,160.0,0.0,160.0,,,,,,950.0,5,51,51002,Akoikro,COMPARISON,4,1.0,,,,,1,2,5,,,,,10.0,,,,,1,,,,,,,,,,0.0,,,,,0,1,1,1,0,1,0,1,1,1,1,0,0,0,1,1,1,80.0,,1.0,80.0
7,4.0,3,1,490.0,350.0,140.0,350.0,1.0,,,,,100.0,5,51,51015,Bébou,COMPARISON,4,1.0,,,,,1,5,4,,,,,10.0,,,,,1,,,,,,,,,,2.0,,,,,0,0,1,1,0,1,1,1,1,1,1,1,1,1,1,1,1,63.0,1.0,1.0,122.5
7,4.5,6,7,400.0,250.0,150.0,,,,,,,,4,41,41004,FETE,COMPARISON,0,2.0,,,,,0,2,5,,,,,8.0,,,,,4,,,,,97,,,,,0.0,,,,,1,0,1,1,0,1,1,1,1,1,1,1,0,1,0,1,1,52.0,,0.0,88.88888888888889
6,6.5,2,0,350.0,200.0,150.0,,1.0,,,,,,4,41,41011,KLODIO,COMPARISON,2,1.0,,,,,0,3,5,5,,,,10.0,10.0,10.0,10.0,10.0,1,1.0,1.0,1.0,1.0,,,,97,,0.0,0.0,0.0,0.0,0.0,0,0,1,1,1,1,1,1,1,1,1,1,1,0,1,1,1,46.0,,1.0,53.84615384615385
6,4.5,6,0,500.0,300.0,200.0,,1.0,,,,,,4,41,41028,GNATO,RESTORE,3,2.0,,,,,0,2,5,,,,,8.0,8.0,,,,2,4.0,,,,,,,,,0.0,0.0,,,,1,0,0,1,1,1,1,0,1,1,1,0,1,1,1,1,1,42.0,1.0,0.0,111.11111111111111
7,7.0,4,0,2160.0,1440.0,720.0,1440.0,2.0,,,,,1000.0,4,41,41026,DEBLABLAI,RESTORE,1,4.0,,,,,0,4,5,5,,,,8.0,8.0,,,,4,4.0,,,,,,,,,0.0,0.0,,,,1,0,1,1,1,1,1,0,1,1,1,0,1,1,1,1,1,46.0,,0.0,308.57142857142856
6,1.5,4,6,490.0,420.0,70.0,420.0,97.0,,,,,14.285714149475098,5,51,51029,Assakro,RESTORE,4,1.0,,,,,1,5,4,,,,,1.0,,,,,1,,,,,,,,,,0.0,,,,,0,0,0,1,0,0,0,0,1,1,1,1,1,0,1,1,0,42.0,4.0,0.0,326.6666666666667
3,3.5,6,0,300.0,200.0,100.0,,,,,,,,6,61,61001,Abongoua,RESTORE,4,1.0,,,,,0,5,5,,,,,1.0,,,,,1,,,,,4,,,,,0.0,,,,,0,0,1,1,0,1,1,0,1,0,1,0,0,0,0,1,1,60.0,1.0,1.0,85.71428571428571
6,3.0,4,0,800.0,560.0,240.0,560.0,1.0,,,,,12.5,6,61,61001,Abongoua,RESTORE,4,4.0,,,,,0,4,2,,,,,1.0,,,,,1,,,,,,,,,,0.0,,,,,0,1,0,1,0,0,1,1,1,1,0,1,1,0,1,1,1,74.0,1.0,1.0,266.6666666666667
6,8.0,4,1,140.0,70.0,70.0,70.0,4.0,,,,,100.0,5,51,51027,Ahininkro,RESTORE,4,4.0,,,,,1,5,4,,,,,10.0,10.0,,,,1,1.0,,,,,,,,,2.0,2.0,,,,0,0,0,1,0,0,0,1,1,1,1,1,1,0,1,1,1,61.0,0.0,1.0,17.5
6,2.0,6,7,2800.0,2100.0,700.0,2100.0,1.0,,,,,1000.0,5,51,51027,Ahininkro,RESTORE,4,2.0,,,,,1,4,5,5,,,,,,,,,1,1.0,,,,,,,,,2.0,2.0,,,,1,1,0,1,0,0,0,0,0,1,1,1,1,0,1,1,1,59.0,,1.0,1400.0
14,5.0,6,5,1200.0,900.0,300.0,900.0,1.0,,,,,1000.0,5,51,51027,Ahininkro,RESTORE,4,1.0,,,,,0,5,4,,,,,10.0,10.0,10.0,,,1,1.0,1.0,,,,97,,,,3.0,0.0,0.0,,,0,1,0,1,1,0,0,1,1,1,1,1,1,1,1,1,1,53.0,3.0,1.0,240.0
15,14.0,6,13,630.0,420.0,210.0,420.0,1.0,,,,,900.0,5,51,51027,Ahininkro,RESTORE,4,1.0,,,,,0,3,4 5,5,5,,,10.0,10.0,10.0,10.0,,1,1.0,1.0,1.0,,,97,,,,0.0,0.0,0.0,0.0,,0,1,0,0,0,1,0,1,1,1,1,0,1,1,1,1,1,57.0,1.0,0.0,45.0
7,5.0,3,7,910.0,630.0,280.0,630.0,1.0,,,,,1000.0,5,51,51027,Ahininkro,RESTORE,4,1.0,,,,,0,5,4 5,5,,,,,,,,,1,1.0,,,,,,,,,0.0,2.0,,,,0,0,0,1,0,1,0,1,0,0,1,1,1,0,1,1,1,33.0,6.0,1.0,182.0
7,6.0,4,1,490.0,350.0,140.0,350.0,97.0,,,,,1000.0,5,51,51036,Ahuasso,RESTORE,4,1.0,,,,,1,5,5,5,,,,10.0,97.0,97.0,,,1,1.0,1.0,,,,,9,,,2.0,0.0,2.0,,,1,0,0,1,0,0,0,0,1,1,1,0,1,0,1,1,1,42.0,2.0,0.0,81.66666666666667
13,32.0,6,13,7680.0,4800.0,2880.0,4800.0,1.0,,,,,850.0,5,51,51036,Ahuasso,RESTORE,4,1.0,,,,,0,5,5,5,,,,,,,,,1,1.0,,,,,,,,,0.0,2.0,,,,0,0,0,1,0,1,0,1,0,1,1,0,1,1,1,1,1,67.0,1.0,1.0,240.0
8,29.0,6,1 5 6 10,17120.0,12000.0,5120.0,12000.0,1.0,,,,,1000.0,5,51,51036,Ahuasso,RESTORE,4,1.0,,,,,0,5,4 5,4,4,4,,10.0,10.0,10.0,10.0,2.0,1,1.0,1.0,1.0,1.0,,,,,,0.0,0.0,0.0,0.0,0.0,1,1,0,1,1,0,0,0,1,1,1,0,1,0,1,1,1,51.0,3.0,1.0,590.3448275862069
3,20.0,6,0,2700.0,2300.0,400.0,,1.0,,,,,,5,51,51036,Ahuasso,RESTORE,4,1.0,,,,,0,5,5,5,,,,1.0,1.0,1.0,1.0,1.0,1,1.0,1.0,1.0,1.0,,,97,97,11,0.0,0.0,0.0,0.0,0.0,1,0,1,0,0,0,1,0,1,1,0,1,1,0,1,1,1,41.0,7.0,1.0,135.0
3,5.0,6,97,3440.0,2640.0,800.0,2640.0,2.0,,,,,1000.0,5,51,51036,Ahuasso,RESTORE,4,1.0,,,,,0,5,5,,,,,10.0,,,,,1,,,,,11,,,,,2.0,,,,,0,0,0,0,0,0,0,0,1,1,1,0,1,0,0,1,1,31.0,3.0,1.0,688.0
7,9.0,6,12,280.0,210.0,70.0,210.0,1.0,,,,,12.142857551574709,5,54,54001,Akacomoékro,RESTORE,4,1.0,,,,,0,6,2 4,,4,,,1.0,1.0,1.0,,,1,1.0,1.0,,,,,10,,,2.0,3.0,3.0,,,0,0,0,0,0,0,0,0,1,1,0,1,1,0,1,1,1,63.0,,1.0,31.11111111111111
6,6.0,6,0,350.0,210.0,140.0,,1.0,,,,,,5,54,54001,Akacomoékro,RESTORE,0,1.0,,,,,1,6,5,,,,,1.0,,,,,4,,,,,,,,,,0.0,,,,,0,1,0,1,1,1,0,1,1,1,1,1,1,1,1,1,1,53.0,,1.0,58.333333333333336
3,6.0,6,0,210.0,210.0,0.0,210.0,1.0,,,,,14.285714149475098,5,54,54001,Akacomoékro,RESTORE,3,1.0,,,,,0,4,5,,,,,2.0,2.0,,,,1,1.0,,,,,,,,,0.0,0.0,,,,0,1,0,0,0,1,1,0,1,1,0,0,1,0,1,1,1,67.0,,0.0,35.0
6,8.0,6,13,525.0,420.0,105.0,420.0,1.0,,,,,14.285714149475098,5,54,54001,Akacomoékro,RESTORE,4,4.0,,,,,0,8,,5,,5,,6.0,1.0,8.0,9.0,8.0,1,1.0,1.0,1.0,1.0,,,,,,0.0,0.0,0.0,0.0,3.0,0,1,0,1,1,0,0,0,1,1,0,0,1,1,1,1,1,55.0,,0.0,65.625
7,20.0,6,97,1520.0,1200.0,320.0,1200.0,2.0,,,,,1000.0,5,54,54001,Akacomoékro,RESTORE,4,1.0,,,,,0,6,2 97,,,2 97,97.0,1.0,1.0,1.0,1.0,1.0,1,1.0,1.0,1.0,1.0,,,,,,2.0,2.0,0.0,2.0,2.0,1,1,0,1,1,1,0,0,1,1,1,1,1,1,1,1,1,81.0,,1.0,76.0
7,3.0,6,0,315.0,210.0,105.0,210.0,1.0,,,,,14.285714149475098,5,54,54001,Akacomoékro,RESTORE,0,2.0,,,,,0,5,5,,,,,2.0,2.0,,,,4,4.0,1.0,,,,,7,,,0.0,0.0,0.0,,,1,0,0,1,0,1,1,0,1,1,1,1,1,0,1,1,1,66.0,,0.0,105.0
5,7.0,6,97,1200.0,850.0,350.0,,1.0,,,,,,5,54,54001,Akacomoékro,RESTORE,4,1.0,,,,,0,8,5,,,,,1.0,1.0,1.0,,,1,1.0,1.0,,,,,,,,0.0,0.0,0.0,,,0,1,0,1,0,0,0,1,1,1,0,1,1,0,1,1,1,52.0,4.0,0.0,171.42857142857142
4,0.0,6,0,280.0,210.0,70.0,280.0,2.0,,,,,0.0428571440279483,5,54,54001,Akacomoékro,RESTORE,97,1.0,,,,,0,5,97,,,,,6.0,,,,,4,2.0,,,,,1,,,,3.0,0.0,,,,0,1,0,0,0,1,1,1,1,1,1,1,1,1,1,1,1,67.0,,0.0,inf
9,14.0,6,13,1155.0,875.0,280.0,875.0,5.0,,,,,12.142857551574709,5,54,54001,Akacomoékro,RESTORE,4,1.0,,,,,0,7,5,5,,,,5.0,5.0,5.0,5.0,,1,1.0,1.0,1.0,,,,,,,2.0,0.0,0.0,0.0,,1,0,0,1,1,1,1,1,1,1,1,0,1,1,1,1,1,58.0,,1.0,82.5
15,14.0,6,13,630.0,560.0,70.0,560.0,1.0,4.0,4.0,4.0,6.0,14.285714149475098,5,54,54001,Akacomoékro,RESTORE,3,3.0,4.0,4.0,4.0,6.0,0,5,5,5,,,,5.0,5.0,5.0,,,1,1.0,1.0,,,,,,,,0.0,0.0,0.0,,,0,1,1,1,1,1,1,0,1,1,1,0,1,0,1,1,1,69.0,,0.0,45.0
6,20.0,6,0,1300.0,1000.0,300.0,,2.0,,,,,,5,54,54001,Akacomoékro,RESTORE,4,1.0,,,,,0,3,2 97,97,,,,1.0,1.0,,1.0,1.0,1,1.0,1.0,1.0,1.0,4,4,1,97,97,3.0,3.0,2.0,2.0,2.0,0,0,0,0,0,0,1,0,1,1,1,0,1,0,0,1,1,60.0,,1.0,65.0
6,3.880000114440918,6,11,1120.0,880.0,240.0,880.0,4.0,,,,,1000.0,5,54,54001,Akacomoékro,RESTORE,4,1.0,,,,,0,4,5,,,,,10.0,10.0,,,,1,1.0,,,,,9,,,,2.0,2.0,,,,1,0,0,0,0,1,1,0,1,1,0,0,1,0,1,1,1,48.0,1.0,1.0,288.659785300389
7,2.0,3,6,250.0,150.0,100.0,150.0,3.0,,,,,1000.0,5,51,51020,Améakro,RESTORE,4,1.0,,,,,1,6,4,,,,,1.0,,,,,1,,,,,,,,,,2.0,,,,,0,0,0,1,1,1,0,1,1,1,1,0,1,0,1,1,1,50.0,1.0,1.0,125.0
9,15.0,6,0,1800.0,1350.0,450.0,1350.0,1.0,,,,,1000.0,5,51,51020,Améakro,RESTORE,4,1.0,,,,,0,5,5,,,,,10.0,10.0,,,,1,1.0,,,,,97,,,,2.0,0.0,,,,0,0,0,0,0,1,0,1,1,1,1,1,1,0,1,1,1,100.0,,0.0,120.0
5,10.0,6,6,300.0,150.0,150.0,150.0,3.0,,,,,1100.0,5,51,51020,Améakro,RESTORE,4,2.0,,,,,1,6,4 5,,,,,10.0,,,,,1,,,,,,,,,,2.0,,,,,0,0,1,1,1,0,0,1,1,1,1,0,1,0,1,1,1,63.0,1.0,1.0,30.0
5,2.0,6,0,280.0,160.0,120.0,160.0,4.0,,,,,10.625,5,51,51020,Améakro,RESTORE,4,1.0,,,,,1,5,4 5,4,,,,10.0,10.0,,,,1,1.0,,,,,,,,,0.0,0.0,,,,0,0,0,0,0,1,0,1,1,1,1,1,1,0,1,1,0,90.0,,1.0,140.0
5,4.0,4,5,720.0,320.0,400.0,320.0,1.0,,,,,1000.0,5,51,51020,Améakro,RESTORE,4,1.0,,,,,0,1,4,,,,,11.0,,,,,1,2.0,,,,,97,,,,0.0,0.0,,,,0,0,0,0,0,1,0,1,1,1,1,0,1,0,1,1,1,46.0,2.0,1.0,180.0
5,12.25,6,0,700.0,560.0,140.0,560.0,1.0,,,,,1000.0,5,51,51020,Améakro,RESTORE,4,1.0,,,,,0,2,4,4,,,,9.0,,9.0,,,1,1.0,1.0,2.0,2.0,,,9,9,9,0.0,3.0,3.0,3.0,0.0,0,0,0,0,0,1,1,1,1,1,1,1,1,0,1,1,1,47.0,,1.0,57.142857142857146
3,7.0,6,0,1750.0,1500.0,250.0,,3.0,,,,,,5,51,51020,Améakro,RESTORE,4,1.0,,,,,0,7,5,4,,,,10.0,10.0,,,,1,1.0,,,,,,,,,2.0,2.0,,,,0,0,0,1,1,1,0,1,1,1,1,1,1,1,1,1,1,45.0,1.0,1.0,250.0
5,6.0,4,0,560.0,350.0,210.0,350.0,1.0,,,,,14.285714149475098,5,51,51020,Améakro,RESTORE,4,1.0,,,,,0,5,4 5,4 5,,,,9.0,9.0,1.0,,,1,1.0,1.0,,,,,9,,,0.0,3.0,0.0,,,0,0,0,0,0,1,1,1,1,1,1,0,1,0,1,1,1,37.0,1.0,1.0,93.33333333333333
5,2.0,5,0,210.0,210.0,0.0,210.0,2.0,,,,,14.285714149475098,5,51,51020,Améakro,RESTORE,4,1.0,,,,,0,1,4 5,,,,,9.0,,,,,1,,,,,,,,,,0.0,,,,,0,0,1,0,0,0,0,1,1,1,0,0,1,0,1,1,1,44.0,1.0,0.0,105.0
7,6.0,4,0,630.0,490.0,140.0,490.0,97.0,,,,,850.0,5,51,51020,Améakro,RESTORE,4,1.0,,,,,0,7,5,,,,,10.0,,,,,1,,,,,,,,,,0.0,,,,,0,1,0,1,1,0,0,1,1,1,1,1,1,0,1,1,1,41.0,3.0,1.0,105.0
6,1.5,6,13 97,90.0,60.0,30.0,60.0,1.0,,,,,16.66666603088379,5,51,51020,Améakro,RESTORE,4,1.0,,,,,0,1,5,,,,,10.0,,,,,1,,,,,,,,,,2.0,,,,,0,0,0,0,0,1,0,0,1,1,1,0,1,1,1,1,1,63.0,1.0,0.0,60.0
6,10.5,6,13,195.0,130.0,65.0,130.0,1.0,,,,,13.84615421295166,5,51,51020,Améakro,RESTORE,4,1.0,,,,,0,1,5,,,,,9.0,9.0,9.0,,,1,1.0,1.0,,,,97,,,,2.0,0.0,0.0,,,0,0,0,0,1,1,0,0,1,1,1,0,1,0,1,1,1,54.0,3.0,1.0,18.571428571428573
2,11.0,4,0,760.0,200.0,560.0,200.0,1.0,,,,,12.5,5,51,51020,Améakro,RESTORE,4,1.0,,,,,0,6,4 5,,,,,10.0,,,,,1,,,,,,,,,,0.0,,,,,0,0,0,0,1,1,1,1,1,1,0,0,1,0,1,1,1,42.0,,1.0,69.0909090909091
7,12.0,4,0,50.0,40.0,10.0,375.0,1.0,,,,,1000.0,5,51,51021,Amélékia,RESTORE,4,1.0,,,,,0,4,5,,,,,10.0,,,,,1,,,,,,,,,,0.0,,,,,0,0,0,1,1,0,0,1,1,1,0,0,1,0,1,1,1,51.0,2.0,1.0,4.166666666666667
4,7.0,6,0,770.0,560.0,210.0,560.0,1.0,,,,,900.0,5,51,51021,Amélékia,RESTORE,4,4.0,,,,,0,5,5,5,,,,10.0,10.0,,,,1,1.0,,,,,11 97,,,,3.0,0.0,,,,0,0,0,0,0,1,0,1,1,1,1,0,1,0,1,1,1,58.0,3.0,1.0,110.0
8,82.0,4,13,2320.0,2000.0,320.0,2000.0,6.0,,,,,1000.0,5,51,51021,Amélékia,RESTORE,4,1.0,,,,,0,4,4,4,4,4,4.0,,1.0,9.0,9.0,9.0,1,1.0,1.0,1.0,1.0,,,,11,11,2.0,2.0,2.0,2.0,2.0,0,0,0,1,1,0,0,1,1,1,1,0,1,0,1,1,1,73.0,,1.0,28.29268292682927
9,3.0,6,0,210.0,210.0,0.0,210.0,3.0,,,,,14.285714149475098,5,51,51021,Amélékia,RESTORE,4,4.0,,,,,1,5,4,,,,,10.0,,,,,1,,,,,,,,,,0.0,,,,,0,1,0,0,1,0,0,0,1,1,0,0,1,1,1,1,1,60.0,,1.0,70.0
2,17.0,5,0,280.0,210.0,70.0,210.0,1.0,,,,,900.0,5,51,51021,Amélékia,RESTORE,4,1.0,,,,,1,4,5,5,,,,1.0,1.0,,,,1,1.0,,,,4,3,,,,0.0,0.0,,,,1,0,0,1,1,1,1,1,1,1,1,0,1,0,0,1,1,58.0,3.0,1.0,16.470588235294116
5,4.0,5,0,980.0,770.0,210.0,770.0,6.0,,,,,1000.0,5,51,51021,Amélékia,RESTORE,97,2.0,,,,,0,5,4,,,,,1.0,,,,,1,,,,,,,,,,2.0,,,,,0,0,1,1,0,0,0,1,1,1,1,1,1,0,1,1,1,55.0,1.0,1.0,245.0
9,8.0,5,13,560.0,400.0,160.0,400.0,1.0,,,,,1000.0,5,51,51021,Amélékia,RESTORE,4,1.0,,,,,0,5,4,,,,,10.0,,,,,1,,,,,,,,,,0.0,,,,,0,0,0,0,0,1,0,1,1,1,1,1,1,1,1,1,1,48.0,1.0,1.0,70.0
4,8.0,4,0,2030.0,1680.0,350.0,1680.0,1.0,,,,,900.0,5,51,51021,Amélékia,RESTORE,4,1.0,,,,,0,5,5,,,,,9.0,9.0,,,,1,1.0,,,,,97,,,,0.0,0.0,,,,0,0,1,1,1,0,1,0,1,1,1,0,1,0,1,1,1,45.0,3.0,1.0,253.75
8,15.0,6,7,1050.0,840.0,210.0,840.0,3.0,,,,,1000.0,5,51,51021,Amélékia,RESTORE,4,1.0,,,,,0,7,5,,,,,1.0,,,,,1,,,,,4 9,,,,,2.0,,,,,0,0,0,1,1,1,0,1,1,1,1,0,1,0,0,1,1,50.0,,1.0,70.0
5,50.0,6,0,300.0,300.0,0.0,300.0,1.0,,,,,13.333333015441896,5,51,51021,Amélékia,RESTORE,1,2.0,,,,,0,1,5,,,,,11.0,,,,,1,,,,,,,,,,2.0,,,,,0,0,1,1,0,1,1,0,1,1,1,1,1,0,1,1,1,68.0,,0.0,6.0
6,4.0,4,10,1050.0,700.0,350.0,700.0,3.0,,,,,14.285714149475098,5,51,51021,Amélékia,RESTORE,4,1.0,,,,,0,5,4,,,,,10.0,,,,,1,,,,,,,,,,0.0,,,,,0,0,0,0,0,1,0,1,1,1,1,0,1,0,1,1,1,52.0,1.0,0.0,262.5
5,6.0,5,0,640.0,480.0,160.0,480.0,,,,,,1000.0,5,51,51021,Amélékia,RESTORE,4,1.0,,,,,0,2,4,,,,,9.0,,,,,1,,,,,1 5 11,,,,,2.0,,,,,0,0,1,1,0,1,0,1,1,0,1,1,0,0,0,1,1,42.0,1.0,1.0,106.66666666666667
2,31.0,6,0,4500.0,3600.0,900.0,3600.0,,,,,,900.0,5,51,51021,Amélékia,RESTORE,4,1.0,,,,,0,2,5,5,,,,9.0,9.0,,,,1,1.0,,,,,97,,,,3.0,3.0,,,,0,0,0,0,0,1,0,1,1,0,0,0,0,0,1,1,1,59.0,5.0,1.0,145.16129032258064
8,1.0,6,7,2080.0,1105.0,975.0,650.0,1.0,,,,,15.384614944458008,5,51,51021,Amélékia,RESTORE,4,1.0,,,,,0,5,5,,,,,1.0,,,,,1,,,,,,,,,,0.0,,,,,0,0,1,1,0,1,0,0,1,1,1,0,1,1,1,1,1,52.0,1.0,1.0,2080.0
2,5.0,2,0,540.0,480.0,60.0,480.0,5.0,,,,,800.0,5,51,51021,Amélékia,RESTORE,4,1.0,,,,,1,4,1 2,,,,,10.0,,,,,1,4.0,,,,,97,,,,0.0,0.0,,,,1,1,1,1,0,0,0,0,1,1,0,0,1,0,1,1,1,49.0,1.0,1.0,108.0
7,4.0,6,0,210.0,140.0,70.0,140.0,3.0,,,,,1000.0,5,51,51022,Anékouadiokro,RESTORE,1,4.0,,,,,1,5,4 5,,,,,10.0,,,,,1,,,,,,,,,,2.0,,,,,0,0,0,0,0,0,0,1,1,1,1,0,1,0,1,1,1,66.0,,0.0,52.5
11,3.5,4,0,160.0,80.0,80.0,80.0,1.0,,,,,1000.0,5,51,51022,Anékouadiokro,RESTORE,1,1.0,,,,,1,2,5,,,,,1.0,,,,,1,,,,,,,,,,0.0,,,,,0,0,0,0,0,1,0,1,1,1,1,1,1,1,1,1,1,52.0,,0.0,45.714285714285715
7,4.0,3,0,1330.0,1190.0,140.0,1190.0,2.0,,,,,800.0,5,51,51022,Anékouadiokro,RESTORE,97,2.0,,,,,0,2,5,,,,,8.0,,,,,1,1.0,,,,,97,,,,3.0,2.0,,,,0,0,1,1,0,1,1,1,1,1,1,0,1,1,1,1,1,41.0,,0.0,332.5
5,1.0,5,13,100.0,50.0,50.0,50.0,4.0,,,,,1000.0,5,51,51022,Anékouadiokro,RESTORE,1,4.0,,,,,0,3,4,,,,,10.0,,,,,1,,,,,11,,,,,3.0,,,,,0,0,0,0,0,1,0,0,1,1,1,0,1,1,0,1,1,65.0,1.0,1.0,100.0
15,11.5,6,0,2600.0,2000.0,600.0,,3.0,5.0,7.0,4.0,4.0,,5,51,51022,Anékouadiokro,RESTORE,0,2.0,5.0,7.0,4.0,4.0,0,5,4 5,4 5,,,,8.0,8.0,,,,1,1.0,,,,,,,,,2.0,2.0,,,,0,0,0,1,1,1,0,1,1,1,1,1,1,0,1,1,1,70.0,,0.0,226.08695652173913
10,6.0,6,7,750.0,600.0,150.0,600.0,2.0,,,,,13.333333015441896,5,51,51022,Anékouadiokro,RESTORE,0,2.0,,,,,0,5,5,,,,,9.0,,,,,1,,,,,,,,,,0.0,,,,,1,0,0,0,0,0,1,1,1,1,1,1,1,1,1,1,1,48.0,,0.0,125.0
7,2.5,6,0,654.5,423.5,231.0,423.5,2.0,,,,,1000.0,5,51,51022,Anékouadiokro,RESTORE,1,4.0,,,,,0,4,5,,,,,1.0,,,,,1,,,,,,,,,,3.0,,,,,0,0,0,0,0,1,1,1,1,1,1,0,1,1,1,1,1,43.0,3.0,0.0,261.8
9,26.0,4,13,1050.0,560.0,490.0,560.0,6.0,,,,,12.857142448425291,5,51,51022,Anékouadiokro,RESTORE,2,1.0,,,,,0,7,4 5,5,,,,9.0,9.0,11.0,,,1,1.0,1.0,,,,,9,,,0.0,2.0,0.0,,,0,0,0,0,0,1,0,1,1,1,1,1,1,1,1,1,1,72.0,2.0,1.0,40.38461538461539
7,4.5,3,6,600.0,450.0,150.0,450.0,1.0,,,,,1000.0,5,51,51022,Anékouadiokro,RESTORE,1,2.0,,,,,0,5,4,,,,,10.0,10.0,,,,1,1.0,1.0,,,,,,,,3.0,0.0,2.0,,,0,0,1,0,0,1,1,0,1,1,1,1,1,1,1,1,1,44.0,,1.0,133.33333333333334
8,3.0,5,6,280.0,175.0,105.0,175.0,1.0,,,,,900.0,5,51,51022,Anékouadiokro,RESTORE,1,4.0,,,,,0,5,4 5,,,,,1.0,,,,,1,,,,,,,,,,0.0,,,,,0,1,0,0,0,1,0,1,1,1,1,0,1,1,1,1,1,57.0,,1.0,93.33333333333333
7,4.5,4,0,375.0,225.0,150.0,225.0,2.0,,,,,13.333333015441896,5,51,51022,Anékouadiokro,RESTORE,1,2.0,,,,,0,3,5,,,,,97.0,,,,,1,,,,,,,,,,0.0,,,,,1,1,0,0,1,1,1,1,1,1,1,0,1,1,1,1,1,65.0,,1.0,83.33333333333333
2,1.5,6,0,280.0,280.0,0.0,280.0,2.0,,,,,1000.0,5,51,51022,Anékouadiokro,RESTORE,1,2.0,,,,,0,2,5,,,,,1.0,,,,,1,,,,,,,,,,2.0,,,,,0,0,0,0,0,1,0,1,1,1,1,0,1,0,1,1,1,52.0,,0.0,186.66666666666666
5,4.0,6,7,400.0,300.0,100.0,,3.0,,,,,,5,51,51022,Anékouadiokro,RESTORE,0,2.0,,,,,0,6,5,,,,,8.0,,,,,1,1.0,,,,,5,,,,2.0,2.0,,,,1,0,0,1,1,1,1,1,1,1,1,1,1,0,1,1,1,68.0,,0.0,100.0
7,2.5,6,0,210.0,210.0,0.0,210.0,97.0,,,,,14.285714149475098,5,51,51022,Anékouadiokro,RESTORE,4,1.0,,,,,0,1,4 5,,,,,9.0,,,,,1,,,,,,,,,,0.0,,,,,0,1,1,1,0,1,1,1,1,1,1,0,1,1,1,1,1,45.0,,0.0,84.0
8,5.0,3,7,406.0,236.0,170.0,,3.0,,,,,,5,51,51022,Anékouadiokro,RESTORE,1,2.0,,,,,0,7,5,,,,,10.0,,,,,1,,,,,,,,,,2.0,,,,,1,0,1,1,1,0,1,1,1,1,1,1,1,0,1,1,1,56.0,,0.0,81.2
12,5.0,4,6,280.0,210.0,70.0,210.0,3.0,,,,,1000.0,7,70,71003,Anougbakro,RESTORE,0,2.0,,,,,0,4,5,,,,,7.0,7.0,,,,1,1.0,,,,,,,,,2.0,2.0,,,,0,0,1,1,0,1,0,1,1,1,1,0,1,1,1,1,1,77.0,,0.0,56.0
5,7.0,6,0,539.0,308.0,231.0,308.0,3.0,,,,,1000.0,7,70,71003,Anougbakro,RESTORE,4,1.0,,,,,1,5,4 5,,,,,11.0,,,,,1,,,,,,,,,,2.0,,,,,0,0,1,0,0,0,0,1,1,1,1,0,1,0,1,1,1,59.0,,1.0,77.0
8,7.0,4,97,1260.0,700.0,560.0,700.0,1.0,,,,,900.0,7,70,71003,Anougbakro,RESTORE,0,2.0,,,,,0,3,5,5,5,,,4.0,,,,,1,2.0,2.0,,,,,,,,2.0,0.0,0.0,,,0,0,0,0,0,1,1,1,1,1,0,1,1,1,1,1,1,57.0,,1.0,180.0
12,10.5,6,0,350.0,245.0,105.0,245.0,1.0,,,,,900.0,7,70,71003,Anougbakro,RESTORE,4,3.0,,,,,0,1,5,,,,,9.0,9.0,9.0,9.0,,1,1.0,1.0,1.0,,,,97,97,,0.0,0.0,2.0,0.0,,0,0,0,1,0,1,0,1,1,1,1,1,1,0,1,1,1,55.0,1.0,1.0,33.333333333333336
6,9.0,6,7,770.0,560.0,210.0,560.0,1.0,,,,,900.0,7,70,71003,Anougbakro,RESTORE,4,1.0,,,,,0,4,5,5,,,,10.0,10.0,,,,1,1.0,,,,,,,,,0.0,2.0,,,,0,0,0,1,0,0,0,1,1,1,1,1,1,0,1,1,1,57.0,1.0,1.0,85.55555555555556
11,7.0,6,0,480.0,400.0,80.0,400.0,1.0,,,,,875.0,7,70,71003,Anougbakro,RESTORE,0,2.0,,,,,0,1,5,5,5,,,10.0,10.0,11.0,,,1,1.0,1.0,,,,,,,,0.0,3.0,0.0,,,0,0,1,1,0,1,0,1,1,1,1,0,1,0,1,1,1,61.0,,0.0,68.57142857142857
8,3.0,2,0,560.0,210.0,350.0,210.0,2.0,,,,,1000.0,7,71,71003,Anougbakro,RESTORE,0,2.0,,,,,0,5,4,,,,,,,,,,2,,,,,,,,,,0.0,,,,,1,0,1,1,0,0,0,1,0,0,0,1,1,1,1,1,1,61.0,,0.0,186.66666666666666
4,4.0,5,6,350.0,210.0,140.0,210.0,3.0,,,,,1000.0,7,70,71003,Anougbakro,RESTORE,0,2.0,,,,,0,6,5,,,,,10.0,8.0,,,,1,1.0,,,,,97,,,,2.0,2.0,,,,0,0,1,0,0,1,0,1,1,1,1,1,1,0,0,1,1,50.0,3.0,1.0,87.5
6,4.5,4,97,552.5,340.0,212.5,340.0,1.0,,,,,900.0,7,70,71003,Anougbakro,RESTORE,0,2.0,,,,,0,5,5,,,,,10.0,97.0,,,,1,1.0,,,,,97,,,,0.0,0.0,,,,0,1,0,1,0,0,0,1,1,0,0,1,1,0,1,1,1,39.0,1.0,1.0,122.77777777777777
2,5.5,2,0,400.0,240.0,160.0,240.0,,,,,,12.5,7,70,71003,Anougbakro,RESTORE,4,1.0,,,,,0,4,4,4,,,,10.0,10.0,,,,1,1.0,,,,97,,,,,0.0,3.0,,,,0,1,0,0,0,1,1,1,1,1,1,1,0,1,1,1,1,55.0,3.0,1.0,72.72727272727273
6,12.0,6,13,1224.0,792.0,432.0,792.0,2.0,,,,,1000.0,7,70,71003,Anougbakro,RESTORE,4,4.0,,,,,0,5,5,,,,,1.0,,,,,1,,,,,,,,,,0.0,,,,,0,1,1,0,0,1,0,1,1,1,1,0,1,0,1,1,1,72.0,2.0,1.0,102.0
6,6.5,6,0,1260.0,1050.0,210.0,1050.0,2.0,,,,,12.857142448425291,7,70,71003,Anougbakro,RESTORE,97,2.0,,,,,0,5,3 4 5,4,,,,10.0,11.0,,,,1,1.0,,,,,,,,,0.0,0.0,,,,0,0,0,0,1,1,1,1,1,1,1,1,1,1,1,1,1,60.0,1.0,1.0,193.84615384615384
4,3.5,3,0,2170.0,1960.0,210.0,1960.0,1.0,,,,,900.0,5,51,51017,Appoisso,RESTORE,0,2.0,,,,,0,5,5,,,,,10.0,,,,,1,,,,,,,,,,0.0,,,,,0,1,0,1,1,1,0,1,1,0,1,1,1,0,1,1,1,45.0,6.0,1.0,620.0
6,22.0,2,0,5145.0,4700.0,445.0,,3.0,,,,,,5,51,51017,Appoisso,RESTORE,4,1.0,,,,,1,6,5,,,,,10.0,,,,,1,,,,,,,,,,2.0,,,,,0,0,0,1,0,0,0,1,1,0,1,0,1,0,1,1,1,66.0,3.0,0.0,233.86363636363637
11,8.5,5,0,1080.0,900.0,180.0,900.0,1.0,,,,,1000.0,5,51,51017,Appoisso,RESTORE,0,2.0,,,,,0,5,5,4 5,,,,10.0,10.0,,,,1,1.0,,,,,,,,,3.0,3.0,,,,0,1,0,1,0,1,1,1,1,0,0,0,1,1,1,1,1,46.0,1.0,0.0,127.05882352941177
8,6.0,6,0,2070.0,900.0,1170.0,900.0,3.0,,,,,11.11111068725586,5,51,51017,Appoisso,RESTORE,0,1.0,,,,,0,7,4 5,4 5,,,,8.0,7.0,,,,4,4.0,,,,,,,,,0.0,0.0,,,,0,0,0,0,0,1,1,1,1,0,1,0,1,1,1,1,1,45.0,,0.0,345.0
2,1.5,4,0,280.0,240.0,40.0,240.0,3.0,,,,,12.5,5,51,51017,Appoisso,RESTORE,0,2.0,,,,,0,3,4,,,,,10.0,,,,,4,,,,,,,,,,0.0,,,,,0,0,0,0,0,1,1,1,1,0,1,0,1,0,1,1,1,40.0,,1.0,186.66666666666666
5,6.0,4,1,280.0,210.0,70.0,210.0,6.0,,,,,14.285714149475098,5,51,51029,Assakro,RESTORE,0,2.0,,,,,1,5,4,,,,,8.0,,,,,4,,,,,,,,,,2.0,,,,,0,0,0,1,1,0,0,1,1,1,1,0,1,0,1,1,1,51.0,,0.0,46.666666666666664
4,5.0,6,0,1760.0,1600.0,160.0,1600.0,1.0,,,,,1000.0,5,51,51029,Assakro,RESTORE,0,2.0,,,,,0,2,4,4,3 4,,,8.0,8.0,8.0,,,4,4.0,4.0,,,,,,,,0.0,2.0,0.0,,,1,0,0,1,0,1,0,0,1,0,0,0,1,1,1,1,1,56.0,,0.0,352.0
5,1.2300000190734863,3,0,1040.0,560.0,480.0,560.0,1.0,,,,,1000.0,5,51,51029,Assakro,RESTORE,0,2.0,,,,,0,6,5,,,,,6.0,,,,,4,1.0,,,,,97,,,,2.0,2.0,,,,0,0,0,1,0,1,1,1,1,1,1,1,1,1,1,1,1,43.0,1.0,0.0,845.5284421730283
7,2.75,5,0,650.0,500.0,150.0,500.0,1.0,,,,,1000.0,5,51,51029,Assakro,RESTORE,0,2.0,,,,,0,5,4 5,4 5,,,,4.0,4.0,4.0,,,4,4.0,4.0,,,,,,,,0.0,2.0,2.0,,,0,0,1,1,1,1,0,0,1,0,1,0,1,0,1,1,0,60.0,,0.0,236.36363636363637
8,2.5,5,0,400.0,240.0,160.0,240.0,1.0,,,,,1000.0,5,51,51029,Assakro,RESTORE,0,2.0,,,,,0,3,4,,,,,8.0,5.0,,,,4,4.0,,,,,11,,,,0.0,2.0,,,,0,1,0,1,1,1,0,0,1,1,1,0,1,1,1,1,1,48.0,1.0,0.0,160.0
3,2.0,4,0,1200.0,960.0,240.0,960.0,1.0,,,,,1000.0,5,51,51029,Assakro,RESTORE,0,2.0,,,,,0,2,4 5,,,,,,,,,,4,,,,,,,,,,0.0,,,,,0,0,0,0,0,1,0,0,0,1,1,1,1,0,1,1,1,57.0,1.0,0.0,600.0
10,15.5,6,0,6000.0,4000.0,2000.0,,1.0,,,,,,5,51,51029,Assakro,RESTORE,0,2.0,,,,,0,4,5,5,5,,,10.0,6.0,10.0,10.0,10.0,4,4.0,4.0,4.0,4.0,,,,11,11,0.0,0.0,0.0,2.0,2.0,0,0,1,1,0,1,0,0,1,1,1,1,1,1,1,1,1,36.0,,1.0,387.0967741935484
8,6.0,4,0,960.0,720.0,240.0,720.0,1.0,,,,,1000.0,5,51,51029,Assakro,RESTORE,0,1.0,,,,,0,2,5,5,,,,,,,,,4,4.0,,,,,,,,,2.0,2.0,,,,0,0,0,0,0,1,0,0,0,1,1,0,1,0,1,1,1,58.0,,0.0,160.0
6,6.0,3,0,700.0,490.0,210.0,490.0,4.0,,,,,1000.0,5,51,51029,Assakro,RESTORE,4,3.0,,,,,0,5,5,4,,,,,,,,,1,1.0,,,,,,,,,2.0,2.0,,,,0,1,1,1,0,1,0,1,0,0,0,1,1,0,1,1,1,42.0,1.0,0.0,116.66666666666667
11,16.0,6,0,5915.0,4940.0,975.0,4940.0,1.0,,,,,1000.0,5,51,51029,Assakro,RESTORE,0,2.0,,,,,0,8,3,,,,,8.0,8.0,,,,4,4.0,,,,,,,,,2.0,2.0,,,,0,0,0,0,0,0,0,1,1,1,1,0,1,1,1,1,1,56.0,,0.0,369.6875
2,13.0,6,1,3100.0,2500.0,600.0,,6.0,,,,,,5,51,51029,Assakro,RESTORE,4,2.0,,,,,0,5,4,,,,,5.0,5.0,,,,1,1.0,,,,,,,,,2.0,2.0,,,,0,0,0,1,0,0,1,1,1,0,1,1,1,0,1,1,1,71.0,,0.0,238.46153846153845
2,6.0,6,9,450.0,300.0,150.0,300.0,2.0,,,,,900.0,5,51,51030,Assémanou,RESTORE,4,1.0,,,,,1,6,97,,,,,9.0,9.0,,,,1,1.0,,,,10,6,,,,2.0,2.0,,,,0,0,1,0,0,0,0,1,1,1,1,0,1,1,0,1,1,74.0,,1.0,75.0
5,7.0,2,0,1190.0,490.0,700.0,490.0,1.0,,,,,900.0,5,51,51030,Assémanou,RESTORE,0,2.0,,,,,0,5,4 5,,,,,,2.0,,,,4,1.0,,,,,97,,,,0.0,0.0,,,,0,0,1,1,1,1,1,1,1,0,0,0,1,0,1,1,1,51.0,,0.0,170.0
6,2.5,6,1,175.0,105.0,70.0,,6.0,,,,,,5,51,51030,Assémanou,RESTORE,0,2.0,,,,,0,5,97,,,,,8.0,,,,,1,,,,,,,,,,2.0,,,,,0,1,1,0,0,1,1,1,1,1,0,0,1,0,1,1,1,69.0,,0.0,70.0
5,9.0,6,0,360.0,240.0,120.0,240.0,2.0,,,,,900.0,5,51,51030,Assémanou,RESTORE,0,2.0,,,,,0,5,5,,,,,10.0,10.0,,,,4,4.0,,,,4,,,,,2.0,2.0,,,,0,0,0,0,1,1,1,1,1,0,1,0,1,1,1,1,1,53.0,,1.0,40.0
7,0.0,4,97,240.0,240.0,0.0,240.0,1.0,,,,,900.0,5,51,51030,Assémanou,RESTORE,97,2.0,,,,,0,1,5,5,,,,3.0,1.0,,,,1,1.0,,,,,3,,,,0.0,0.0,,,,0,0,0,0,0,1,0,0,1,0,0,0,1,1,1,1,1,70.0,,0.0,inf
10,10.0,5,0,1300.0,800.0,500.0,,1.0,,,,,,5,51,51030,Assémanou,RESTORE,4,2.0,,,,,0,5,,4,,,,9.0,9.0,,,,1,1.0,,,,97,,,,,0.0,0.0,,,,0,0,0,0,0,1,1,1,1,1,1,0,1,1,1,1,1,44.0,1.0,1.0,130.0
6,3.5,5,0,315.0,245.0,70.0,245.0,2.0,,,,,900.0,5,51,51030,Assémanou,RESTORE,0,2.0,,,,,0,3,5,,,,,1.0,1.0,,,,1,1.0,,,,,,,,,0.0,0.0,,,,0,1,1,1,1,0,0,0,1,1,1,0,1,1,1,1,1,41.0,,1.0,90.0
7,0.0,4,0,600.0,500.0,100.0,,,,,,,,5,51,51030,Assémanou,RESTORE,97,2.0,,,,,0,1,5,,,,,,,,,,4,,,,,,,,,,0.0,,,,,0,0,0,0,0,1,0,0,0,0,0,0,0,0,1,1,1,50.0,,1.0,inf
5,6.0,6,0,240.0,180.0,60.0,180.0,2.0,,,,,1000.0,5,51,51030,Assémanou,RESTORE,0,2.0,,,,,0,5,4,,,,,10.0,10.0,,,,1,1.0,,,,,,,,,0.0,2.0,,,,0,1,0,1,1,0,0,0,1,1,1,1,1,1,1,1,1,60.0,,0.0,40.0
8,2.5,5,7,682.5,520.0,162.5,520.0,2.0,,,,,750.0,5,51,51030,Assémanou,RESTORE,0,2.0,,,,,0,8,4,,,,,8.0,,,,,4,,,,,,,,,,0.0,,,,,0,0,1,1,0,1,0,0,1,1,1,1,1,1,1,1,1,72.0,,0.0,273.0
6,3.0,3,1,700.0,420.0,280.0,420.0,6.0,,,,,1000.0,5,51,51030,Assémanou,RESTORE,0,2.0,,,,,0,5,4,,,,,4.0,,,,,4,,,,,,,,,,2.0,,,,,0,1,1,0,0,1,0,1,1,1,1,0,1,0,1,1,1,54.0,,0.0,233.33333333333334
10,3.0,6,97,80.0,45.0,35.0,,6.0,,,,,,7,71,71007,Bassadzin,RESTORE,4,1.0,,,,,1,5,97,,,,,10.0,,,,,1,,,,,,,,,,0.0,,,,,0,0,0,0,0,0,0,0,1,1,1,0,1,0,1,1,1,46.0,3.0,1.0,26.666666666666668
6,0.5,4,0,70.0,70.0,0.0,70.0,97.0,,,,,1000.0,7,71,71007,Bassadzin,RESTORE,4,1.0,,,,,1,6,97,,,,,10.0,,,,,1,,,,,97,,,,,0.0,,,,,0,0,0,0,0,1,1,0,1,1,1,0,1,0,0,1,0,61.0,1.0,0.0,140.0
6,4.0,6,10,478.0,458.0,20.0,,1.0,,,,,,7,71,71007,Bassadzin,RESTORE,4,1.0,,,,,0,3,4,,,,,1.0,,,,,1,,,,,,,,,,2.0,,,,,0,0,1,1,0,1,1,0,1,1,1,1,1,0,1,1,1,64.0,1.0,1.0,119.5
8,1.5,2,97,27.0,17.0,10.0,,,,,,,,7,71,71005,Biasso,RESTORE,4,1.0,,,,,1,5,97,,,,,10.0,10.0,,,,1,1.0,,,,2,,,,,0.0,0.0,,,,1,0,0,1,0,0,1,0,1,1,1,0,0,0,1,1,0,55.0,3.0,1.0,18.0
10,4.5,5,0,643.0,500.0,143.0,,1.0,,,,,,7,71,71005,Biasso,RESTORE,4,1.0,,,,,0,1,5,,,,,10.0,10.0,10.0,,,1,1.0,1.0,,,,97,97,,,0.0,0.0,0.0,,,0,0,0,1,0,0,0,0,1,1,1,1,1,0,1,1,1,32.0,6.0,1.0,142.88888888888889
7,2.5,5,97,262.5,225.0,37.5,225.0,97.0,,,,,13.333333015441896,7,71,71005,Biasso,RESTORE,4,3.0,,,,,0,1,5,,,,,10.0,10.0,10.0,,,1,1.0,1.0,,,2 11,97,97,,,0.0,0.0,0.0,,,0,0,0,1,0,1,1,0,1,1,1,1,1,0,0,1,1,48.0,1.0,1.0,105.0
9,2.0,6,0,200.0,200.0,0.0,200.0,1.0,,,,,1000.0,7,76,71004,Bokakokoré,RESTORE,4,1.0,,,,,1,2,5,,,,,10.0,,,,,1,,,,,,,,,,2.0,,,,,0,0,0,0,0,0,0,1,1,1,1,0,1,0,1,1,1,72.0,,1.0,100.0
4,2.5,4,0,350.0,210.0,140.0,210.0,1.0,,,,,1000.0,7,76,71004,Bokakokoré,RESTORE,4,1.0,,,,,1,1,5,5,,,,,,,,,1,1.0,,,,,,,,,2.0,0.0,,,,0,0,0,0,1,1,0,0,0,1,0,0,1,0,1,1,1,32.0,1.0,1.0,140.0
6,1.0,4,13,245.0,175.0,70.0,175.0,1.0,,,,,850.0,7,76,71004,Bokakokoré,RESTORE,4,1.0,,,,,1,3,5,,,,,,,,,,1,,,,,,,,,,2.0,,,,,0,1,0,0,0,1,0,0,0,0,1,0,1,0,1,1,0,42.0,,1.0,245.0
5,2.5,3,6,425.0,340.0,85.0,340.0,1.0,,,,,1000.0,7,76,71004,Bokakokoré,RESTORE,4,1.0,,,,,1,5,4,4 5,,,,10.0,9.0,,,,1,1.0,,,,,97,,,,0.0,0.0,,,,0,0,0,1,0,1,0,0,1,1,1,0,1,0,1,1,1,46.0,1.0,1.0,170.0
8,5.0,6,4 9 10,630.0,630.0,0.0,630.0,6.0,,,,,800.0,7,76,71004,Bokakokoré,RESTORE,4,1.0,,,,,1,8,5,,,,,10.0,10.0,10.0,10.0,,1,1.0,1.0,1.0,,11,,,,,2.0,2.0,2.0,2.0,,0,0,0,0,0,0,0,1,1,1,0,0,1,0,1,1,1,57.0,1.0,1.0,126.0
6,3.0,6,0,1080.0,900.0,180.0,900.0,1.0,,,,,1000.0,7,76,71004,Bokakokoré,RESTORE,3,1.0,,,,,0,3,5,5,,,,,1.0,,,,1,1.0,,,,,,,,,2.0,0.0,,,,0,1,1,1,1,1,0,1,1,1,1,0,1,0,1,1,1,32.0,1.0,1.0,360.0
10,4.800000190734863,6,12,1305.0,945.0,360.0,945.0,1.0,,,,,1000.0,7,76,71004,Bokakokoré,RESTORE,4,1.0,,,,,0,6,5,5,5,,,9.0,1.0,1.0,,,1,1.0,1.0,,,5 11,1 11,1 11,,,2.0,2.0,2.0,,,0,0,0,0,0,1,0,0,1,1,1,0,1,0,0,1,1,55.0,1.0,1.0,271.8749891966586
5,2.5,5,0,640.0,480.0,160.0,480.0,1.0,,,,,1000.0,7,76,71004,Bokakokoré,RESTORE,4,1.0,,,,,0,6,4,4,,,,9.0,9.0,9.0,,,1,1.0,1.0,,,,,,,,0.0,0.0,2.0,,,1,0,1,1,1,0,0,1,1,0,0,0,1,0,1,1,1,58.0,,1.0,256.0
13,4.5,6,13,6790.0,5880.0,910.0,5880.0,1.0,,,,,1000.0,7,76,71004,Bokakokoré,RESTORE,4,1.0,,,,,0,5,5,5,,,,,,,,,1,1.0,,,,,,,,,0.0,0.0,,,,1,1,1,1,1,1,0,0,0,0,0,0,1,1,1,1,1,61.0,,1.0,1508.888888888889
5,2.0,6,0,910.0,700.0,210.0,700.0,1.0,,,,,1000.0,7,76,71004,Bokakokoré,RESTORE,4,1.0,,,,,0,5,5,,,,,,,,,,1,,,,,,,,,,0.0,,,,,0,1,0,1,0,1,0,0,0,0,1,1,1,0,1,1,1,50.0,3.0,0.0,455.0
6,5.0,5,0,902.5,760.0,142.5,760.0,1.0,,,,,1000.0,7,76,71004,Bokakokoré,RESTORE,4,1.0,,,,,0,5,3 4,,,,,9.0,9.0,,,,1,1.0,,,,,97,,,,0.0,0.0,,,,0,1,0,1,0,0,0,0,1,1,0,1,1,0,1,1,1,42.0,9.0,1.0,180.5
1,6.0,6,0,720.0,450.0,270.0,450.0,1.0,,,,,1000.0,7,76,71004,Bokakokoré,RESTORE,0,1.0,,,,,0,4,3,,,,,6.0,,,,,4,,,,,,,,,,0.0,,,,,0,1,0,1,0,0,0,0,1,1,1,1,1,0,1,1,1,48.0,1.0,0.0,120.0
5,3.0,6,3,380.0,280.0,100.0,,1.0,,,,,,7,76,71004,Bokakokoré,RESTORE,3,2.0,,,,,0,5,5,,,,,10.0,,,,,4,,,,,,,,,,2.0,,,,,0,0,0,0,0,0,0,1,1,1,1,1,1,0,1,1,1,44.0,1.0,1.0,126.66666666666667
3,5.150000095367432,6,0,1600.0,1440.0,160.0,1440.0,1.0,,,,,1000.0,7,76,71004,Bokakokoré,RESTORE,4,1.0,,,,,0,5,5,5,5,,,9.0,9.0,1.0,,,1,1.0,1.0,,,,,,,,0.0,0.0,0.0,,,1,0,0,1,0,0,0,1,1,0,0,0,1,0,1,1,1,50.0,1.0,0.0,310.67960589733667
7,2.0,4,0,560.0,400.0,160.0,400.0,1.0,,,,,1000.0,7,76,71004,Bokakokoré,RESTORE,3,2.0,,,,,0,3,4,,,,,,,,,,2,,,,,,,,,,0.0,,,,,1,1,0,1,1,1,0,1,0,0,0,0,1,0,1,1,1,46.0,1.0,0.0,280.0
4,2.0,6,0,400.0,400.0,0.0,400.0,1.0,,,,,1000.0,5,51,51037,Borobo,RESTORE,4,2.0,,,,,1,3,2,,,,,9.0,,,,,1,,,,,,,,,,0.0,,,,,0,0,1,0,0,1,0,0,1,1,0,0,1,1,1,1,1,42.0,,1.0,200.0
4,1.0,6,6,105.0,70.0,35.0,70.0,4.0,,,,,1000.0,5,51,51037,Borobo,RESTORE,4,1.0,,,,,1,5,2,,,,,4.0,,,,,1,,,,,,,,,,1.0,,,,,0,0,0,1,0,1,0,1,1,1,1,0,1,1,1,1,0,50.0,3.0,0.0,105.0
5,4.0,6,9,320.0,240.0,80.0,240.0,4.0,,,,,1000.0,5,51,51037,Borobo,RESTORE,4,1.0,,,,,1,2,2,,,,,10.0,10.0,,,,1,1.0,,,,,,,,,1.0,1.0,,,,0,0,0,0,0,0,0,1,1,0,0,0,1,0,1,1,1,56.0,1.0,0.0,80.0
3,4.0,4,6 11,1020.0,680.0,340.0,680.0,2.0,,,,,11.764705657958984,5,51,51037,Borobo,RESTORE,4,1.0,,,,,1,5,5,,,,,1.0,,1.0,,,1,1.0,1.0,,,,1,1,,,0.0,0.0,0.0,,,0,0,0,1,0,0,1,0,1,0,1,0,1,0,1,1,1,78.0,,1.0,255.0
8,4.0,6,0,280.0,200.0,80.0,,5.0,,,,,,5,51,51037,Borobo,RESTORE,4,1.0,,,,,1,5,2,2,,,,1.0,1.0,,,,1,1.0,,,,,,,,,0.0,0.0,,,,1,0,1,1,1,1,0,1,1,1,0,0,1,0,1,1,1,57.0,1.0,1.0,70.0
6,4.0,6,12,320.0,240.0,80.0,240.0,,,,,,12.5,5,51,51037,Borobo,RESTORE,97,2.0,,,,,0,4,2,97,2 97,,,1.0,1.0,1.0,1.0,,1,1.0,1.0,1.0,,1,1,1,1,,2.0,3.0,2.0,2.0,,0,0,0,1,1,1,1,0,1,1,1,0,0,0,0,1,1,80.0,,0.0,80.0
10,10.0,3,0,5600.0,5000.0,600.0,,97.0,,,,,,5,51,51037,Borobo,RESTORE,0,2.0,,,,,0,5,2,2,,,,10.0,10.0,10.0,10.0,10.0,4,4.0,4.0,4.0,4.0,,,97,97,97,0.0,0.0,0.0,0.0,0.0,1,0,0,1,0,1,1,0,1,1,1,1,1,1,1,1,1,36.0,5.0,1.0,560.0
8,5.0,4,0,765.0,540.0,225.0,540.0,2.0,,,,,11.11111068725586,5,51,51037,Borobo,RESTORE,97,2.0,,,,,0,6,5,,,,,10.0,10.0,10.0,10.0,,4,4.0,4.0,4.0,,,,97,97,,0.0,0.0,3.0,0.0,,0,1,0,1,1,1,1,0,1,1,1,0,1,0,1,1,1,51.0,,0.0,153.0
8,7.0,6,6,490.0,420.0,70.0,420.0,3.0,,,,,14.285714149475098,5,51,51037,Borobo,RESTORE,4,1.0,,,,,0,5,97,,,,,8.0,4.0,,,,1,2.0,,,,,97,,,,3.0,0.0,,,,1,0,0,1,0,1,0,1,1,0,1,0,1,1,1,1,1,57.0,,0.0,70.0
15,39.0,6,0,1280.0,1040.0,240.0,1040.0,1.0,6.0,5.0,5.0,8.0,11.25,5,51,51037,Borobo,RESTORE,97,2.0,6.0,5.0,5.0,8.0,0,4,5,,,,,1.0,1.0,1.0,1.0,,4,4.0,4.0,1.0,,,,97,97,,0.0,0.0,0.0,3.0,,0,1,0,0,1,1,1,1,1,1,1,0,1,1,1,1,1,67.0,,1.0,32.82051282051282
5,5.0,6,0,500.0,400.0,100.0,,2.0,,,,,,5,51,51037,Borobo,RESTORE,4,1.0,,,,,0,7,2,,,,,8.0,,,,,1,,,,,,,,,,0.0,,,,,1,0,1,0,1,1,0,1,1,0,0,1,1,1,1,1,1,58.0,,0.0,100.0
7,20.0,5,0,1500.0,1000.0,500.0,,1.0,,,,,,5,51,51037,Borobo,RESTORE,1,2.0,,,,,0,4,5,,,,,1.0,1.0,,,,4,4.0,,,,,97,,,,0.0,0.0,,,,0,0,0,1,0,1,1,1,1,0,0,0,1,0,1,1,1,52.0,,1.0,75.0
10,4.699999809265137,4,0,490.0,280.0,210.0,280.0,5.0,,,,,14.285714149475098,5,51,51037,Borobo,RESTORE,97,2.0,,,,,0,1,5,,,,,,,,,,1,,,,,,,,,,0.0,,,,,0,0,0,1,1,1,0,1,0,1,1,0,1,1,1,1,1,55.0,,0.0,104.2553233798138
13,7.0,6,0,2725.0,2500.0,225.0,,2.0,,,,,,5,51,51037,Borobo,RESTORE,1,2.0,,,,,0,5,5,,,,,1.0,1.0,,,,4,4.0,,,,,97,,,,0.0,0.0,,,,0,0,0,1,1,1,1,1,1,0,1,0,1,0,1,1,1,55.0,1.0,0.0,389.2857142857143
7,2.5,5,5,900.0,800.0,100.0,800.0,2.0,,,,,10.0,5,51,51037,Borobo,RESTORE,3,2.0,,,,,0,6,3 97,,,,,97.0,5.0,,,,4,1.0,,,,,97,,,,2.0,3.0,,,,0,1,1,1,1,1,0,1,1,1,0,1,1,1,1,1,1,77.0,97.0,0.0,360.0
5,2.0,6,6,280.0,210.0,70.0,210.0,1.0,,,,,1000.0,5,51,51031,Dallo,RESTORE,4,1.0,,,,,1,4,4,4,,,,97.0,97.0,,,,1,1.0,,,,,,,,,2.0,2.0,,,,0,1,0,1,0,1,1,1,1,1,1,1,1,1,1,1,0,61.0,1.0,0.0,140.0
2,1.2000000476837158,5,0,135.0,110.0,25.0,,2.0,,,,,,5,51,51031,Dallo,RESTORE,4,1.0,,,,,1,7,5,5,,,,10.0,9.0,,,,1,1.0,,,,11,3,,,,2.0,2.0,,,,0,0,0,0,0,0,0,0,1,1,0,1,1,1,0,1,0,4.0,2.0,0.0,112.49999552965181
11,2.0,6,7,770.0,560.0,210.0,560.0,1.0,,,,,1000.0,5,51,51031,Dallo,RESTORE,4,1.0,,,,,1,3,4,,,,,10.0,,,,,1,,,,,,,,,,0.0,,,,,1,1,1,1,1,0,0,0,1,1,0,0,1,1,1,1,1,67.0,,1.0,385.0
13,1.0,4,1,910.0,700.0,210.0,700.0,6.0,,,,,1000.0,5,51,51031,Dallo,RESTORE,3,4.0,,,,,0,4,4,,,,,8.0,,,,,1,,,,,,,,,,2.0,,,,,1,1,0,1,0,1,1,0,1,1,1,0,1,0,1,1,0,42.0,,0.0,910.0
5,3.5,4,0,280.0,160.0,120.0,160.0,1.0,,,,,900.0,5,51,51031,Dallo,RESTORE,0,2.0,,,,,0,2,5,,,,,8.0,,,,,1,4.0,,,,,97,,,,0.0,0.0,,,,0,1,1,1,0,1,1,0,1,1,1,1,1,1,1,1,1,38.0,,0.0,80.0
3,0.0,6,97,1235.0,910.0,325.0,910.0,1.0,,,,,1000.0,5,51,51031,Dallo,RESTORE,97,1.0,,,,,0,4,5,,,,,,,,,,4,,,,,97,,,,,0.0,,,,,0,0,0,0,0,1,0,1,0,0,0,0,1,0,0,1,1,61.0,,0.0,inf
6,0.0,5,0,320.0,240.0,80.0,240.0,1.0,,,,,900.0,5,51,51031,Dallo,RESTORE,97,2.0,,,,,0,3,5,,,,,,,,,,4,,,,,,,,,,0.0,,,,,0,1,0,1,0,1,1,1,0,1,1,1,1,1,1,1,1,45.0,,1.0,inf
7,3.0,4,0,360.0,240.0,120.0,240.0,1.0,,,,,1000.0,5,51,51031,Dallo,RESTORE,3,1.0,,,,,0,5,5,,,,,2.0,2.0,,,,4,4.0,4.0,,,,,97,,,0.0,0.0,2.0,,,0,1,0,1,1,1,1,0,1,1,0,0,1,1,1,1,0,46.0,,0.0,120.0
6,0.0,6,0,1275.0,900.0,375.0,900.0,1.0,,,,,1000.0,5,51,51031,Dallo,RESTORE,4,4.0,,,,,0,5,5,5,,,,,,,,,1,1.0,,,,97,,,,,2.0,0.0,,,,0,1,1,0,0,1,0,0,0,1,1,1,1,0,1,1,1,56.0,,1.0,inf
3,5.0,5,97,1200.0,900.0,300.0,900.0,1.0,,,,,1000.0,5,51,51031,Dallo,RESTORE,4,2.0,,,,,0,5,5,5,,,,10.0,10.0,10.0,,,1,1.0,1.0,,,,,97,,,0.0,0.0,0.0,,,0,1,1,1,1,0,1,0,1,1,1,1,1,1,1,1,1,41.0,6.0,1.0,240.0
5,0.0,2,97,700.0,500.0,200.0,,6.0,,,,,,5,51,51031,Dallo,RESTORE,4,1.0,,,,,0,5,5,,,,,,,,,,1,,,,,,,,,,2.0,,,,,1,0,0,1,1,1,0,0,0,1,1,0,1,0,1,1,1,45.0,3.0,1.0,inf
7,4.0,5,8,720.0,480.0,240.0,480.0,2.0,,,,,900.0,5,51,51031,Dallo,RESTORE,0,2.0,,,,,0,3,4 5,3 5,,,,10.0,10.0,,,,4,4.0,,,,,11 97,,,,2.0,2.0,,,,0,0,0,0,0,1,1,1,1,1,1,0,1,1,1,1,1,49.0,,1.0,180.0
6,5.0,6,0,450.0,375.0,75.0,375.0,1.0,,,,,800.0,5,51,51031,Dallo,RESTORE,0,2.0,,,,,0,3,5,,,,,10.0,97.0,,,,4,4.0,,,,,97,,,,0.0,3.0,,,,0,1,0,0,0,1,1,0,1,1,0,0,1,1,1,1,1,43.0,,1.0,90.0
3,5.0,2,0,500.0,300.0,200.0,,,,,,,,4,41,41026,DEBLABLAI,RESTORE,0,2.0,,,,,0,5,5,,,,,8.0,6.0,,,,4,4.0,,,,,,,,,0.0,0.0,,,,1,0,1,1,0,1,1,1,1,1,1,0,0,1,1,1,1,49.0,,0.0,100.0
7,6.0,1,97,1395.0,990.0,405.0,990.0,2.0,,,,,1000.0,4,41,41026,DEBLABLAI,RESTORE,0,1.0,,,,,0,4,5 97,2 3 5,2 3 5,3 5,,5.0,8.0,8.0,,,2,4.0,4.0,4.0,4.0,,,,,97,1.0,0.0,0.0,0.0,0.0,1,0,1,1,1,1,0,1,1,1,1,0,1,1,1,1,1,38.0,5.0,0.0,232.5
7,4.0,3,0,240.0,160.0,80.0,160.0,2.0,,,,,12.5,4,41,41026,DEBLABLAI,RESTORE,0,2.0,,,,,0,5,5,,,,,8.0,,,,,4,,,,,,,,,,0.0,,,,,1,0,1,1,1,1,0,0,1,1,1,1,1,1,0,1,1,60.0,,0.0,60.0
7,4.0,3,0,630.0,360.0,270.0,360.0,,,,,,900.0,4,41,41026,DEBLABLAI,RESTORE,0,1.0,,,,,0,4,5,5,,,,8.0,,,,,4,2.0,,,,,97,,,,0.0,0.0,,,,1,0,1,1,1,1,0,0,1,0,1,0,0,1,1,1,1,36.0,1.0,0.0,157.5
6,3.0,1,0,900.0,600.0,300.0,600.0,2.0,,,,,1000.0,4,41,41026,DEBLABLAI,RESTORE,0,2.0,,,,,0,4,5,5,,,,11.0,8.0,,,,4,4.0,,,,,,,,,0.0,0.0,,,,1,0,1,1,0,1,0,1,1,1,1,1,1,1,1,1,1,36.0,1.0,0.0,300.0
4,3.5,3,0,2500.0,1500.0,1000.0,,1.0,,,,,,4,41,41026,DEBLABLAI,RESTORE,0,2.0,,,,,0,4,2 5,,,,,97.0,,,,,4,4.0,,,,,8,,,,0.0,3.0,,,,1,0,1,1,1,1,0,1,1,1,1,0,1,1,1,1,1,36.0,1.0,1.0,714.2857142857143
4,32.0,2,97,765.0,510.0,255.0,510.0,,,,,,1000.0,4,41,41026,DEBLABLAI,RESTORE,2,1.0,,,,,0,4,4 5,,,4 5,,10.0,10.0,10.0,10.0,,1,1.0,1.0,1.0,,,97,97,,,0.0,0.0,0.0,0.0,,1,0,0,1,1,1,0,0,1,0,1,0,0,0,1,1,1,42.0,1.0,1.0,23.90625
4,5.5,4,0,1500.0,500.0,1000.0,,,,,,,,4,41,41026,DEBLABLAI,RESTORE,3,2.0,,,,,0,4,5,5,,,,6.0,8.0,,,,4,4.0,,,,3,1,,,,2.0,0.0,,,,1,0,1,1,0,1,1,1,1,1,1,0,0,1,0,1,1,50.0,,0.0,272.72727272727275
7,5.0,2,0,400.0,240.0,160.0,240.0,2.0,,,,,1000.0,4,41,41026,DEBLABLAI,RESTORE,0,2.0,,,,,0,5,2,4,,,,8.0,,,,,4,2.0,,,,,,,,,0.0,0.0,,,,1,0,1,1,1,1,0,0,1,1,1,0,1,1,1,1,1,40.0,,0.0,80.0
7,7.0,3,0,315.0,175.0,140.0,175.0,97.0,,,,,1000.0,4,41,41026,DEBLABLAI,RESTORE,3,2.0,,,,,0,7,5,,,,,8.0,8.0,,,,4,4.0,,,,,97,,,,3.0,0.0,,,,1,0,1,1,1,1,0,0,1,1,1,1,1,1,0,1,1,39.0,,1.0,45.0
9,5.0,4,0,1500.0,800.0,700.0,800.0,1.0,,,,,1000.0,4,41,41031,DEWAKE,RESTORE,0,2.0,,,,,0,4,5,5,5,,,8.0,8.0,8.0,,,1,1.0,1.0,,,,1,4,,,0.0,0.0,2.0,,,1,0,0,1,1,0,0,0,1,1,1,0,1,0,1,1,1,70.0,,0.0,300.0
9,8.25,2,0,1100.0,800.0,300.0,,,,,,,,4,41,41031,DEWAKE,RESTORE,0,2.0,,,,,0,6,97,5,,,,6.0,5.0,,,,4,4.0,,,,,,,,,0.0,0.0,,,,0,0,1,1,1,1,1,0,1,1,1,0,0,1,1,1,1,45.0,,0.0,133.33333333333334
9,2.0,4,0,763.0,300.0,463.0,,1.0,,,,,,4,41,41031,DEWAKE,RESTORE,2,1.0,,,,,0,5,5,5,5,,,10.0,2.0,10.0,,,1,1.0,1.0,,,,,3,,,0.0,0.0,0.0,,,1,1,1,1,0,0,0,0,1,1,1,1,1,0,1,1,0,53.0,1.0,1.0,381.5
12,7.5,5,7,634.0,465.0,169.0,,6.0,,,,,,4,41,41031,DEWAKE,RESTORE,0,2.0,,,,,0,3,5,5,,,,6.0,6.0,6.0,,,1,1.0,1.0,,,11,97,7,,,0.0,0.0,0.0,,,1,0,1,1,0,0,0,1,1,1,1,1,1,1,0,1,1,57.0,,0.0,84.53333333333333
9,3.5,3,0,3400.0,2200.0,1200.0,,2.0,,,,,,4,41,41031,DEWAKE,RESTORE,0,2.0,,,,,0,10,5,5,,,,8.0,2.0,,,,4,2.0,,,,,97,,,,0.0,0.0,,,,0,0,0,1,1,1,0,1,1,0,1,0,1,1,1,1,1,37.0,,0.0,971.4285714285714
5,1.5,2,0,680.0,480.0,200.0,,97.0,,,,,,4,41,41031,DEWAKE,RESTORE,0,1.0,,,,,0,3,5,,,,,6.0,,,,,1,2.0,4.0,,,,97,97,,,0.0,0.0,0.0,,,1,0,1,1,1,1,1,1,1,1,1,1,1,1,1,1,1,36.0,,0.0,453.3333333333333
5,0.0,3,7,800.0,500.0,300.0,,,,,,,,4,41,41031,DEWAKE,RESTORE,0,2.0,,,,,0,5,5,,,,,4.0,,,,,4,,,,,,,,,,0.0,,,,,0,0,1,1,1,1,0,1,1,1,0,0,0,1,1,1,1,47.0,,0.0,inf
7,3.0,3,97,3000.0,2000.0,1000.0,,2.0,,,,,,4,41,41031,DEWAKE,RESTORE,0,1.0,,,,,0,5,5,,,,,8.0,2.0,,,,4,4.0,,,,,8,,,,0.0,0.0,,,,1,0,0,1,1,1,1,0,1,1,1,0,1,1,1,1,1,41.0,,0.0,1000.0
4,3.5,3,0,1647.0,1120.0,527.0,,1.0,,,,,,4,41,41031,DEWAKE,RESTORE,0,1.0,,,,,0,5,5,5,,,,8.0,8.0,,,,4,4.0,,,,,,,,,0.0,0.0,,,,1,0,0,1,1,1,0,0,1,0,1,0,1,1,1,1,1,39.0,1.0,0.0,470.57142857142856
8,8.5,3,0,6000.0,4000.0,2000.0,4000.0,,,,,,1000.0,4,41,41031,DEWAKE,RESTORE,1,2.0,,,,,0,6,5,5,,,,8.0,8.0,,,,1,1.0,,,,2,1 2,,,,3.0,0.0,,,,1,0,0,0,0,1,0,0,1,1,1,0,0,0,0,1,1,44.0,,0.0,705.8823529411765
6,2.0,4,0,900.0,500.0,400.0,500.0,1.0,,,,,1000.0,4,41,41031,DEWAKE,RESTORE,97,1.0,,,,,0,5,5,,,,,8.0,,,,,1,,,,,,,,,,0.0,,,,,1,1,0,1,1,1,0,0,1,1,1,1,1,0,1,1,1,35.0,,0.0,450.0
9,6.0,3,0,3200.0,2000.0,1200.0,,,,,,,,4,41,41031,DEWAKE,RESTORE,3,2.0,,,,,0,5,5,,,,,8.0,,,,,4,,,,,97,,,,,0.0,,,,,1,0,1,1,1,1,0,0,1,1,0,0,0,1,0,1,1,42.0,,0.0,533.3333333333334
9,6.0,6,10,848.0,398.0,450.0,,2.0,,,,,,4,41,41031,DEWAKE,RESTORE,0,2.0,,,,,0,5,5,,,,,6.0,,,,,4,,,,,,,,,,0.0,,,,,1,0,0,1,1,1,0,0,1,1,1,0,1,1,1,1,1,45.0,,0.0,141.33333333333334
15,12.0,6,0,1600.0,1280.0,320.0,1280.0,1.0,,,,,1000.0,4,41,41031,DEWAKE,RESTORE,1,2.0,,,,,0,4,5,,,,,8.0,8.0,,,,1,1.0,,,,,1,,,,3.0,2.0,,,,1,0,0,0,0,1,0,1,1,0,1,1,1,0,1,1,1,52.0,,0.0,133.33333333333334
6,2.5,3,0,765.0,540.0,225.0,540.0,1.0,,,,,1000.0,4,41,41031,DEWAKE,RESTORE,0,2.0,,,,,0,10,5,,,,,8.0,,,,,4,,,,,11,,,,,3.0,,,,,1,0,0,0,0,1,0,0,1,1,1,0,1,1,0,1,1,48.0,,0.0,306.0
9,7.0,6,0,1045.0,760.0,285.0,760.0,,,,,,1000.0,5,51,51034,Ebilassokro,RESTORE,4,1.0,,,,,1,3,5,4,,,,10.0,10.0,,,,1,1.0,,,,,11,,,,2.0,2.0,,,,0,0,0,0,0,0,0,1,1,0,1,0,0,0,1,1,1,50.0,,1.0,149.28571428571428
10,9.0,6,0,1680.0,1200.0,480.0,1200.0,1.0,,,,,1000.0,5,51,51034,Ebilassokro,RESTORE,4,1.0,,,,,1,5,5,5,,,,,,,,,1,1.0,,,,,,,,,0.0,0.0,,,,0,0,0,1,0,1,0,1,0,1,0,0,1,0,1,1,1,55.0,3.0,1.0,186.66666666666666
2,6.0,6,0,1280.0,1040.0,240.0,1040.0,2.0,,,,,1.0,5,51,51034,Ebilassokro,RESTORE,4,1.0,,,,,1,5,5,,,,,10.0,,,,,1,,,,,3,,,,,2.0,,,,,0,0,0,1,0,0,0,0,1,1,1,0,1,0,0,1,1,78.0,,0.0,213.33333333333334
10,3.0,6,0,630.0,490.0,140.0,490.0,1.0,,,,,800.0,5,51,51034,Ebilassokro,RESTORE,4,1.0,,,,,1,5,5,,,,,,,,,,1,,,,,,,,,,0.0,,,,,0,0,0,0,0,1,0,1,0,1,1,0,1,0,1,1,1,66.0,,1.0,210.0
7,2.0,4,11,240.0,160.0,80.0,160.0,1.0,,,,,1000.0,5,51,51034,Ebilassokro,RESTORE,4,1.0,,,,,1,5,5,5,,,,,,,,,1,1.0,,,,,,,,,2.0,2.0,,,,0,0,0,0,0,1,0,1,0,1,1,0,1,0,1,1,1,52.0,1.0,1.0,120.0
10,25.0,6,13,3500.0,3000.0,500.0,,1.0,,,,,,5,51,51034,Ebilassokro,RESTORE,4,1.0,,,,,0,4,,,4 5,,,10.0,1.0,9.0,9.0,,1,1.0,1.0,1.0,,97,97,,97,,0.0,0.0,2.0,0.0,,0,1,0,1,0,0,0,0,1,1,0,0,1,1,1,1,1,69.0,8.0,1.0,140.0
11,18.0,6,12 13,2080.0,1600.0,480.0,1600.0,3.0,,,,,850.0,5,51,51034,Ebilassokro,RESTORE,4,1.0,,,,,0,5,1,4 5,5,,,10.0,10.0,10.0,10.0,9.0,1,1.0,1.0,1.0,1.0,,,,97,97,0.0,0.0,0.0,0.0,0.0,1,0,0,1,0,0,0,0,1,1,1,0,1,1,1,1,1,71.0,1.0,1.0,115.55555555555556
9,5.0,6,1,1600.0,1200.0,400.0,,6.0,,,,,,5,51,51034,Ebilassokro,RESTORE,4,1.0,,,,,0,5,4,,,,,10.0,,,,,1,,,,,,,,,,2.0,,,,,0,0,0,1,0,0,0,1,1,1,1,0,1,0,1,1,1,49.0,3.0,1.0,320.0
6,5.0,5,13,2240.0,1840.0,400.0,1840.0,1.0,,,,,1000.0,5,51,51034,Ebilassokro,RESTORE,4,1.0,,,,,0,4,5,5,,,,,,,,,1,1.0,,,,,,,,,0.0,0.0,,,,0,0,0,1,0,1,0,0,0,0,0,0,1,0,1,1,1,48.0,1.0,1.0,448.0
2,20.020000457763672,6,0,4650.0,3375.0,1275.0,3375.0,1.0,,,,,1000.0,5,51,51034,Ebilassokro,RESTORE,4,1.0,,,,,0,7,4 5,4 5,4 5,,,1.0,9.0,10.0,9.0,10.0,1,1.0,1.0,1.0,1.0,11,11,,97,97,0.0,0.0,0.0,0.0,0.0,0,1,0,1,0,0,0,0,1,0,0,0,1,0,1,1,1,57.0,5.0,0.0,232.26772695685676
7,6.0,6,1,1280.0,1000.0,280.0,,6.0,,,,,,5,51,51034,Ebilassokro,RESTORE,4,2.0,,,,,0,5,4,4,,,,10.0,10.0,,,,1,1.0,,,,,,,,,2.0,2.0,,,,0,0,0,1,0,0,1,1,1,1,1,1,1,0,1,1,1,34.0,6.0,1.0,213.33333333333334
13,6.0,5,0,2720.0,2400.0,320.0,2400.0,1.0,,,,,1000.0,5,51,51034,Ebilassokro,RESTORE,0,1.0,,,,,0,4,4,5,,,,,,,,,4,4.0,,,,,,,,,0.0,2.0,,,,0,1,0,1,1,1,0,1,0,0,1,1,1,1,1,1,1,39.0,1.0,0.0,453.3333333333333
5,31.0,6,6 7,3840.0,3040.0,800.0,3040.0,1.0,,,,,1000.0,5,51,51034,Ebilassokro,RESTORE,4,1.0,,,,,0,5,4 5,,,,,10.0,10.0,1.0,,,1,1.0,1.0,,,,97,,,,2.0,3.0,0.0,,,0,1,0,1,0,0,0,1,1,1,0,0,1,0,1,1,1,54.0,1.0,1.0,123.87096774193549
8,9.0,6,0,1820.0,1700.0,120.0,,1.0,,,,,,5,51,51034,Ebilassokro,RESTORE,4,1.0,,,,,0,4,4 5,4 5,4 5,,,9.0,1.0,1.0,9.0,,1,1.0,1.0,1.0,,,,,97,,0.0,0.0,0.0,0.0,,0,1,0,0,0,0,0,0,1,0,1,0,1,0,1,1,1,62.0,5.0,0.0,202.22222222222223
9,8.5,6,12,800.0,600.0,200.0,600.0,6.0,,,,,850.0,5,51,51034,Ebilassokro,RESTORE,4,1.0,,,,,0,5,5,,,,,10.0,,,,,1,,,,,,,,,,2.0,,,,,0,0,0,0,0,0,0,1,1,0,1,0,1,0,1,1,1,64.0,,1.0,94.11764705882354
11,1.5,4,6 13,680.0,500.0,180.0,,3.0,,,,,,5,51,51023,Elinso,RESTORE,4,1.0,,,,,0,6,4,,,,,11.0,,,,,1,,,,,,,,,,2.0,,,,,0,0,0,1,1,1,0,1,1,1,1,0,1,0,1,1,1,67.0,1.0,1.0,453.3333333333333
4,12.0,6,13,540.0,180.0,360.0,180.0,1.0,,,,,1000.0,5,51,51023,Elinso,RESTORE,4,1.0,,,,,0,2,5,5,,,,9.0,8.0,,,,1,1.0,,,,,,,,,2.0,0.0,,,,0,0,0,0,1,1,0,1,1,1,1,1,1,0,1,1,1,55.0,,1.0,45.0
6,6.0,4,0,3000.0,1125.0,1875.0,1125.0,1.0,,,,,900.0,5,51,51023,Elinso,RESTORE,4,1.0,,,,,0,2,5,,,,,10.0,,,,,1,,,,,,,,,,2.0,,,,,0,0,0,0,0,0,0,1,1,1,1,0,1,0,1,1,1,61.0,,1.0,500.0
3,3.0,6,6,180.0,120.0,60.0,120.0,3.0,,,,,1000.0,5,51,51023,Elinso,RESTORE,4,1.0,,,,,1,5,5,,,,,9.0,,,,,1,,,,,,,,,,2.0,,,,,0,0,0,0,0,0,0,1,1,1,1,1,1,1,1,1,1,54.0,2.0,0.0,60.0
8,4.0,5,6,450.0,225.0,225.0,225.0,2.0,,,,,12.0,5,51,51023,Elinso,RESTORE,4,2.0,,,,,0,5,4,4,,,,10.0,10.0,,,,1,1.0,,,,,,,,,0.0,0.0,,,,0,0,0,0,1,1,0,0,1,1,1,0,1,0,1,1,1,44.0,1.0,1.0,112.5
5,17.5,6,97,1400.0,1190.0,210.0,1190.0,1.0,,,,,1000.0,5,51,51023,Elinso,RESTORE,4,1.0,,,,,0,4,5,,,,,10.0,10.0,10.0,97.0,,1,1.0,1.0,1.0,,,97,97,97,,0.0,0.0,0.0,0.0,,0,1,1,1,0,0,0,1,1,1,1,0,1,0,1,1,1,56.0,1.0,1.0,80.0
7,3.0,2,6,700.0,500.0,200.0,,3.0,,,,,,5,51,51023,Elinso,RESTORE,4,1.0,,,,,0,6,5,,,,,1.0,,,,,1,,,,,,,,,,2.0,,,,,0,0,0,0,0,0,0,1,1,0,1,0,1,0,1,1,1,44.0,6.0,1.0,233.33333333333334
4,6.0,4,0,595.0,425.0,170.0,425.0,97.0,,,,,900.0,5,51,51023,Elinso,RESTORE,4,2.0,,,,,0,5,4,,,,,8.0,5.0,,,,4,4.0,,,,,97,,,,0.0,0.0,,,,0,0,0,1,0,0,0,1,1,1,1,0,1,0,1,1,1,71.0,,0.0,99.16666666666667
12,7.0,6,5,840.0,700.0,140.0,700.0,,,,,,1000.0,5,51,51023,Elinso,RESTORE,4,1.0,,,,,0,5,4,,,,,9.0,9.0,9.0,,,1,1.0,1.0,,,97,97,,,,0.0,0.0,0.0,,,0,0,0,0,0,0,0,0,1,1,1,0,0,0,1,1,1,74.0,1.0,1.0,120.0
9,14.0,6,0,1540.0,1260.0,280.0,1260.0,1.0,,,,,1000.0,5,51,51023,Elinso,RESTORE,4,1.0,,,,,0,2,4,4,,,,10.0,10.0,,,,1,1.0,,,,,97,,,,0.0,0.0,,,,0,1,0,0,0,1,0,1,1,1,1,1,1,1,1,1,1,57.0,,1.0,110.0
6,3.0,4,0,600.0,480.0,120.0,480.0,2.0,,,,,16.66666603088379,5,51,51023,Elinso,RESTORE,4,4.0,,,,,0,5,4 5,,,,,10.0,,,,,1,,,,,,,,,,0.0,,,,,0,0,0,0,0,1,1,1,1,1,1,0,1,0,1,1,1,40.0,,1.0,200.0
7,7.0,6,97,480.0,300.0,180.0,300.0,1.0,,,,,1000.0,5,51,51023,Elinso,RESTORE,4,1.0,,,,,0,3,5,5,,,,10.0,10.0,10.0,,,1,1.0,1.0,,,,,97,,,2.0,2.0,2.0,,,0,0,0,1,0,1,0,1,1,1,1,1,1,0,1,1,1,53.0,1.0,1.0,68.57142857142857
8,5.0,5,0,630.0,360.0,270.0,360.0,2.0,,,,,1000.0,5,51,51023,Elinso,RESTORE,4,2.0,,,,,1,5,5,,,,,1.0,,,,,1,,,,,,,,,,0.0,,,,,1,1,0,0,1,1,0,1,1,1,1,0,1,1,1,1,1,72.0,,1.0,126.0
5,2.700000047683716,6,97,1620.0,1200.0,420.0,1200.0,,,,,,1000.0,4,41,41027,GBAPET,RESTORE,0,2.0,,,,,0,5,2 5,,,,,10.0,,,,,4,,,,,,,,,,0.0,,,,,0,0,0,1,0,1,0,1,1,1,1,0,0,1,1,1,1,54.0,3.0,0.0,599.9999894036189
4,5.0,6,0,720.0,400.0,320.0,400.0,6.0,,,,,1000.0,4,41,41027,GBAPET,RESTORE,0,1.0,,,,,0,4,5,5,,,,10.0,10.0,,,,4,4.0,,,,,,,,,0.0,0.0,,,,1,0,0,1,0,1,0,0,1,1,1,0,1,1,1,1,1,31.0,,1.0,144.0
12,3.0,6,0,880.0,480.0,400.0,480.0,6.0,,,,,1000.0,4,41,41027,GBAPET,RESTORE,0,2.0,,,,,0,3,3,,,,,8.0,,,,,4,4.0,,,,,,,,,0.0,0.0,,,,1,0,1,1,1,1,0,0,1,1,1,1,1,1,1,1,1,45.0,,0.0,293.3333333333333
7,3.5,3,0,2700.0,1350.0,1350.0,,1.0,,,,,,4,41,41027,GBAPET,RESTORE,0,1.0,,,,,0,4,5,5,,,,4.0,4.0,,,,4,2.0,,,,97,97,,,,2.0,2.0,,,,1,0,1,1,0,1,1,0,1,1,1,0,1,1,0,1,1,32.0,,0.0,771.4285714285714
8,6.5,6,10,2400.0,1400.0,1000.0,,2.0,,,,,,4,41,41027,GBAPET,RESTORE,0,1.0,,,,,0,5,3 5,2 5,,,,8.0,7.0,,,,4,4.0,,,,,,,,,0.0,0.0,,,,1,0,1,1,0,1,1,1,1,1,1,0,1,1,1,1,1,64.0,,0.0,369.2307692307692
3,11.5,3,0,700.0,500.0,200.0,,1.0,,,,,,4,41,41027,GBAPET,RESTORE,0,2.0,,,,,0,5,5,,,,,8.0,4.0,,,,4,4.0,,,,,4,,,,0.0,0.0,,,,1,0,1,1,0,1,0,0,1,1,1,0,1,1,1,1,1,28.0,2.0,1.0,60.869565217391305
3,3.0,6,0,400.0,240.0,160.0,240.0,,,,,,850.0,4,41,41027,GBAPET,RESTORE,4,3.0,,,,,0,3,5,,,,,8.0,,,,,4,,,,,,,,,,0.0,,,,,0,0,1,1,0,1,0,0,1,1,1,0,0,0,1,1,1,52.0,1.0,0.0,133.33333333333334
5,19.0,2,0,2640.0,1680.0,960.0,1680.0,2.0,,,,,1000.0,4,41,41027,GBAPET,RESTORE,0,2.0,,,,,0,6,5,5,,,,8.0,8.0,8.0,8.0,,4,4.0,4.0,4.0,,4,4,,,,3.0,3.0,3.0,3.0,,0,0,1,1,0,1,0,0,1,1,1,0,1,1,1,1,1,29.0,,1.0,138.94736842105263
8,6.0,6,7 97,1120.0,700.0,420.0,700.0,2.0,,,,,1000.0,4,41,41027,GBAPET,RESTORE,0,1.0,,,,,0,8,5,5,,,,8.0,8.0,,,,4,4.0,,,,,4,,,,2.0,0.0,,,,1,0,0,1,1,1,0,1,1,1,1,0,1,1,1,1,1,57.0,,0.0,186.66666666666666
5,5.0,3,0,400.0,240.0,160.0,240.0,6.0,,,,,1000.0,4,41,41027,GBAPET,RESTORE,0,2.0,,,,,0,4,2 3 5,,,,,10.0,,,,,4,,,,,11,,,,,0.0,,,,,1,0,1,1,1,1,1,0,1,1,1,1,1,1,0,1,1,37.0,3.0,0.0,80.0
5,11.0,5,0,680.0,425.0,255.0,425.0,2.0,,,,,800.0,4,41,41018,GBELETO,RESTORE,0,2.0,,,,,0,3,3,,,,,6.0,6.0,6.0,,,4,4.0,4.0,,,,97,97,,,0.0,0.0,0.0,,,1,1,1,1,1,1,1,0,1,1,1,0,1,1,1,1,1,44.0,,0.0,61.81818181818182
9,8.0,4,0,960.0,720.0,240.0,720.0,2.0,,,,,1000.0,4,41,41018,GBELETO,RESTORE,0,2.0,,,,,0,5,5,,,,,8.0,8.0,,,,4,4.0,,,,,,,,,0.0,0.0,,,,0,0,0,1,1,1,1,1,1,1,1,1,1,1,1,1,1,47.0,,0.0,120.0
6,5.0,3,0,5000.0,3500.0,1500.0,,6.0,,,,,,4,41,41018,GBELETO,RESTORE,0,2.0,,,,,0,4,5,5,,,,6.0,6.0,6.0,,,4,4.0,4.0,,,,,97,,,0.0,0.0,3.0,,,1,1,1,1,1,1,1,1,1,1,1,0,1,1,1,1,1,39.0,,0.0,1000.0
6,9.0,5,0,800.0,480.0,320.0,480.0,2.0,,,,,1000.0,4,41,41018,GBELETO,RESTORE,0,2.0,,,,,0,3,5,5,,,,6.0,97.0,6.0,6.0,,4,4.0,4.0,4.0,,,,97,97,,0.0,0.0,0.0,0.0,,1,0,1,1,1,1,1,0,1,0,1,0,1,1,1,1,1,38.0,,0.0,88.88888888888889
8,11.0,4,6,8000.0,5000.0,3000.0,,2.0,,,,,,4,41,41018,GBELETO,RESTORE,3,2.0,,,,,0,3,5,,,,,6.0,6.0,,,,4,4.0,4.0,,,,,8,,,0.0,0.0,3.0,,,1,0,1,1,1,1,1,1,1,1,1,0,1,1,1,1,1,41.0,,0.0,727.2727272727273
8,6.0,5,0,3200.0,2240.0,960.0,2240.0,2.0,,,,,1000.0,4,41,41018,GBELETO,RESTORE,3,2.0,,,,,0,7,5,,,,,8.0,,,,,4,,,,,,,,,,0.0,,,,,1,0,1,1,1,1,1,0,1,1,1,1,1,1,1,1,1,52.0,,0.0,533.3333333333334
7,7.0,5,6,1500.0,1000.0,500.0,,6.0,,,,,,4,41,41018,GBELETO,RESTORE,0,2.0,,,,,0,4,2 3 5,,,,,7.0,6.0,,,,4,4.0,4.0,,,11,97,97,,,0.0,0.0,0.0,,,0,0,1,1,1,0,0,1,1,1,1,0,1,1,0,1,1,53.0,,0.0,214.28571428571428
3,5.5,5,10,800.0,500.0,300.0,,2.0,,,,,,4,41,41018,GBELETO,RESTORE,0,2.0,,,,,0,5,5,,,,,8.0,8.0,,,,4,4.0,4.0,,,,97,8,,,3.0,2.0,0.0,,,0,0,1,1,1,0,0,1,1,0,1,0,1,1,1,1,1,42.0,1.0,0.0,145.45454545454547
15,10.0,6,0,7800.0,4800.0,3000.0,4800.0,,,,,,1000.0,4,41,41018,GBELETO,RESTORE,4,3.0,,,,,0,6,5,,,,,8.0,,,,,4,,,,,,,,,,0.0,,,,,1,1,1,0,1,1,1,0,1,1,1,0,0,0,1,1,1,49.0,,0.0,780.0
8,10.0,5,7,1710.0,1080.0,630.0,1080.0,2.0,,,,,888.888916015625,4,41,41018,GBELETO,RESTORE,0,2.0,,,,,0,4,3,5,,,,6.0,8.0,,,,4,4.0,4.0,,,,,97,,,0.0,0.0,3.0,,,1,1,1,1,1,1,1,1,1,1,1,0,1,1,1,1,1,55.0,,0.0,171.0
10,13.0,5,97,640.0,480.0,160.0,480.0,2.0,,,,,1000.0,4,41,41018,GBELETO,RESTORE,0,2.0,,,,,0,6,5,,,,,6.0,8.0,8.0,,,4,4.0,4.0,,,,,,,,0.0,0.0,0.0,,,1,0,1,1,1,1,1,0,1,1,1,1,1,1,1,1,1,50.0,,0.0,49.23076923076923
10,14.0,5,0,1440.0,960.0,480.0,960.0,2.0,,,,,1000.0,4,41,41018,GBELETO,RESTORE,0,2.0,,,,,0,2,3,,,,,8.0,8.0,,8.0,,4,4.0,4.0,4.0,,,97,97,97,,0.0,0.0,3.0,0.0,,0,0,1,1,0,1,1,0,1,1,1,0,1,1,1,1,1,73.0,,0.0,102.85714285714286
8,6.5,5,10,3000.0,2500.0,500.0,,2.0,,,,,,4,41,41018,GBELETO,RESTORE,4,1.0,,,,,0,5,5,,,,,6.0,8.0,,,,4,4.0,4.0,,,,97,8,,,0.0,3.0,3.0,,,0,1,1,1,0,1,1,1,1,0,1,1,1,1,1,1,1,55.0,1.0,0.0,461.53846153846155
5,8.5,2,0,2100.0,1400.0,700.0,1400.0,2.0,,,,,1000.0,4,41,41018,GBELETO,RESTORE,0,2.0,,,,,0,5,5,5,,,,8.0,8.0,8.0,,,4,4.0,4.0,,,,,,,,3.0,3.0,0.0,,,1,0,0,1,1,1,0,0,1,1,1,1,1,1,1,1,1,49.0,,0.0,247.05882352941177
15,14.0,6,0,800.0,560.0,240.0,560.0,97.0,,,,,1000.0,4,41,41028,GNATO,RESTORE,0,2.0,,,,,0,5,5,,,,,10.0,10.0,10.0,10.0,,4,4.0,4.0,4.0,,,97,97,97,,0.0,0.0,0.0,2.0,,1,0,1,1,1,1,1,0,1,1,1,1,1,1,1,1,1,48.0,,0.0,57.142857142857146
4,3.0,6,0,1365.0,975.0,390.0,975.0,,,,,,1000.0,4,41,41028,GNATO,RESTORE,2,1.0,,,,,0,8,5,,,,,9.0,,,,,4,,,,,1,,,,,0.0,,,,,1,0,0,1,1,1,0,0,1,1,1,1,0,0,0,1,1,50.0,6.0,0.0,455.0
5,3.0,6,0,400.0,300.0,100.0,300.0,,,,,,1000.0,4,41,41028,GNATO,RESTORE,0,2.0,,,,,0,5,5,,,,,10.0,10.0,,,,4,4.0,,,,,97,,,,0.0,3.0,,,,1,0,1,1,0,1,1,0,1,0,1,1,0,1,1,1,1,28.0,,0.0,133.33333333333334
3,7.0,6,0,2880.0,1920.0,960.0,1920.0,1.0,,,,,1000.0,4,41,41028,GNATO,RESTORE,0,2.0,,,,,0,4,4 5,4 5,,,,10.0,10.0,10.0,,,4,4.0,4.0,,,,,97,,,0.0,0.0,0.0,,,1,1,1,1,1,1,1,0,1,0,1,1,1,1,1,1,1,28.0,1.0,1.0,411.42857142857144
7,5.0,6,0,3000.0,2500.0,500.0,,1.0,,,,,,4,41,41028,GNATO,RESTORE,0,2.0,,,,,0,2,5,,,,,7.0,,,,,4,,,,,,,,,,0.0,,,,,1,0,0,1,0,1,1,1,1,1,1,1,1,1,1,1,1,50.0,,0.0,600.0
5,15.0,6,0,3040.0,2080.0,960.0,2080.0,1.0,,,,,1000.0,4,41,41028,GNATO,RESTORE,0,2.0,,,,,0,5,3,3 5,5,,,8.0,8.0,6.0,8.0,,4,4.0,4.0,4.0,,,97,,97,,0.0,0.0,0.0,0.0,,1,0,0,1,1,0,0,0,1,1,1,1,1,1,1,1,1,44.0,,0.0,202.66666666666666
7,14.0,6,0,540.0,360.0,180.0,360.0,1.0,,,,,1000.0,4,41,41029,GRABO,RESTORE,4,1.0,,,,,1,4,5,,,,,97.0,97.0,97.0,97.0,,4,4.0,4.0,4.0,,,97,,97,,0.0,0.0,0.0,0.0,,1,0,1,1,1,1,0,0,1,1,1,0,1,1,1,1,1,52.0,,0.0,38.57142857142857
11,5.0,5,0,1530.0,680.0,850.0,680.0,6.0,,,,,1000.0,4,41,41029,GRABO,RESTORE,0,2.0,,,,,0,5,5,,,,,97.0,,,,,4,4.0,4.0,,,,97,97,,,0.0,0.0,0.0,,,1,0,1,1,1,1,0,0,1,1,1,1,1,1,1,1,1,46.0,,0.0,306.0
9,4.5,4,0,1440.0,1080.0,360.0,1080.0,,,,,,1000.0,4,41,41029,GRABO,RESTORE,0,1.0,,,,,1,5,97,,,,,4.0,8.0,8.0,8.0,,4,4.0,4.0,4.0,,,,,,,,,0.0,3.0,,1,0,1,1,1,0,0,0,1,1,1,1,0,1,1,1,1,39.0,,0.0,320.0
6,3.0,4,0,910.0,560.0,350.0,560.0,,,,,,1000.0,4,41,41029,GRABO,RESTORE,0,1.0,,,,,1,4,5,,,,,8.0,8.0,8.0,,,4,4.0,4.0,,,,97,97,,,0.0,0.0,0.0,,,1,0,1,1,1,1,0,0,1,1,0,0,0,1,1,1,1,44.0,2.0,0.0,303.3333333333333
6,0.5,2,0,400.0,240.0,160.0,240.0,6.0,,,,,1000.0,4,41,41029,GRABO,RESTORE,4,1.0,,,,,1,7,97,,,,,11.0,,,,,4,,,,,,,,,,0.0,,,,,0,1,1,1,0,1,0,0,1,1,1,1,1,0,0,1,0,40.0,1.0,0.0,800.0
6,1.0,2,0,180.0,120.0,60.0,120.0,,,,,,1000.0,4,41,41029,GRABO,RESTORE,1,2.0,,,,,0,4,97,,,,,97.0,,,,,4,,,,,,,,,,0.0,,,,,0,0,0,0,0,1,0,0,1,0,0,0,0,1,1,1,0,52.0,2.0,0.0,180.0
6,5.0,4,0,3120.0,1760.0,1360.0,1760.0,2.0,,,,,900.0,4,41,41029,GRABO,RESTORE,0,2.0,,,,,0,4,5,5,,,,8.0,,,,,4,4.0,,,,,,,,,0.0,0.0,,,,1,0,0,1,1,1,0,0,1,1,1,0,1,1,1,1,1,42.0,,0.0,624.0
10,4.0,6,10,1500.0,1200.0,300.0,,1.0,,,,,,4,41,41029,GRABO,RESTORE,3,2.0,,,,,0,7,97,,,,,6.0,,,,,1,1.0,,,,,4,,,,2.0,2.0,,,,1,0,1,0,0,1,0,0,1,0,0,0,1,1,1,1,1,71.0,,0.0,375.0
5,8.0,4,12,3000.0,2000.0,1000.0,,2.0,,,,,,4,41,41029,GRABO,RESTORE,97,2.0,,,,,0,5,97,,,,,8.0,8.0,,,,4,4.0,,,,,6,,,,0.0,2.0,,,,1,0,1,1,0,0,0,1,1,1,1,0,1,1,1,1,1,55.0,,0.0,375.0
6,12.0,2,0,8160.0,5640.0,2520.0,6650.0,97.0,,,,,1000.0,4,41,41029,GRABO,RESTORE,0,2.0,,,,,0,8,97,,,,,10.0,,,,,4,,,,,,,,,,0.0,,,,,1,1,1,1,1,1,0,0,1,0,0,1,1,1,1,1,1,39.0,4.0,0.0,680.0
13,10.0,6,10,3000.0,2000.0,1000.0,,1.0,,,,,,4,41,41029,GRABO,RESTORE,0,2.0,,,,,0,3,5,,,,,7.0,,,,,4,,,,,,,,,,0.0,,,,,1,0,1,1,0,1,0,1,1,1,1,0,1,1,1,1,1,52.0,,0.0,300.0
3,4.0,6,5,600.0,400.0,200.0,,1.0,,,,,,4,41,41029,GRABO,RESTORE,97,2.0,,,,,0,3,97,,,,,8.0,,,,,4,,,,,,,,,,0.0,,,,,1,0,0,1,0,1,0,1,1,1,1,0,1,1,1,1,1,51.0,,0.0,150.0
15,21.0,4,7,4800.0,3600.0,1200.0,3600.0,2.0,,,,,1000.0,4,41,41029,GRABO,RESTORE,0,2.0,,,,,0,7,97,,,,,8.0,8.0,,,,4,4.0,,,,,,,,,0.0,0.0,,,,1,0,1,1,0,0,1,0,1,0,1,0,1,1,1,1,1,61.0,,0.0,228.57142857142858
4,4.0,2,0,1540.0,770.0,770.0,770.0,1.0,,,,,1000.0,4,41,41029,GRABO,RESTORE,3,2.0,,,,,0,3,5,,,,,8.0,8.0,8.0,,,4,4.0,4.0,,,,2,2,,,2.0,2.0,0.0,,,0,1,1,1,1,1,0,0,1,1,1,0,1,1,1,1,1,28.0,3.0,0.0,385.0
5,10.0,6,0,2000.0,1300.0,700.0,,,,,,,,4,41,41019,KARIE,RESTORE,2,3.0,,,,,1,3,5,,,,,1.0,1.0,1.0,,,4,1.0,1.0,,,,,97,,,0.0,0.0,3.0,,,1,0,0,1,0,1,1,0,1,1,1,0,0,0,1,1,1,76.0,,1.0,200.0
9,5.5,3,0,3160.0,2360.0,800.0,2360.0,2.0,,,,,1000.0,4,41,41019,KARIE,RESTORE,0,2.0,,,,,0,7,5,5,,,,8.0,8.0,,,,4,4.0,4.0,,,,,,,,3.0,3.0,3.0,,,1,0,1,1,0,1,1,0,1,0,1,1,1,1,1,1,1,39.0,,0.0,574.5454545454545
7,14.0,6,0,8000.0,6400.0,1600.0,6400.0,,,,,,1000.0,4,41,41019,KARIE,RESTORE,0,2.0,,,,,0,7,5,5,,,,8.0,8.0,8.0,,,4,4.0,4.0,,,,,,,,0.0,0.0,3.0,,,1,0,1,1,0,1,1,0,1,0,1,0,0,1,1,1,1,76.0,,0.0,571.4285714285714
6,3.0,3,0,2880.0,2000.0,880.0,2000.0,2.0,,,,,1000.0,4,41,41019,KARIE,RESTORE,0,1.0,,,,,0,3,5,,,,,8.0,8.0,,,,4,4.0,,,,,97,,,,0.0,3.0,,,,1,0,0,1,0,1,1,0,1,0,1,0,1,1,1,1,1,43.0,,0.0,960.0
9,11.0,6,0,5600.0,4000.0,1600.0,4000.0,2.0,,,,,1000.0,4,41,41019,KARIE,RESTORE,0,2.0,,,,,0,6,5,,,,,8.0,8.0,8.0,,,4,4.0,4.0,,,,97,97,,,0.0,0.0,3.0,,,1,0,0,1,1,1,1,0,1,1,1,0,1,1,1,1,1,57.0,,0.0,509.09090909090907
5,6.0,4,0,5225.0,3800.0,1425.0,3800.0,2.0,,,,,1000.0,4,41,41019,KARIE,RESTORE,0,1.0,,,,,0,3,5,,,,,10.0,10.0,,,,4,4.0,,,,,97,,,,0.0,3.0,,,,1,0,1,1,0,1,1,0,1,0,1,1,1,1,1,1,1,25.0,1.0,1.0,870.8333333333334
7,3.5,3,0,320.0,280.0,40.0,280.0,1.0,,,,,900.0,5,51,51024,Koitienko,RESTORE,4,3.0,,,,,0,7,5,5,,,,1.0,1.0,,,,1,2.0,,,,,,,,,0.0,0.0,,,,0,0,0,0,0,1,0,0,1,1,1,0,1,0,1,1,1,47.0,1.0,0.0,91.42857142857143
5,4.5,3,0,210.0,70.0,140.0,70.0,1.0,,,,,1000.0,5,51,51024,Koitienko,RESTORE,4,1.0,,,,,0,5,5,5,5,,,10.0,10.0,9.0,,,1,1.0,1.0,,,,,97,,,0.0,0.0,3.0,,,0,0,0,0,0,1,1,1,1,1,1,1,1,0,1,1,1,51.0,1.0,0.0,46.666666666666664
4,2.5,5,0,225.0,150.0,75.0,150.0,1.0,,,,,1000.0,5,51,51024,Koitienko,RESTORE,4,3.0,,,,,0,1,5,5,,,,10.0,10.0,,,,1,1.0,,,,,,,,,2.0,2.0,,,,0,0,0,0,0,1,0,1,1,1,1,1,1,0,1,1,1,45.0,1.0,1.0,90.0
5,5.5,4,0,935.0,680.0,255.0,680.0,3.0,,,,,941.1764526367188,5,51,51024,Koitienko,RESTORE,4,1.0,,,,,0,5,5,,,,,10.0,,,,,1,1.0,,,,,,,,,2.0,2.0,,,,0,0,0,0,0,0,0,1,1,1,0,1,1,0,1,1,1,49.0,2.0,1.0,170.0
2,8.0,6,13 97,600.0,420.0,180.0,420.0,3.0,,,,,1000.0,5,51,51024,Koitienko,RESTORE,4,1.0,,,,,0,3,5,5,5,,,9.0,9.0,9.0,,,1,1.0,1.0,,,,,,,,2.0,2.0,2.0,,,0,0,0,1,1,1,0,0,1,1,1,1,1,1,1,1,1,74.0,4.0,0.0,75.0
4,5.0,3,13,2510.0,1510.0,1000.0,,3.0,,,,,,5,51,51024,Koitienko,RESTORE,4,1.0,,,,,0,5,4 5,4,,,,1.0,10.0,,,,1,1.0,,,,,,,,,2.0,2.0,,,,0,0,1,1,1,0,1,1,1,1,1,0,1,0,1,1,1,61.0,3.0,1.0,502.0
6,2.0,5,13,490.0,420.0,70.0,420.0,1.0,,,,,1000.0,5,51,51024,Koitienko,RESTORE,4,1.0,,,,,0,6,4,5,,,,9.0,9.0,,,,1,1.0,,,,,97,,,,0.0,0.0,,,,0,1,1,1,0,0,1,1,1,0,1,0,1,1,1,1,1,70.0,5.0,0.0,245.0
5,1.2999999523162842,5,10 97,195.0,130.0,65.0,130.0,1.0,,,,,13.84615421295166,5,51,51024,Koitienko,RESTORE,4,1.0,,,,,0,4,5,5,,,,9.0,9.0,,,,1,1.0,,,,,,,,,0.0,0.0,,,,0,0,0,1,1,1,1,1,1,1,1,0,1,0,1,1,0,38.0,6.0,1.0,150.00000550196742
7,10.0,3,5,280.0,280.0,0.0,280.0,2.0,,,,,1000.0,5,51,51018,Kouassi-Béniékro,RESTORE,4,1.0,,,,,0,5,4,,,,,9.0,9.0,,,,1,1.0,,,,,,,,,2.0,2.0,,,,0,0,0,0,0,0,0,1,1,1,1,0,1,0,1,1,1,50.0,7.0,1.0,28.0
6,2.5,6,0,490.0,350.0,140.0,350.0,1.0,,,,,1000.0,5,51,51018,Kouassi-Béniékro,RESTORE,4,4.0,,,,,0,6,5,,,,,1.0,1.0,,,,1,1.0,,,,,9,,,,0.0,0.0,,,,0,1,1,0,0,1,1,1,1,1,1,0,1,1,1,1,1,42.0,,1.0,196.0
5,4.5,3,0,1950.0,1500.0,450.0,,3.0,,,,,,5,51,51018,Kouassi-Béniékro,RESTORE,4,1.0,,,,,0,7,5,,,,,10.0,10.0,,,,1,1.0,,,,,,,,,2.0,2.0,,,,0,1,0,1,1,1,0,1,1,0,1,0,1,0,1,1,1,48.0,1.0,1.0,433.3333333333333
5,4.5,6,0,1000.0,800.0,200.0,800.0,1.0,,,,,1000.0,5,51,51018,Kouassi-Béniékro,RESTORE,4,1.0,,,,,0,1,4,5,,,,10.0,9.0,,,,1,1.0,,,,11,,,,,0.0,3.0,,,,0,0,0,0,0,1,0,1,1,0,1,1,1,0,1,1,1,59.0,3.0,1.0,222.22222222222223
5,4.0,4,0,935.0,510.0,425.0,510.0,2.0,,,,,1000.0,5,51,51018,Kouassi-Béniékro,RESTORE,4,1.0,,,,,0,2,5,,,,,9.0,,,,,1,,,,,,,,,,2.0,,,,,0,0,1,0,0,0,0,0,1,1,1,1,1,1,1,1,1,57.0,,0.0,233.75
6,11.0,1,0,600.0,400.0,200.0,,,,,,,,4,41,41020,MAHINO2,RESTORE,3,1.0,,,,,0,5,4 5,,,,,8.0,,,,,4,4.0,4.0,,,,,,,,0.0,0.0,0.0,,,1,1,1,1,1,1,1,0,1,1,1,0,0,1,1,1,1,41.0,6.0,0.0,54.54545454545455
10,5.0,5,0,1330.0,1050.0,280.0,1050.0,1.0,,,,,1000.0,5,51,51032,N'Grakon,RESTORE,3,2.0,,,,,1,5,5,,,,,4.0,,,,,2,,,,,,,,,,0.0,,,,,0,0,1,1,0,1,0,1,1,0,0,0,1,1,1,1,1,28.0,,0.0,266.0
5,3.5,6,7 9,1190.0,1050.0,140.0,1050.0,97.0,,,,,900.0,5,51,51032,N'Grakon,RESTORE,97,1.0,,,,,1,6,5,,,,,6.0,,,,,4,1.0,,,,11,97,,,,2.0,2.0,,,,0,0,0,0,0,0,0,1,1,0,0,0,1,0,0,1,1,67.0,1.0,0.0,340.0
12,13.5,6,12,2660.0,1960.0,700.0,1960.0,3.0,,,,,900.0,5,51,51032,N'Grakon,RESTORE,97,2.0,,,,,0,6,5,5,,,,8.0,8.0,,,,4,4.0,,,,11,9,,,,2.0,2.0,,,,0,0,0,0,0,0,0,1,1,1,0,1,1,1,0,1,1,66.0,,0.0,197.03703703703704
15,9.0,6,0,1875.0,1500.0,375.0,1500.0,1.0,,,,,900.0,5,51,51032,N'Grakon,RESTORE,3,3.0,,,,,0,5,5,4 5,,,,10.0,10.0,,,,4,4.0,4.0,,,,,11,,,0.0,0.0,2.0,,,0,0,0,0,1,1,1,0,1,1,0,0,1,1,1,1,1,40.0,1.0,1.0,208.33333333333334
8,10.0,6,1,2380.0,1680.0,700.0,1680.0,6.0,,,,,1000.0,5,51,51032,N'Grakon,RESTORE,1,2.0,,,,,0,5,4,4,,,,8.0,7.0,,,,4,4.0,,,,,,,,,0.0,0.0,,,,0,0,0,1,0,1,1,1,1,0,1,0,1,0,1,1,1,79.0,,0.0,238.0
4,8.0,6,6 9,510.0,360.0,150.0,360.0,1.0,,,,,900.0,5,51,51032,N'Grakon,RESTORE,4,1.0,,,,,1,6,5,5,,,,10.0,11.0,11.0,,,1,1.0,1.0,,,,,,,,2.0,0.0,0.0,,,0,1,0,1,1,0,0,0,1,0,0,0,1,0,1,1,1,49.0,,0.0,63.75
8,4.0,6,0,1680.0,1120.0,560.0,1120.0,1.0,,,,,900.0,5,51,51032,N'Grakon,RESTORE,0,2.0,,,,,1,10,5,,,,,,,,,,4,,,,,,,,,,2.0,,,,,0,0,0,0,0,1,0,1,0,1,1,0,1,1,1,1,1,57.0,,0.0,420.0
6,3.5,4,5,1470.0,1050.0,420.0,1050.0,1.0,,,,,900.0,5,51,51032,N'Grakon,RESTORE,97,1.0,,,,,0,5,4,,,,,,,,,,2,1.0,,,,,8 9,,,,2.0,2.0,,,,0,0,0,0,0,0,0,1,0,1,0,0,1,1,1,1,1,39.0,1.0,0.0,420.0
9,4.0,6,0,840.0,630.0,210.0,630.0,1.0,,,,,1000.0,5,51,51032,N'Grakon,RESTORE,0,2.0,,,,,0,3,5,,,,,,,,,,4,,,,,,,,,,2.0,,,,,0,0,0,1,1,1,0,1,0,1,1,1,1,0,1,1,1,53.0,,0.0,210.0
6,7.5,4,0,1680.0,1200.0,480.0,1200.0,1.0,,,,,1000.0,5,51,51032,N'Grakon,RESTORE,0,2.0,,,,,0,2,5,4,,,,8.0,97.0,,,,4,4.0,1.0,,,,,11,,,0.0,0.0,2.0,,,0,1,0,1,1,0,0,0,1,1,0,0,1,1,1,1,1,40.0,,0.0,224.0
6,11.0,6,0,910.0,560.0,350.0,560.0,1.0,,,,,1000.0,5,51,51032,N'Grakon,RESTORE,4,3.0,,,,,0,7,5,5,,,,6.0,,,,,1,1.0,,,,,,,,,0.0,0.0,,,,0,0,0,1,0,1,0,1,1,0,0,0,1,0,1,1,1,67.0,,0.0,82.72727272727273
5,8.5,6,0,1840.0,1600.0,240.0,1600.0,1.0,,,,,1000.0,5,51,51032,N'Grakon,RESTORE,4,1.0,,,,,0,4,4,5,5,,,10.0,10.0,97.0,,,1,1.0,1.0,,,,,,,,0.0,0.0,0.0,,,1,0,0,0,0,1,0,0,1,1,1,0,1,0,1,1,1,71.0,,1.0,216.47058823529412
9,2.0,4,0,420.0,280.0,140.0,280.0,1.0,,,,,1000.0,5,51,51032,N'Grakon,RESTORE,4,1.0,,,,,0,4,5,,,,,,,,,,1,,,,,,,,,,0.0,,,,,0,0,0,0,0,1,0,0,0,1,1,0,1,0,1,1,1,48.0,,1.0,210.0
8,3.0,2,0,525.0,455.0,70.0,455.0,1.0,,,,,1000.0,5,51,51032,N'Grakon,RESTORE,0,1.0,,,,,0,3,4,,,,,,,,,,2,,,,,,,,,,0.0,,,,,0,1,0,1,0,1,0,0,0,1,1,0,1,0,1,1,1,35.0,1.0,0.0,175.0
3,1.0,4,5,270.0,135.0,45.0,135.0,4.0,,,,,1444.4444580078125,5,51,51035,Niablé,RESTORE,4,1.0,,,,,1,8,2,,,,,1.0,,,,,1,,,,,,,,,,2.0,,,,,0,0,1,0,0,0,0,1,1,1,1,1,1,1,1,1,0,39.0,3.0,1.0,270.0
5,12.0,6,0,300.0,300.0,0.0,300.0,2.0,,,,,850.0,5,51,51035,Niablé,RESTORE,4,1.0,,,,,1,8,5,5,,,,1.0,1.0,1.0,,,1,1.0,1.0,,,,,,,,0.0,0.0,0.0,,,0,1,0,0,0,0,0,1,1,1,1,1,1,1,1,1,1,53.0,1.0,1.0,25.0
4,5.0,2,0,360.0,320.0,40.0,320.0,3.0,,,,,1000.0,5,51,51035,Niablé,RESTORE,4,1.0,,,,,1,5,5,,,,,,,,,,1,,,,,,,,,,0.0,,,,,1,1,0,0,1,0,0,1,0,1,0,0,1,0,1,1,1,61.0,1.0,1.0,72.0
3,6.0,5,0,2400.0,2000.0,400.0,2000.0,2.0,,,,,1000.0,5,51,51035,Niablé,RESTORE,4,1.0,,,,,1,5,5,,,,,10.0,,,,,1,,,,,,,,,,0.0,,,,,1,1,1,0,1,1,0,1,1,1,0,0,1,0,1,1,1,64.0,1.0,1.0,400.0
6,10.0,6,0,1360.0,800.0,560.0,800.0,3.0,,,,,1000.0,5,51,51035,Niablé,RESTORE,4,1.0,,,,,1,9,5,,,,,1.0,,,,,1,,,,,,,,,,0.0,,,,,0,1,0,1,1,1,0,1,1,0,0,1,1,1,1,1,1,83.0,,1.0,136.0
6,4.0,4,0,892.5,680.0,212.5,680.0,2.0,,,,,900.0,5,51,51035,Niablé,RESTORE,1,2.0,,,,,0,5,5,,,,,1.0,1.0,1.0,1.0,,4,1.0,4.0,4.0,,,97,97,97,,3.0,0.0,3.0,0.0,,0,0,0,1,0,0,0,1,1,1,1,1,1,0,1,1,1,38.0,1.0,1.0,223.125
6,4.5,5,0,1160.0,800.0,360.0,800.0,1.0,,,,,1000.0,5,51,51035,Niablé,RESTORE,4,1.0,,,,,0,5,5,5,,,,1.0,1.0,,,,1,1.0,,,,,,,,,0.0,0.0,,,,0,0,0,1,1,0,1,1,1,1,1,1,1,0,1,1,1,59.0,3.0,1.0,257.77777777777777
4,17.0,5,13,3200.0,2400.0,800.0,2400.0,2.0,,,,,12.5,5,51,51035,Niablé,RESTORE,4,1.0,,,,,0,5,5 97,,,,,1.0,,,,,1,,,,,1,,,,,0.0,,,,,1,0,0,0,0,0,0,0,1,1,0,0,1,0,0,1,1,56.0,3.0,1.0,188.23529411764707
9,11.0,6,13,7040.0,6640.0,400.0,6640.0,,,,,,12.5,5,51,51035,Niablé,RESTORE,4,1.0,,,,,0,5,5,,,,,,,,,,1,,,,,,,,,,2.0,,,,,0,0,0,0,0,0,0,0,0,1,1,1,0,1,1,1,1,72.0,1.0,1.0,640.0
4,7.0,6,13,900.0,600.0,300.0,600.0,3.0,,,,,13.333333015441896,5,51,51035,Niablé,RESTORE,4,1.0,,,,,0,5,2 5,2 5,2 5,,,1.0,,,,,1,1.0,1.0,,,1,,,,,0.0,0.0,0.0,,,1,0,0,1,1,1,1,1,1,1,1,1,1,0,1,1,1,59.0,5.0,1.0,128.57142857142858
6,6.0,6,0,660.0,540.0,120.0,540.0,1.0,,,,,1000.0,5,51,51035,Niablé,RESTORE,4,1.0,,,,,0,4,5,5,,,,1.0,1.0,,,,1,1.0,,,,,,,,,0.0,0.0,,,,0,0,0,1,0,0,0,1,1,1,1,1,1,0,1,1,1,48.0,5.0,0.0,110.0
7,2.0,2,0,771.0,671.0,100.0,,1.0,,,,,,5,51,51035,Niablé,RESTORE,4,1.0,,,,,0,3,5,,,,,9.0,,,,,1,,,,,,,,,,0.0,,,,,0,0,0,1,0,1,1,0,1,0,1,1,1,0,1,1,1,41.0,1.0,1.0,385.5
3,5.0,5,0,1125.0,825.0,300.0,825.0,4.0,,,,,13.333333015441896,5,51,51035,Niablé,RESTORE,4,1.0,,,,,0,3,5,,,,,1.0,,,,,1,,,,,,,,,,0.0,,,,,0,0,0,1,1,1,1,0,1,1,0,1,1,0,1,1,1,52.0,7.0,1.0,225.0
10,12.0,6,0,480.0,400.0,80.0,400.0,3.0,,,,,12.5,5,51,51035,Niablé,RESTORE,4,1.0,,,,,0,5,5 97,,,,,1.0,1.0,,,,1,1.0,,,,,,,,,2.0,0.0,,,,0,1,0,1,1,1,1,1,1,1,1,1,1,0,1,1,1,52.0,1.0,1.0,40.0
1,5.0,4,13,765.0,595.0,170.0,595.0,3.0,,,,,11.764705657958984,5,51,51035,Niablé,RESTORE,4,1.0,,,,,0,5,2 5,,,,,1.0,1.0,,,,1,1.0,,,,,97,,,,2.0,2.0,,,,0,0,0,0,1,1,1,1,1,1,1,0,1,0,1,1,1,51.0,5.0,1.0,153.0
12,9.5,3,0,2284.0,2000.0,284.0,,1.0,,,,,,4,41,41032,OLODIO,RESTORE,0,2.0,,,,,0,3,5,5,5,,,8.0,8.0,8.0,8.0,4.0,4,4.0,4.0,4.0,4.0,,,,,,2.0,0.0,0.0,0.0,2.0,1,0,1,1,1,1,1,0,1,1,1,0,1,0,1,1,1,40.0,,0.0,240.42105263157896
2,0.0,3,0,2500.0,1500.0,1000.0,,97.0,,,,,,4,41,41032,OLODIO,RESTORE,0,2.0,,,,,0,5,5,5,5,,,8.0,,,,,1,2.0,2.0,,,,,1,,,0.0,0.0,0.0,,,1,0,1,1,1,1,1,1,1,1,0,0,1,1,1,1,1,32.0,3.0,0.0,inf
9,0.0,3,0,3500.0,2000.0,1500.0,,97.0,,,,,,4,41,41032,OLODIO,RESTORE,97,2.0,,,,,0,5,5,5,5,5,,6.0,8.0,8.0,,,1,1.0,1.0,2.0,,,97,97,11,,0.0,0.0,0.0,0.0,,0,0,0,1,1,1,1,1,1,1,1,1,1,0,1,1,1,40.0,,0.0,inf
8,4.0,3,0,1500.0,1000.0,500.0,,1.0,,,,,,4,41,41032,OLODIO,RESTORE,0,2.0,,,,,0,6,97,,,,,8.0,8.0,,,,4,4.0,,,,,97,,,,0.0,2.0,,,,1,0,1,1,1,1,1,0,1,1,1,1,1,1,1,1,1,40.0,,0.0,375.0
7,11.5,3,0,2500.0,1500.0,1000.0,,2.0,,,,,,4,41,41032,OLODIO,RESTORE,3,2.0,,,,,0,5,5,5,5,5,5.0,6.0,6.0,8.0,2.0,2.0,4,4.0,4.0,1.0,1.0,2,,1 2,2,2 3,2.0,0.0,3.0,3.0,3.0,0,0,0,0,0,1,0,1,1,1,1,1,1,1,1,1,1,26.0,,0.0,217.3913043478261
7,4.0,3,10,2700.0,1900.0,800.0,,,,,,,,4,41,41032,OLODIO,RESTORE,0,2.0,,,,,0,5,5,5,,,,8.0,8.0,,,,4,4.0,,,,,,,,,0.0,0.0,,,,0,0,0,1,1,1,0,1,1,1,1,0,0,1,1,1,1,45.0,,0.0,675.0
8,10.5,2,0,3500.0,2000.0,1500.0,,1.0,,,,,,4,41,41032,OLODIO,RESTORE,0,2.0,,,,,0,6,5,5,5,5,5.0,8.0,8.0,4.0,4.0,4.0,4,4.0,4.0,4.0,1.0,,,,,,0.0,0.0,0.0,0.0,2.0,1,0,1,1,1,1,1,0,1,1,1,1,1,1,1,1,1,37.0,,0.0,333.3333333333333
6,2.5,2,0,2600.0,2000.0,600.0,,1.0,,,,,,4,41,41032,OLODIO,RESTORE,0,2.0,,,,,0,3,5,,,,,8.0,,,,,4,,,,,,,,,,0.0,,,,,1,0,1,1,1,1,0,1,1,1,1,0,1,1,1,1,1,43.0,,0.0,1040.0
5,11.0,2,0,3000.0,2000.0,1000.0,,2.0,,,,,,4,41,41032,OLODIO,RESTORE,0,2.0,,,,,0,5,5,5,5,,,8.0,2.0,2.0,,,1,1.0,1.0,,,2,2,2,,,2.0,2.0,3.0,,,1,0,0,1,1,1,0,1,1,1,1,0,1,1,0,1,1,35.0,,0.0,272.72727272727275
6,5.0,3,0,2450.0,1800.0,650.0,,1.0,,,,,,4,41,41032,OLODIO,RESTORE,0,2.0,,,,,0,7,5,5,,,,8.0,8.0,8.0,,,4,4.0,4.0,,,,3,97,,,0.0,0.0,0.0,,,1,0,1,1,1,1,0,1,1,1,1,0,1,1,1,1,1,41.0,,0.0,490.0
13,4.0,3,10,4500.0,3000.0,1500.0,,2.0,,,,,,4,41,41032,OLODIO,RESTORE,0,2.0,,,,,0,5,5,,,,,2.0,,,,,2,,,,,,,,,,0.0,,,,,0,0,1,1,1,1,0,1,1,1,1,0,1,1,1,1,1,42.0,,0.0,1125.0
4,10.0,3,0,5500.0,3000.0,2500.0,,,,,,,,4,41,41022,PARA,RESTORE,0,2.0,,,,,0,6,4 5,,,,,4.0,4.0,,,,4,4.0,,,,,97,,,,0.0,3.0,,,,1,0,1,1,1,1,1,1,1,0,1,0,0,1,1,1,1,42.0,5.0,1.0,550.0
8,6.0,6,0,2090.0,1330.0,760.0,1330.0,2.0,,,,,1000.0,4,41,41022,PARA,RESTORE,4,3.0,,,,,0,5,3,,,,,10.0,,,,,4,,,,,,,,,,0.0,,,,,1,0,1,1,1,1,1,0,1,1,1,1,1,0,1,1,1,56.0,3.0,0.0,348.3333333333333
12,16.600000381469727,6,0,4860.0,3150.0,1710.0,3150.0,2.0,,,,,1000.0,4,41,41022,PARA,RESTORE,0,2.0,,,,,0,4,2 3,2 3,,,,10.0,10.0,10.0,10.0,,4,4.0,4.0,4.0,,,,97,97,,0.0,0.0,0.0,3.0,,1,0,0,1,1,1,1,0,1,1,1,1,1,1,1,1,1,47.0,,0.0,292.7710776094396
5,3.0,3,0,6480.0,4320.0,2160.0,4320.0,,,,,,1000.0,4,41,41023,PETIEGRABO,RESTORE,0,1.0,,,,,0,6,5,,,,,11.0,,,,,4,,,,,,,,,,0.0,,,,,0,0,0,1,0,1,1,0,1,1,1,1,0,1,1,1,1,33.0,,0.0,2160.0
5,4.0,3,0,1800.0,1200.0,600.0,,1.0,,,,,,4,41,41023,PETIEGRABO,RESTORE,0,1.0,,,,,0,5,5,,,,,4.0,,,,,4,4.0,,,,,97,,,,0.0,3.0,,,,1,0,1,1,0,1,1,1,1,0,1,1,1,1,1,1,1,49.0,,0.0,450.0
12,21.0,6,0,4275.0,2850.0,1425.0,2850.0,2.0,,,,,850.0,4,41,41023,PETIEGRABO,RESTORE,0,2.0,,,,,0,4,3,3,3,,,8.0,8.0,8.0,8.0,8.0,4,4.0,4.0,4.0,4.0,,,,97,97,0.0,0.0,0.0,0.0,3.0,1,1,1,1,1,1,1,0,1,0,1,0,1,1,1,1,1,40.0,,0.0,203.57142857142858
4,3.0,4,0,4800.0,3600.0,1200.0,3600.0,2.0,,,,,1000.0,4,41,41023,PETIEGRABO,RESTORE,0,1.0,,,,,0,5,5,,,,,10.0,,,,,4,,,,,,,,,,3.0,,,,,0,0,1,1,1,1,1,0,1,1,1,0,1,1,1,1,1,30.0,,0.0,1600.0
6,3.5,3,97,1020.0,840.0,180.0,840.0,2.0,,,,,1000.0,4,41,41023,PETIEGRABO,RESTORE,0,2.0,,,,,0,7,5,,,,,8.0,8.0,,,,4,4.0,,,,,,,,,3.0,0.0,,,,1,0,1,1,0,0,1,0,1,1,1,1,1,1,1,1,1,41.0,,0.0,291.42857142857144
8,5.0,4,0,2600.0,1950.0,650.0,1950.0,2.0,,,,,1000.0,4,41,41023,PETIEGRABO,RESTORE,0,2.0,,,,,0,7,5,,,,,97.0,8.0,,,,4,4.0,,,,,,,,,0.0,0.0,,,,1,0,0,1,1,0,1,1,1,1,1,1,1,1,1,1,1,33.0,,0.0,520.0
11,10.0,4,0,880.0,560.0,320.0,560.0,2.0,,,,,1000.0,4,41,41023,PETIEGRABO,RESTORE,0,2.0,,,,,0,4,5,,,,,8.0,8.0,8.0,,,4,4.0,4.0,,,,97,97,,,0.0,0.0,3.0,,,0,0,0,1,0,1,1,0,1,1,1,0,1,1,1,1,1,47.0,,0.0,88.0
8,20.0,6,0,3500.0,2730.0,770.0,2730.0,2.0,,,,,1000.0,4,41,41023,PETIEGRABO,RESTORE,0,2.0,,,,,0,4,5,,,,,8.0,8.0,8.0,8.0,,4,4.0,4.0,4.0,,,97,97,97,,0.0,0.0,0.0,3.0,,0,0,1,1,0,1,1,1,1,1,1,1,1,1,1,1,1,45.0,,0.0,175.0
9,8.0,6,0,960.0,800.0,160.0,800.0,2.0,,,,,1000.0,4,41,41023,PETIEGRABO,RESTORE,0,2.0,,,,,0,3,5,,,,,8.0,8.0,8.0,,,4,4.0,4.0,,,,97,97,,,0.0,0.0,3.0,,,1,0,0,1,1,1,1,0,1,1,1,1,1,1,1,1,1,62.0,,0.0,120.0
4,4.0,5,10 11,500.0,400.0,100.0,,2.0,,,,,,4,41,41023,PETIEGRABO,RESTORE,2,1.0,,,,,0,3,5,,,,,1.0,1.0,1.0,,,1,1.0,1.0,,,,97,,,,3.0,3.0,3.0,,,1,1,1,1,0,1,1,0,1,1,1,1,1,0,1,1,1,55.0,3.0,1.0,125.0
4,7.5,3,0,2000.0,1400.0,600.0,,2.0,,,,,,4,41,41023,PETIEGRABO,RESTORE,0,2.0,,,,,0,5,5,,,,,6.0,8.0,4.0,,,4,4.0,4.0,4.0,,,97,97,97,,3.0,3.0,3.0,2.0,,1,1,1,1,1,1,1,1,1,1,1,1,1,1,1,1,1,28.0,,0.0,266.6666666666667
6,12.0,6,0,2000.0,1300.0,700.0,,1.0,,,,,,4,41,41023,PETIEGRABO,RESTORE,0,1.0,,,,,0,4,5,5,,,,6.0,6.0,,,,4,4.0,4.0,,,,97,97,,,3.0,0.0,3.0,,,1,0,1,1,0,1,1,1,1,1,1,1,1,1,1,1,1,50.0,,0.0,166.66666666666666
7,11.0,6,97,2280.0,1440.0,840.0,240.0,2.0,,,,,1000.0,4,41,41023,PETIEGRABO,RESTORE,0,1.0,,,,,0,8,5,5,,,,8.0,8.0,8.0,8.0,,4,1.0,4.0,4.0,,,,,,,0.0,0.0,0.0,0.0,,0,0,1,1,1,1,1,0,1,1,1,0,1,1,1,1,1,52.0,2.0,0.0,207.27272727272728
8,11.0,6,0,3230.0,2550.0,680.0,2550.0,2.0,,,,,800.0,4,41,41023,PETIEGRABO,RESTORE,0,1.0,,,,,0,3,4,,,,,8.0,8.0,8.0,,,4,4.0,4.0,,,,97,97,,,0.0,0.0,3.0,,,1,0,1,1,0,1,1,0,1,1,1,1,1,1,1,1,1,50.0,,0.0,293.6363636363636
8,10.5,6,0,880.0,560.0,320.0,560.0,2.0,,,,,1000.0,4,41,41023,PETIEGRABO,RESTORE,0,2.0,,,,,0,8,5,,,,,10.0,10.0,10.0,10.0,,4,4.0,4.0,4.0,,,97,97,97,,0.0,0.0,0.0,0.0,,1,0,1,1,1,1,1,0,1,1,1,0,1,1,1,1,1,41.0,,0.0,83.80952380952381
7,0.0,6,6,280.0,210.0,70.0,210.0,1.0,,,,,1000.0,5,51,51033,Satikran,RESTORE,4,1.0,,,,,1,3,5,,,,,,,,,,1,,,,,,,,,,0.0,,,,,0,0,0,0,0,0,0,1,0,1,1,1,1,1,1,1,1,64.0,,1.0,inf
5,4.5,5,1,260.0,210.0,50.0,,6.0,,,,,,5,51,51033,Satikran,RESTORE,4,1.0,,,,,1,5,5,,,,,10.0,10.0,,,,1,1.0,,,,,1,,,,2.0,2.0,,,,0,1,1,0,0,0,0,1,1,1,1,1,1,0,1,1,1,60.0,,1.0,57.77777777777778
4,12.5,6,1,2450.0,1820.0,630.0,1820.0,2.0,,,,,1000.0,5,51,51033,Satikran,RESTORE,4,1.0,,,,,1,7,5,5,,,,1.0,1.0,1.0,1.0,1.0,1,1.0,1.0,1.0,1.0,2,,,,,2.0,2.0,2.0,2.0,2.0,1,0,0,1,0,1,1,0,1,1,1,0,1,1,1,1,1,64.0,1.0,1.0,196.0
4,2.0,4,97,175.0,105.0,70.0,105.0,6.0,,,,,14.285714149475098,5,51,51033,Satikran,RESTORE,4,1.0,,,,,1,5,5,,,,,9.0,,,,,1,,,,,,,,,,2.0,,,,,0,1,1,0,0,0,0,1,1,1,1,0,1,0,1,1,1,49.0,1.0,1.0,87.5
1,13.0,5,0,8.0,5.0,3.0,,2.0,,,,,,5,51,51033,Satikran,RESTORE,4,1.0,,,,,1,3,5,,,,,1.0,1.0,1.0,10.0,,1,1.0,1.0,1.0,,10,,,3 5,,2.0,2.0,2.0,2.0,,0,0,0,0,0,0,0,0,1,1,1,0,1,0,1,1,1,59.0,,1.0,0.6153846153846154
5,3.799999952316284,3,6,663.0,580.0,83.0,,2.0,,,,,,5,51,51033,Satikran,RESTORE,4,1.0,,,,,0,5,4,,,,,10.0,,,,,1,,,,,,,,,,0.0,,,,,0,0,0,0,0,0,1,0,1,1,1,0,1,1,1,1,1,56.0,3.0,1.0,174.47368639988255
10,2.0,6,0,420.0,280.0,140.0,280.0,1.0,,,,,1000.0,5,51,51033,Satikran,RESTORE,4,3.0,,,,,0,5,5,,,,,1.0,1.0,1.0,,,1,1.0,1.0,,,,97,97,,,0.0,0.0,0.0,,,0,0,0,0,0,1,1,1,1,1,0,1,1,0,1,1,1,57.0,1.0,1.0,210.0
9,1.0,2,0,175.0,140.0,35.0,140.0,1.0,,,,,1000.0,5,51,51033,Satikran,RESTORE,4,1.0,,,,,0,5,4,,,,,1.0,1.0,,,,1,1.0,,,,,97,,,,0.0,0.0,,,,1,0,1,1,0,1,1,0,1,1,1,0,1,1,1,1,1,50.0,3.0,1.0,175.0
6,4.0,5,0,700.0,500.0,200.0,500.0,2.0,,,,,1000.0,5,51,51033,Satikran,RESTORE,0,2.0,,,,,0,5,5,,,,,10.0,10.0,,,,4,4.0,,,,5,9,,,,2.0,2.0,,,,1,0,0,1,1,1,1,0,1,1,1,1,1,0,0,1,1,36.0,1.0,1.0,175.0
5,6.0,6,0,700.0,560.0,140.0,560.0,1.0,,,,,900.0,5,51,51033,Satikran,RESTORE,4,1.0,,,,,0,2,5,,,,,,,,,,1,,,,,,,,,,2.0,,,,,1,0,0,1,1,0,0,0,0,1,1,0,1,1,1,1,1,45.0,1.0,1.0,116.66666666666667
2,0.5,5,13,125.0,100.0,25.0,100.0,2.0,,,,,1000.0,5,51,51033,Satikran,RESTORE,4,1.0,,,,,0,5,4,,,,,10.0,,,,,1,,,,,,,,,,0.0,,,,,0,0,0,0,0,1,1,0,1,1,1,0,1,1,1,1,0,65.0,6.0,1.0,250.0
6,0.0,5,0,500.0,380.0,120.0,,1.0,,,,,,5,51,51033,Satikran,RESTORE,4,1.0,,,,,0,5,5 97,5,,,,,,,,,1,1.0,,,,,5,,,,0.0,2.0,,,,0,0,0,0,0,1,0,1,0,1,1,1,1,0,1,1,1,58.0,3.0,1.0,inf
5,0.0,6,0,210.0,140.0,70.0,140.0,,,,,,800.0,5,51,51033,Satikran,RESTORE,4,1.0,,,,,0,5,5,,,,,,,,,,1,,,,,,,,,,0.0,,,,,0,0,0,0,0,1,0,1,0,0,1,1,0,1,1,1,1,68.0,3.0,1.0,inf
11,4.5,4,6,525.0,420.0,105.0,420.0,2.0,,,,,900.0,5,51,51033,Satikran,RESTORE,3,3.0,,,,,0,2,5,,,5,,2.0,4.0,2.0,2.0,,1,1.0,2.0,1.0,,,97,97,97,,2.0,0.0,0.0,0.0,,0,0,0,0,1,1,0,0,1,1,1,1,1,1,1,1,1,37.0,,1.0,116.66666666666667
9,5.0,4,7,630.0,490.0,140.0,490.0,1.0,,,,,850.0,5,51,51033,Satikran,RESTORE,1,2.0,,,,,0,5,5,,,,,10.0,10.0,,,,1,1.0,,,,,97,,,,0.0,0.0,,,,0,0,1,1,0,0,1,0,1,1,1,1,1,1,1,1,1,63.0,,1.0,126.0
7,16.0,6,0,720.0,400.0,320.0,400.0,,,,,,1000.0,4,41,41030,SOTO,RESTORE,0,2.0,,,,,0,5,2 5,,,,,8.0,8.0,8.0,,,4,4.0,4.0,,,,,,,,0.0,0.0,0.0,,,1,0,1,1,1,1,0,1,1,1,1,1,0,1,1,1,1,58.0,1.0,0.0,45.0
6,10.0,6,0,240.0,160.0,80.0,160.0,2.0,,,,,1000.0,4,41,41030,SOTO,RESTORE,0,2.0,,,,,0,10,5,,,,,8.0,10.0,,,,4,4.0,,,,,,,,,0.0,0.0,,,,0,0,0,0,0,0,0,1,1,1,1,1,1,0,0,1,1,48.0,,0.0,24.0
6,3.0,3,0,1200.0,720.0,480.0,720.0,,,,,,1000.0,4,41,41030,SOTO,RESTORE,0,2.0,,,,,0,5,5,,,,,8.0,,,,,4,,,,,97,,,,,0.0,,,,,1,0,1,1,0,1,0,0,1,1,1,1,0,1,0,1,1,36.0,,0.0,400.0
9,8.0,6,0,1190.0,840.0,350.0,840.0,2.0,,,,,1000.0,4,41,41030,SOTO,RESTORE,3,2.0,,,,,0,4,5,5,,,,8.0,8.0,,,,4,4.0,,,,,,,,,2.0,2.0,,,,1,0,1,1,1,1,0,0,1,1,1,1,1,1,1,1,1,56.0,,0.0,148.75
7,6.0,6,0,420.0,280.0,140.0,280.0,2.0,,,,,1000.0,4,41,41030,SOTO,RESTORE,3,2.0,,,,,0,4,4,,,,,8.0,,,,,4,4.0,,,,,97,,,,0.0,2.0,,,,0,0,1,1,1,1,0,0,1,1,1,1,1,0,1,1,1,57.0,,0.0,70.0
9,0.0,6,0,800.0,500.0,300.0,,6.0,,,,,,4,41,41030,SOTO,RESTORE,3,2.0,,,,,0,5,5,,,,,,8.0,,,,4,4.0,,,,,,,,,2.0,2.0,,,,1,0,1,1,0,1,0,1,1,1,1,0,1,0,1,1,1,42.0,,0.0,inf
9,0.0,6,7,3000.0,2500.0,500.0,,1.0,,,,,,4,41,41030,SOTO,RESTORE,3,2.0,,,,,0,4,5,,,,,6.0,6.0,,,,4,4.0,,,,,,,,,2.0,2.0,,,,1,0,1,1,0,1,0,1,1,1,1,0,1,1,1,1,1,58.0,,0.0,inf
5,3.0,6,1,440.0,300.0,140.0,,6.0,,,,,,5,51,51039,Soukoussoukou,RESTORE,1,2.0,,,,,1,5,4,4,,,,4.0,10.0,,,,1,1.0,,,,,,,,,2.0,0.0,,,,0,0,0,1,0,0,0,1,1,0,1,0,1,1,1,1,1,62.0,2.0,1.0,146.66666666666666
7,2.5,4,13,1520.0,1360.0,160.0,1360.0,1.0,,,,,1000.0,5,51,51039,Soukoussoukou,RESTORE,4,1.0,,,,,1,5,4 5,,,,,,,,,,1,,,,,,,,,,0.0,,,,,0,1,0,1,0,1,0,0,0,0,1,0,1,0,1,1,1,43.0,1.0,0.0,608.0
6,3.5,3,6,1050.0,770.0,280.0,770.0,6.0,,,,,1000.0,5,51,51039,Soukoussoukou,RESTORE,1,2.0,,,,,1,5,4,,,,,11.0,,,,,1,,,,,,,,,,2.0,,,,,0,0,0,0,0,0,0,0,1,0,0,0,1,0,1,1,1,41.0,,0.0,300.0
15,5.0,6,13,910.0,700.0,210.0,700.0,,,,,,875.0,5,51,51039,Soukoussoukou,RESTORE,4,1.0,,,,,0,5,5,5,,,,,,,,,1,1.0,,,,,,,,,0.0,0.0,,,,0,0,1,1,1,1,0,0,0,1,1,0,0,0,1,1,1,78.0,3.0,1.0,182.0
3,4.0,3,9,1640.0,1280.0,360.0,1280.0,97.0,,,,,1000.0,5,51,51039,Soukoussoukou,RESTORE,3,1.0,,,,,1,6,5,,,,,,,,,,2,1.0,,,,1 11,8,,,,2.0,0.0,,,,0,0,0,0,0,1,0,0,0,1,0,0,1,0,0,1,1,41.0,,0.0,410.0
12,7.0,4,6,2300.0,1800.0,500.0,1800.0,1.0,,,,,1000.0,5,51,51039,Soukoussoukou,RESTORE,4,1.0,,,,,0,10,3 4 5,5,5,,,9.0,,5.0,10.0,,1,1.0,1.0,1.0,,,,,,,0.0,0.0,0.0,0.0,,1,1,0,1,0,1,0,0,1,0,1,0,1,1,1,1,1,43.0,1.0,0.0,328.57142857142856
12,8.0,6,6,630.0,490.0,140.0,490.0,1.0,,,,,1000.0,5,51,51039,Soukoussoukou,RESTORE,0,2.0,,,,,0,5,3 4,4 5,4 5,,,10.0,2.0,10.0,10.0,,1,1.0,1.0,1.0,,,,,97,,0.0,2.0,0.0,0.0,,0,1,0,0,0,0,0,0,1,1,1,1,1,1,1,1,1,52.0,1.0,0.0,78.75
15,17.0,6,13,2030.0,1540.0,490.0,1540.0,1.0,,,,,900.0,5,51,51039,Soukoussoukou,RESTORE,4,1.0,,,,,0,5,4 5,4 5,4 5,,,9.0,9.0,9.0,9.0,,1,1.0,1.0,1.0,,,2,11,97,,2.0,0.0,2.0,2.0,,0,0,1,1,1,0,0,1,1,1,1,0,1,0,1,1,1,78.0,3.0,0.0,119.41176470588235
3,6.5,4,0,1560.0,1500.0,60.0,,1.0,,,,,,5,51,51039,Soukoussoukou,RESTORE,0,2.0,,,,,0,6,5,5,,,,10.0,10.0,,,,4,4.0,2.0,4.0,,,,97,97,,0.0,0.0,0.0,2.0,,0,1,0,1,1,0,0,1,1,1,1,1,1,0,1,1,1,36.0,1.0,1.0,240.0
4,9.0,4,0,480.0,360.0,120.0,360.0,1.0,,,,,800.0,5,51,51039,Soukoussoukou,RESTORE,4,1.0,,,,,0,1,3 4,3 4,,,,10.0,10.0,10.0,10.0,,1,1.0,1.0,1.0,,,,97,97,,2.0,0.0,0.0,0.0,,0,0,0,1,0,1,1,1,1,0,1,1,1,1,1,1,1,46.0,,0.0,53.333333333333336
7,3.0,4,0,350.0,280.0,70.0,280.0,1.0,,,,,1000.0,5,51,51039,Soukoussoukou,RESTORE,97,2.0,,,,,0,6,5,,,,,,,,,,2,,,,,11,,,,,2.0,,,,,0,0,0,0,0,0,0,1,0,0,1,1,1,1,0,1,1,46.0,,0.0,116.66666666666667
7,7.5,6,13,980.0,700.0,280.0,700.0,1.0,,,,,900.0,5,51,51039,Soukoussoukou,RESTORE,4,1.0,,,,,0,6,5,5,,,,,,,,,1,1.0,,,,,,,,,0.0,0.0,,,,0,0,0,1,0,1,0,0,0,0,1,0,1,0,1,1,1,54.0,,1.0,130.66666666666666
8,4.0,3,1,1050.0,840.0,210.0,840.0,6.0,,,,,1000.0,5,51,51039,Soukoussoukou,RESTORE,4,1.0,,,,,0,3,4,,,,,9.0,9.0,,,,1,1.0,,,,,1 9,,,,2.0,2.0,,,,0,0,0,1,0,1,1,1,1,0,1,0,1,0,1,1,1,26.0,,1.0,262.5
4,2.0,6,7,720.0,540.0,180.0,540.0,1.0,,,,,1000.0,5,51,51039,Soukoussoukou,RESTORE,0,2.0,,,,,0,5,4 5,,,,,,,,,,4,,,,,,,,,,0.0,,,,,1,0,0,1,1,1,0,1,0,0,1,0,1,0,1,1,1,35.0,3.0,1.0,360.0
4,2.0,3,97,640.0,400.0,240.0,400.0,1.0,,,,,1000.0,5,51,51039,Soukoussoukou,RESTORE,4,1.0,,,,,0,5,5,,,,,,,,,,1,,,,,,,,,,0.0,,,,,0,0,0,1,0,1,0,0,0,0,1,0,1,0,1,1,1,32.0,1.0,1.0,320.0
8,6.0,3,0,245.0,140.0,105.0,140.0,1.0,,,,,800.0,5,51,51026,Tahakro,RESTORE,1,2.0,,,,,0,1,5,,,,,10.0,11.0,,,,1,1.0,,,,,97,,,,2.0,0.0,,,,0,0,0,0,0,0,0,1,1,0,1,1,1,1,1,1,1,58.0,,0.0,40.833333333333336
2,12.0,5,6,400.0,240.0,160.0,240.0,3.0,,,,,1000.0,5,51,51026,Tahakro,RESTORE,4,2.0,,,,,0,6,4 5,,,,,10.0,,,,,1,,,,,,,,,,2.0,,,,,0,0,1,1,1,0,0,1,1,0,1,1,1,0,1,1,1,67.0,6.0,1.0,33.333333333333336
7,0.5,6,0,420.0,280.0,140.0,280.0,1.0,,,,,850.0,5,51,51026,Tahakro,RESTORE,4,1.0,,,,,1,5,,5,,,,11.0,11.0,,,,1,1.0,,,,97,,,,,2.0,2.0,,,,0,0,0,0,0,0,0,1,1,1,1,1,1,1,1,1,1,46.0,,0.0,840.0
7,3.0,2,0,300.0,210.0,90.0,210.0,,,,,,1000.0,5,51,51026,Tahakro,RESTORE,1,2.0,,,,,1,1,4,,,,,10.0,11.0,11.0,,,1,1.0,1.0,,,,97,97,,,0.0,2.0,2.0,,,1,0,0,1,0,0,0,1,1,1,1,1,0,0,1,1,1,45.0,,1.0,100.0
6,2.5,2,6,60.0,60.0,0.0,,,,,,,,5,51,51026,Tahakro,RESTORE,4,1.0,,,,,1,2,5,,,,,10.0,,,,,1,,,,,3,,,,,2.0,,,,,0,0,0,0,0,1,0,1,1,0,0,0,0,1,0,1,1,43.0,1.0,1.0,24.0
7,1.5,3,5,260.0,162.5,97.5,162.5,4.0,,,,,15.384614944458008,5,51,51026,Tahakro,RESTORE,3,2.0,,,,,0,4,4,4,,,,10.0,10.0,9.0,,,1,1.0,1.0,,,,,1,9,,0.0,0.0,0.0,0.0,,0,0,0,0,0,1,1,1,1,1,1,1,1,1,1,1,1,34.0,5.0,1.0,173.33333333333334
4,2.5,4,0,420.0,280.0,140.0,280.0,3.0,,,,,1000.0,5,51,51026,Tahakro,RESTORE,1,2.0,,,,,0,6,5,,,,,10.0,,,,,1,1.0,,,,,,,,,2.0,2.0,,,,0,0,1,1,0,0,0,1,1,1,1,0,1,1,1,1,1,56.0,,1.0,168.0
6,11.0,6,0,420.0,280.0,140.0,280.0,1.0,,,,,1000.0,5,51,51026,Tahakro,RESTORE,4,1.0,,,,,0,1,5,5,,,,10.0,10.0,10.0,,,1,1.0,1.0,,,,,97,,,0.0,0.0,3.0,,,0,0,1,0,0,1,0,1,1,1,1,1,1,0,1,1,1,46.0,3.0,0.0,38.18181818181818
6,7.0,5,0,1575.0,1050.0,525.0,1050.0,1.0,,,,,900.0,5,51,51026,Tahakro,RESTORE,1,2.0,,,,,0,4,5,5,,,,11.0,11.0,,,,1,1.0,,,,,,,,,0.0,0.0,,,,0,1,0,1,1,1,0,1,1,1,1,1,1,0,1,1,1,60.0,,0.0,225.0
8,16.0,4,0,840.0,480.0,360.0,480.0,1.0,,,,,900.0,5,51,51026,Tahakro,RESTORE,0,2.0,,,,,0,6,5,5,,,,8.0,8.0,,,,1,1.0,,,,,,,,,0.0,0.0,,,,0,0,0,0,0,1,1,1,1,1,1,1,1,1,1,1,1,34.0,,0.0,52.5
9,11.0,6,12,2700.0,1350.0,1350.0,1350.0,1.0,,,,,10.55555534362793,5,51,51026,Tahakro,RESTORE,4,1.0,,,,,0,6,4 5,4 5,,,,10.0,10.0,,,,1,1.0,,,,,,,,,0.0,0.0,,,,0,1,0,0,0,1,1,1,1,1,1,1,1,1,1,1,1,68.0,,0.0,245.45454545454547
5,1.0,6,7,640.0,480.0,160.0,480.0,1.0,,,,,925.0,5,51,51026,Tahakro,RESTORE,4,1.0,,,,,0,5,4,4,,,,10.0,,,,,1,2.0,,,,97,11,,,,3.0,0.0,,,,0,1,1,1,0,1,0,1,1,0,1,1,1,0,0,1,1,63.0,1.0,1.0,640.0
7,8.0,3,0,1040.0,560.0,480.0,560.0,2.0,,,,,1000.0,5,51,51026,Tahakro,RESTORE,1,2.0,,,,,0,5,5,,,,,9.0,,,,,4,,,,,,,,,,0.0,,,,,0,1,0,1,0,1,0,1,1,0,0,1,1,1,1,1,1,33.0,,1.0,130.0
4,2.0,2,0,467.5,340.0,127.5,340.0,1.0,,,,,11.764705657958984,5,51,51026,Tahakro,RESTORE,3,2.0,,,,,0,4,4 5,,,,,10.0,,,,,1,,,,,,,,,,0.0,,,,,0,0,0,0,1,0,1,1,1,0,0,1,1,1,1,1,1,47.0,,1.0,233.75
4,10.0,1,6,280.0,210.0,70.0,210.0,1.0,,,,,1000.0,5,51,51026,Tahakro,RESTORE,3,2.0,,,,,0,1,4,,,,,10.0,10.0,,,,4,4.0,,,,,,,,,2.0,2.0,,,,0,1,1,0,0,0,0,1,1,1,1,1,1,1,1,1,1,43.0,1.0,1.0,28.0
6,7.5,2,10,1300.0,800.0,500.0,,2.0,,,,,,4,41,41025,YOUKOU,RESTORE,2,1.0,,,,,1,5,5,,,,,4.0,1.0,1.0,,,1,1.0,1.0,,,,,,,,0.0,0.0,3.0,,,0,0,0,1,0,0,1,1,1,0,1,0,1,1,1,1,1,49.0,1.0,0.0,173.33333333333334
7,7.0,4,11,3000.0,2000.0,1000.0,,2.0,,,,,,4,41,41025,YOUKOU,RESTORE,4,1.0,,,,,0,5,5,5,,,,1.0,1.0,1.0,,,4,4.0,4.0,,,,,,,,0.0,0.0,0.0,,,1,1,1,1,1,1,1,1,1,0,1,0,1,1,1,1,1,36.0,4.0,0.0,428.57142857142856
10,4.5,6,0,1200.0,840.0,360.0,840.0,,,,,,1000.0,4,41,41025,YOUKOU,RESTORE,0,2.0,,,,,0,6,5,,,,,8.0,8.0,,,,4,4.0,,,,,,,,,0.0,0.0,,,,0,0,1,1,0,1,1,0,1,1,1,0,0,1,1,1,1,49.0,,0.0,266.6666666666667
4,8.0,4,0,960.0,720.0,240.0,720.0,2.0,,,,,1000.0,4,41,41025,YOUKOU,RESTORE,0,1.0,,,,,0,4,5,,,,,8.0,8.0,8.0,,,4,4.0,4.0,,,,97,97,,,0.0,0.0,3.0,,,1,0,1,1,1,1,1,0,1,1,1,0,1,1,1,1,1,27.0,,0.0,120.0
10,12.0,6,0,2640.0,2000.0,640.0,2000.0,2.0,,,,,1000.0,4,41,41025,YOUKOU,RESTORE,0,1.0,,,,,0,4,5,5,,,,8.0,8.0,5.0,8.0,,4,4.0,4.0,4.0,,,,97,97,,0.0,0.0,0.0,3.0,,1,0,0,1,1,1,1,0,1,1,1,0,1,1,1,1,1,52.0,,0.0,220.0
3,12.5,6,0,2500.0,1500.0,1000.0,,,,,,,,4,41,41025,YOUKOU,RESTORE,0,1.0,,,,,0,5,5,5,,,,4.0,4.0,4.0,4.0,,4,4.0,4.0,4.0,,97,11,,,,0.0,0.0,3.0,3.0,,1,0,1,1,1,1,1,1,1,1,1,1,0,1,1,1,1,54.0,,0.0,200.0
8,19.5,3,0,3000.0,2000.0,1000.0,,2.0,,,,,,4,41,41025,YOUKOU,RESTORE,3,1.0,,,,,0,5,5,,,,,4.0,4.0,4.0,,,4,4.0,4.0,,,,,,,,0.0,0.0,0.0,,,1,1,0,1,1,1,1,1,1,1,1,1,1,1,1,1,1,39.0,3.0,0.0,153.84615384615384
9,5.5,5,0,4000.0,3000.0,1000.0,,1.0,,,,,,4,41,41025,YOUKOU,RESTORE,0,2.0,,,,,0,5,5,,,,,4.0,7.0,4.0,,,4,4.0,4.0,,,,,,,,0.0,0.0,0.0,,,1,1,0,1,1,0,0,1,1,1,1,0,1,1,1,1,1,46.0,,0.0,727.2727272727273
9,20.5,4,0,3360.0,1920.0,1440.0,1920.0,2.0,,,,,1000.0,4,41,41025,YOUKOU,RESTORE,0,1.0,,,,,0,4,5,5,,,,8.0,8.0,8.0,8.0,8.0,4,4.0,4.0,4.0,4.0,,,,,,0.0,0.0,0.0,0.0,0.0,1,0,1,1,1,1,1,0,1,1,1,0,1,1,1,1,1,54.0,,0.0,163.90243902439025
10,6.0,5,0,2040.0,1320.0,720.0,1320.0,2.0,,,,,1000.0,4,41,41025,YOUKOU,RESTORE,0,1.0,,,,,0,5,5,5,,,,8.0,8.0,,,,4,4.0,,,,,,,,,0.0,0.0,,,,0,0,1,1,1,1,1,0,1,1,1,0,1,1,1,1,1,45.0,,0.0,340.0
4,4.0,6,0,720.0,450.0,270.0,450.0,2.0,,,,,1000.0,4,41,41025,YOUKOU,RESTORE,0,2.0,,,,,0,3,5,,,,,8.0,8.0,,,,4,4.0,,,,,97,,,,0.0,3.0,,,,1,0,1,1,0,1,1,0,1,1,1,0,1,1,1,1,1,54.0,,1.0,180.0
4,3.0,5,0,510.0,408.0,102.0,408.0,3.0,,,,,1000.0,5,51,51019,Zébénou,RESTORE,4,1.0,,,,,1,4,4,,,,,10.0,,,,,1,,,,,,,,,,2.0,,,,,0,0,0,1,1,1,0,0,1,1,1,1,1,1,1,1,1,54.0,2.0,1.0,170.0
7,2.0,6,0,210.0,140.0,70.0,140.0,1.0,,,,,1600.0,5,51,51019,Zébénou,RESTORE,4,1.0,,,,,0,1,5,5,,,,10.0,10.0,,,,1,1.0,,,,97,97,,,,0.0,0.0,,,,0,0,0,1,0,0,0,1,1,1,1,0,1,0,0,1,0,,,,105.0
6,6.0,4,0,1725.0,1350.0,375.0,1350.0,6.0,,,,,1000.0,5,51,51019,Zébénou,RESTORE,4,1.0,,,,,0,1,4 5,5,,,,10.0,9.0,,,,1,1.0,,,,,11,,,,3.0,3.0,,,,0,1,1,0,0,1,1,0,1,1,1,1,1,1,1,1,1,32.0,1.0,1.0,287.5
4,7.0,6,0,3840.0,3600.0,240.0,3600.0,2.0,,,,,9.375,5,51,51021,Amélékia,RESTORE,4,1.0,,,,,0,4,4,4,,,,10.0,10.0,,,,1,1.0,,,,11,,,,,0.0,0.0,,,,0,0,0,0,0,1,0,0,1,1,0,0,1,1,1,1,1,74.0,1.0,1.0,548.5714285714286
4,3.440000057220459,5,0,770.0,560.0,210.0,560.0,1.0,,,,,850.0,5,51,51019,Zébénou,RESTORE,4,1.0,,,,,0,4,4 5,5,,,,10.0,97.0,,,,1,1.0,,,,,,,,,2.0,2.0,,,,1,1,1,1,1,0,0,1,1,1,0,1,1,0,1,1,1,46.0,3.0,0.0,223.8372055790501
2,8.0,3,97,210.0,140.0,70.0,140.0,1.0,,,,,3000.0,5,51,51019,Zébénou,RESTORE,4,1.0,,,,,0,8,5,5,,,,9.0,9.0,,,,1,1.0,,,,97,97,,,,0.0,0.0,,,,0,0,1,0,1,1,1,1,1,0,0,0,1,1,0,1,1,54.0,3.0,1.0,26.25
10,9.0,6,0,800.0,560.0,240.0,560.0,3.0,,,,,1000.0,5,51,51019,Zébénou,RESTORE,4,1.0,,,,,1,5,4,4,,,,1.0,1.0,,,,1,1.0,,,,,11,,,,2.0,2.0,,,,0,0,0,1,1,1,0,1,1,1,1,0,1,0,1,1,1,79.0,,1.0,88.88888888888889
4,5.0,3,13,700.0,500.0,200.0,,97.0,,,,,,5,51,51019,Zébénou,RESTORE,4,1.0,,,,,0,5,4,,,,,10.0,,,,,1,,,,,,,,,,2.0,,,,,0,0,0,0,0,0,0,1,1,1,1,0,1,1,1,1,1,45.0,1.0,1.0,140.0
4,0.0,5,0,750.0,600.0,150.0,600.0,1.0,,,,,825.0,5,51,51019,Zébénou,RESTORE,4,1.0,,,,,0,3,5,,,,,9.0,,,,,1,,,,,,,,,,0.0,,,,,0,1,1,1,1,0,0,1,1,1,0,1,1,1,1,1,1,56.0,1.0,1.0,inf
7,4.0,4,0,560.0,350.0,210.0,350.0,97.0,,,,,1000.0,5,51,51019,Zébénou,RESTORE,4,1.0,,,,,0,5,5,,,,,9.0,,,,,1,,,,,11 97,,,,,3.0,,,,,0,0,0,1,0,0,0,1,1,1,0,0,1,0,0,1,1,55.0,3.0,1.0,140.0
2,3.0,6,7,710.0,568.0,142.0,568.0,1.0,,,,,1000.0,5,51,51019,Zébénou,RESTORE,4,1.0,,,,,1,5,5,,,,,10.0,10.0,,,,1,1.0,,,,,97,,,,0.0,3.0,,,,0,0,0,1,0,0,1,0,1,0,1,0,1,1,1,1,1,54.0,2.0,1.0,236.66666666666666
8,6.0,6,0,910.0,700.0,210.0,700.0,3.0,,,,,14.285714149475098,5,51,51019,Zébénou,RESTORE,4,1.0,,,,,0,2,4,4,4,,,,9.0,9.0,,,1,1.0,1.0,,,,,,,,0.0,0.0,0.0,,,1,0,1,0,1,1,0,1,1,1,1,0,1,0,1,1,1,58.0,2.0,1.0,151.66666666666666
5,8.0,3,13,520.0,325.0,195.0,325.0,1.0,,,,,950.0,5,51,51019,Zébénou,RESTORE,4,1.0,,,,,0,5,5,,,,,10.0,,,,,1,,,,,,,,,,3.0,,,,,0,1,0,1,1,1,0,0,1,1,1,0,1,1,1,1,1,44.0,3.0,1.0,65.0
4,5.0,4,0,2475.0,1875.0,600.0,1875.0,1.0,,,,,1000.0,5,51,51019,Zébénou,RESTORE,4,1.0,,,,,0,5,5,,,,,9.0,,,,,1,,,,,,,,,,2.0,,,,,0,0,0,1,1,0,0,1,1,1,1,1,1,0,1,1,1,55.0,3.0,0.0,495.0
9,3.0,6,0,560.0,420.0,140.0,420.0,1.0,,,,,1000.0,5,51,51019,Zébénou,RESTORE,4,1.0,,,,,1,5,5,,,,,10.0,,,,,1,,,,,,,,,,2.0,,,,,0,0,0,0,0,0,0,1,1,1,1,0,1,1,1,1,1,70.0,,1.0,186.66666666666666
4,4.0,6,0,8.0,7.0,1.0,,1.0,,,,,,5,51,51019,Zébénou,RESTORE,4,1.0,,,,,1,2,4 5,,,,,1.0,,,,,1,,,,,,,,,,0.0,,,,,0,0,0,0,0,0,0,1,1,1,1,0,1,1,1,1,1,68.0,1.0,1.0,2.0
8,15.0,6,97,8500.0,6800.0,1700.0,6800.0,6.0,,,,,1000.0,5,51,51036,Ahuasso,RESTORE,4,4.0,,,,,0,7,5,,,,,10.0,,,,,1,1.0,,,,,8,,,,2.0,2.0,,,,0,0,0,1,0,1,0,1,1,1,1,0,1,0,1,1,1,45.0,1.0,0.0,566.6666666666666
8,41.0,4,0,3500.0,1500.0,2000.0,,1.0,,,,,,5,53,53004,N'Djorekro,COMPARISON,0,2.0,,,,,0,5,5,5,,,,1.0,1.0,,,,4,4.0,,,,,,,,,0.0,0.0,,,,0,0,1,1,0,1,1,1,1,1,1,0,1,1,1,1,1,40.0,,1.0,85.36585365853658
8,4.0,2,13,1020.0,680.0,340.0,680.0,1.0,,,,,1000.0,5,51,51038,Manfia,RESTORE,4,1.0,,,,,0,10,3 4,,,,,10.0,,,,,1,,,,,,,,,,0.0,,,,,0,0,1,0,0,1,1,0,1,0,0,1,1,0,1,1,1,40.0,1.0,0.0,255.0
4,4.0,3,0,574.0,500.0,74.0,,1.0,,,,,,6,64,64002,Kouadioukro,COMPARISON,4,4.0,,,,,0,2,5,,,,,1.0,,,,,1,,,,,,,,,,0.0,,,,,0,0,1,1,0,1,1,1,1,0,1,1,1,0,1,1,1,47.0,,0.0,143.5
6,4.0,6,0,800.0,640.0,160.0,640.0,6.0,,,,,12.5,5,51,51008,Adjoumani-Kouassikro,COMPARISON,4,1.0,,,,,1,7,5,,,,,1.0,,,,,1,,,,,,,,,,0.0,,,,,1,0,0,1,0,1,0,0,1,0,0,1,1,0,1,1,1,65.0,1.0,1.0,200.0
5,5.5,6,13,1120.0,880.0,240.0,880.0,1.0,,,,,950.0,5,51,51011,N'Gouanda,COMPARISON,4,1.0,,,,,0,2,5,5,,,,,,,,,1,1.0,,,,,,,,,2.0,2.0,,,,1,1,0,1,1,1,0,1,0,1,1,1,1,0,1,1,1,41.0,1.0,1.0,203.63636363636363
6,6.0,3,0,400.0,200.0,200.0,200.0,1.0,,,,,10.0,4,41,41016,TATE1,COMPARISON,2,4.0,,,,,0,1,5,4 5,5,,,10.0,10.0,10.0,10.0,10.0,1,1.0,1.0,1.0,1.0,3,,,2,,3.0,0.0,0.0,0.0,0.0,0,0,0,0,1,1,0,1,1,1,1,0,1,1,1,1,1,26.0,,1.0,66.66666666666667
5,13.0,4,0,850.0,680.0,170.0,680.0,2.0,,,,,1000.0,4,41,41003,GBAROU,COMPARISON,0,2.0,,,,,0,4,2,,,,,8.0,8.0,8.0,,,4,4.0,4.0,,,,97,97,,,0.0,0.0,0.0,,,1,0,1,1,1,1,1,0,1,1,1,0,1,1,1,1,1,52.0,,0.0,65.38461538461539
6,4.25,4,0,640.0,480.0,160.0,,1.0,,,,,,7,71,71012,MAMINI,COMPARISON,4,4.0,,,,,0,1,5 97,,,,,9.0,10.0,10.0,,,1,1.0,1.0,,,,,2,,,2.0,0.0,0.0,,,1,0,1,1,0,1,1,1,1,1,1,1,1,0,1,1,1,40.0,1.0,0.0,150.58823529411765
10,9.0,5,0,1040.0,640.0,400.0,640.0,2.0,,,,,1000.0,4,41,41002,DJEKA,COMPARISON,0,2.0,,,,,0,3,5,4,,,,8.0,8.0,8.0,,,4,4.0,4.0,4.0,,,,97,97,,0.0,0.0,0.0,0.0,,1,0,1,1,0,1,1,0,1,0,1,1,1,1,1,1,1,44.0,1.0,0.0,115.55555555555556
7,5.0,4,0,245.0,140.0,105.0,140.0,1.0,,,,,1000.0,5,51,51025,Kouadiokro,RESTORE,4,1.0,,,,,0,2,5,,,,,9.0,,,,,1,,,,,,,,,,0.0,,,,,0,0,0,1,0,1,1,1,1,1,1,1,1,1,1,1,1,45.0,,0.0,49.0
8,20.0,3,13,1600.0,1200.0,400.0,1200.0,2.0,,,,,1000.0,4,41,41010,IBO2,COMPARISON,2,1.0,,,,,0,9,5,,,,,10.0,10.0,10.0,,,1,1.0,1.0,,,,,2,,,3.0,3.0,0.0,,,1,1,1,1,1,1,1,0,1,1,1,0,1,0,1,1,1,37.0,1.0,0.0,80.0
15,7.0,6,0,840.0,700.0,140.0,700.0,1.0,5.0,3.0,5.0,2.0,1000.0,5,51,51002,Akoikro,COMPARISON,4,1.0,5.0,3.0,5.0,2.0,0,5,5,5,5,,,10.0,10.0,10.0,,,1,1.0,1.0,,,,97,11,,,0.0,0.0,0.0,,,1,1,1,1,1,1,0,1,1,0,0,1,1,0,1,1,1,70.0,3.0,1.0,120.0
8,0.0,5,0,150.0,100.0,50.0,,97.0,,,,,,4,41,41010,IBO2,COMPARISON,97,4.0,,,,,0,1,5,5,,,,6.0,6.0,,,,1,1.0,,,,,9,,,,3.0,3.0,,,,0,0,1,1,1,1,1,1,1,1,1,1,1,0,1,1,1,45.0,,0.0,inf
4,4.5,2,97,240.0,150.0,90.0,,2.0,,,,,,4,41,41015,TAOULOKE,COMPARISON,2,1.0,,,,,0,5,5,,,,,1.0,1.0,,,,1,1.0,,,,,2,,,,2.0,2.0,,,,0,0,0,1,1,1,0,0,1,1,1,0,1,0,1,1,1,34.0,1.0,1.0,53.333333333333336
5,11.0,1,0,480.0,400.0,80.0,,,,,,,,7,74,74006,Monin,COMPARISON,4,1.0,,,,,0,3,4,,,,,,,,,,1,1.0,,,,1,97,,,,0.0,0.0,,,,1,0,1,1,0,0,1,1,0,0,1,1,0,1,0,1,1,68.0,1.0,1.0,43.63636363636363
4,7.5,2,0,510.0,340.0,170.0,340.0,2.0,,,,,11.764705657958984,4,41,41026,DEBLABLAI,RESTORE,2,1.0,,,,,0,5,5,,,,,10.0,10.0,10.0,10.0,,1,1.0,1.0,1.0,,,97,97,97,,0.0,0.0,0.0,3.0,,0,0,1,1,1,1,1,0,1,1,1,0,1,0,1,1,1,61.0,1.0,1.0,68.0
4,3.0,5,0,500.0,300.0,200.0,,2.0,,,,,,4,41,41027,GBAPET,RESTORE,0,2.0,,,,,0,4,5,,,,,6.0,,,,,4,,,,,,,,,,2.0,,,,,0,0,1,1,0,1,1,0,1,1,1,0,1,1,1,1,1,37.0,1.0,0.0,166.66666666666666
3,7.0,6,0,1400.0,1225.0,175.0,1225.0,1.0,,,,,1000.0,5,51,51008,Adjoumani-Kouassikro,COMPARISON,4,1.0,,,,,1,7,2 5,5,2 5,,,1.0,1.0,1.0,,,1,1.0,1.0,,,,,,,,0.0,0.0,0.0,,,0,1,1,1,0,1,0,1,1,1,0,0,1,0,1,1,1,58.0,,1.0,200.0
8,1.0,2,0,240.0,160.0,80.0,160.0,,,,,,1000.0,4,41,41037,IRATO,COMPARISON,2,2.0,,,,,0,8,5,,,,,1.0,,,,,4,,,,,,,,,,3.0,,,,,0,0,1,1,1,1,1,0,1,1,1,0,0,0,1,1,0,26.0,2.0,1.0,240.0
4,2.5,5,0,90.0,75.0,15.0,,1.0,,,,,,7,71,71005,Biasso,RESTORE,4,3.0,,,,,0,6,97,,,,,1.0,1.0,,,,1,1.0,,,,,,,,,0.0,0.0,,,,0,0,1,1,0,1,1,0,1,1,1,0,1,0,1,1,1,55.0,6.0,1.0,36.0
5,5.5,6,0,480.0,320.0,160.0,320.0,2.0,,,,,1000.0,5,53,53005,N'DRIKRO,COMPARISON,3,2.0,,,,,0,5,2,2,,,,10.0,11.0,11.0,,,1,1.0,1.0,,,,,,,,0.0,0.0,0.0,,,0,0,1,0,0,0,0,1,1,0,0,0,1,1,1,1,1,61.0,,0.0,87.27272727272727
8,10.0,3,0,1150.0,1000.0,150.0,,6.0,,,,,,5,51,51017,Appoisso,RESTORE,3,1.0,,,,,0,2,5,5,,,,,10.0,,,,2,1.0,,,,,,,,,3.0,3.0,,,,0,0,0,0,0,1,1,1,1,0,1,0,1,0,1,1,1,54.0,,1.0,115.0
11,12.0,6,10,900.0,700.0,200.0,700.0,2.0,,,,,9.0,5,51,51004,Dramanekro,COMPARISON,1,2.0,,,,,0,5,4 5,4 5,4 5,,,11.0,11.0,10.0,,,1,1.0,1.0,,,,,,,,0.0,0.0,0.0,,,0,0,1,1,0,1,1,1,1,0,1,1,1,1,1,1,1,66.0,,0.0,75.0
5,3.0,6,0,550.0,500.0,50.0,,1.0,,,,,,7,71,71005,Biasso,RESTORE,4,1.0,,,,,0,6,5,3,,,,1.0,,,,,1,1.0,1.0,,,,,97,,,0.0,0.0,0.0,,,0,0,0,0,0,1,1,0,1,1,1,1,1,0,1,1,0,56.0,3.0,1.0,183.33333333333334
5,2.5,3,7,1365.0,910.0,455.0,910.0,1.0,,,,,15.384614944458008,5,51,51008,Adjoumani-Kouassikro,COMPARISON,4,1.0,,,,,0,5,4 5,,,,,1.0,,,,,1,,,,,,,,,,0.0,,,,,0,1,0,1,0,0,1,0,1,1,1,0,1,0,1,1,1,41.0,1.0,1.0,546.0
5,3.0,6,13,52.0,52.0,0.0,,97.0,,,,,,7,71,71006,Nyan,RESTORE,4,1.0,,,,,1,7,4 97,,,,,10.0,9.0,,,,1,1.0,,,,,,,,,0.0,0.0,,,,1,0,0,0,1,0,1,1,1,1,1,0,1,1,1,1,1,60.0,,1.0,17.333333333333332
4,3.5,6,0,195.0,130.0,65.0,130.0,1.0,,,,,13.84615421295166,7,74,74002,Montézo,COMPARISON,4,1.0,,,,,0,3,97,,,,,,,,,,1,,,,,,,,,,0.0,,,,,0,0,0,1,0,0,0,0,0,1,1,0,1,0,1,1,1,65.0,0.0,0.0,55.714285714285715
5,3.0,4,0,300.0,200.0,100.0,,3.0,,,,,,5,51,51004,Dramanekro,COMPARISON,3,2.0,,,,,0,4,5,,,,,10.0,,,,,1,,,,,,,,,,2.0,,,,,0,1,0,1,1,0,0,1,1,0,1,1,1,1,1,1,1,46.0,,1.0,100.0
1,2.0,5,0,560.0,350.0,210.0,350.0,1.0,,,,,1000.0,5,51,51054,Amian-Kouassikro,COMPARISON,4,1.0,,,,,1,3,5,5,,,,9.0,10.0,,,,1,1.0,,,,1,,,,,0.0,0.0,,,,0,0,0,1,0,0,0,1,1,1,1,1,1,1,1,1,0,55.0,1.0,1.0,280.0
6,5.0,2,0,834.0,512.0,322.0,,1.0,,,,,,7,71,71008,Mafa-Mafou,RESTORE,4,1.0,,,,,0,1,5,,,,,10.0,10.0,,,,1,1.0,,,,,97,,,,0.0,0.0,,,,1,0,0,0,0,1,1,0,1,1,1,0,1,0,1,1,1,49.0,3.0,1.0,166.8
5,1.0,3,0,1000.0,700.0,300.0,,,,,,,,4,41,41010,IBO2,COMPARISON,0,1.0,,,,,0,5,5,,,,,8.0,,,,,4,,,,,,,,,,0.0,,,,,1,0,1,1,1,1,0,0,1,1,1,0,0,1,1,1,0,25.0,,0.0,1000.0
4,1.5,1,0,97.5,65.0,32.5,65.0,2.0,,,,,1000.0,4,41,41028,GNATO,RESTORE,2,1.0,,,,,1,7,5,,,,,11.0,11.0,,,,4,4.0,,,,1,,,,,0.0,0.0,,,,1,0,1,1,1,0,0,0,1,1,1,0,1,0,0,1,0,40.0,,0.0,65.0
8,3.0,3,0,230.0,200.0,30.0,,1.0,,,,,,7,71,71012,MAMINI,COMPARISON,4,1.0,,,,,0,2,5,5,,,,1.0,1.0,1.0,,,1,1.0,1.0,,,2,2,2,,,2.0,2.0,0.0,,,0,0,1,0,0,1,0,1,1,1,1,1,1,0,0,1,1,37.0,,0.0,76.66666666666667
2,2.0,2,0,500.0,400.0,100.0,,1.0,,,,,,7,74,74002,Montézo,COMPARISON,4,1.0,,,,,0,2,5,,,,,10.0,,,,,1,,,,,,,,,,0.0,,,,,0,0,0,1,0,1,1,0,1,0,1,0,1,0,1,1,1,65.0,1.0,1.0,250.0
5,9.0,4,0,560.0,400.0,160.0,400.0,1.0,,,,,1000.0,5,51,51054,Amian-Kouassikro,COMPARISON,0,2.0,,,,,0,2,5,4 5,,,,1.0,1.0,,,,1,1.0,,,,,,,,,0.0,0.0,,,,1,0,1,1,0,1,1,1,1,1,1,0,1,1,1,1,1,50.0,,1.0,62.22222222222222
6,6.0,2,0,130.0,80.0,50.0,,2.0,,,,,,4,41,41011,KLODIO,COMPARISON,2,1.0,,,,,0,5,5 97,5 97,,,,10.0,10.0,10.0,10.0,10.0,1,1.0,1.0,1.0,1.0,,,,,,0.0,0.0,0.0,0.0,0.0,0,0,1,1,1,1,1,1,1,1,1,1,1,0,1,1,1,40.0,,0.0,21.666666666666668
3,8.5,5,3,1360.0,1120.0,240.0,1120.0,1.0,,,,,900.0,5,51,51012,Zaranou,COMPARISON,1,2.0,,,,,0,5,4 5,,,,,10.0,,,,,1,,,,,,,,,,0.0,,,,,0,0,1,1,1,0,0,0,1,1,0,1,1,0,1,1,1,47.0,,1.0,160.0
7,8.0,5,0,2500.0,2000.0,500.0,,1.0,,,,,,6,61,61001,Abongoua,RESTORE,4,1.0,,,,,0,5,2,,,,,1.0,,,,,1,1.0,,,,,97,,,,0.0,0.0,,,,1,1,0,1,0,1,1,0,1,0,1,1,1,0,1,1,1,43.0,,1.0,312.5
1,13.0,5,7,1030.0,900.0,130.0,,1.0,,,,,,5,51,51012,Zaranou,COMPARISON,1,2.0,,,,,0,5,4,4,,,,10.0,10.0,10.0,10.0,,1,1.0,1.0,1.0,,,,,97,,0.0,0.0,2.0,2.0,,1,0,0,1,1,0,0,0,1,1,1,0,1,1,1,1,1,64.0,,0.0,79.23076923076923
5,5.0,3,0,250.0,250.0,0.0,,1.0,,,,,,6,62,62001,Tioumoukro,COMPARISON,4,1.0,,,,,0,5,5,,,,,1.0,1.0,1.0,,,1,1.0,1.0,,,,,97,,,0.0,0.0,0.0,,,0,0,0,1,0,1,0,0,1,1,1,0,1,0,1,1,1,53.0,3.0,1.0,50.0
8,1.5,6,9,1000.0,600.0,400.0,,1.0,,,,,,5,51,51027,Ahininkro,RESTORE,4,1.0,,,,,1,7,5,,,,,9.0,,,,,1,,,,,,,,,,2.0,,,,,0,0,0,0,0,0,0,1,1,0,1,0,1,0,1,1,1,50.0,,1.0,666.6666666666666
4,1.25,5,0,175.0,105.0,70.0,105.0,1.0,,,,,14.285714149475098,7,74,74002,Montézo,COMPARISON,4,1.0,,,,,0,5,97,,,,,1.0,,,,,1,,,,,,,,,,0.0,,,,,0,0,0,1,0,1,1,1,1,1,1,1,1,0,1,1,0,52.0,2.0,0.0,140.0
3,3.0,3,13,277.0,180.0,97.0,,1.0,,,,,,5,53,53005,N'DRIKRO,COMPARISON,4,1.0,,,,,0,5,5,,,,,1.0,,,,,1,1.0,,,,,97,,,,0.0,0.0,,,,0,0,0,0,0,1,1,1,1,1,1,0,1,0,1,1,1,48.0,1.0,1.0,92.33333333333333
5,5.5,2,0,400.0,240.0,160.0,240.0,2.0,,,,,1000.0,4,41,41002,DJEKA,COMPARISON,0,1.0,,,,,0,3,3,,,,,8.0,8.0,,,,4,4.0,,,,,97,,,,0.0,0.0,,,,1,0,1,1,1,1,1,0,1,1,1,0,1,1,1,1,1,40.0,,1.0,72.72727272727273
9,10.0,6,1,630.0,420.0,210.0,420.0,4.0,,,,,1000.0,5,51,51038,Manfia,RESTORE,4,1.0,,,,,1,4,5,,,,,10.0,10.0,,,,1,1.0,,,,,9,,,,0.0,0.0,,,,0,0,1,1,1,1,1,0,1,1,1,1,1,0,1,1,1,66.0,,0.0,63.0
5,7.0,6,13,90.0,70.0,20.0,,97.0,,,,,,7,71,71013,BOUDEPE,COMPARISON,4,1.0,,,,,0,4,5 97,,,,,10.0,,,,,1,,,,,9,,,,,3.0,,,,,0,0,0,0,0,0,0,0,1,1,1,0,1,1,0,1,1,43.0,5.0,0.0,12.857142857142858
6,8.0,4,0,2300.0,1500.0,800.0,,1.0,,,,,,7,71,71009,Yakassé-Mé,RESTORE,4,1.0,,,,,0,4,97,,,,,1.0,1.0,,,,1,1.0,,,,,97,,,,2.0,0.0,,,,1,0,1,0,0,1,1,0,1,1,1,0,1,0,1,1,1,44.0,3.0,1.0,287.5
5,4.0,6,0,320.0,240.0,80.0,240.0,1.0,,,,,1000.0,5,51,51029,Assakro,RESTORE,4,1.0,,,,,1,4,5,5,,,,,,,,,1,1.0,,,,,,,,,2.0,2.0,,,,0,0,1,0,0,1,0,1,0,1,0,0,1,0,1,1,1,65.0,,0.0,80.0
4,5.0,2,0,55.0,55.0,0.0,,1.0,,,,,,7,71,71013,BOUDEPE,COMPARISON,4,3.0,,,,,0,4,97,,,,,,,,,,1,1.0,,,,,97,,,,0.0,0.0,,,,0,0,1,1,0,1,1,1,0,1,0,1,1,0,1,1,1,39.0,4.0,0.0,11.0
5,12.5,6,0,2700.0,2250.0,450.0,2250.0,6.0,,,,,1000.0,5,51,51005,Takima,COMPARISON,0,2.0,,,,,0,5,5,5,4 5,,,11.0,5.0,5.0,,,1,1.0,1.0,,,11,,11,,,0.0,0.0,3.0,,,0,0,0,0,0,1,1,1,1,0,0,0,1,1,1,1,1,70.0,1.0,0.0,216.0
6,7.0,5,0,1030.0,900.0,130.0,,1.0,,,,,,7,71,71006,Nyan,RESTORE,4,1.0,,,,,0,5,5 97,97,97,,,1.0,,1.0,,,1,1.0,1.0,,,1,1,,,,2.0,0.0,0.0,,,0,0,0,1,0,0,1,0,1,0,1,1,1,1,1,1,1,43.0,5.0,1.0,147.14285714285714
1,4.0,2,0,120.0,78.0,42.0,,,,,,,,7,74,74006,Monin,COMPARISON,4,1.0,,,,,0,3,97,,,,,10.0,,,,,1,,,,,11,,,,,0.0,,,,,0,0,0,1,0,0,0,0,1,0,1,0,0,0,0,1,1,42.0,,1.0,30.0
12,6.0,6,0,420.0,280.0,140.0,280.0,1.0,,,,,14.285714149475098,5,54,54002,Bécédi-Brignan,RESTORE,4,3.0,,,,,0,1,5 97,,,,,,,,,,1,,,,,,,,,,3.0,,,,,0,0,0,0,0,0,0,1,0,1,1,0,1,0,1,1,1,53.0,3.0,1.0,70.0
3,3.5,6,1,4.5,3.0,1.5,,97.0,,,,,,5,51,51015,Bébou,COMPARISON,4,1.0,,,,,1,7,4,,,,,9.0,9.0,,,,1,1.0,,,,,9,,,,2.0,0.0,,,,1,1,0,1,0,0,0,0,1,1,1,0,1,0,1,1,1,59.0,2.0,1.0,1.2857142857142858
15,3.0,4,0,990.0,810.0,180.0,810.0,6.0,,,,,1000.0,5,51,51005,Takima,COMPARISON,0,2.0,,,,,0,4,4 5,,,,,10.0,,,,,1,,,,,,,,,,3.0,,,,,0,0,0,0,0,1,1,1,1,0,1,0,1,0,1,1,1,65.0,,1.0,330.0
3,1.25,4,0,120.0,80.0,40.0,80.0,2.0,,,,,1000.0,6,64,64001,Alakro,COMPARISON,4,1.0,,,,,1,3,5,,,,,9.0,,,,,1,,,,,,,,,,0.0,,,,,0,0,1,0,0,1,0,1,1,1,0,0,1,0,1,1,1,46.0,,1.0,96.0
6,2.0,6,0,160.0,80.0,80.0,80.0,3.0,,,,,12.5,5,51,51054,Amian-Kouassikro,COMPARISON,4,1.0,,,,,1,4,4,4,,,,9.0,11.0,,,,1,1.0,,,,,,,,,0.0,0.0,,,,1,0,0,0,0,1,1,1,1,0,1,1,1,1,1,1,0,57.0,2.0,0.0,80.0
4,7.0,6,0,2280.0,1520.0,760.0,1520.0,1.0,,,,,1000.0,4,41,41027,GBAPET,RESTORE,0,2.0,,,,,0,4,5,,,,,10.0,10.0,,,,4,4.0,,,,,97,,,,0.0,0.0,,,,0,0,1,1,0,1,1,0,1,0,1,0,1,1,1,1,1,31.0,3.0,1.0,325.7142857142857
6,3.5,4,0,800.0,640.0,160.0,640.0,2.0,,,,,1000.0,6,61,61001,Abongoua,RESTORE,4,1.0,,,,,0,10,5,,,,,10.0,10.0,,,,1,1.0,,,,,,,,,0.0,0.0,,,,0,1,0,0,0,1,0,0,1,1,0,0,1,0,1,1,1,81.0,,1.0,228.57142857142858
11,9.0,2,13,450.0,300.0,150.0,,,,,,,,4,41,41011,KLODIO,COMPARISON,2,1.0,,,,,0,4,5,,,,,1.0,,,,,1,,,,,,,,,,0.0,,,,,1,0,1,1,1,1,0,1,1,1,1,0,0,0,1,1,1,49.0,1.0,0.0,50.0
5,2.5,2,97,800.0,500.0,300.0,,2.0,,,,,,4,41,41001,TEPOIBOKE,COMPARISON,2,1.0,,,,,0,6,5,,,,,11.0,1.0,10.0,,,1,1.0,1.0,,,,2,,,,0.0,2.0,0.0,,,0,0,0,0,0,1,0,1,1,1,1,0,1,0,1,1,0,60.0,1.0,1.0,320.0
1,0.0,2,0,540.0,340.0,200.0,,97.0,,,,,,4,41,41012,MERE,COMPARISON,4,1.0,,,,,0,5,5,,,,,1.0,1.0,,,,1,1.0,,,,1,97,,,,0.0,0.0,,,,1,0,0,1,1,0,0,1,1,1,0,0,1,0,0,1,1,49.0,1.0,0.0,inf
5,0.0,6,11,1470.0,910.0,560.0,910.0,1.0,,,,,900.0,5,51,51046,Kabrankro,COMPARISON,97,2.0,,,,,0,4,5,5,5,,,,,,,,4,4.0,4.0,,,,,4,,,0.0,0.0,0.0,,,1,0,0,0,0,1,0,1,0,1,0,1,1,1,1,1,1,64.0,1.0,1.0,inf
6,3.0,3,0,1300.0,1000.0,300.0,,2.0,,,,,,4,41,41017,BEOUE,RESTORE,0,1.0,,,,,0,4,5,,,,,6.0,6.0,,,,4,4.0,,,,,,,,,0.0,0.0,,,,1,0,1,1,0,1,1,1,1,1,1,0,1,1,1,1,1,46.0,4.0,0.0,433.3333333333333
4,6.0,2,0,600.0,370.0,230.0,,,,,,,,6,64,64002,Kouadioukro,COMPARISON,4,1.0,,,,,0,5,5,,,,,1.0,1.0,,,,1,1.0,,,,5,97,,,,0.0,0.0,,,,0,0,0,1,0,1,1,0,1,0,1,0,0,0,0,1,1,35.0,,1.0,100.0
7,4.0,6,0,560.0,320.0,240.0,320.0,1.0,,,,,1000.0,5,51,51012,Zaranou,COMPARISON,4,1.0,,,,,1,5,5,5,,,,97.0,9.0,,,,1,1.0,,,,1 5,9,,,,2.0,2.0,,,,0,0,0,0,0,0,0,1,1,1,1,0,1,0,0,1,1,65.0,,1.0,140.0
8,8.0,6,0,1968.0,1312.0,656.0,1312.0,1.0,,,,,780.48779296875,5,51,51002,Akoikro,COMPARISON,4,1.0,,,,,1,1,5,,,,,10.0,,,,,1,,,,,,,,,,2.0,,,,,0,0,0,1,1,0,0,1,1,1,1,1,1,0,1,1,1,74.0,,1.0,246.0
7,4.0,4,0,2000.0,1500.0,500.0,,3.0,,,,,,5,51,51004,Dramanekro,COMPARISON,1,2.0,,,,,0,3,5,,,,,10.0,,,,,1,,,,,,,,,,2.0,,,,,1,1,0,1,1,0,0,1,1,0,1,0,1,1,1,1,1,45.0,,1.0,500.0
11,2.0,3,0,595.0,420.0,175.0,420.0,1.0,,,,,950.0,5,51,51025,Kouadiokro,RESTORE,4,1.0,,,,,0,3,5,,,,,10.0,,,,,1,,,,,,,,,,2.0,,,,,0,1,0,0,0,1,0,1,1,1,1,0,1,1,1,1,1,41.0,3.0,1.0,297.5
3,6.0,6,0,910.0,700.0,210.0,700.0,1.0,,,,,1000.0,5,51,51008,Adjoumani-Kouassikro,COMPARISON,4,1.0,,,,,1,4,5,,,,,10.0,,,,,1,,,,,,,,,,3.0,,,,,0,0,1,1,0,1,0,1,1,1,1,1,1,1,1,1,1,61.0,1.0,0.0,151.66666666666666
7,1.5,6,0,250.0,200.0,50.0,,6.0,,,,,,7,71,71007,Bassadzin,RESTORE,4,1.0,,,,,0,5,5 97,,,,,,,,,,1,,,,,3 4,,,,,3.0,,,,,0,0,0,0,0,1,0,0,0,1,1,0,1,0,0,1,1,70.0,3.0,1.0,166.66666666666666
3,3.0,6,9,600.0,520.0,80.0,520.0,2.0,,,,,1000.0,5,51,51015,Bébou,COMPARISON,4,1.0,,,,,1,7,5,,,,,9.0,,,,,1,,,,,,,,,,2.0,,,,,0,1,0,0,0,0,0,1,1,1,1,0,1,1,1,1,1,69.0,,1.0,200.0
7,8.0,6,0,560.0,480.0,80.0,480.0,1.0,,,,,1000.0,5,51,51012,Zaranou,COMPARISON,4,1.0,,,,,0,5,5,5,,,,,,,,,1,1.0,,,,,,,,,0.0,2.0,,,,0,0,0,1,0,1,0,0,0,0,1,0,1,0,1,1,1,57.0,,0.0,70.0
4,0.0,3,0,210.0,120.0,90.0,,97.0,,,,,,4,41,41006,TATE2,COMPARISON,4,1.0,,,,,1,1,5,5,,,,1.0,1.0,1.0,,,1,1.0,1.0,,,1,,1,,,0.0,0.0,0.0,,,0,0,1,1,1,1,1,1,1,1,1,0,1,0,1,1,1,68.0,,0.0,inf
4,13.25,2,0,250.0,200.0,50.0,,1.0,,,,,,6,64,64002,Kouadioukro,COMPARISON,4,4.0,,,,,0,5,5,,,,,1.0,1.0,1.0,,,1,1.0,1.0,,,,,,,,0.0,0.0,0.0,,,0,0,1,1,0,1,1,1,1,0,1,1,1,0,1,1,1,60.0,1.0,0.0,18.867924528301888
8,5.0,3,0,250.0,175.0,75.0,,1.0,,,,,,7,71,54002,Bécédi-Brignan,RESTORE,4,1.0,,,,,0,5,97,,,,,1.0,1.0,,,,1,1.0,,,,,97,,,,0.0,0.0,,,,0,0,0,0,0,1,1,1,1,1,1,1,1,0,1,1,0,50.0,1.0,1.0,50.0
5,2.0,2,97,225.0,150.0,75.0,150.0,,,,,,1000.0,7,71,71005,Biasso,RESTORE,4,1.0,,,,,1,5,97,,,,,,,,,,1,,,,,,,,,,0.0,,,,,0,0,0,0,0,0,0,0,0,1,1,1,0,0,1,1,1,60.0,2.0,1.0,112.5
8,6.0,6,0,2500.0,1500.0,1000.0,,,,,,,,4,41,41017,BEOUE,RESTORE,0,1.0,,,,,0,4,5,,,,,6.0,6.0,,,,4,4.0,,,,,97,,,,0.0,3.0,,,,1,0,1,1,0,1,1,1,1,1,1,1,0,1,1,1,1,59.0,,0.0,416.6666666666667
4,3.0,4,0,150.0,120.0,30.0,,1.0,,,,,,5,51,51046,Kabrankro,COMPARISON,4,1.0,,,,,1,2,4,,,,,9.0,9.0,,,,1,1.0,,,,,97,,,,2.0,0.0,,,,0,0,0,1,0,0,0,0,1,1,1,0,1,0,1,1,1,50.0,,1.0,50.0
9,1.0,2,5,500.0,400.0,100.0,,1.0,,,,,,7,71,71007,Bassadzin,RESTORE,4,97.0,,,,,0,1,5,,,,,10.0,,,,,1,,,,,,,,,,0.0,,,,,1,1,1,1,1,1,1,0,1,1,1,1,1,0,1,1,1,40.0,1.0,1.0,500.0
5,4.0,1,0,125.0,95.0,30.0,,1.0,,,,,,7,71,71005,Biasso,RESTORE,4,1.0,,,,,0,5,5,,,,,10.0,10.0,,,,1,1.0,,,,,97,,,,0.0,0.0,,,,0,0,0,1,0,1,1,0,1,0,1,1,1,0,1,1,1,51.0,3.0,1.0,31.25
5,3.0,4,0,210.0,140.0,70.0,140.0,1.0,,,,,14.285714149475098,5,51,51024,Koitienko,RESTORE,4,1.0,,,,,1,1,5,,,,,10.0,,,,,1,,,,,,,,,,0.0,,,,,0,0,0,0,0,0,0,1,1,1,1,0,1,0,1,1,1,70.0,1.0,0.0,70.0
1,2.0,5,0,675.0,450.0,225.0,450.0,2.0,,,,,800.0,5,51,51003,Anuanua,COMPARISON,4,4.0,,,,,0,5,4,,,,,,,,,,2,,,,,,,,,,2.0,,,,,0,0,0,0,0,1,0,1,0,1,1,1,1,0,1,1,1,42.0,1.0,0.0,337.5
7,1.25,6,9,70.0,40.0,30.0,,,,,,,,7,71,71008,Mafa-Mafou,RESTORE,4,1.0,,,,,1,5,97,,,,,10.0,10.0,,,,1,1.0,,,,97,97,,,,3.0,0.0,,,,1,0,0,0,0,0,0,0,1,1,1,1,0,0,0,1,0,59.0,3.0,1.0,56.0
9,5.0,5,0,960.0,600.0,360.0,600.0,2.0,,,,,1000.0,4,41,41019,KARIE,RESTORE,0,1.0,,,,,1,7,5,,,,,11.0,,,,,4,,,,,,,,,,3.0,,,,,0,0,0,1,1,0,0,1,1,1,1,0,1,1,1,1,1,43.0,,0.0,192.0
4,2.0,2,0,1500.0,1000.0,500.0,,3.0,,,,,,4,41,41013,NIRO,COMPARISON,0,1.0,,,,,0,5,5 97,,,,,4.0,4.0,4.0,,,4,4.0,4.0,,,,,,,,0.0,0.0,2.0,,,1,0,1,1,1,1,1,1,1,1,1,0,1,1,1,1,1,34.0,,0.0,750.0
4,2.0,3,0,270.0,180.0,90.0,180.0,4.0,,,,,900.0,5,51,51030,Assémanou,RESTORE,1,1.0,,,,,1,5,5,,,,,1.0,1.0,,,,1,1.0,,,,3,4 5,,,,2.0,2.0,,,,0,0,1,0,1,0,0,0,1,1,1,0,1,0,0,1,0,50.0,1.0,1.0,135.0
2,3.0,2,0,715.0,330.0,385.0,330.0,1.0,,,,,1000.0,5,51,51001,Adahou,COMPARISON,4,1.0,,,,,0,5,4 5,,,,,9.0,,,,,1,,,,,,,,,,0.0,,,,,0,0,0,0,0,1,1,0,1,0,0,0,1,1,1,1,1,36.0,1.0,1.0,238.33333333333334
4,4.75,3,13 97,1840.0,1200.0,640.0,1200.0,2.0,,,,,1000.0,5,51,51046,Kabrankro,COMPARISON,4,1.0,,,,,0,5,4,,,,,10.0,,,,,1,1.0,1.0,1.0,1.0,1,97,97,11,11,2.0,2.0,2.0,2.0,2.0,0,0,0,0,0,0,0,0,1,1,1,0,1,1,0,1,1,49.0,6.0,1.0,387.36842105263156
12,13.0,5,0,4080.0,2880.0,1200.0,2880.0,2.0,,,,,1000.0,4,41,41024,POUTOU,RESTORE,0,2.0,,,,,0,6,5,,,,,8.0,8.0,8.0,8.0,8.0,4,4.0,4.0,4.0,4.0,,,,,,0.0,0.0,0.0,0.0,0.0,1,0,1,1,0,1,1,0,1,1,1,0,1,1,1,1,1,48.0,,0.0,313.84615384615387
3,6.0,6,11,800.0,480.0,320.0,480.0,4.0,,,,,1000.0,5,51,51014,ABRONAMOUE,COMPARISON,4,1.0,,,,,1,4,5,5,,,,9.0,10.0,,,,1,1.0,,,,,,,,,1.0,1.0,,,,0,1,0,0,1,0,1,1,1,1,1,1,1,0,1,1,1,56.0,3.0,0.0,133.33333333333334
7,14.0,3,97,540.0,400.0,140.0,,3.0,,,,,,5,53,53005,N'DRIKRO,COMPARISON,0,2.0,,,,,0,1,5,,,,,1.0,1.0,1.0,1.0,,1,1.0,1.0,1.0,,,97,97,97,,0.0,0.0,0.0,0.0,,1,0,1,1,1,1,1,0,1,1,0,0,1,0,1,1,1,52.0,,1.0,38.57142857142857
10,0.0,2,0,300.0,200.0,100.0,,97.0,,,,,,4,41,41011,KLODIO,COMPARISON,4,4.0,,,,,0,1,5,,,,,1.0,1.0,1.0,1.0,,1,1.0,1.0,1.0,,11,1 97,11,97,,0.0,0.0,0.0,0.0,,0,1,1,1,1,0,1,0,1,1,1,0,1,0,0,1,1,35.0,,1.0,inf
6,1.0,3,7,500.0,300.0,200.0,,,,,,,,4,41,41008,DAHIOKE,COMPARISON,2,1.0,,,,,0,3,5,,,,,10.0,,,,,1,,,,,,,,,,0.0,,,,,0,0,1,1,1,1,0,0,1,1,1,0,0,0,1,1,0,55.0,3.0,0.0,500.0
6,21.0,2,97,2580.0,1980.0,600.0,1920.0,2.0,,,,,1000.0,4,41,41002,DJEKA,COMPARISON,2,1.0,,,,,0,7,5,,,,,1.0,1.0,1.0,,,4,4.0,4.0,,,,,,,,0.0,0.0,0.0,,,1,0,1,0,1,0,0,0,1,1,1,0,1,1,1,1,1,52.0,2.0,1.0,122.85714285714286
15,18.25,5,0,570.0,500.0,70.0,,1.0,,,,,,7,72,72005,MOBIOKOUA,COMPARISON,4,1.0,,,,,0,4,4 5,,,,,9.0,10.0,10.0,10.0,9.0,1,1.0,1.0,1.0,1.0,,,,,,2.0,0.0,0.0,0.0,2.0,0,0,0,0,0,1,1,0,1,1,1,0,1,0,1,1,1,44.0,5.0,1.0,31.232876712328768
10,8.0,4,10,70.0,70.0,0.0,,1.0,,,,,,7,71,71009,Yakassé-Mé,RESTORE,4,3.0,,,,,0,5,97,,,,,1.0,,,,,1,,,,,,,,,,2.0,,,,,0,0,1,1,0,0,1,0,1,1,1,1,1,0,1,1,1,59.0,1.0,1.0,8.75
14,7.0,6,0,1500.0,1000.0,500.0,,,,,,,,7,71,71010,Blékoum,COMPARISON,0,2.0,,,,,0,3,5,5,,,,2.0,8.0,10.0,,,1,4.0,4.0,,,2,2,2,,,0.0,0.0,0.0,,,0,0,0,0,0,1,0,1,1,1,1,0,0,1,0,1,1,40.0,1.0,0.0,214.28571428571428
5,6.0,6,0,2600.0,2000.0,600.0,,1.0,,,,,,7,71,71010,Blékoum,COMPARISON,4,1.0,,,,,0,5,5,,,,,4.0,4.0,,,,4,4.0,,,,,,,,,0.0,0.0,,,,1,0,1,1,1,0,0,0,1,1,1,0,1,0,1,1,1,49.0,1.0,0.0,433.3333333333333
8,8.5,5,7,150.0,100.0,50.0,,2.0,,,,,,6,62,62001,Tioumoukro,COMPARISON,4,2.0,,,,,0,6,2,,,,,10.0,10.0,10.0,1.0,,1,1.0,1.0,1.0,,,,,,,0.0,0.0,0.0,0.0,,0,0,1,0,0,0,0,1,1,1,0,0,1,0,1,1,1,73.0,,1.0,17.647058823529413
14,8.5,6,0,1800.0,1440.0,360.0,1440.0,2.0,,,,,1000.0,4,41,41039,HANNIE,COMPARISON,4,3.0,,,,,0,7,5,,,,,8.0,8.0,8.0,,,4,4.0,4.0,,,,,,,,0.0,0.0,0.0,,,1,0,1,1,0,1,0,1,1,1,1,0,1,1,1,1,1,65.0,,0.0,211.76470588235293
2,0.5,3,0,140.0,105.0,35.0,105.0,1.0,,,,,12.142857551574709,5,51,51024,Koitienko,RESTORE,4,1.0,,,,,1,1,5,,,,,10.0,,,,,1,,,,,97,,,,,0.0,,,,,0,0,0,0,1,0,0,1,1,0,0,1,1,0,0,1,0,61.0,,1.0,280.0
6,8.529999732971191,3,3 7 12,1190.0,1050.0,140.0,1050.0,6.0,,,,,1000.0,5,51,51012,Zaranou,COMPARISON,4,1.0,,,,,0,7,4,,,,,9.0,10.0,9.0,,,1,1.0,1.0,,,1 11,,,,,0.0,0.0,0.0,,,0,0,0,1,0,0,0,0,1,1,1,0,1,0,1,1,1,48.0,7.0,0.0,139.50762453136633
4,4.0,6,0,100.0,0.0,100.0,,97.0,,,,,,7,74,74003,BOHOUIN,COMPARISON,4,4.0,,,,,0,1,5,,,,,10.0,9.0,,,,1,1.0,,,,9 97,97,,,,0.0,0.0,,,,0,1,0,1,0,1,1,0,1,0,1,0,1,0,0,1,1,67.0,,1.0,25.0
3,2.0,2,97,550.0,400.0,150.0,,,,,,,,4,41,41006,TATE2,COMPARISON,2,1.0,,,,,0,4,5,,,,,1.0,1.0,,,,1,1.0,,,,2,2,,,,2.0,0.0,,,,0,0,0,0,0,1,0,1,1,1,1,0,0,0,0,1,0,30.0,3.0,1.0,275.0
7,38.0,4,13,1210.0,1000.0,210.0,,6.0,,,,,,5,51,51009,Affalikro,COMPARISON,4,1.0,,,,,0,5,4,,,,,1.0,1.0,1.0,,,1,1.0,1.0,,,,,,,,0.0,0.0,0.0,,,0,1,1,1,1,1,0,0,1,1,1,1,1,1,1,1,1,65.0,5.0,1.0,31.842105263157894
7,4.0,5,0,340.0,200.0,140.0,,1.0,,,,,,7,74,74006,MONIN,COMPARISON,4,1.0,,,,,0,5,5 97,,,,,10.0,,,,,1,,,,,,,,,,0.0,,,,,0,0,1,1,1,1,1,0,1,0,1,1,1,0,1,1,1,54.0,1.0,0.0,85.0
3,2.5,2,97,195.0,130.0,65.0,130.0,1.0,,,,,2000.0,7,72,72003,BOGUIé,COMPARISON,4,1.0,,,,,0,4,5,,,,,10.0,,,,,1,,,,,4,,,,,0.0,,,,,0,0,1,0,0,0,0,1,1,0,1,1,1,0,0,1,1,43.0,8.0,0.0,78.0
7,5.0,6,0,1800.0,1350.0,450.0,1350.0,,,,,,1000.0,5,51,51017,Appoisso,RESTORE,3,1.0,,,,,0,5,5,,,,,10.0,,,,,1,,,,,,,,,,2.0,,,,,0,1,1,0,0,0,1,1,1,1,1,1,0,1,1,1,1,38.0,5.0,1.0,360.0
4,20.2450008392334,6,13,5390.0,3850.0,1540.0,3850.0,1.0,,,,,900.0,5,51,51012,Zaranou,COMPARISON,4,1.0,,,,,0,5,4,3,4,4,,10.0,10.0,10.0,10.0,10.0,1,1.0,1.0,1.0,1.0,,,,,97,0.0,0.0,0.0,0.0,0.0,0,0,0,1,0,0,0,1,1,1,1,1,1,1,1,1,1,64.0,1.0,1.0,266.2385663899088
4,1.0,1,0,170.0,100.0,70.0,,,,,,,,4,41,41016,TATE1,COMPARISON,2,3.0,,,,,0,5,5,,,,,1.0,,,,,1,,,,,1,,,,,2.0,,,,,0,0,1,1,1,1,0,0,1,1,1,0,0,0,0,1,1,23.0,,1.0,170.0
3,4.0,6,0,400.0,240.0,160.0,240.0,2.0,,,,,12.5,5,53,53004,N'Djorekro,COMPARISON,0,2.0,,,,,0,5,2 5,,,,,10.0,,,,,4,,,,,,,,,,0.0,,,,,1,1,1,1,0,1,0,1,1,1,0,0,1,1,1,1,1,34.0,1.0,0.0,100.0
4,4.0,2,6,450.0,350.0,100.0,350.0,1.0,,,,,900.0,5,51,51001,Adahou,COMPARISON,4,1.0,,,,,0,2,5,,,,,9.0,,,,,1,,,,,,,,,,0.0,,,,,0,0,0,1,1,1,0,1,1,1,1,1,1,1,1,1,1,57.0,7.0,1.0,112.5
4,8.0,5,6,3500.0,2200.0,1300.0,,1.0,,,,,,7,73,73003,Affery,COMPARISON,4,1.0,,,,,0,3,5,5,5,,,10.0,10.0,10.0,10.0,,1,1.0,1.0,1.0,,,,,97,,3.0,3.0,2.0,0.0,,1,1,0,1,0,1,1,1,1,0,1,1,1,0,1,1,1,55.0,5.0,1.0,437.5
3,10.0,1,13,790.0,480.0,310.0,,,,,,,,4,41,41015,TAOULOKE,COMPARISON,2,1.0,,,,,0,4,5,,,,,1.0,1.0,1.0,,,1,1.0,1.0,,,1,,1,,,0.0,0.0,0.0,,,1,1,1,1,1,0,0,0,1,1,1,0,0,0,1,1,1,49.0,1.0,1.0,79.0
4,4.5,3,0,1260.0,1190.0,70.0,1190.0,2.0,,,,,1000.0,7,70,71003,Anougbakro,RESTORE,0,2.0,,,,,0,7,5,5,,,,10.0,8.0,,,,1,1.0,,,,,,,,,3.0,0.0,,,,0,1,1,1,0,1,0,1,1,0,1,1,1,0,1,1,1,33.0,,1.0,280.0
5,3.5,3,6,80.0,80.0,0.0,80.0,1.0,,,,,1000.0,5,51,51024,Koitienko,RESTORE,4,1.0,,,,,0,1,4,,,,,,,,,,1,,,,,,,,,,0.0,,,,,0,1,0,0,0,0,0,1,0,1,1,0,1,0,1,1,1,36.0,4.0,1.0,22.857142857142858
15,7.0,6,9,910.0,710.0,200.0,,6.0,5.0,5.0,3.0,5.0,,7,71,71009,Yakassé-Mé,RESTORE,4,1.0,5.0,5.0,3.0,5.0,1,5,97,,,,,10.0,,,,,1,,,,,,,,,,0.0,,,,,1,0,0,1,0,0,0,1,1,1,1,0,1,0,1,1,1,61.0,1.0,1.0,130.0
7,4.0,2,97,300.0,240.0,60.0,240.0,97.0,,,,,1000.0,7,73,73003,Affery,COMPARISON,4,1.0,,,,,0,5,4 97,,,,,,,,,,1,1.0,,,,,9,,,,2.0,2.0,,,,0,0,0,1,0,1,1,1,0,1,1,1,1,0,1,1,1,74.0,97.0,0.0,75.0
7,5.0,6,0,80.0,80.0,0.0,,1.0,,,,,,7,74,74002,Montézo,COMPARISON,4,1.0,,,,,0,5,5,,,,,9.0,9.0,9.0,,,1,1.0,1.0,,,97,,,,,0.0,0.0,0.0,,,0,0,0,0,0,0,0,0,1,0,0,1,1,0,1,1,1,59.0,5.0,0.0,16.0
7,10.5,6,13,300.0,200.0,100.0,,1.0,,,,,,6,64,64002,Kouadioukro,COMPARISON,4,1.0,,,,,0,5,5,5,,,,5.0,5.0,9.0,,,1,1.0,1.0,,,,,97,,,0.0,0.0,0.0,,,0,0,0,0,0,1,1,1,1,0,1,1,1,0,1,1,1,73.0,,1.0,28.571428571428573
12,4.0,1,12,65.0,35.0,30.0,,1.0,,,,,,7,73,73005,Ahéoua,COMPARISON,4,1.0,,,,,0,5,97,,,,,10.0,10.0,,,,1,1.0,,,,,97,,,,0.0,0.0,,,,0,0,0,1,1,0,0,0,1,0,0,1,1,0,1,1,1,68.0,9.0,1.0,16.25
6,7.0,2,10,720.0,400.0,320.0,,,,,,,,4,41,41012,MERE,COMPARISON,0,1.0,,,,,0,5,5,,,,,2.0,,,,,2,,,,,,,,,,0.0,,,,,1,0,1,1,1,1,0,0,1,1,1,0,0,1,1,1,1,54.0,4.0,0.0,102.85714285714286
5,9.5,4,0,240.0,160.0,80.0,160.0,2.0,,,,,1000.0,6,61,61001,Abongoua,RESTORE,4,1.0,,,,,1,8,5,,,,,10.0,10.0,,,,1,1.0,,,,,,,,,0.0,0.0,,,,0,0,0,0,0,0,0,1,1,1,0,0,1,0,1,1,1,80.0,,1.0,25.263157894736842
2,5.0,2,0,120.0,60.0,60.0,60.0,3.0,,,,,1000.0,5,51,51025,Kouadiokro,RESTORE,0,2.0,,,,,1,4,5,,,,,10.0,,,,,1,,,,,,,,,,2.0,,,,,0,0,1,0,0,1,0,1,1,1,1,1,1,1,1,1,1,60.0,,0.0,24.0
10,9.0,2,10,10000.0,8000.0,2000.0,,1.0,,,,,,5,52,52001,Akakro,COMPARISON,4,1.0,,,,,0,5,97,,,,,6.0,,,,,1,,,,,,,,,,0.0,,,,,1,0,0,1,0,0,0,1,1,0,0,0,1,0,1,1,1,50.0,5.0,1.0,1111.111111111111
6,3.0,6,11,800.0,560.0,240.0,560.0,1.0,,,,,800.0,5,51,51038,Manfia,RESTORE,4,3.0,,,,,0,1,5,,,,,,,,,,1,,,,,,,,,,2.0,,,,,1,1,0,0,0,1,0,1,0,1,1,0,1,0,1,1,1,60.0,,0.0,266.6666666666667
4,5.0,6,0,1500.0,800.0,700.0,,2.0,,,,,,4,41,41027,GBAPET,RESTORE,0,1.0,,,,,0,3,3 5,2 5,,,,8.0,8.0,,,,4,4.0,,,,,3,,,,3.0,3.0,,,,1,0,1,1,0,1,1,1,1,1,1,0,1,1,1,1,1,53.0,1.0,0.0,300.0
9,9.0,6,12,500.0,350.0,150.0,,97.0,,,,,,7,71,71001,Annépé,COMPARISON,4,1.0,,,,,0,1,97,,,,,1.0,1.0,10.0,1.0,,1,1.0,1.0,1.0,,9,97,97,97,,0.0,0.0,0.0,0.0,,0,0,0,0,0,1,1,0,1,1,1,0,1,1,0,1,1,69.0,1.0,1.0,55.55555555555556
1,3.0,5,0,360.0,60.0,300.0,60.0,3.0,,,,,14.166666984558104,5,51,51002,Akoikro,COMPARISON,4,1.0,,,,,0,5,4 5,,,,,9.0,,,,,1,,,,,,,,,,3.0,,,,,0,1,0,1,0,1,0,1,1,1,1,0,1,0,1,1,1,68.0,2.0,1.0,120.0
9,7.199999809265137,3,0,167.0,100.0,67.0,,97.0,,,,,,7,71,54002,Bécédi-Brignan,RESTORE,4,1.0,,,,,1,6,97,,,,,10.0,,,,,1,,,,,,,,,,0.0,,,,,0,0,0,1,0,0,0,1,1,1,1,0,1,1,1,1,1,60.0,,1.0,23.194445058887403
5,1.5,3,97,400.0,250.0,150.0,,1.0,,,,,,7,71,71012,MAMINI,COMPARISON,4,1.0,,,,,0,7,5 97,,,,,9.0,,,,,1,,,,,,,,,,0.0,,,,,1,0,1,1,0,1,1,1,1,1,1,1,1,0,1,1,1,43.0,7.0,0.0,266.6666666666667
6,16.0,6,10 13,1700.0,1275.0,425.0,1275.0,2.0,,,,,825.0,5,51,51028,Ananguié,RESTORE,4,1.0,,,,,0,5,3 5,,,,,9.0,,,,,1,,,,,9,,,,,2.0,,,,,1,0,0,1,1,1,1,0,1,1,0,1,1,0,0,1,1,51.0,1.0,1.0,106.25
7,8.5,4,0,1045.0,700.0,345.0,,1.0,,,,,,4,41,41014,SEH,COMPARISON,0,2.0,,,,,0,6,5,5,5,,,6.0,8.0,8.0,5.0,,4,4.0,4.0,4.0,,,,,8,,0.0,0.0,0.0,3.0,,1,1,0,1,0,1,1,1,1,1,1,1,1,0,1,1,1,40.0,,0.0,122.94117647058823
6,7.0,4,0,2160.0,1600.0,560.0,1600.0,3.0,,,,,10.3125,5,51,51003,Anuanua,COMPARISON,4,1.0,,,,,0,6,4 5,,,,,9.0,,,,,1,,,,,,,,,,0.0,,,,,1,0,0,0,0,0,0,1,1,1,1,1,1,1,1,1,1,48.0,,0.0,308.57142857142856
3,2.0,2,0,2100.0,800.0,1300.0,,2.0,,,,,,4,41,41028,GNATO,RESTORE,4,2.0,,,,,1,3,5,,,,,8.0,,,,,4,,,,,,,,,,0.0,,,,,1,0,1,1,1,1,1,1,1,1,1,1,1,0,1,1,1,50.0,,0.0,1050.0
7,21.5,4,10,400.0,200.0,200.0,,1.0,,,,,,5,52,52001,Akakro,COMPARISON,3,2.0,,,,,0,5,97,,,,,1.0,,,,,1,,,,,,,,,,0.0,,,,,0,0,1,1,0,1,1,1,1,1,0,1,1,1,1,1,1,60.0,,1.0,18.6046511627907
3,1.0,3,6,90.0,60.0,30.0,60.0,2.0,,,,,1000.0,5,53,53004,N'Djorekro,COMPARISON,4,1.0,,,,,1,3,5,,,,,9.0,,,,,1,,,,,,,,,,2.0,,,,,0,1,1,0,0,0,1,1,1,1,1,0,1,0,1,1,0,34.0,1.0,1.0,90.0
9,7.0,6,0,630.0,450.0,180.0,450.0,3.0,,,,,11.11111068725586,5,51,51005,Takima,COMPARISON,0,2.0,,,,,0,5,4,,,,,10.0,,,,,1,,,,,,,,,,3.0,,,,,0,0,0,0,1,1,1,1,1,1,1,1,1,1,1,1,1,52.0,,1.0,90.0
5,8.0,3,0,6930.0,4970.0,1960.0,4970.0,2.0,,,,,1000.0,5,51,51001,Adahou,COMPARISON,4,1.0,,,,,0,5,5,5,,,,10.0,9.0,10.0,,,1,1.0,1.0,,,11,11,97,,,3.0,3.0,0.0,,,1,1,1,1,1,1,0,0,1,1,1,1,1,0,0,1,1,65.0,3.0,1.0,866.25
3,2.5,5,0,267.0,137.0,130.0,,1.0,,,,,,4,41,41012,MERE,COMPARISON,0,1.0,,,,,0,9,5,,,,,4.0,,,,,1,,,,,,,,,,3.0,,,,,0,0,0,1,1,1,0,1,1,1,1,0,1,0,1,1,1,34.0,,0.0,106.8
6,9.5,2,12,300.0,200.0,100.0,,1.0,,,,,,7,71,71006,Nyan,RESTORE,4,1.0,,,,,0,1,5,,,,,10.0,10.0,10.0,10.0,,1,1.0,1.0,1.0,,9,97,97,97,,0.0,0.0,0.0,0.0,,1,0,0,1,0,0,0,0,1,1,1,1,1,0,0,1,1,65.0,5.0,1.0,31.57894736842105
13,4.0,6,13,840.0,560.0,280.0,560.0,1.0,,,,,14.285714149475098,5,53,53001,Kokonou,COMPARISON,4,3.0,,,,,0,5,5,,,,,1.0,,,,,1,,,,,,,,,,0.0,,,,,0,1,1,1,0,0,1,1,1,1,0,1,1,0,1,1,1,64.0,,1.0,210.0
14,8.0,6,0,2125.0,1275.0,850.0,1105.0,97.0,,,,,1000.0,7,72,72003,BOGUIé,COMPARISON,4,1.0,,,,,0,8,4 5 97,4,3 5,,,1.0,1.0,1.0,,,1,1.0,1.0,,,,4,1,,,0.0,0.0,0.0,,,0,1,0,1,0,1,0,0,1,1,1,0,1,0,1,1,1,58.0,3.0,1.0,265.625
9,26.0,3,0,4000.0,3000.0,1000.0,,2.0,,,,,,4,41,41022,PARA,RESTORE,0,2.0,,,,,0,5,5,5,5,,,1.0,1.0,1.0,1.0,1.0,4,4.0,4.0,4.0,4.0,,,,,97,0.0,0.0,0.0,0.0,2.0,1,0,1,1,1,1,1,1,1,1,1,0,1,1,1,1,1,45.0,,0.0,153.84615384615384
12,8.0,6,5,2880.0,2700.0,180.0,2700.0,1.0,,,,,1000.0,5,51,51012,Zaranou,COMPARISON,1,2.0,,,,,0,5,5,,,,,,,,,,1,,,,,,,,,,2.0,,,,,0,0,0,1,0,1,0,1,0,1,0,0,1,0,1,1,1,61.0,,1.0,360.0
12,1.0,4,10,1850.0,1000.0,850.0,,1.0,,,,,,4,41,41014,SEH,COMPARISON,0,2.0,,,,,0,7,5,,,,,8.0,,,,,4,,,,,,,,,,0.0,,,,,1,1,1,1,1,1,0,1,1,1,1,0,1,1,1,1,1,60.0,,0.0,1850.0
9,7.0,6,7,4320.0,3120.0,1200.0,3120.0,,,,,,1000.0,4,41,41004,FETE,COMPARISON,0,1.0,,,,,0,5,5,5,,,,8.0,8.0,,,,4,4.0,,,,,97,,,,3.0,0.0,,,,1,0,1,1,0,1,0,0,1,0,1,1,0,1,1,1,1,43.0,,0.0,617.1428571428571
15,14.0,6,0,1800.0,1500.0,300.0,,1.0,,,,,,5,52,52001,Akakro,COMPARISON,3,2.0,,,,,0,5,5 97,,,,,1.0,,,,,1,,,,,,,,,,0.0,,,,,0,0,1,1,1,1,1,1,1,0,1,0,1,0,1,1,1,53.0,3.0,1.0,128.57142857142858
12,4.5,2,0,130.0,80.0,50.0,,,,,,,,4,41,41011,KLODIO,COMPARISON,2,3.0,,,,,0,1,5,,,,,1.0,1.0,,,,1,1.0,,,,,,,,,0.0,0.0,,,,0,0,0,0,0,1,0,1,1,1,0,0,0,0,1,1,1,58.0,8.0,1.0,28.88888888888889
6,2.0,4,1,280.0,210.0,70.0,210.0,97.0,,,,,1000.0,5,51,51036,Ahuasso,RESTORE,4,1.0,,,,,1,5,4 5,,,,,10.0,,,,,1,,,,,,,,,,0.0,,,,,0,0,0,1,0,0,0,0,1,0,0,1,1,0,1,1,1,46.0,1.0,1.0,140.0
4,5.0,2,7,618.0,367.0,251.0,,,,,,,,7,74,74006,Monin,COMPARISON,4,1.0,,,,,0,2,5 97,,,,,10.0,10.0,,,,1,1.0,,,,11,97,,,,2.0,0.0,,,,0,0,1,1,0,0,0,0,1,0,1,0,0,0,0,1,1,66.0,4.0,1.0,123.6
1,2.0,2,0,130.0,80.0,50.0,,1.0,,,,,,4,41,41011,KLODIO,COMPARISON,2,4.0,,,,,0,2,5,,,,,9.0,11.0,,,,1,1.0,,,,2,2,,,,0.0,0.0,,,,0,0,0,0,1,1,0,1,1,1,1,0,1,0,0,1,0,57.0,3.0,0.0,65.0
13,3.5,2,0,600.0,400.0,200.0,,2.0,,,,,,4,41,41039,HANNIE,COMPARISON,4,1.0,,,,,0,3,2 3 5,,,,,5.0,,,,,4,4.0,,,,,97,,,,0.0,2.0,,,,1,1,1,1,1,1,1,1,1,1,1,1,1,1,1,1,1,47.0,,0.0,171.42857142857142
7,4.599999904632568,5,0,175.0,155.0,20.0,,1.0,,,,,,7,71,71013,BOUDEPE,COMPARISON,4,1.0,,,,,0,5,97,,,,,1.0,,,,,1,1.0,,,,,,,,,0.0,0.0,,,,0,0,0,1,0,1,1,0,1,1,1,0,1,0,1,1,1,51.0,3.0,1.0,38.04347904958889
8,2.0,2,0,350.0,340.0,10.0,,,,,,,,4,41,41014,SEH,COMPARISON,0,2.0,,,,,0,4,5,,,,,8.0,,,,,4,,,,,,,,,,0.0,,,,,1,0,1,1,1,1,1,1,1,1,1,1,0,1,1,1,1,70.0,,0.0,175.0
7,6.5,4,0,4500.0,3000.0,1500.0,,2.0,,,,,,6,61,61001,Abongoua,RESTORE,4,3.0,,,,,0,6,5,,,,,8.0,1.0,,,,1,1.0,,,,,,,,,0.0,0.0,,,,0,1,0,1,0,0,1,0,1,0,1,0,1,1,1,1,1,47.0,,1.0,692.3076923076923
8,1.5,5,0,680.0,510.0,170.0,510.0,97.0,,,,,1000.0,7,75,75001,ASSE ORIé,COMPARISON,4,1.0,,,,,1,5,97,,,,,10.0,,,,,1,,,,,97,,,,,0.0,,,,,0,0,0,0,0,1,1,0,1,1,1,1,1,1,0,1,1,67.0,1.0,1.0,453.3333333333333
10,6.0,4,0,1520.0,1425.0,95.0,1425.0,1.0,,,,,800.0,5,51,51036,Ahuasso,RESTORE,4,1.0,,,,,1,8,4 5,,,,,10.0,,,,,1,,,,,,,,,,3.0,,,,,0,0,0,0,0,0,0,0,1,1,1,0,1,0,1,1,1,64.0,,1.0,253.33333333333334
2,4.0,1,12,1200.0,1000.0,200.0,,,,,,,,7,74,74003,BOHOUIN,COMPARISON,4,1.0,,,,,0,5,97,,,,,10.0,10.0,,,,2,1.0,,,,,9,,,,0.0,0.0,,,,1,0,0,1,0,0,0,0,1,1,1,0,0,0,1,1,1,69.0,3.0,1.0,300.0
4,8.5,3,0,175.0,140.0,35.0,140.0,,,,,,1000.0,5,51,51002,Akoikro,COMPARISON,4,1.0,,,,,0,6,4 5,5,,,,1.0,1.0,,,,1,1.0,,,,,,,,,0.0,0.0,,,,0,0,0,0,0,1,1,1,1,0,1,1,0,1,1,1,1,77.0,3.0,1.0,20.58823529411765
5,5.0,4,0,1000.0,700.0,300.0,,1.0,,,,,,7,71,54002,Bécédi-Brignan,RESTORE,4,4.0,,,,,0,5,97,,,,,10.0,10.0,10.0,,,1,1.0,1.0,,,,97,97,,,0.0,0.0,0.0,,,1,0,0,1,1,1,1,0,1,0,1,1,1,1,1,1,1,59.0,5.0,1.0,200.0
3,8.0,5,11,400.0,320.0,80.0,320.0,1.0,,,,,12.5,5,51,51009,Affalikro,COMPARISON,4,1.0,,,,,1,7,2 5,,,,,1.0,,,,,1,,,,,,,,,,0.0,,,,,0,1,0,0,1,1,0,1,1,1,0,0,1,0,1,1,1,62.0,4.0,0.0,50.0
5,3.0,6,6,640.0,560.0,80.0,560.0,2.0,,,,,12.5,5,51,51014,ABRONAMOUE,COMPARISON,4,1.0,,,,,0,3,5,,,,,1.0,,,,,1,,,,,,,,,,0.0,,,,,0,0,1,1,0,0,0,1,1,1,1,1,1,0,1,1,1,49.0,5.0,0.0,213.33333333333334
5,6.5,3,0,150.0,80.0,70.0,,1.0,,,,,,7,71,54002,Bécédi-Brignan,RESTORE,4,1.0,,,,,0,5,97,,,,,1.0,1.0,,,,1,1.0,,,,,97,,,,0.0,0.0,,,,1,0,1,1,0,0,0,0,1,0,1,1,1,0,1,1,1,30.0,5.0,1.0,23.076923076923077
7,4.0,3,0,5600.0,3200.0,2400.0,3200.0,,,,,,875.0,4,41,41014,SEH,COMPARISON,0,1.0,,,,,0,8,5,,,,,8.0,,,,,1,,,,,1,,,,,3.0,,,,,0,0,0,0,0,1,0,0,1,1,1,0,0,1,0,1,1,41.0,1.0,0.0,1400.0
4,0.0,2,97,375.0,250.0,125.0,,1.0,,,,,,4,41,41012,MERE,COMPARISON,4,1.0,,,,,0,5,5,5,,,,1.0,1.0,1.0,,,1,1.0,1.0,,,1,97,97,,,3.0,0.0,0.0,,,1,0,1,1,1,1,1,1,1,1,1,0,1,1,0,1,1,33.0,1.0,1.0,inf
5,3.0,3,0,525.0,350.0,175.0,350.0,2.0,,,,,1000.0,4,41,41028,GNATO,RESTORE,0,1.0,,,,,0,3,5,,,,,10.0,10.0,,,,4,4.0,,,,1,,,,,0.0,0.0,,,,1,0,1,1,1,1,0,0,1,1,1,0,1,1,1,1,1,35.0,1.0,1.0,175.0
13,4.0,6,13,845.0,715.0,130.0,715.0,1.0,,,,,1000.0,5,51,51012,Zaranou,COMPARISON,4,1.0,,,,,0,3,4 5,,,,,,,,,,1,,,,,,,,,,2.0,,,,,0,0,0,1,1,1,0,0,0,0,0,0,1,0,1,1,1,50.0,1.0,1.0,211.25
4,5.0,3,6 10,100.0,70.0,30.0,,97.0,,,,,,7,71,71013,BOUDEPE,COMPARISON,4,1.0,,,,,0,4,97,,,,,10.0,,,,,1,,,,,,,,,,0.0,,,,,0,0,0,0,0,0,0,1,1,1,1,1,1,0,1,1,1,48.0,7.0,1.0,20.0
7,4.0,6,0,1000.0,700.0,300.0,,1.0,,,,,,4,41,41003,GBAROU,COMPARISON,0,2.0,,,,,0,4,5,,,,,6.0,,,,,4,,,,,,,,,,0.0,,,,,1,0,0,1,0,1,1,1,1,1,1,1,1,1,1,1,1,55.0,,0.0,250.0
2,0.0,3,0,1900.0,1300.0,600.0,,1.0,,,,,,4,41,41006,TATE2,COMPARISON,4,3.0,,,,,0,1,5,5,,,,1.0,1.0,1.0,1.0,1.0,1,1.0,1.0,1.0,1.0,,97,97,97,97,3.0,0.0,0.0,0.0,0.0,1,0,1,1,1,1,1,1,1,1,1,1,1,0,1,1,1,52.0,3.0,0.0,inf
15,7.0,5,0,2000.0,1300.0,700.0,,2.0,,,,,,4,41,41002,DJEKA,COMPARISON,0,2.0,,,,,0,4,5,5,,,,4.0,6.0,4.0,,,4,4.0,4.0,,,,,97,,,3.0,3.0,3.0,,,1,0,1,1,0,1,1,1,1,0,1,0,1,1,1,1,1,56.0,,0.0,285.7142857142857
7,10.0,6,0,365.0,292.0,73.0,292.0,2.0,,,,,1000.0,5,51,51009,Affalikro,COMPARISON,4,1.0,,,,,1,7,2 5,,,,,1.0,,,,,1,,,,,,,,,,0.0,,,,,0,1,0,1,1,1,0,1,1,1,0,0,1,0,1,1,1,70.0,1.0,1.0,36.5
10,7.0,6,6 10 13,1000.0,700.0,300.0,,1.0,,,,,,7,73,73002,Adiaoukoi,COMPARISON,4,1.0,,,,,0,4,4,4,,,,10.0,10.0,10.0,10.0,,1,1.0,1.0,1.0,,,,97,97,,0.0,0.0,2.0,0.0,,0,0,1,1,0,0,0,0,1,1,0,0,1,0,1,1,1,61.0,1.0,1.0,142.85714285714286
3,5.199999809265137,3,0,1440.0,1440.0,0.0,1440.0,2.0,,,,,1000.0,5,51,51002,Akoikro,COMPARISON,4,3.0,,,,,0,1,4 5,4 5,,,,10.0,10.0,10.0,,,1,1.0,1.0,,,,,97,,,2.0,2.0,3.0,,,0,0,0,1,0,0,0,1,1,1,1,0,1,0,1,1,1,54.0,1.0,1.0,276.9230870805552
7,12.0,6,3,1125.0,750.0,375.0,750.0,2.0,,,,,1000.0,4,41,41002,DJEKA,COMPARISON,0,2.0,,,,,0,5,5,5,,,,10.0,6.0,8.0,8.0,,4,4.0,4.0,4.0,,,97,97,97,,0.0,0.0,0.0,0.0,,1,0,1,1,0,1,1,0,1,1,1,0,1,1,1,1,1,43.0,3.0,0.0,93.75
14,5.0,6,9,54.0,54.0,0.0,,1.0,,,,,,7,74,74002,Montézo,COMPARISON,4,1.0,,,,,0,2,5 97,,,,,1.0,,,,,1,,,,,,,,,,0.0,,,,,0,0,0,1,0,1,1,1,1,0,1,0,1,0,1,1,1,58.0,6.0,1.0,10.8
7,18.0,4,7,10.0,8.0,2.0,,1.0,,,,,,5,51,51009,Affalikro,COMPARISON,4,1.0,,,,,0,5,5,,,,,1.0,,,,,1,,,,,,,,,,2.0,,,,,0,0,0,1,0,0,1,0,1,1,1,0,1,1,1,1,1,64.0,6.0,0.0,0.5555555555555556
5,1.0,2,13,268.0,238.0,30.0,,97.0,,,,,,4,41,41016,TATE1,COMPARISON,2,1.0,,,,,0,4,5,,,,,1.0,,,,,1,,,,,,,,,,0.0,,,,,0,0,1,1,1,1,0,1,1,1,0,0,1,0,1,1,1,33.0,,1.0,268.0
3,10.0,6,0,2000.0,1200.0,800.0,,1.0,,,,,,5,51,51027,Ahininkro,RESTORE,4,1.0,,,,,0,6,3 4 5,5,,,,10.0,10.0,10.0,10.0,,1,1.0,1.0,1.0,,,,97,97,,0.0,0.0,2.0,2.0,,0,1,1,1,0,1,0,1,1,1,1,1,1,0,1,1,1,41.0,5.0,0.0,200.0
6,0.0,2,0,700.0,500.0,200.0,,97.0,,,,,,4,41,41015,TAOULOKE,COMPARISON,4,1.0,,,,,0,1,5,,,,,1.0,1.0,1.0,,,1,1.0,1.0,,,,,97,,,0.0,0.0,0.0,,,0,0,1,0,1,1,1,0,1,1,1,1,1,0,1,1,1,41.0,0.0,1.0,inf
7,2.0,2,0,150.0,120.0,30.0,,1.0,,,,,,7,71,71006,Nyan,RESTORE,4,4.0,,,,,0,5,5,,,,,1.0,1.0,,,,1,1.0,,,,,97,,,,0.0,0.0,,,,1,0,0,1,0,1,1,0,1,0,1,0,1,0,1,1,1,30.0,1.0,1.0,75.0
8,2.0,3,0,300.0,200.0,100.0,,1.0,,,,,,4,41,41013,NIRO,COMPARISON,0,2.0,,,,,0,5,5,,,,,8.0,,,,,1,,,,,,,,,,2.0,,,,,1,0,0,1,1,1,0,1,1,1,1,0,1,1,1,1,1,32.0,,0.0,150.0
6,2.0,2,13,240.0,160.0,80.0,160.0,1.0,,,,,12.5,6,64,64002,Kouadioukro,COMPARISON,4,4.0,,,,,0,5,5,,,,,1.0,1.0,,,,1,1.0,,,,,97,,,,0.0,0.0,,,,0,0,0,1,0,1,1,0,1,1,1,0,1,0,1,1,0,37.0,,1.0,120.0
12,16.5,6,0,4706.0,3456.0,1250.0,,2.0,,,,,,4,41,41017,BEOUE,RESTORE,0,2.0,,,,,0,5,,,,5,5.0,8.0,8.0,8.0,,8.0,4,4.0,4.0,4.0,4.0,97,97,97,,,0.0,0.0,3.0,0.0,0.0,1,0,1,1,1,1,1,0,1,1,1,0,1,1,1,1,1,55.0,3.0,0.0,285.2121212121212
5,9.0,6,0,2450.0,2100.0,350.0,2100.0,1.0,,,,,1000.0,5,51,51015,Bébou,COMPARISON,4,1.0,,,,,0,3,4 5,,,,,,,,,,1,,,,,,,,,,2.0,,,,,0,0,0,0,0,1,0,1,0,1,1,0,1,1,1,1,1,72.0,1.0,0.0,272.22222222222223
4,4.0,6,0,2000.0,1500.0,500.0,,2.0,,,,,,4,41,41021,NIGRE,RESTORE,0,2.0,,,,,0,4,2,,,,,10.0,10.0,,,,4,4.0,,,,,97,,,,0.0,3.0,,,,1,0,1,1,0,1,1,0,1,0,1,1,1,1,1,1,1,26.0,1.0,1.0,500.0
5,5.0,2,97,400.0,245.0,155.0,,,,,,,,4,41,41011,KLODIO,COMPARISON,2,1.0,,,,,0,7,5,,,,,1.0,,,,,1,,,,,,,,,,0.0,,,,,0,0,1,1,1,1,0,1,1,1,0,0,0,0,1,1,1,51.0,1.0,1.0,80.0
13,4.0,5,0,780.0,520.0,260.0,520.0,1.0,,,,,15.384614944458008,5,53,53001,Kokonou,COMPARISON,0,2.0,,,,,0,2,5,,,,,11.0,,,,,4,,,,,,,,,,0.0,,,,,0,1,0,1,0,1,1,1,1,1,1,0,1,0,1,1,1,50.0,,1.0,195.0
9,7.0,3,0,800.0,500.0,300.0,,1.0,,,,,,4,41,41024,POUTOU,RESTORE,3,2.0,,,,,0,2,5,4 5,,,,1.0,3.0,4.0,,,4,4.0,4.0,,,,1,97,,,0.0,0.0,3.0,,,1,1,1,1,1,1,1,0,1,1,1,0,1,1,1,1,1,31.0,,0.0,114.28571428571429
8,5.0,1,97,500.0,200.0,300.0,,,,,,,,4,41,41014,SEH,COMPARISON,2,1.0,,,,,0,3,5,,,,,10.0,10.0,,,,1,1.0,,,,1,,,,,3.0,0.0,,,,1,0,1,1,0,0,0,1,1,0,0,0,0,0,1,1,1,55.0,3.0,0.0,100.0
12,8.75,2,97,700.0,400.0,300.0,,97.0,,,,,,4,41,41012,MERE,COMPARISON,2,3.0,,,,,0,4,5,5,5,5,,10.0,10.0,10.0,10.0,10.0,1,1.0,1.0,1.0,1.0,,,,,,0.0,0.0,0.0,0.0,0.0,0,0,1,1,0,1,1,1,1,1,1,1,1,0,1,1,1,43.0,1.0,1.0,80.0
8,41.0,4,0,120.0,83.0,37.0,,1.0,,,,,,6,64,64002,Kouadioukro,COMPARISON,4,4.0,,,,,0,5,5,,,,,1.0,,,,,1,,,,,,,,,,0.0,,,,,0,1,1,1,0,1,1,1,1,0,0,0,1,0,1,1,1,60.0,4.0,1.0,2.926829268292683
5,3.0,4,11,260.0,195.0,65.0,195.0,2.0,,,,,1000.0,6,62,62001,Tioumoukro,COMPARISON,4,1.0,,,,,0,6,2,,,,,1.0,1.0,1.0,,,1,1.0,1.0,,,,,97,,,2.0,2.0,2.0,,,0,0,0,0,0,1,0,1,1,0,0,0,1,0,1,1,0,51.0,1.0,1.0,86.66666666666667
7,3.0,4,7,500.0,300.0,200.0,,3.0,,,,,,7,73,73002,Adiaoukoi,COMPARISON,2,1.0,,,,,0,5,5,,,,,1.0,,,,,1,1.0,,,,,,,,,0.0,2.0,,,,1,0,0,0,0,1,1,1,1,1,1,0,1,0,1,1,1,44.0,1.0,0.0,166.66666666666666
10,1.5,2,0,420.0,315.0,105.0,315.0,1.0,,,,,900.0,5,51,51003,Anuanua,COMPARISON,4,1.0,,,,,1,2,4,,,,,,,,,,2,2.0,,,,1,,,,,0.0,0.0,,,,0,0,0,0,0,1,0,0,0,0,0,1,1,1,1,1,1,55.0,3.0,1.0,280.0
6,34.0,6,0,6000.0,3600.0,2400.0,3600.0,2.0,,,,,1000.0,4,41,41019,KARIE,RESTORE,0,2.0,,,,,0,4,5,5,,,,10.0,10.0,10.0,10.0,10.0,4,4.0,4.0,4.0,4.0,,11,97,97,97,0.0,0.0,0.0,0.0,3.0,1,0,0,1,0,1,1,0,1,0,1,0,1,1,1,1,1,29.0,3.0,0.0,176.47058823529412
4,2.5,1,10,310.0,158.0,152.0,,,,,,,,7,73,73005,Ahéoua,COMPARISON,4,3.0,,,,,0,5,5,,,,,1.0,,,,,1,,,,,11 97,,,,,2.0,,,,,0,0,0,0,0,1,1,0,1,1,1,0,0,0,0,1,1,45.0,4.0,1.0,124.0
15,6.0,6,0,2000.0,1200.0,800.0,,97.0,1.0,4.0,7.0,6.0,,7,71,51028,Ananguié,RESTORE,4,4.0,1.0,4.0,7.0,6.0,0,5,5,5,,,,10.0,10.0,10.0,,,1,1.0,1.0,,,,,97,,,2.0,0.0,0.0,,,1,1,0,0,0,0,0,0,1,1,1,1,1,0,1,1,1,56.0,1.0,1.0,333.3333333333333
4,2.0,1,0,70.0,50.0,20.0,,1.0,,,,,,4,41,41015,TAOULOKE,COMPARISON,0,2.0,,,,,0,2,5,,,,,4.0,4.0,,,,2,4.0,,,,,,,,,0.0,3.0,,,,1,0,1,1,0,1,1,1,1,0,1,1,1,1,1,1,1,39.0,,0.0,35.0
3,1.0,1,0,18.0,18.0,0.0,,1.0,,,,,,7,71,71008,Mafa-Mafou,RESTORE,4,1.0,,,,,0,1,5 97,,,,,9.0,10.0,10.0,,,1,1.0,1.0,,,,97,97,,,0.0,0.0,0.0,,,0,0,0,0,0,1,1,0,1,0,1,1,1,0,1,1,0,39.0,4.0,1.0,18.0
4,4.0,5,0,580.0,500.0,80.0,,1.0,,,,,,5,51,51014,ABRONAMOUE,COMPARISON,4,1.0,,,,,0,6,5,,,,,9.0,9.0,,,,1,4.0,,,,,,,,,0.0,0.0,,,,0,0,0,1,0,1,1,1,1,1,1,0,1,0,1,1,1,39.0,,1.0,145.0
11,7.0,1,0,600.0,400.0,200.0,,,,,,,,4,41,41015,TAOULOKE,COMPARISON,0,1.0,,,,,0,4,5,,,,,2.0,,,,,2,,,,,1,,,,,0.0,,,,,0,0,0,1,1,1,0,0,1,1,1,0,0,1,0,1,1,46.0,,0.0,85.71428571428571
4,8.0,6,6,2800.0,2000.0,800.0,,97.0,,,,,,6,64,64001,Alakro,COMPARISON,4,3.0,,,,,0,7,5,,,,,1.0,1.0,1.0,,,1,1.0,1.0,,,,97,,,,0.0,0.0,0.0,,,0,0,1,1,0,1,1,1,1,1,1,1,1,0,1,1,1,50.0,3.0,0.0,350.0
12,3.75,3,0,120.0,89.0,31.0,,2.0,,,,,,6,62,62001,Tioumoukro,COMPARISON,4,4.0,,,,,0,3,5,,,,,10.0,1.0,1.0,1.0,,1,1.0,1.0,1.0,,,,,97,,0.0,0.0,0.0,0.0,,0,0,1,1,0,1,0,0,1,0,0,0,1,0,1,1,0,52.0,1.0,1.0,32.0
2,5.0,6,0,200.0,120.0,80.0,120.0,2.0,,,,,1000.0,6,64,64002,Kouadioukro,COMPARISON,4,1.0,,,,,1,5,2 5,,,,,11.0,11.0,,,,1,1.0,,,,,,,,,0.0,0.0,,,,0,0,0,0,0,0,0,0,1,0,0,0,1,0,1,1,1,70.0,,1.0,40.0
2,4.5,6,5,400.0,240.0,160.0,240.0,2.0,,,,,1000.0,6,61,61001,Abongoua,RESTORE,4,1.0,,,,,1,7,5,5,,,,10.0,10.0,10.0,,,1,1.0,1.0,,,,,,,,0.0,0.0,0.0,,,1,1,0,0,0,1,0,0,1,1,0,0,1,0,1,1,1,58.0,1.0,0.0,88.88888888888889
13,0.0,1,97,35.0,25.0,10.0,,,,,,,,4,41,41016,TATE1,COMPARISON,4,1.0,,,,,0,1,5,5,,,,1.0,1.0,,,,1,1.0,1.0,,,,1,97,,,0.0,0.0,3.0,,,0,0,1,0,1,1,1,1,1,1,1,0,0,0,1,1,1,50.0,1.0,1.0,inf
6,3.0,5,5,200.0,150.0,50.0,,2.0,,,,,,6,64,64001,Alakro,COMPARISON,4,1.0,,,,,0,10,2 5,,,,,10.0,,,,,1,,,,,,,,,,0.0,,,,,0,0,1,0,0,1,0,1,1,1,1,0,1,0,1,1,1,41.0,1.0,0.0,66.66666666666667
3,2.5,5,0,195.0,150.0,45.0,,,,,,,,7,72,72003,BOGUIé,COMPARISON,4,1.0,,,,,1,5,5,,,,,1.0,,,,,1,,,,,97,,,,,0.0,,,,,0,0,0,0,0,1,0,0,1,1,1,0,0,0,0,1,1,49.0,1.0,0.0,78.0
10,6.0,6,12 13,975.0,900.0,75.0,900.0,1.0,,,,,850.0,5,51,51038,Manfia,RESTORE,4,2.0,,,,,0,5,4,4,4,,,2.0,10.0,10.0,10.0,,1,1.0,1.0,1.0,,,,,97,,0.0,2.0,2.0,2.0,,1,0,1,0,0,0,0,0,1,1,1,0,1,1,1,1,1,65.0,2.0,0.0,162.5
3,2.5,3,0,115.0,115.0,0.0,,1.0,,,,,,7,71,71005,Biasso,RESTORE,4,1.0,,,,,0,5,5,,,,,1.0,,,,,1,1.0,,,,,1,,,,0.0,0.0,,,,0,0,1,0,0,1,1,0,1,1,0,1,1,0,1,1,1,57.0,1.0,1.0,46.0
4,2.25,2,0,280.0,200.0,80.0,,2.0,,,,,,7,71,71012,MAMINI,COMPARISON,4,1.0,,,,,0,3,5,,,,,11.0,2.0,2.0,,,1,1.0,1.0,,,2,2,2 97,,,2.0,3.0,2.0,,,1,0,0,0,0,1,0,0,1,1,1,0,1,0,0,1,0,63.0,3.0,0.0,124.44444444444444
10,4.0,2,0,285.0,190.0,95.0,190.0,2.0,,,,,1000.0,4,41,41037,IRATO,COMPARISON,2,1.0,,,,,0,3,3,,,,,10.0,10.0,,,,1,1.0,,,,,97,,,,0.0,3.0,,,,0,0,0,1,1,1,1,0,1,1,1,0,1,0,1,1,1,32.0,,1.0,71.25
5,9.5,3,13,5400.0,5000.0,400.0,,1.0,,,,,,5,51,51014,ABRONAMOUE,COMPARISON,4,1.0,,,,,0,5,5,5,5,5,,,10.0,,,1.0,1,1.0,1.0,1.0,1.0,11,,11,11,,0.0,0.0,0.0,0.0,0.0,0,0,0,1,0,0,0,0,1,1,1,0,1,0,1,1,1,71.0,1.0,1.0,568.421052631579
4,16.0,6,7,15000.0,1000.0,500.0,,2.0,,,,,,5,52,52001,Akakro,COMPARISON,1,2.0,,,,,0,5,97,,,,,,,,,,1,,,,,,,,,,0.0,,,,,0,0,0,1,0,0,0,1,0,0,0,0,1,0,1,1,1,69.0,,1.0,937.5
4,2.5,4,0,1530.0,1080.0,450.0,1080.0,,,,,,1000.0,5,51,51003,Anuanua,COMPARISON,4,2.0,,,,,0,5,5,,,,,10.0,,,,,1,,,,,,,,,,3.0,,,,,0,1,0,1,0,1,1,1,1,0,1,1,0,0,1,1,1,38.0,,0.0,612.0
5,2.5,4,0,1100.0,700.0,400.0,,1.0,,,,,,7,71,71012,MAMINI,COMPARISON,4,1.0,,,,,1,4,5,,,,,1.0,,,,,1,,,,,,,,,,0.0,,,,,0,0,0,0,0,1,0,0,1,1,1,0,1,0,1,1,1,70.0,,1.0,440.0
6,5.5,6,0,410.0,260.0,150.0,,1.0,,,,,,7,74,74006,Monin,COMPARISON,4,1.0,,,,,0,5,97,,,,,10.0,10.0,,,,1,1.0,,,,97,97,,,,0.0,0.0,,,,1,0,1,1,0,0,0,0,1,0,1,0,1,0,0,1,1,50.0,,1.0,74.54545454545455
4,4.400000095367432,3,0,178.0,128.0,50.0,,1.0,,,,,,7,74,74006,Monin,COMPARISON,4,1.0,,,,,0,5,97,,,,,,,,,,1,,,,,,,,,,0.0,,,,,0,0,1,1,0,0,0,0,0,1,1,0,1,0,1,1,1,49.0,2.0,0.0,40.45454457771682
7,7.5,1,0,480.0,280.0,200.0,280.0,,,,,,1000.0,4,41,41037,IRATO,COMPARISON,2,3.0,,,,,0,6,5,,,,,10.0,10.0,,,,4,4.0,,,,97,,,,,3.0,0.0,,,,1,0,1,1,1,1,1,0,1,1,1,0,0,0,1,1,1,34.0,,0.0,64.0
4,3.0,3,0,1300.0,600.0,700.0,,1.0,,,,,,4,41,41028,GNATO,RESTORE,3,1.0,,,,,0,3,5,,,,,4.0,4.0,,,,4,4.0,,,,,,,,,0.0,0.0,,,,0,1,1,1,1,1,1,0,1,0,1,1,1,1,1,1,1,38.0,3.0,0.0,433.3333333333333
5,0.0,6,0,132.0,120.0,12.0,,1.0,,,,,,5,51,51046,Kabrankro,COMPARISON,97,2.0,,,,,0,1,5,,,,,,,,,,4,,,,,,,,,,2.0,,,,,1,0,0,1,0,1,0,0,0,0,0,1,1,1,1,1,0,41.0,4.0,0.0,inf
6,13.0,4,0,300.0,200.0,100.0,,1.0,,,,,,7,74,74006,Monin,COMPARISON,4,1.0,,,,,0,1,97,,,,,10.0,,,,,1,,,,,,,,,,0.0,,,,,0,0,1,1,1,0,0,0,1,1,1,0,1,0,1,1,1,56.0,1.0,1.0,23.076923076923077
1,3.0,3,5,245.0,210.0,35.0,210.0,2.0,,,,,1000.0,5,51,51046,Kabrankro,COMPARISON,4,1.0,,,,,1,6,5,,,,,10.0,,,,,1,,,,,5,,,,,2.0,,,,,0,0,0,0,0,0,0,1,1,1,0,1,1,1,0,1,1,59.0,,1.0,81.66666666666667
15,40.0,6,6,3800.0,3000.0,800.0,3000.0,4.0,1.0,3.0,6.0,7.0,1000.0,5,51,51025,Kouadiokro,RESTORE,0,2.0,1.0,3.0,6.0,7.0,0,10,4 5,4 5,4 5,,,10.0,10.0,10.0,10.0,,1,1.0,1.0,1.0,,,11,,,,0.0,0.0,3.0,0.0,,0,0,1,1,1,1,1,1,1,1,1,1,1,1,1,1,1,57.0,,1.0,95.0
4,4.0,1,0,540.0,360.0,180.0,360.0,2.0,,,,,1000.0,4,41,41026,DEBLABLAI,RESTORE,3,2.0,,,,,1,4,5,,,,,8.0,,,,,4,,,,,,,,,,0.0,,,,,1,0,1,1,0,1,0,0,1,1,1,0,1,1,0,1,1,42.0,1.0,0.0,135.0
6,5.0,3,0,595.0,453.0,142.0,,1.0,,,,,,7,71,71007,Bassadzin,RESTORE,4,1.0,,,,,0,5,97,97,,,,1.0,97.0,,,,1,1.0,,,,,,,,,3.0,0.0,,,,1,0,1,1,0,1,1,1,1,0,1,1,1,0,1,1,1,53.0,2.0,1.0,119.0
5,10.0,4,0,1120.0,800.0,320.0,800.0,1.0,,,,,1000.0,4,41,41008,DAHIOKE,COMPARISON,2,1.0,,,,,0,2,5,,,,,10.0,10.0,,,,1,1.0,,,,,,,,,2.0,0.0,,,,0,0,1,1,1,1,0,0,1,1,1,0,1,0,1,1,1,50.0,,1.0,112.0
7,4.0,4,0,720.0,450.0,270.0,450.0,1.0,,,,,1000.0,5,51,51017,Appoisso,RESTORE,2,1.0,,,,,0,2,4 5,,,,,10.0,,,,,1,,,,,,,,,,2.0,,,,,1,0,0,1,1,1,0,1,1,1,1,1,1,1,1,1,1,40.0,1.0,1.0,180.0
9,4.849999904632568,3,0,1000.0,1000.0,0.0,,97.0,,,,,,5,51,51028,Ananguié,RESTORE,4,3.0,,,,,0,10,5,,,,,10.0,,,,,1,,,,,,,,,,3.0,,,,,1,1,0,1,1,0,1,1,1,1,1,0,1,0,1,1,1,45.0,1.0,1.0,206.18557106461614
2,5.0,6,0,630.0,490.0,140.0,490.0,2.0,,,,,850.0,4,41,41009,DONIE,COMPARISON,2,1.0,,,,,0,10,5,,,,,1.0,1.0,,,,1,1.0,,,,2,2,,,,3.0,3.0,,,,0,1,0,0,1,0,0,1,1,0,0,0,1,0,0,1,1,66.0,5.0,0.0,126.0
5,3.0,6,9,250.0,250.0,0.0,,1.0,,,,,,7,71,71008,Mafa-Mafou,RESTORE,4,1.0,,,,,0,3,5 97,,97,,,1.0,1.0,,,,1,1.0,1.0,,,,,97,,,0.0,0.0,0.0,,,1,0,1,1,0,1,1,1,1,0,1,1,1,0,1,1,0,60.0,5.0,1.0,83.33333333333333
4,6.5,6,7 10,1080.0,810.0,270.0,810.0,2.0,,,,,800.0,5,51,51028,Ananguié,RESTORE,4,1.0,,,,,0,7,,97,,,,,,,,,1,1.0,,,,,,,,,0.0,0.0,,,,0,0,0,0,0,1,1,1,0,1,1,0,1,1,1,1,1,47.0,,0.0,166.15384615384616
5,10.0,6,4,910.0,700.0,210.0,700.0,6.0,,,,,100.0,5,51,51047,Bossematié,COMPARISON,4,1.0,,,,,1,4,4,,,,,10.0,9.0,,,,1,1.0,,,,,1 9,,,,2.0,2.0,,,,0,0,0,1,0,0,0,0,1,0,1,0,1,0,0,1,1,75.0,,1.0,91.0
6,2.0,6,7,195.0,130.0,65.0,,1.0,,,,,,7,74,74002,Montézo,COMPARISON,4,1.0,,,,,0,9,5,,,,,9.0,9.0,,,,1,1.0,1.0,,,,97,97,,,0.0,0.0,0.0,,,0,0,0,1,0,1,1,1,1,0,1,1,1,0,1,1,0,60.0,1.0,1.0,97.5
5,1.0,3,0,210.0,140.0,70.0,140.0,,,,,,14.285714149475098,6,62,62001,Tioumoukro,COMPARISON,4,1.0,,,,,0,5,2 4 5,,,,,1.0,1.0,,,,1,1.0,,,,,97,,,,2.0,0.0,,,,0,0,0,0,0,1,1,1,1,0,1,1,0,0,1,1,1,63.0,2.0,1.0,210.0
4,3.5,2,0,2300.0,2000.0,300.0,,2.0,,,,,,4,41,41015,TAOULOKE,COMPARISON,0,2.0,,,,,0,2,5,5,,,,2.0,2.0,,,,4,1.0,,,,,2,,,,2.0,0.0,,,,0,0,0,0,1,1,0,1,1,1,1,1,1,0,1,1,1,32.0,,0.0,657.1428571428571
7,7.0,6,5,900.0,700.0,200.0,,2.0,,,,,,7,72,72005,MOBIOKOUA,COMPARISON,4,1.0,,,,,0,3,5,5,,,,10.0,8.0,1.0,1.0,1.0,1,1.0,1.0,1.0,1.0,2,2,97,2,2,3.0,0.0,0.0,0.0,2.0,0,0,1,0,0,1,0,1,1,1,1,0,1,0,0,1,1,55.0,3.0,0.0,128.57142857142858
9,6.0,4,0,980.0,700.0,280.0,700.0,1.0,,,,,1000.0,5,51,51005,Takima,COMPARISON,0,2.0,,,,,0,2,4 5,4 5,,,,10.0,10.0,,,,1,1.0,,,,,,,,,0.0,0.0,,,,1,0,1,1,0,1,1,1,1,0,0,1,1,1,1,1,1,36.0,,1.0,163.33333333333334
8,2.5,5,10,175.0,130.0,45.0,,1.0,,,,,,7,71,71007,Bassadzin,RESTORE,4,3.0,,,,,0,6,5,,,,,1.0,1.0,,,,1,1.0,,,,,,,,,0.0,0.0,,,,1,0,0,1,0,1,1,1,1,1,1,0,1,0,1,1,1,49.0,5.0,0.0,70.0
7,4.0,5,97,2400.0,2000.0,400.0,2000.0,1.0,,,,,12.5,6,61,61001,Abongoua,RESTORE,4,1.0,,,,,0,5,2 3 4,,,,,1.0,,,,,1,,,,,,,,,,0.0,,,,,0,0,0,0,0,1,1,0,1,1,1,0,1,0,1,1,1,45.0,1.0,1.0,600.0
6,6.5,2,0,115.0,80.0,35.0,,1.0,,,,,,4,41,41011,KLODIO,COMPARISON,2,4.0,,,,,0,7,5,5,,,,10.0,10.0,10.0,10.0,10.0,1,1.0,1.0,1.0,1.0,,,,,,0.0,2.0,0.0,0.0,0.0,0,0,1,1,0,1,1,1,1,1,1,1,1,0,1,1,1,42.0,1.0,1.0,17.692307692307693
14,9.0,6,0,250.0,150.0,100.0,,1.0,,,,,,5,52,52001,Akakro,COMPARISON,0,2.0,,,,,0,5,5,,,,,10.0,10.0,,,,4,4.0,,,,,97,,,,0.0,0.0,,,,0,0,1,0,0,0,1,1,1,1,1,0,1,1,1,1,1,55.0,,1.0,27.77777777777778
14,2.0,6,13,200.0,200.0,0.0,,97.0,,,,,,7,71,71008,Mafa-Mafou,RESTORE,4,1.0,,,,,0,2,5,5,5,,,1.0,10.0,10.0,,,1,1.0,1.0,,,3,,3,,,0.0,0.0,0.0,,,0,0,0,0,0,1,1,0,1,0,0,0,1,0,1,1,0,65.0,1.0,1.0,100.0
3,20.0,6,6 11,3040.0,2400.0,640.0,2400.0,97.0,,,,,900.0,5,51,51015,Bébou,COMPARISON,4,1.0,,,,,0,5,5,4 5,,,,1.0,,,,,1,1.0,,,,97,97,,,,2.0,2.0,,,,0,0,1,0,0,1,0,1,1,1,1,0,1,0,0,1,1,51.0,8.0,1.0,152.0
1,6.0,6,0,400.0,300.0,100.0,,1.0,,,,,,7,71,71010,Blékoum,COMPARISON,4,3.0,,,,,0,3,5,,,,,9.0,,,,,1,,,,,,,,,,0.0,,,,,0,0,0,1,1,1,0,1,1,1,1,0,1,0,1,1,1,39.0,1.0,1.0,66.66666666666667
8,2.900000095367432,5,6,485.0,400.0,85.0,,1.0,,,,,,5,51,51011,N'Gouanda,COMPARISON,4,1.0,,,,,0,5,4 5,4 5,,,,10.0,10.0,,,,1,1.0,,,,,,,,,0.0,0.0,,,,0,0,0,1,0,0,0,1,1,1,1,0,1,0,1,1,1,53.0,1.0,1.0,167.24137381055849
4,8.0,6,13,2310.0,1750.0,560.0,1750.0,1.0,,,,,1000.0,5,51,51011,N'Gouanda,COMPARISON,4,1.0,,,,,0,7,4 5,4 5,4 5,,,10.0,9.0,10.0,10.0,9.0,1,1.0,1.0,1.0,1.0,,,,,,0.0,2.0,0.0,0.0,0.0,1,0,0,1,1,0,0,0,1,1,1,0,1,0,1,1,1,57.0,1.0,1.0,288.75
7,4.5,3,1,840.0,490.0,350.0,490.0,6.0,,,,,14.285714149475098,5,51,51032,N'Grakon,RESTORE,4,1.0,,,,,1,5,4,,,,,4.0,4.0,,,,1,1.0,,,,,9,,,,0.0,0.0,,,,1,1,0,1,0,0,0,0,1,1,1,0,1,0,1,1,1,56.0,,0.0,186.66666666666666
8,10.0,6,6,3400.0,3000.0,400.0,,1.0,,,,,,5,51,51015,Bébou,COMPARISON,4,1.0,,,,,0,6,4 5,5,,,,,,,,,1,1.0,1.0,,,3,4,97,,,0.0,2.0,0.0,,,0,0,1,1,0,1,0,1,0,1,1,0,1,1,0,1,1,41.0,5.0,1.0,340.0
7,2.0,3,0,750.0,450.0,300.0,,1.0,,,,,,5,53,53004,N'Djorekro,COMPARISON,3,3.0,,,,,0,5,4,,,,,4.0,,,,,2,1.0,,,,,97,,,,0.0,0.0,,,,0,0,0,1,1,1,1,0,1,1,1,1,1,1,1,1,1,33.0,,0.0,375.0
8,3.0,4,7,50.0,50.0,0.0,,,,,,,,7,74,74003,BOHOUIN,COMPARISON,4,1.0,,,,,1,4,97,,,,,9.0,,,,,1,,,,,97,,,,,0.0,,,,,0,0,0,0,0,0,0,0,1,1,1,0,0,0,0,1,1,60.0,4.0,1.0,16.666666666666668
6,3.5,4,7,1040.0,880.0,160.0,880.0,6.0,,,,,900.0,5,51,51046,Kabrankro,COMPARISON,4,2.0,,,,,0,7,5,5,,,,10.0,9.0,,,,1,1.0,,,,,3,,,,2.0,2.0,,,,0,0,0,0,0,1,0,1,1,1,0,0,1,1,1,1,1,51.0,,1.0,297.14285714285717
5,6.0,1,1,260.0,200.0,60.0,,,,,,,,4,41,41012,MERE,COMPARISON,2,1.0,,,,,0,3,5,,,,,1.0,,,,,1,,,,,,,,,,0.0,,,,,0,0,1,1,1,1,0,0,1,0,0,0,0,0,1,1,1,50.0,3.0,1.0,43.333333333333336
6,4.0,4,13,3000.0,2500.0,500.0,,1.0,,,,,,7,73,73003,Affery,COMPARISON,4,1.0,,,,,0,3,4,,,,,,,,,,1,,,,,,,,,,2.0,,,,,1,1,0,0,0,0,1,1,0,1,0,0,1,0,1,1,1,71.0,2.0,1.0,750.0
4,0.0,2,0,160.0,100.0,60.0,,,,,,,,4,41,41032,OLODIO,RESTORE,97,2.0,,,,,0,6,5,,,,,6.0,,,,,1,,,,,97,,,,,0.0,,,,,1,0,1,1,0,0,0,1,1,1,1,0,0,0,0,1,1,30.0,1.0,0.0,inf
8,10.0,6,0,2100.0,1800.0,300.0,1800.0,2.0,,,,,1000.0,4,41,41003,GBAROU,COMPARISON,0,2.0,,,,,0,7,5,5,,,,8.0,8.0,,,,4,4.0,,,,,,,,,0.0,0.0,,,,1,0,0,1,1,1,1,0,1,1,1,0,1,1,1,1,1,44.0,,0.0,210.0
11,19.75,4,6,470.0,400.0,70.0,,1.0,,,,,,5,53,53005,N'DRIKRO,COMPARISON,4,1.0,,,,,0,3,4,,,,,1.0,1.0,,,,1,1.0,,,,,,,,,0.0,0.0,,,,0,0,0,1,0,1,1,0,1,1,1,1,1,0,1,1,1,57.0,,0.0,23.79746835443038
8,9.0,6,0,2800.0,1700.0,1100.0,,2.0,,,,,,4,41,41022,PARA,RESTORE,0,1.0,,,,,0,7,5,,,,,6.0,6.0,,,,4,4.0,,,,,97,,,,0.0,3.0,,,,1,0,1,1,1,1,1,1,1,1,1,0,1,1,1,1,1,58.0,,0.0,311.1111111111111
4,1.5,3,0,500.0,350.0,150.0,,1.0,,,,,,7,71,71012,MAMINI,COMPARISON,4,1.0,,,,,0,5,5,,,,,10.0,,,,,1,,,,,,,,,,0.0,,,,,0,0,0,1,0,1,0,1,1,1,1,0,1,1,1,1,1,44.0,,1.0,333.3333333333333
15,21.0,6,0,2500.0,2000.0,500.0,,2.0,,,,,,7,71,71010,Blékoum,COMPARISON,0,2.0,,,,,0,3,5,5,5,,,8.0,8.0,8.0,8.0,8.0,1,1.0,1.0,1.0,1.0,2,2,2,2,2,0.0,0.0,0.0,0.0,0.0,0,0,0,0,0,1,0,0,1,1,1,0,1,0,0,1,1,53.0,,0.0,119.04761904761905
9,3.0,2,97,70.0,70.0,0.0,,6.0,,,,,,7,74,74002,Montézo,COMPARISON,4,1.0,,,,,0,5,97,,,,,9.0,9.0,,,,1,1.0,,,,,97,,,,0.0,0.0,,,,0,1,0,1,0,0,0,0,1,1,1,0,1,0,1,1,1,57.0,1.0,1.0,23.333333333333332
6,4.699999809265137,6,97,665.0,420.0,245.0,420.0,2.0,,,,,1000.0,4,41,41027,GBAPET,RESTORE,0,2.0,,,,,0,9,5,,,,,10.0,,,,,4,,,,,,,,,,0.0,,,,,1,1,0,1,0,0,0,1,1,1,1,0,1,1,1,1,1,42.0,,0.0,141.489367444033
4,5.5,6,0,550.0,400.0,150.0,,2.0,,,,,,7,72,72005,MOBIOKOUA,COMPARISON,4,1.0,,,,,0,6,5,,,,,8.0,8.0,8.0,,,1,1.0,1.0,,,2,2,2,,,2.0,2.0,2.0,,,0,1,1,0,1,1,0,1,1,1,1,0,1,0,0,1,1,52.0,1.0,0.0,100.0
2,6.0,5,0,700.0,490.0,210.0,490.0,2.0,,,,,1000.0,6,62,62001,Tioumoukro,COMPARISON,4,1.0,,,,,0,6,2 3,,,,,10.0,,,,,1,,,,,,,,,,2.0,,,,,0,0,1,1,0,1,0,1,1,0,1,0,1,0,1,1,1,59.0,3.0,1.0,116.66666666666667
9,8.0,6,0,1000.0,600.0,400.0,,1.0,,,,,,7,73,73002,Adiaoukoi,COMPARISON,4,1.0,,,,,0,5,97,,,,,10.0,,,,,1,,,,,,,,,,0.0,,,,,0,0,0,1,0,1,1,1,1,1,1,1,1,0,1,1,1,61.0,1.0,1.0,125.0
7,10.0,3,10,910.0,630.0,280.0,630.0,1.0,,,,,14.285714149475098,5,53,53005,N'DRIKRO,COMPARISON,4,3.0,,,,,0,5,5 97,,,,,1.0,,,,,1,,,,,97,,,,,0.0,,,,,0,0,1,1,1,0,1,0,1,1,1,0,1,0,0,1,1,51.0,3.0,1.0,91.0
3,3.0,2,0,400.0,240.0,160.0,240.0,1.0,,,,,850.0,5,51,51005,Takima,COMPARISON,0,2.0,,,,,0,1,5,,,,,10.0,,,,,1,,,,,,,,,,2.0,,,,,0,0,0,1,0,1,0,1,1,1,1,1,1,1,1,1,1,43.0,1.0,1.0,133.33333333333334
1,5.0,1,0,350.0,250.0,100.0,,1.0,,,,,,4,41,41001,TEPOIBOKE,COMPARISON,2,1.0,,,,,1,1,5,,,,,1.0,10.0,11.0,,,1,1.0,1.0,,,2,,2,,,2.0,0.0,0.0,,,0,0,0,0,0,1,0,1,1,1,1,0,1,0,1,1,1,60.0,,0.0,70.0
11,12.0,6,0,1200.0,800.0,400.0,,97.0,,,,,,7,71,71009,Yakassé-Mé,RESTORE,4,1.0,,,,,0,3,5 97,,,,,10.0,,,,,1,,,,,97,,,,,3.0,,,,,1,0,0,1,0,0,1,0,1,1,1,1,1,0,0,1,1,62.0,5.0,1.0,100.0
6,5.5,5,7,700.0,400.0,300.0,400.0,,,,,,1000.0,5,53,53001,Kokonou,COMPARISON,4,1.0,,,,,1,2,4,,,,,9.0,9.0,,,,1,1.0,,,,,,,,,1.0,1.0,,,,0,0,0,0,0,1,0,1,1,1,1,0,0,1,1,1,1,61.0,,1.0,127.27272727272727
4,5.0,4,97,2520.0,1920.0,600.0,1920.0,2.0,,,,,1000.0,4,41,41020,MAHINO2,RESTORE,3,2.0,,,,,0,7,5,,,,,11.0,8.0,,,,4,4.0,,,,,,,,,3.0,0.0,,,,0,0,1,1,1,1,0,0,1,1,1,1,1,1,1,1,1,52.0,2.0,0.0,504.0
3,5.0,2,0,1500.0,800.0,700.0,,2.0,,,,,,4,41,41002,DJEKA,COMPARISON,0,2.0,,,,,0,4,5,2 5,,,,,2.0,,,,4,4.0,4.0,,,,11,11,,,0.0,0.0,2.0,,,0,0,0,1,0,1,1,1,1,0,1,1,1,1,1,1,1,51.0,,0.0,300.0
8,18.0,6,7,1800.0,1300.0,500.0,,2.0,,,,,,4,41,41003,GBAROU,COMPARISON,4,1.0,,,,,0,8,4 5,,,,,6.0,6.0,6.0,6.0,,4,4.0,4.0,4.0,,,,,,,0.0,0.0,0.0,3.0,,0,1,1,1,0,1,1,0,1,1,1,0,1,1,1,1,1,47.0,,0.0,100.0
7,6.0,6,97,760.0,560.0,200.0,560.0,2.0,,,,,1000.0,4,41,41039,HANNIE,COMPARISON,4,1.0,,,,,0,5,5,,,,,10.0,10.0,10.0,,,4,4.0,4.0,,,1,,,,,0.0,0.0,0.0,,,0,0,1,1,1,0,0,0,1,1,1,0,1,1,1,1,1,48.0,,0.0,126.66666666666667
9,19.0,4,0,1600.0,960.0,640.0,960.0,1.0,,,,,900.0,5,51,51001,Adahou,COMPARISON,4,3.0,,,,,0,2,4 5,4,,,,10.0,10.0,,,,1,1.0,,,,,,,,,0.0,0.0,,,,1,1,0,1,0,1,1,1,1,1,1,0,1,1,1,1,1,57.0,,1.0,84.21052631578948
15,25.0,6,0,1500.0,1000.0,500.0,,1.0,3.0,7.0,7.0,3.0,,5,52,52001,Akakro,COMPARISON,3,2.0,3.0,7.0,7.0,3.0,0,5,5 97,,,,,10.0,10.0,10.0,,,1,1.0,1.0,,,,97,97,,,0.0,0.0,0.0,,,0,0,1,0,0,1,1,0,1,1,1,0,1,1,1,1,1,56.0,,0.0,60.0
4,4.0,3,11,216.0,120.0,96.0,,6.0,,,,,,5,51,51008,Adjoumani-Kouassikro,COMPARISON,4,1.0,,,,,0,5,5,,,,,1.0,,,,,1,,,,,,,,,,0.0,,,,,0,0,1,0,0,1,1,0,1,0,1,1,1,0,1,1,1,28.0,3.0,0.0,54.0
4,4.0,3,97,640.0,320.0,320.0,320.0,,,,,,12.5,6,64,64001,Alakro,COMPARISON,4,4.0,,,,,0,5,2 5,,,,,1.0,,,,,1,,,,,,,,,,2.0,,,,,0,0,0,0,0,1,1,0,1,1,1,0,0,0,1,1,1,37.0,,0.0,160.0
7,1.5,2,0,560.0,360.0,200.0,360.0,1.0,,,,,900.0,7,73,73004,Agbaou,COMPARISON,4,1.0,,,,,0,4,5,,,,,10.0,,,,,1,,,,,,,,,,0.0,,,,,1,0,1,1,0,1,1,0,1,1,1,1,1,0,1,1,1,46.0,,1.0,373.3333333333333
4,6.0,2,0,280.0,240.0,40.0,240.0,,,,,,1000.0,4,41,41037,IRATO,COMPARISON,2,1.0,,,,,0,7,5,5,,,,1.0,1.0,10.0,,,4,4.0,4.0,,,,,,,,3.0,0.0,0.0,,,0,0,1,1,1,1,1,0,1,1,1,0,0,0,1,1,1,25.0,2.0,1.0,46.666666666666664
8,2.0,4,0,652.5,435.0,217.5,435.0,6.0,,,,,1000.0,7,73,73003,Affery,COMPARISON,4,1.0,,,,,1,7,97,,,,,10.0,,,,,1,,,,,,,,,,0.0,,,,,0,0,0,0,0,0,1,1,1,0,1,1,1,0,1,1,1,50.0,1.0,1.0,326.25
9,4.0,6,0,380.0,285.0,95.0,285.0,,,,,,1000.0,4,41,41039,HANNIE,COMPARISON,4,1.0,,,,,0,2,5,,,,,8.0,10.0,,,,4,4.0,,,,,97,,,,0.0,0.0,,,,1,0,1,1,1,1,1,0,1,1,1,0,0,0,1,1,1,48.0,,0.0,95.0
3,4.0,3,0,640.0,560.0,80.0,560.0,,,,,,12.5,5,51,51009,Affalikro,COMPARISON,4,1.0,,,,,0,7,5,,,,,9.0,,,,,1,,,,,3,,,,,0.0,,,,,0,0,0,1,0,0,0,0,1,1,1,1,0,0,0,1,1,77.0,6.0,0.0,160.0
10,8.0,6,0,2530.0,2500.0,30.0,,1.0,,,,,,5,51,51008,Adjoumani-Kouassikro,COMPARISON,4,3.0,,,,,0,3,5,5,5,,,1.0,1.0,1.0,1.0,,1,1.0,1.0,1.0,,,,,97,,0.0,0.0,0.0,0.0,,0,0,0,1,0,1,1,0,1,0,1,0,1,0,1,1,1,57.0,,1.0,316.25
6,8.5,6,0,2430.0,1800.0,630.0,1800.0,1.0,,,,,1000.0,4,41,41020,MAHINO2,RESTORE,0,1.0,,,,,0,4,5,5,,,,8.0,8.0,8.0,,,4,4.0,4.0,,,,,97,,,0.0,0.0,0.0,,,1,0,1,1,1,1,1,0,1,1,1,1,1,1,1,1,1,53.0,,0.0,285.88235294117646
4,2.5,6,1,280.0,210.0,70.0,210.0,6.0,,,,,1000.0,5,51,51011,N'Gouanda,COMPARISON,4,1.0,,,,,1,4,4,,,,,9.0,9.0,,,,1,1.0,,,,,9,,,,2.0,2.0,,,,0,0,1,0,0,0,0,0,1,1,1,0,1,0,1,1,1,53.0,,1.0,112.0
9,0.0,2,0,640.0,360.0,280.0,,,,,,,,4,41,41012,MERE,COMPARISON,4,1.0,,,,,0,1,5,,,,,1.0,1.0,,,,1,1.0,,,,1,9,,,,3.0,3.0,,,,1,0,1,1,1,0,0,0,1,1,0,0,0,1,0,1,1,56.0,,1.0,inf
5,10.0,6,0,1600000.0,1200000.0,400000.0,1200000.0,2.0,,,,,1.0,4,41,41030,SOTO,RESTORE,1,2.0,,,,,0,7,5,,,,,8.0,8.0,,,,4,4.0,,,,,,,,,3.0,0.0,,,,1,0,1,1,0,0,0,1,1,1,1,0,1,1,1,1,1,66.0,,0.0,160000.0
7,3.0,6,0,1121.0,811.0,310.0,,1.0,,,,,,5,51,51028,Ananguié,RESTORE,4,1.0,,,,,0,3,5,,,,,1.0,,,,,1,,,,,,,,,,0.0,,,,,0,0,0,0,0,1,1,1,1,0,1,0,1,0,1,1,1,57.0,1.0,1.0,373.6666666666667
6,3.0,1,0,0.0,0.0,0.0,0.0,3.0,,,,,1000.0,4,41,41020,MAHINO2,RESTORE,0,1.0,,,,,0,7,5,,,,,11.0,,,,,4,,,,,,,,,,0.0,,,,,0,0,0,0,0,1,0,1,1,0,0,0,1,1,1,1,1,53.0,,0.0,0.0
4,4.0,2,0,440.0,320.0,120.0,320.0,1.0,,,,,1000.0,5,51,51001,Adahou,COMPARISON,4,3.0,,,,,0,7,4 5,,,,,9.0,,,,,1,,,,,,,,,,2.0,,,,,0,0,1,1,0,0,1,1,1,1,1,0,1,1,1,1,1,45.0,1.0,1.0,110.0
7,4.5,5,97,84.0,84.0,0.0,,1.0,,,,,,7,71,71001,Annépé,COMPARISON,4,1.0,,,,,0,1,97,5,,,,9.0,10.0,,,,1,1.0,,,,,,,,,0.0,0.0,,,,0,0,0,0,0,0,1,1,1,1,1,0,1,0,1,1,1,46.0,4.0,1.0,18.666666666666668
8,3.0,6,0,1440.0,960.0,480.0,960.0,2.0,,,,,1000.0,4,41,41004,FETE,COMPARISON,1,2.0,,,,,0,7,5,,,,,10.0,,,,,4,,,,,,,,,,0.0,,,,,0,0,1,1,0,1,1,0,1,1,1,0,1,1,1,1,1,30.0,6.0,0.0,480.0
7,1.0,6,4,160.0,80.0,80.0,80.0,1.0,,,,,1000.0,5,51,51047,Bossematié,COMPARISON,4,1.0,,,,,0,4,5,,,,,1.0,,,,,1,,,,,,,,,,2.0,,,,,0,0,0,1,0,1,0,0,1,1,1,1,1,1,1,1,1,44.0,3.0,0.0,160.0
12,15.0,3,0,2800.0,1600.0,1200.0,1600.0,1.0,,,,,1000.0,5,51,51054,Amian-Kouassikro,COMPARISON,0,2.0,,,,,0,6,4 5,4 5,,,,8.0,8.0,1.0,,,1,1.0,1.0,,,,,9,,,0.0,0.0,2.0,,,1,1,1,0,0,1,1,1,1,1,1,1,1,1,1,1,1,46.0,,0.0,186.66666666666666
8,5.0,2,0,325.0,195.0,130.0,195.0,1.0,,,,,900.0,7,75,75001,ASSE ORIé,COMPARISON,4,1.0,,,,,0,3,5,,,,,9.0,9.0,10.0,8.0,,1,1.0,1.0,1.0,,11,97,97,97,,0.0,0.0,0.0,0.0,,0,0,0,1,0,1,1,1,1,1,1,0,1,1,0,1,1,43.0,1.0,1.0,65.0
2,0.0,1,97,260.0,180.0,80.0,,,,,,,,4,41,41001,TEPOIBOKE,COMPARISON,4,1.0,,,,,0,5,5,,,,,1.0,1.0,1.0,,,1,1.0,1.0,,,11,97,97,,,0.0,0.0,0.0,,,1,0,1,1,1,0,0,0,1,0,0,0,0,0,0,1,1,42.0,3.0,1.0,inf
6,0.0,1,0,600.0,400.0,200.0,,1.0,,,,,,4,41,41014,SEH,COMPARISON,0,2.0,,,,,0,5,5,5,5,5,,6.0,2.0,,,,1,1.0,2.0,2.0,4.0,97,1,97,97,97,0.0,3.0,0.0,3.0,0.0,1,0,1,1,1,1,1,1,1,0,0,1,1,1,0,1,1,38.0,1.0,0.0,inf
8,8.0,6,7,2250.0,1950.0,300.0,1950.0,4.0,,,,,900.0,5,51,51005,Takima,COMPARISON,1,2.0,,,,,0,2,4 5,,,,,10.0,,,,,1,4.0,,,,97,97,,,,3.0,0.0,,,,0,0,1,1,0,0,0,1,1,0,1,1,1,1,0,1,1,64.0,1.0,0.0,281.25
5,5.5,6,0,760.0,480.0,280.0,480.0,2.0,,,,,1000.0,4,41,41030,SOTO,RESTORE,1,2.0,,,,,0,7,5,,,,,8.0,,,,,4,,,,,,,,,,0.0,,,,,1,0,1,1,0,1,1,0,1,1,1,0,1,1,1,1,1,48.0,,0.0,138.1818181818182
14,8.0,2,0,250.0,150.0,100.0,,,,,,,,4,41,41013,NIRO,COMPARISON,0,2.0,,,,,0,5,5,,,,,6.0,6.0,6.0,,,1,1.0,1.0,,,2,2,2,,,0.0,0.0,0.0,,,0,0,1,0,0,1,0,1,1,1,1,0,0,1,0,1,1,65.0,,0.0,31.25
4,7.5,5,0,2700.0,2000.0,700.0,,2.0,,,,,,4,41,41024,POUTOU,RESTORE,0,2.0,,,,,0,4,5,,,,,6.0,6.0,,,,4,4.0,,,,,97,,,,0.0,2.0,,,,1,0,1,1,1,1,1,1,1,1,1,1,1,0,1,1,1,60.0,,0.0,360.0
4,17.5,4,0,880.0,560.0,320.0,560.0,6.0,,,,,1000.0,5,51,51017,Appoisso,RESTORE,3,2.0,,,,,0,5,5,,,,,10.0,,,,,1,,,,,,,,,,2.0,,,,,0,0,1,1,0,1,1,1,1,0,1,1,1,1,1,1,1,48.0,,1.0,50.285714285714285
3,4.5,3,7,1.0,1.0,0.0,1.0,3.0,,,,,1000.0,7,74,74002,Montézo,COMPARISON,4,1.0,,,,,0,1,5 97,,,,,,,9.0,,,1,1.0,1.0,,,,97,97,,,3.0,0.0,0.0,,,0,1,0,0,0,1,0,0,1,1,1,0,1,0,1,1,1,56.0,5.0,0.0,0.2222222222222222
4,14.0,5,13,989.0,375.0,614.0,,1.0,,,,,,5,51,51047,Bossematié,COMPARISON,4,3.0,,,,,0,6,5,5,2 3,2 3,,10.0,9.0,6.0,8.0,10.0,1,1.0,1.0,1.0,1.0,,,,,97,0.0,2.0,2.0,2.0,2.0,0,0,0,0,0,0,0,1,1,1,1,1,1,1,1,1,1,60.0,3.0,0.0,70.64285714285714
6,4.0,3,97,720.0,480.0,240.0,480.0,,,,,,1000.0,4,41,41006,TATE2,COMPARISON,0,1.0,,,,,0,5,5,5,,,,8.0,1.0,,,,4,4.0,,,,,2 4,,,,2.0,3.0,,,,0,0,0,0,0,1,0,1,1,1,1,0,0,1,1,1,1,39.0,,0.0,180.0
9,2.0,3,0,1300.0,800.0,500.0,,1.0,,,,,,7,73,73003,Affery,COMPARISON,4,1.0,,,,,0,8,5,,,,,1.0,,,,,1,,,,,,,,,,0.0,,,,,0,0,0,0,0,1,1,0,1,0,0,1,1,0,1,1,1,68.0,3.0,1.0,650.0
9,8.0,1,0,13.0,7.0,6.0,,2.0,,,,,,4,41,41010,IBO2,COMPARISON,2,1.0,,,,,0,5,5,,,,,11.0,10.0,11.0,10.0,11.0,1,1.0,1.0,1.0,1.0,,97,97,97,97,0.0,0.0,0.0,0.0,0.0,0,0,1,0,0,1,1,0,1,1,1,0,1,0,1,1,1,55.0,3.0,0.0,1.625
5,5.5,6,5,960.0,640.0,320.0,640.0,1.0,,,,,925.0,5,51,51028,Ananguié,RESTORE,4,1.0,,,,,0,4,5,5,,,,10.0,10.0,,,,1,1.0,,,,,,,,,0.0,0.0,,,,0,0,0,1,1,1,1,1,1,1,1,1,1,0,1,1,1,67.0,1.0,1.0,174.54545454545453
5,6.25,4,6,700.0,500.0,200.0,,2.0,,,,,,5,53,53005,N'DRIKRO,COMPARISON,3,1.0,,,,,0,3,5,,,,,1.0,1.0,,,,1,1.0,1.0,,,,,,,,0.0,0.0,0.0,,,0,1,0,0,0,1,1,1,1,1,1,1,1,0,1,1,1,47.0,1.0,1.0,112.0
6,2.0,4,1 3 5,3500.0,2800.0,700.0,,1.0,,,,,,7,73,73002,Adiaoukoi,COMPARISON,4,1.0,,,,,0,5,5,,,,,,,,,,1,,,,,,,,,,0.0,,,,,1,1,0,0,0,1,1,0,0,0,0,0,1,0,1,1,1,53.0,2.0,1.0,1750.0
9,5.5,1,0,350.0,250.0,100.0,,2.0,,,,,,4,41,41001,TEPOIBOKE,COMPARISON,3,2.0,,,,,0,5,5,5,5,,,5.0,2.0,2.0,,,1,1.0,1.0,,,,2,2,,,3.0,2.0,2.0,,,0,1,0,0,0,1,0,1,1,1,1,1,1,0,1,1,1,35.0,,0.0,63.63636363636363
4,2.0,2,0,100.0,50.0,50.0,,,,,,,,7,71,71013,BOUDEPE,COMPARISON,4,1.0,,,,,0,2,97,,,,,10.0,,,,,1,1.0,,,,11,97,,,,3.0,0.0,,,,0,0,0,1,0,1,1,1,1,1,1,0,0,0,0,1,1,54.0,1.0,1.0,50.0
12,11.0,6,0,2900.0,2600.0,300.0,2600.0,1.0,,,,,800.0,5,51,51038,Manfia,RESTORE,4,1.0,,,,,1,8,4,,,,,11.0,11.0,11.0,,,1,1.0,1.0,,,,97,97,,,0.0,0.0,2.0,,,0,0,1,1,0,0,1,1,1,0,1,0,1,0,1,1,1,59.0,,0.0,263.6363636363636
7,7.0,3,0,500.0,350.0,150.0,,2.0,,,,,,7,72,72005,MOBIOKOUA,COMPARISON,4,1.0,,,,,0,1,5,,,,,1.0,1.0,1.0,1.0,,1,1.0,1.0,1.0,,2,2,2 10,2,,3.0,3.0,3.0,3.0,,0,0,0,0,0,1,0,0,1,1,1,0,1,0,0,1,1,38.0,1.0,0.0,71.42857142857143
1,1.5,4,0,525.0,420.0,105.0,420.0,1.0,,,,,1000.0,5,51,51018,Kouassi-Béniékro,RESTORE,4,1.0,,,,,0,2,5,,,,,9.0,,,,,1,,,,,,,,,,0.0,,,,,0,0,0,0,0,1,0,1,1,0,0,0,1,0,1,1,1,56.0,5.0,0.0,350.0
5,3.0,6,13,700.0,450.0,250.0,,,,,,,,7,72,72005,MOBIOKOUA,COMPARISON,4,1.0,,,,,0,5,5,,,,,10.0,,,,,1,,,,,,,,,,0.0,,,,,0,0,1,0,0,1,0,1,1,0,1,0,0,0,1,1,1,43.0,6.0,1.0,233.33333333333334
4,4.0,3,0,950.0,570.0,380.0,570.0,2.0,,,,,1000.0,4,41,41026,DEBLABLAI,RESTORE,3,1.0,,,,,0,4,2,,,,,8.0,8.0,8.0,,,4,4.0,4.0,,,,97,97,,,0.0,0.0,0.0,,,1,0,0,1,1,1,1,0,1,1,1,0,1,1,1,1,1,38.0,,0.0,237.5
13,2.0,6,0,250.0,250.0,0.0,,1.0,,,,,,7,73,73005,Ahéoua,COMPARISON,4,1.0,,,,,0,5,5,,,,,,,,,,1,,,,,,,,,,0.0,,,,,0,1,0,1,0,1,1,1,0,0,1,1,1,1,1,1,1,65.0,3.0,1.0,125.0
7,5.0,2,0,35.0,15.0,20.0,,4.0,,,,,,7,71,71008,Mafa-Mafou,RESTORE,4,1.0,,,,,0,1,97,,,,,,10.0,,,,1,1.0,,,,,11,,,,0.0,0.0,,,,0,0,1,0,0,1,0,0,1,1,1,0,1,0,0,1,0,61.0,5.0,1.0,7.0
8,2.0,5,13,380.0,304.0,76.0,304.0,1.0,,,,,1000.0,7,73,73002,Adiaoukoi,COMPARISON,4,3.0,,,,,0,5,5,,,,,10.0,,,,,1,,,,,,,,,,0.0,,,,,0,0,0,1,1,1,1,0,1,1,1,1,1,0,1,1,1,44.0,5.0,0.0,190.0
3,2.5,6,0,630.0,385.0,245.0,385.0,1.0,,,,,900.0,5,51,51047,Bossematié,COMPARISON,4,1.0,,,,,0,3,5,,,,,,,,,,2,,,,,,,,,,0.0,,,,,0,0,0,0,0,1,0,0,0,1,0,0,1,0,1,1,1,64.0,1.0,0.0,252.0
9,5.0,6,0,1520.0,1235.0,285.0,1235.0,1.0,,,,,1000.0,5,51,51017,Appoisso,RESTORE,0,2.0,,,,,0,2,5,,,,,10.0,,,,,1,,,,,,,,,,2.0,,,,,0,0,0,1,0,1,1,1,1,0,1,1,1,1,1,1,1,49.0,1.0,0.0,304.0
1,2.5,3,0,140.0,105.0,35.0,105.0,1.0,,,,,1000.0,5,51,51018,Kouassi-Béniékro,RESTORE,4,1.0,,,,,0,1,5,,,,,10.0,,,,,1,,,,,,,,,,0.0,,,,,0,0,1,1,0,1,0,1,1,0,0,0,1,1,1,1,1,38.0,1.0,0.0,56.0
8,5.070000171661377,6,12,1403.0,1250.0,153.0,,2.0,,,,,,7,72,72003,BOGUIé,COMPARISON,4,1.0,,,,,0,5,5,5,5,,,10.0,10.0,10.0,,,1,1.0,1.0,,,,,,,,0.0,0.0,0.0,,,0,0,0,0,0,1,1,0,1,1,1,0,1,0,1,1,1,69.0,1.0,1.0,276.7258288948448
5,1.5,2,7 10,780.0,650.0,130.0,650.0,1.0,,,,,15.384614944458008,5,51,51008,Adjoumani-Kouassikro,COMPARISON,4,1.0,,,,,0,4,5 97,,,,,1.0,,,,,1,,,,,,,,,,0.0,,,,,0,0,1,1,1,0,1,0,1,1,1,0,1,0,1,1,1,33.0,5.0,1.0,520.0
4,5.0,6,10,2100.0,1700.0,400.0,,4.0,,,,,,7,73,73004,Agbaou,COMPARISON,4,1.0,,,,,0,5,5,5,,,,1.0,1.0,,,,1,1.0,,,,1,,,,,0.0,2.0,,,,0,0,0,1,0,0,1,1,1,1,1,0,1,1,1,1,1,44.0,4.0,1.0,420.0
7,5.5,6,0,850.0,500.0,350.0,,2.0,,,,,,4,41,41030,SOTO,RESTORE,1,2.0,,,,,0,4,5,,,,,6.0,6.0,6.0,,,4,4.0,4.0,,,,,,,,0.0,0.0,0.0,,,0,0,0,1,0,1,1,0,1,1,1,1,1,0,1,1,1,58.0,,0.0,154.54545454545453
6,16.5,2,0,500.0,300.0,200.0,,1.0,,,,,,5,52,52001,Akakro,COMPARISON,3,2.0,,,,,0,5,5 97,,,,,10.0,,,,,1,,,,,,,,,,0.0,,,,,1,0,0,1,1,1,0,0,1,1,1,0,1,0,1,1,1,69.0,,0.0,30.303030303030305
8,2.5,6,0,340.0,340.0,0.0,340.0,2.0,,,,,1000.0,5,51,51028,Ananguié,RESTORE,4,4.0,,,,,1,1,97,,,,,,,,,,2,,,,,1,,,,,3.0,,,,,0,1,0,0,0,0,0,1,0,1,1,1,1,0,0,1,1,51.0,,1.0,136.0
6,1.5,4,10,200.0,120.0,80.0,,,,,,,,4,41,41004,FETE,COMPARISON,2,1.0,,,,,0,3,2 5,,,,,1.0,,,,,1,,,,,97,,,,,0.0,,,,,1,0,1,1,0,1,1,0,1,1,1,0,0,0,0,1,1,54.0,1.0,1.0,133.33333333333334
6,3.5,3,0,2040.0,1380.0,660.0,1380.0,,,,,,1000.0,4,41,41017,BEOUE,RESTORE,0,2.0,,,,,0,7,5,,,,,11.0,,,,,4,,,,,,,,,,3.0,,,,,0,0,0,1,0,1,1,0,1,1,1,0,0,1,1,1,1,39.0,,0.0,582.8571428571429
9,8.0,3,0,12.25,7.0,5.25,7.0,,,,,,228.5714263916016,5,52,52001,Akakro,COMPARISON,0,2.0,,,,,0,5,4 5,,,,,10.0,,,,,1,,,,,,,,,,0.0,,,,,0,1,1,1,1,1,0,1,1,0,1,0,0,0,1,1,1,50.0,,1.0,1.53125
7,1.0,4,1,105.0,70.0,35.0,,6.0,,,,,,5,51,51011,N'Gouanda,COMPARISON,4,1.0,,,,,1,5,4,,,,,9.0,,,,,1,,,,,,,,,,2.0,,,,,0,0,1,1,0,1,1,0,1,1,1,1,1,0,1,1,0,39.0,1.0,0.0,105.0
7,7.0,3,0,900.0,600.0,300.0,,2.0,,,,,,4,41,41032,OLODIO,RESTORE,2,1.0,,,,,0,1,5,,,,,10.0,8.0,8.0,8.0,,1,1.0,1.0,1.0,,,2,2,,,2.0,3.0,2.0,3.0,,1,0,1,0,0,1,0,1,1,1,1,0,1,0,1,1,1,50.0,1.0,1.0,128.57142857142858
10,14.0,3,13,455.0,325.0,130.0,195.0,,,,,,1000.0,4,41,41010,IBO2,COMPARISON,2,1.0,,,,,0,5,5,5,,,,11.0,1.0,1.0,1.0,,1,1.0,1.0,1.0,,2,2,97,,,3.0,3.0,2.0,0.0,,1,0,1,1,1,1,0,0,1,1,1,1,0,0,1,1,1,53.0,1.0,1.0,32.5
4,4.0,6,0,1280.0,960.0,320.0,960.0,1.0,,,,,800.0,5,51,51012,Zaranou,COMPARISON,2,1.0,,,,,1,4,4,,,,,1.0,,,,,1,,,,,,,,,,0.0,,,,,1,1,0,1,0,0,0,0,1,1,1,0,1,0,0,1,1,63.0,,0.0,320.0
11,4.0,3,13,170.0,100.0,70.0,,,,,,,,4,41,41009,DONIE,COMPARISON,2,4.0,,,,,0,1,5,,,,,1.0,9.0,,,,1,1.0,,,,2,2,,,,2.0,2.0,,,,0,0,0,0,0,1,0,0,1,1,1,0,0,0,0,1,1,64.0,4.0,0.0,42.5
6,4.0,5,0,560.0,420.0,140.0,420.0,1.0,,,,,1000.0,5,51,51018,Kouassi-Béniékro,RESTORE,4,2.0,,,,,0,2,5,5,,,,9.0,9.0,,,,1,1.0,,,,1,,,,,3.0,0.0,,,,0,0,0,0,1,1,1,0,1,1,1,1,1,0,1,1,1,51.0,1.0,1.0,140.0
9,14.0,4,97,2400.0,1600.0,800.0,,1.0,,,,,,4,41,41009,DONIE,COMPARISON,0,4.0,,,,,0,4,5,5,,,,4.0,4.0,4.0,4.0,,4,4.0,4.0,4.0,,,,,,,3.0,0.0,3.0,0.0,,1,0,0,1,1,1,1,1,1,1,1,0,1,1,1,1,1,40.0,,0.0,171.42857142857142
4,4.5,4,0,1260.0,810.0,450.0,810.0,,,,,,1000.0,4,41,41004,FETE,COMPARISON,0,2.0,,,,,0,4,5,,,,,8.0,,,,,4,4.0,,,,,97,,,,0.0,2.0,,,,1,0,1,1,1,1,0,0,1,1,1,0,0,1,1,1,1,45.0,,0.0,280.0
10,1.0,5,1,210.0,140.0,70.0,140.0,6.0,,,,,1000.0,5,51,51038,Manfia,RESTORE,4,1.0,,,,,0,5,4,,,,,,,,,,1,,,,,97,,,,,2.0,,,,,1,1,1,1,0,1,1,1,0,1,1,0,1,0,0,1,0,39.0,1.0,0.0,210.0
10,11.609999656677246,6,6 7,1800.0,1260.0,540.0,1260.0,1.0,,,,,1000.0,5,51,51011,N'Gouanda,COMPARISON,4,1.0,,,,,0,7,5,4 5,,,,9.0,10.0,10.0,,,1,1.0,1.0,,,,,97,,,0.0,2.0,2.0,,,0,1,0,1,0,1,0,0,1,0,1,0,1,0,1,1,1,48.0,1.0,1.0,155.03876427461978
7,6.5,3,0,1200.0,900.0,300.0,,1.0,,,,,,4,41,41024,POUTOU,RESTORE,0,2.0,,,,,0,3,1 5,5,,,,4.0,2.0,,,,4,4.0,4.0,,,,,97,,,0.0,0.0,3.0,,,1,0,1,1,0,1,1,1,1,1,1,0,1,0,1,1,1,42.0,1.0,0.0,184.6153846153846
8,11.0,4,13,770.0,560.0,210.0,560.0,1.0,,,,,1000.0,5,51,51027,Ahininkro,RESTORE,4,1.0,,,,,0,2,4 5,,,,,,,,,,1,1.0,,,,,97,,,,0.0,0.0,,,,0,0,0,1,0,1,1,1,0,0,0,1,1,1,1,1,1,50.0,,1.0,70.0
9,7.5,4,0,1680.0,1280.0,400.0,1280.0,2.0,,,,,1000.0,4,41,41039,HANNIE,COMPARISON,0,1.0,,,,,0,3,2,,,,,97.0,97.0,,,,4,4.0,,,,,97,,,,3.0,3.0,,,,0,0,0,1,1,1,1,0,1,0,1,0,1,1,1,1,1,38.0,3.0,0.0,224.0
2,14.0,5,7,3400.0,3000.0,400.0,3000.0,,,,,,900.0,7,73,73004,Agbaou,COMPARISON,4,1.0,,,,,0,5,97,,,,,,4.0,,,,1,1.0,1.0,,,1,4 97,1,,,0.0,2.0,0.0,,,0,1,1,1,1,1,1,0,1,1,1,1,0,0,0,1,1,68.0,3.0,1.0,242.85714285714286
6,7.0,3,97,450.0,150.0,300.0,,,,,,,,4,41,41010,IBO2,COMPARISON,2,1.0,,,,,0,5,5,,,,,1.0,1.0,,,,1,1.0,,,,,,,,,0.0,0.0,,,,0,0,1,1,1,1,0,1,1,1,1,0,0,0,1,1,1,42.0,5.0,1.0,64.28571428571429
6,2.0,6,10,355.0,295.0,60.0,,1.0,,,,,,7,73,73004,Agbaou,COMPARISON,4,3.0,,,,,0,4,5,,,,,1.0,,,,,1,,,,,1 2,,,,,2.0,,,,,1,0,1,0,0,1,1,1,1,1,1,1,1,0,0,1,1,55.0,2.0,1.0,177.5
15,8.5,4,6,720.0,480.0,240.0,480.0,97.0,,,,,800.0,4,41,41004,FETE,COMPARISON,0,2.0,,,,,0,5,5,5,5,,,8.0,8.0,8.0,,,4,4.0,4.0,,,,,,,,0.0,0.0,0.0,,,1,0,1,1,1,1,0,1,1,1,1,1,1,1,1,1,1,53.0,,0.0,84.70588235294117
8,12.25,3,0,664.0,264.0,400.0,,,,,,,,6,64,64002,Kouadioukro,COMPARISON,4,1.0,,,,,0,5,5,,,,,9.0,1.0,1.0,,,1,1.0,1.0,,,11,,,,,0.0,0.0,0.0,,,0,0,0,1,0,1,1,0,1,0,1,0,0,0,1,1,1,50.0,,1.0,54.204081632653065
6,3.0,6,0,725.0,425.0,300.0,,1.0,,,,,,7,73,73005,Ahéoua,COMPARISON,4,3.0,,,,,0,1,5,,,,,1.0,,,,,1,,,,,,,,,,0.0,,,,,0,1,0,1,0,0,1,1,1,0,1,0,1,0,1,1,1,62.0,4.0,1.0,241.66666666666666
5,1.0,1,9,500.0,300.0,200.0,,97.0,,,,,,4,41,41014,SEH,COMPARISON,0,1.0,,,,,0,2,5,,,,,,,,,,1,,,,,,,,,,3.0,,,,,1,0,0,1,1,1,0,1,0,1,0,0,1,0,1,1,1,40.0,,0.0,500.0
5,5.5,2,0,2000.0,1500.0,500.0,,,,,,,,4,41,41037,IRATO,COMPARISON,2,1.0,,,,,0,7,5,,,,,1.0,1.0,1.0,,,1,1.0,1.0,,,,,97,,,0.0,0.0,3.0,,,0,0,1,1,1,1,1,0,1,1,1,1,0,1,1,1,1,61.0,,1.0,363.6363636363636
5,5.0,2,0,57.0,57.0,0.0,,97.0,,,,,,7,71,71013,BOUDEPE,COMPARISON,4,1.0,,,,,1,2,5,,,,,10.0,,,,,1,1.0,,,,,97,,,,0.0,2.0,,,,0,0,0,0,0,0,0,0,1,1,1,0,1,0,1,1,1,56.0,97.0,0.0,11.4
10,0.0,6,97,150.0,100.0,50.0,100.0,3.0,,,,,12.0,4,41,41008,DAHIOKE,COMPARISON,4,1.0,,,,,0,1,5,,,,,1.0,1.0,,,,1,1.0,,,,,97,,,,3.0,0.0,,,,1,0,0,0,0,1,1,1,1,1,1,0,1,0,1,1,1,68.0,,1.0,inf
4,9.0,6,0,3500.0,2700.0,800.0,,2.0,,,,,,4,41,41020,MAHINO2,RESTORE,2,1.0,,,,,0,5,2 3 5,,,,,1.0,1.0,1.0,,,1,1.0,1.0,,,,,,,,0.0,0.0,0.0,,,1,0,1,1,0,1,0,1,1,1,1,0,1,0,1,1,1,56.0,1.0,1.0,388.8888888888889
6,2.0,4,0,1300.0,975.0,325.0,975.0,2.0,,,,,1000.0,4,41,41020,MAHINO2,RESTORE,0,1.0,,,,,0,5,5,,,,,11.0,,,,,4,,,,,,,,,,0.0,,,,,1,0,0,1,1,1,0,0,1,1,1,0,1,1,1,1,1,40.0,,0.0,650.0
4,2.5,6,0,210.0,140.0,70.0,140.0,3.0,,,,,12.857142448425291,5,51,51004,Dramanekro,COMPARISON,3,2.0,,,,,0,5,5,,,,,10.0,,,,,1,,,,,,,,,,0.0,,,,,0,0,0,0,0,1,1,1,1,0,1,1,1,1,1,1,1,59.0,,1.0,84.0
3,7.0,1,0,300.0,180.0,120.0,,,,,,,,4,41,41009,DONIE,COMPARISON,0,2.0,,,,,0,7,5,,,,,2.0,,,,,2,,,,,,,,,,0.0,,,,,1,0,1,1,0,1,0,1,1,1,1,0,0,0,1,1,1,35.0,,0.0,42.857142857142854
4,2.0,2,0,340.0,140.0,200.0,,,,,,,,4,41,41010,IBO2,COMPARISON,0,1.0,,,,,0,5,5,,,,,8.0,,,,,4,,,,,,,,,,0.0,,,,,0,0,1,1,1,1,0,1,1,1,0,0,0,1,1,1,1,40.0,,0.0,170.0
6,0.0,1,97,400.0,300.0,100.0,,,,,,,,4,41,41016,TATE1,COMPARISON,4,1.0,,,,,0,1,5,,,,,1.0,1.0,11.0,,,1,1.0,1.0,,,1 11,97,97,,,0.0,0.0,0.0,,,0,0,0,1,1,1,1,1,1,1,1,0,0,0,0,1,1,42.0,1.0,1.0,inf
7,1.25,3,0,200.0,120.0,80.0,120.0,2.0,,,,,12.5,5,53,53004,N'Djorekro,COMPARISON,4,1.0,,,,,1,5,2 5,,,,,10.0,,,,,1,,,,,,,,,,0.0,,,,,0,0,1,0,0,1,0,1,1,1,0,0,1,0,1,1,1,45.0,,1.0,160.0
6,6.0,6,5,205.0,175.0,30.0,,6.0,,,,,,5,51,51015,Bébou,COMPARISON,4,1.0,,,,,1,4,4,,,,,10.0,10.0,,,,1,1.0,,,,,9,,,,0.0,0.0,,,,0,0,1,1,0,1,1,1,1,1,1,1,1,0,1,1,1,50.0,2.0,1.0,34.166666666666664
9,1.0,4,9,282.0,240.0,42.0,,1.0,,,,,,5,51,51038,Manfia,RESTORE,4,1.0,,,,,1,6,5,,,,,11.0,,,,,1,1.0,,,,11,8,,,,2.0,2.0,,,,0,0,0,0,0,1,0,0,1,1,0,0,1,0,0,1,0,42.0,,0.0,282.0
4,2.0,1,0,900.0,720.0,180.0,720.0,6.0,,,,,1000.0,5,51,51005,Takima,COMPARISON,4,1.0,,,,,0,5,5,,,,,10.0,,,,,1,,,,,,,,,,0.0,,,,,0,1,0,1,1,1,1,1,1,0,0,1,1,0,1,1,1,34.0,5.0,0.0,450.0
8,2.799999952316284,3,0,70.0,50.0,20.0,,1.0,,,,,,7,74,74002,Montézo,COMPARISON,4,1.0,,,,,0,5,97,,,,,,,,,,1,1.0,1.0,,,,97,97,,,0.0,0.0,0.0,,,0,0,0,1,0,1,1,1,0,1,1,1,1,0,1,1,0,50.0,1.0,0.0,25.00000042574747
5,5.5,1,0,358.0,250.0,108.0,,1.0,,,,,,7,71,71012,MAMINI,COMPARISON,4,1.0,,,,,0,1,5,,,,,8.0,8.0,8.0,,,1,1.0,1.0,,,2,2,2,,,2.0,0.0,0.0,,,0,0,0,0,0,1,0,1,1,1,1,1,1,0,0,1,1,34.0,5.0,0.0,65.0909090909091
7,7.0,4,97,2100.0,1400.0,700.0,1400.0,1.0,,,,,1000.0,5,51,51038,Manfia,RESTORE,4,1.0,,,,,0,7,5,5,,,,,,,,,2,1.0,,,,,,,,,0.0,0.0,,,,1,0,0,1,0,1,0,1,0,0,1,0,1,1,1,1,1,51.0,5.0,0.0,300.0
7,7.0,6,0,850.0,700.0,150.0,,1.0,,,,,,5,51,51008,Adjoumani-Kouassikro,COMPARISON,4,1.0,,,,,0,6,5,,,,,1.0,9.0,9.0,,,1,1.0,1.0,,,,,,,,0.0,3.0,3.0,,,0,0,0,1,1,0,1,0,1,1,1,0,1,0,1,1,1,44.0,1.0,0.0,121.42857142857143
4,4.0,5,6,960.0,720.0,240.0,720.0,3.0,,,,,12.5,5,51,51001,Adahou,COMPARISON,4,1.0,,,,,1,6,3 5,,,,,10.0,,,,,1,,,,,,,,,,0.0,,,,,0,0,0,0,0,1,0,0,1,1,1,0,1,0,1,1,1,71.0,2.0,1.0,240.0
7,5.75,5,6,1100.0,800.0,300.0,,1.0,,,,,,6,61,61001,Abongoua,RESTORE,3,1.0,,,,,0,5,3 4 5,5,,,,,,,,,1,1.0,,,,,9,,,,0.0,0.0,,,,0,1,0,1,0,1,1,0,0,0,1,0,1,1,1,1,1,48.0,,0.0,191.30434782608697
4,18.0,6,6,350.0,150.0,200.0,,97.0,,,,,,5,53,53004,N'Djorekro,COMPARISON,4,4.0,,,,,0,5,5,,,,,1.0,1.0,,,,1,1.0,,,,,,,,,0.0,0.0,,,,0,0,0,0,0,0,1,1,1,1,1,1,1,0,1,1,1,72.0,,0.0,19.444444444444443
9,7.0,4,0,4000.0,2500.0,1500.0,,,,,,,,7,71,71010,Blékoum,COMPARISON,4,1.0,,,,,1,6,5,5,,,,1.0,1.0,1.0,,,1,1.0,1.0,,,,11,,,,0.0,0.0,2.0,,,0,0,0,1,1,0,0,1,1,1,1,0,0,0,1,1,1,60.0,,1.0,571.4285714285714
2,2.0,3,7 97,1790.0,790.0,1000.0,,,,,,,,4,41,41006,TATE2,COMPARISON,0,1.0,,,,,0,5,5,,,,,6.0,,,,,4,,,,,,,,,,0.0,,,,,0,0,1,1,1,1,0,0,1,1,1,0,0,1,1,1,1,59.0,3.0,0.0,895.0
11,6.5,3,0,650.0,500.0,150.0,,,,,,,,6,62,62001,Tioumoukro,COMPARISON,4,1.0,,,,,0,5,5,,,,,1.0,1.0,,,,1,1.0,,,,11,,,,,0.0,0.0,,,,0,0,0,1,0,1,1,0,1,0,1,0,0,0,1,1,1,54.0,1.0,1.0,100.0
5,21.5,6,3,1400.0,1050.0,350.0,1050.0,2.0,,,,,1142.857177734375,4,41,41002,DJEKA,COMPARISON,0,2.0,,,,,0,5,3,,,,,10.0,10.0,8.0,,,4,4.0,4.0,,,,97,97,,,0.0,0.0,0.0,,,1,0,1,1,1,1,1,0,1,0,1,0,1,1,1,1,1,34.0,,0.0,65.11627906976744
4,4.0,4,0,1700.0,1100.0,600.0,,1.0,,,,,,4,41,41003,GBAROU,COMPARISON,1,1.0,,,,,0,5,4 5,,,,,4.0,4.0,4.0,,,4,4.0,4.0,,,,,97,,,0.0,0.0,3.0,,,1,1,1,1,0,0,0,1,1,0,1,1,1,1,1,1,1,62.0,4.0,0.0,425.0
10,18.0,5,0,4900.0,3700.0,1200.0,,1.0,,,,,,7,73,73003,Affery,COMPARISON,4,3.0,,,,,0,4,97,,,,,1.0,,,,,1,,,,,,,,,,0.0,,,,,1,0,0,1,0,0,1,1,1,1,1,0,1,0,1,1,1,54.0,5.0,1.0,272.22222222222223
6,7.25,4,6,500.0,300.0,200.0,,2.0,,,,,,6,64,64001,Alakro,COMPARISON,4,1.0,,,,,0,5,5,,,,,1.0,,,,,1,,,,,,,,,,0.0,,,,,0,1,0,1,0,1,1,0,1,1,1,1,1,0,1,1,1,49.0,,0.0,68.96551724137932
5,4.0,4,0,401.0,395.0,6.0,,97.0,,,,,,7,71,71001,Annépé,COMPARISON,4,3.0,,,,,0,4,5,,,,,1.0,10.0,,,,1,1.0,,,,11,97,,,,0.0,0.0,,,,0,0,1,0,0,1,1,0,1,1,1,1,1,0,0,1,1,49.0,1.0,0.0,100.25
7,8.0,4,10,3.5,2.5,1.0,,1.0,,,,,,5,51,51009,Affalikro,COMPARISON,0,2.0,,,,,0,5,5,5,,,,1.0,1.0,,,,1,1.0,,,,,97,,,,0.0,0.0,,,,0,1,0,1,0,1,1,0,1,1,0,1,1,1,1,1,1,51.0,1.0,1.0,0.4375
7,6.0,3,6,3360.0,1300.0,2060.0,,1.0,,,,,,4,41,41008,DAHIOKE,COMPARISON,0,2.0,,,,,0,5,5,5,,5,,8.0,5.0,5.0,5.0,,4,4.0,4.0,4.0,,,,97,,,0.0,2.0,2.0,0.0,,1,0,1,1,1,1,1,1,1,1,1,1,1,1,1,1,1,40.0,2.0,0.0,560.0
4,2.0,2,0,180.0,100.0,80.0,,,,,,,,4,41,41006,TATE2,COMPARISON,2,4.0,,,,,0,1,,5,,,,1.0,1.0,,,,1,1.0,,,,2,,,,,3.0,3.0,,,,0,0,0,0,0,1,0,1,1,1,1,1,0,0,1,1,1,25.0,1.0,0.0,90.0
7,4.0,6,6,490.0,350.0,140.0,350.0,6.0,,,,,1000.0,5,51,51011,N'Gouanda,COMPARISON,4,1.0,,,,,1,5,4,4,,,,9.0,9.0,,,,1,1.0,,,,,,,,,0.0,2.0,,,,1,1,1,1,0,1,1,1,1,1,1,0,1,0,1,1,1,58.0,1.0,0.0,122.5
4,2.0,6,0,288.0,216.0,72.0,216.0,1.0,,,,,12.5,7,73,73005,Ahéoua,COMPARISON,4,3.0,,,,,1,5,5,,,,,,,,,,1,1.0,,,,,97,,,,0.0,0.0,,,,0,0,0,0,0,1,1,1,0,1,1,1,1,0,1,1,1,62.0,,1.0,144.0
6,3.5,4,11,1070.0,800.0,270.0,,2.0,,,,,,4,41,41003,GBAROU,COMPARISON,2,1.0,,,,,0,5,5,5,,,,1.0,,1.0,,,4,4.0,4.0,,,,,97,,,0.0,0.0,3.0,,,1,0,1,1,0,0,0,1,1,0,1,0,1,0,1,1,1,35.0,,1.0,305.7142857142857
3,1.5,2,6,375.0,225.0,150.0,225.0,1.0,,,,,12.0,7,73,73004,Agbaou,COMPARISON,4,1.0,,,,,0,1,5,,,,,10.0,,,,,1,,,,,,,,,,0.0,,,,,1,0,0,0,0,0,1,0,1,0,1,1,1,0,1,1,1,45.0,5.0,1.0,250.0
14,6.5,2,0,2100.0,1500.0,600.0,,1.0,,,,,,7,71,71010,Blékoum,COMPARISON,0,2.0,,,,,0,5,5,5,,,,10.0,10.0,10.0,10.0,,4,4.0,4.0,4.0,,2,2,2,2,,0.0,0.0,0.0,0.0,,0,0,0,0,0,1,0,1,1,1,1,0,1,0,0,1,1,38.0,2.0,1.0,323.0769230769231
3,2.5,2,0,210.0,150.0,60.0,,1.0,,,,,,6,62,62001,Tioumoukro,COMPARISON,4,1.0,,,,,0,5,5,,,,,1.0,,,,,1,1.0,,,,,97,,,,0.0,3.0,,,,0,1,0,1,0,1,0,0,1,0,1,0,1,0,1,1,1,43.0,,1.0,84.0
9,18.0,6,9,3440.0,2720.0,720.0,2720.0,6.0,,,,,1000.0,5,51,51012,Zaranou,COMPARISON,4,1.0,,,,,1,5,5,5,,,,1.0,1.0,,,,1,1.0,,,,,5,,,,2.0,2.0,,,,0,0,0,0,0,0,0,1,1,1,1,1,1,0,1,1,1,68.0,1.0,1.0,191.11111111111111
15,12.0,3,13,1150.0,850.0,300.0,,1.0,,,,,,4,41,41010,IBO2,COMPARISON,2,3.0,,,,,0,7,3,,,,,10.0,,,,,1,,,,,,,,,,0.0,,,,,0,0,0,1,0,1,0,0,1,1,0,0,1,0,1,1,1,66.0,1.0,1.0,95.83333333333333
2,15.0,6,0,2470.0,2080.0,390.0,2080.0,2.0,,,,,1000.0,4,41,41039,HANNIE,COMPARISON,4,1.0,,,,,0,6,5,,,,,10.0,10.0,11.0,,,4,4.0,4.0,,,,,,,,0.0,0.0,0.0,,,1,1,1,1,1,1,0,0,1,1,1,0,1,1,1,1,1,27.0,,0.0,164.66666666666666
7,3.0,6,0,1000.0,800.0,200.0,,2.0,,,,,,5,54,54001,Akacomoékro,RESTORE,4,3.0,,,,,0,5,97,,2,97,,1.0,1.0,1.0,4.0,,1,1.0,1.0,4.0,1.0,,1,,1,1,0.0,3.0,0.0,3.0,0.0,0,0,0,1,1,1,1,0,1,0,0,1,1,0,1,1,1,54.0,2.0,1.0,333.3333333333333
6,2.0,2,0,300.0,200.0,100.0,,1.0,,,,,,7,71,71005,Biasso,RESTORE,4,4.0,,,,,0,1,97,,,,,1.0,9.0,,,,1,1.0,,,,,97,,,,0.0,0.0,,,,0,0,0,1,0,1,1,0,1,1,1,0,1,0,1,1,0,36.0,1.0,1.0,150.0
8,6.0,1,9,420.0,280.0,140.0,280.0,6.0,,,,,1000.0,7,73,73002,Adiaoukoi,COMPARISON,4,1.0,,,,,1,5,3 5,,,,,10.0,,,,,1,,,,,,,,,,0.0,,,,,0,0,0,0,0,0,0,1,1,1,1,1,1,0,1,1,1,46.0,2.0,0.0,70.0
6,6.0,6,0,2600.0,2000.0,600.0,,3.0,,,,,,5,51,51002,Akoikro,COMPARISON,4,4.0,,,,,0,7,4 5,,,,,10.0,10.0,,,,1,1.0,,,,,,,,,2.0,2.0,,,,0,0,1,1,0,1,0,1,1,0,1,1,1,0,1,1,1,55.0,5.0,1.0,433.3333333333333
9,10.5,5,0,2635.0,1785.0,850.0,1785.0,2.0,,,,,1000.0,4,41,41025,YOUKOU,RESTORE,0,1.0,,,,,0,4,5,5,,,,8.0,8.0,,,,4,4.0,,,,,,,,,0.0,0.0,,,,1,0,1,1,1,1,1,0,1,1,1,0,1,1,1,1,1,43.0,,0.0,250.95238095238096
3,0.0,2,0,3100.0,2300.0,800.0,,2.0,,,,,,4,41,41013,NIRO,COMPARISON,4,2.0,,,,,0,8,4,,,,,1.0,1.0,1.0,1.0,,1,1.0,1.0,1.0,,,97,97,97,,0.0,0.0,0.0,0.0,,1,1,1,1,1,0,1,1,1,1,1,1,1,0,1,1,1,54.0,2.0,0.0,inf
6,2.0,5,0,1520.0,560.0,960.0,560.0,2.0,,,,,1000.0,4,41,41027,GBAPET,RESTORE,0,2.0,,,,,0,7,5,,,,,11.0,,,,,4,,,,,1,,,,,0.0,,,,,1,0,0,1,0,1,0,0,1,1,1,1,1,0,0,1,1,42.0,,0.0,760.0
6,7.5,4,0,560.0,480.0,80.0,480.0,2.0,,,,,725.0,5,51,51004,Dramanekro,COMPARISON,1,2.0,,,,,0,2,5,,,,,10.0,,,,,1,2.0,,,,,97,,,,2.0,2.0,,,,0,0,1,1,0,0,1,1,1,0,0,1,1,0,1,1,1,48.0,,1.0,74.66666666666667
9,6.0,6,0,160.0,70.0,90.0,,1.0,,,,,,7,74,74002,Montézo,COMPARISON,4,1.0,,,,,0,3,5,,,,,1.0,,,,,1,1.0,1.0,,,,97,97,,,0.0,0.0,0.0,,,0,0,0,1,0,1,1,0,1,0,1,0,1,0,1,1,1,60.0,3.0,1.0,26.666666666666668
3,6.0,6,6,275.0,220.0,55.0,220.0,1.0,,,,,18.18181800842285,7,71,54002,Bécédi-Brignan,RESTORE,4,1.0,,,,,0,1,5,,,,,10.0,10.0,,,,1,1.0,,,,,97,,,,0.0,3.0,,,,1,0,0,1,0,0,1,0,1,1,1,1,1,1,1,1,1,60.0,3.0,0.0,45.833333333333336
4,1.5,3,0,225.0,150.0,75.0,,97.0,,,,,,7,71,71008,Mafa-Mafou,RESTORE,4,1.0,,,,,1,1,4 5 97,,,,,,,,,,1,,,,,1,,,,,3.0,,,,,1,0,1,0,0,1,0,0,0,1,0,0,1,0,0,1,1,41.0,1.0,1.0,150.0
2,0.0,3,0,1800.0,1500.0,300.0,,97.0,,,,,,4,41,41013,NIRO,COMPARISON,0,2.0,,,,,0,5,5,5,,,,8.0,,,,,1,2.0,,,,,,,,,0.0,0.0,,,,1,0,1,1,1,1,1,1,1,1,1,0,1,1,1,1,1,46.0,,0.0,inf
3,3.0,6,0,500.0,350.0,150.0,,2.0,,,,,,4,41,41021,NIGRE,RESTORE,0,2.0,,,,,1,4,5,,,,,6.0,,,,,4,4.0,,,,,97,,,,0.0,3.0,,,,1,0,1,1,0,1,1,0,1,0,1,1,1,0,1,1,1,42.0,,0.0,166.66666666666666
8,1.5,5,0,420.0,385.0,35.0,385.0,,,,,,14.285714149475098,5,51,51002,Akoikro,COMPARISON,4,1.0,,,,,0,5,5,,,,,10.0,,,,,1,,,,,,,,,,0.0,,,,,0,1,0,0,0,0,0,0,1,1,1,0,0,0,1,1,1,65.0,2.0,1.0,280.0
8,10.0,6,0,250.0,200.0,50.0,,2.0,,,,,,7,71,71010,Blékoum,COMPARISON,1,2.0,,,,,0,4,5,,,,,10.0,5.0,10.0,,,1,1.0,1.0,,,2,,2,,,2.0,3.0,0.0,,,0,0,0,0,0,1,0,0,1,1,0,0,1,0,1,1,1,49.0,1.0,0.0,25.0
8,5.0,6,10,115.0,100.0,15.0,,1.0,,,,,,7,71,71006,Nyan,RESTORE,4,1.0,,,,,0,5,97,,,,,,,,,,1,1.0,1.0,,,,,97,,,3.0,0.0,0.0,,,1,0,0,1,0,1,1,0,0,0,1,1,1,1,1,1,1,57.0,1.0,1.0,23.0
15,28.0,6,13,5900.0,3500.0,2400.0,,1.0,,,,,,5,51,51014,ABRONAMOUE,COMPARISON,4,1.0,,,,,0,5,5,5,,,,1.0,1.0,1.0,1.0,1.0,1,1.0,1.0,1.0,1.0,,,,97,,0.0,0.0,0.0,0.0,0.0,0,0,0,1,0,0,0,1,1,1,1,0,1,0,1,1,1,52.0,3.0,1.0,210.71428571428572
7,4.5,3,7,5000.0,3000.0,2000.0,,2.0,,,,,,4,41,41013,NIRO,COMPARISON,0,2.0,,,,,0,1,5,4 5,,,,8.0,8.0,,,,4,4.0,,,,2,,,,,2.0,2.0,,,,1,0,0,1,1,1,0,1,1,1,1,0,1,1,1,1,1,44.0,,0.0,1111.111111111111
5,9.5,6,97,880.0,560.0,320.0,560.0,,,,,,825.0,4,41,41004,FETE,COMPARISON,2,1.0,,,,,0,5,5,,,,,10.0,10.0,10.0,,,1,1.0,1.0,,,1 2,97,97,,,0.0,0.0,0.0,,,1,0,1,1,1,1,0,0,1,1,1,1,0,0,0,1,1,52.0,1.0,1.0,92.63157894736842
5,10.0,3,0,2760.0,2040.0,720.0,2040.0,2.0,,,,,1000.0,4,41,41025,YOUKOU,RESTORE,0,2.0,,,,,0,6,5,,,,,10.0,10.0,,,,4,4.0,,,,,,,,,0.0,3.0,,,,0,0,0,1,0,1,1,0,1,1,1,0,1,1,1,1,1,35.0,3.0,0.0,276.0
8,3.0,1,10,280.0,200.0,80.0,,1.0,,,,,,6,64,64001,Alakro,COMPARISON,4,3.0,,,,,0,5,5,,,,,1.0,,,,,1,,,,,1,,,,,3.0,,,,,0,0,0,0,0,1,1,0,1,1,1,1,1,0,0,1,1,48.0,,1.0,93.33333333333333
7,2.5,5,0,1900.0,1100.0,800.0,,1.0,,,,,,4,41,41028,GNATO,RESTORE,3,2.0,,,,,1,3,5,5,,,,8.0,4.0,,,,4,4.0,,,,,,,,,0.0,0.0,,,,1,0,0,1,1,1,1,1,1,1,1,0,1,1,1,1,1,39.0,0.0,0.0,760.0
7,5.0,4,0,1000.0,500.0,500.0,,2.0,,,,,,4,41,41039,HANNIE,COMPARISON,4,1.0,,,,,0,6,5,,,,,1.0,1.0,1.0,,,4,4.0,4.0,,,,,97,,,0.0,2.0,2.0,,,0,1,0,1,0,1,1,1,1,0,1,0,1,0,1,1,1,46.0,,0.0,200.0
10,4.0,6,0,800.0,640.0,160.0,640.0,2.0,,,,,1000.0,5,51,51014,ABRONAMOUE,COMPARISON,4,1.0,,,,,1,5,2,,,,,10.0,,,,,1,,,,,,,,,,0.0,,,,,1,1,0,1,1,0,0,0,1,1,0,1,1,0,1,1,1,72.0,,1.0,200.0
7,0.0,4,10,400.0,250.0,150.0,,1.0,,,,,,4,41,41004,FETE,COMPARISON,2,1.0,,,,,0,5,5,,,,,1.0,1.0,,,,1,1.0,,,,,,,,,0.0,0.0,,,,1,0,1,1,0,0,1,0,1,1,1,0,1,0,1,1,1,43.0,1.0,1.0,inf
10,5.0,6,13,1400.0,910.0,490.0,910.0,3.0,,,,,14.285714149475098,5,51,51014,ABRONAMOUE,COMPARISON,4,1.0,,,,,0,6,5,,,,,1.0,,,,,1,,,,,,,,,,0.0,,,,,0,0,0,1,1,1,0,0,1,0,1,0,1,0,1,1,1,54.0,3.0,1.0,280.0
5,0.0,3,3 7,1300.0,900.0,400.0,900.0,1.0,,,,,1000.0,4,41,41014,SEH,COMPARISON,0,1.0,,,,,0,5,5,,,,,8.0,,,,,4,,,,,,,,,,0.0,,,,,1,0,1,1,1,1,0,1,1,1,1,0,1,1,1,1,1,37.0,,0.0,inf
6,3.0,6,0,650.0,500.0,150.0,,,,,,,,7,71,71013,BOUDEPE,COMPARISON,4,1.0,,,,,0,1,97,4 5,,,,,,,,,1,1.0,1.0,,,1,1,97,,,3.0,3.0,0.0,,,0,0,0,0,0,1,0,0,0,1,1,0,0,0,0,1,1,58.0,1.0,0.0,216.66666666666666
7,6.5,5,0,960.0,640.0,320.0,640.0,1.0,,,,,1000.0,5,51,51025,Kouadiokro,RESTORE,0,2.0,,,,,0,2,4 5,,,,,10.0,11.0,,,11.0,1,1.0,2.0,2.0,1.0,,,,,,2.0,3.0,0.0,0.0,3.0,0,0,1,1,0,1,1,1,1,0,0,0,1,1,1,1,1,65.0,,0.0,147.69230769230768
2,1.0,1,97,120.0,80.0,40.0,80.0,6.0,,,,,1000.0,5,51,51025,Kouadiokro,RESTORE,4,1.0,,,,,1,5,5,,,,,10.0,,,,,1,,,,,,,,,,2.0,,,,,0,0,1,0,1,1,1,1,1,0,0,0,1,0,1,1,0,29.0,2.0,0.0,120.0
9,15.0,4,0,2100.0,1500.0,600.0,,1.0,,,,,,5,51,51001,Adahou,COMPARISON,4,,,,,,0,5,4 5,5,,,,10.0,9.0,,,,1,1.0,,,,,,,,,0.0,0.0,,,,0,0,0,0,0,0,1,1,1,0,1,1,1,0,1,1,1,43.0,6.0,1.0,140.0
3,6.0,2,97,280.0,175.0,105.0,175.0,,,,,,1000.0,5,51,51025,Kouadiokro,RESTORE,4,1.0,,,,,1,5,4,,,,,10.0,9.0,,,,1,1.0,,,,,9,,,,0.0,0.0,,,,0,0,1,0,0,1,0,1,1,0,0,0,0,0,1,1,1,37.0,6.0,1.0,46.666666666666664
6,6.0,3,0,1600.0,1200.0,400.0,1200.0,2.0,,,,,1000.0,5,53,53001,Kokonou,COMPARISON,4,1.0,,,,,1,6,5,,,,,11.0,,,,,1,,,,,,,,,,0.0,,,,,1,0,1,0,0,1,0,1,1,0,0,0,1,0,1,1,1,62.0,,0.0,266.6666666666667
3,2.0,4,10,280.0,210.0,70.0,210.0,,,,,,1000.0,7,73,73004,Agbaou,COMPARISON,4,1.0,,,,,0,2,,,,,,,,,,,1,,,,,,,,,,0.0,,,,,0,0,0,0,0,0,0,0,0,0,0,0,0,0,1,0,1,72.0,1.0,1.0,140.0
4,1.0,3,0,600.0,320.0,280.0,320.0,1.0,,,,,12.5,6,64,64001,Alakro,COMPARISON,4,1.0,,,,,0,5,5,5,,,,1.0,1.0,,,,1,1.0,,,,,,,,,0.0,0.0,,,,1,1,1,0,0,1,1,1,1,1,1,1,1,0,1,1,1,34.0,1.0,0.0,600.0
6,3.0,1,0,40.0,30.0,10.0,,,,,,,,4,41,41012,MERE,COMPARISON,2,1.0,,,,,0,5,5,,,,,11.0,11.0,,,,1,1.0,,,,4,2,,,,2.0,0.0,,,,0,0,1,0,0,1,0,0,1,1,1,0,0,0,0,1,1,42.0,,0.0,13.333333333333334
3,6.0,4,0,375.0,279.0,96.0,,3.0,,,,,,5,51,51025,Kouadiokro,RESTORE,4,1.0,,,,,0,6,4 5,,,,,9.0,,,,,1,,,,,,,,,,2.0,,,,,0,0,1,1,0,1,1,1,1,1,1,0,1,0,1,1,1,39.0,1.0,1.0,62.5
7,2.0,3,0,684.0,450.0,234.0,,2.0,,,,,,4,41,41017,BEOUE,RESTORE,0,2.0,,,,,0,3,2 4,,,,,2.0,,,,,4,4.0,,,,,8,,,,0.0,3.0,,,,0,0,1,1,0,1,1,0,1,1,1,1,1,1,1,1,0,43.0,1.0,0.0,342.0
3,2.0,2,0,104.0,92.0,12.0,,1.0,,,,,,7,71,71006,Nyan,RESTORE,4,1.0,,,,,0,4,5 97,,,,,1.0,,,,,1,1.0,,,,,,,,,2.0,0.0,,,,1,0,0,1,0,1,1,0,1,1,1,0,1,0,1,1,1,57.0,3.0,1.0,52.0
8,8.0,6,0,1500.0,1000.0,500.0,,1.0,,,,,,4,41,41030,SOTO,RESTORE,0,2.0,,,,,0,3,5,5,,,,7.0,7.0,,,,4,4.0,,,,,,,,,0.0,2.0,,,,1,0,1,1,0,1,0,1,1,1,1,1,1,1,1,1,1,64.0,,0.0,187.5
15,5.75,3,97,850.0,400.0,450.0,,2.0,,,,,,4,41,41010,IBO2,COMPARISON,2,1.0,,,,,0,4,5,5,,,,10.0,10.0,10.0,10.0,10.0,1,1.0,1.0,1.0,1.0,,,97,97,97,2.0,0.0,0.0,2.0,0.0,0,0,1,1,1,1,1,1,1,1,1,0,1,0,1,1,1,44.0,1.0,1.0,147.82608695652175
12,17.0,1,97,325.0,250.0,75.0,,2.0,,,,,,4,41,41015,TAOULOKE,COMPARISON,2,1.0,,,,,0,5,5,,,,,10.0,10.0,10.0,10.0,10.0,1,1.0,1.0,1.0,1.0,,,,,,0.0,0.0,0.0,0.0,0.0,0,1,1,1,1,0,0,1,1,1,1,1,1,0,1,1,1,54.0,3.0,1.0,19.11764705882353
10,12.5,6,7,1540.0,980.0,560.0,980.0,6.0,,,,,1000.0,4,41,41030,SOTO,RESTORE,0,2.0,,,,,0,5,97,97,,,,11.0,8.0,11.0,,,4,4.0,4.0,,,,,97,,,0.0,0.0,0.0,,,1,0,1,1,1,1,0,1,1,0,1,1,1,1,1,1,1,61.0,1.0,0.0,123.2
6,7.5,4,0,3200.0,2000.0,1200.0,2000.0,2.0,,,,,1000.0,4,41,41030,SOTO,RESTORE,0,2.0,,,,,0,7,5,5,,,,8.0,8.0,,,,4,4.0,,,,,,,,,0.0,3.0,,,,1,0,1,1,0,1,1,1,1,1,1,0,1,1,1,1,1,42.0,2.0,0.0,426.6666666666667
2,2.0,2,0,800.0,500.0,300.0,,1.0,,,,,,4,41,41012,MERE,COMPARISON,2,1.0,,,,,0,4,5,,,,,11.0,,,,,4,,,,,,,,,,3.0,,,,,1,0,1,1,0,1,1,1,1,1,0,0,1,0,1,1,1,52.0,,0.0,400.0
9,5.5,5,0,800.0,500.0,300.0,,,,,,,,4,41,41039,HANNIE,COMPARISON,4,1.0,,,,,0,5,5,,,,,1.0,1.0,1.0,1.0,,4,4.0,4.0,4.0,,11 97,,,97,,0.0,2.0,3.0,2.0,,0,0,1,1,1,1,1,0,1,0,1,1,0,0,1,1,1,44.0,,0.0,145.45454545454547
8,5.0,4,0,200.0,200.0,0.0,,97.0,,,,,,7,71,71008,Mafa-Mafou,RESTORE,4,1.0,,,,,1,5,97,,,,,10.0,,,,,1,,,,,,,,,,0.0,,,,,1,0,0,0,0,0,1,1,1,0,1,0,1,1,1,1,1,45.0,1.0,1.0,40.0
10,13.0,6,13,1360.0,1200.0,160.0,1200.0,1.0,,,,,1000.0,5,51,51038,Manfia,RESTORE,4,1.0,,,,,0,10,4 5,4 5,,,,10.0,10.0,,,,1,1.0,,,,,,,,,0.0,0.0,,,,1,0,0,1,0,1,0,1,1,0,1,1,1,0,1,1,1,50.0,1.0,0.0,104.61538461538461
3,5.0,6,10,700.0,500.0,200.0,,,,,,,,7,74,74003,BOHOUIN,COMPARISON,4,1.0,,,,,0,5,97,,,,,,,,,,1,,,,,,,,,,0.0,,,,,0,1,1,0,0,1,1,0,0,1,1,1,0,0,1,1,1,60.0,,1.0,140.0
5,2.5,2,97,250.0,150.0,100.0,150.0,2.0,,,,,800.0,4,41,41016,TATE1,COMPARISON,2,1.0,,,,,0,2,5,5,,,,10.0,10.0,,,,1,1.0,,,,,2,,,,2.0,0.0,,,,0,0,1,0,1,1,0,1,1,1,1,0,1,0,1,1,1,27.0,1.0,0.0,100.0
13,7.5,4,0,1435.0,1015.0,420.0,1015.0,2.0,,,,,1000.0,4,41,41024,POUTOU,RESTORE,0,2.0,,,,,0,7,5,,,,,8.0,8.0,8.0,8.0,97.0,4,4.0,4.0,4.0,4.0,,,,,,0.0,0.0,0.0,0.0,0.0,1,0,1,1,1,1,1,0,1,1,1,0,1,1,1,1,1,51.0,,0.0,191.33333333333334
4,17.5,4,13,965.0,575.0,390.0,,1.0,,,,,,4,41,41006,TATE2,COMPARISON,2,1.0,,,,,0,4,3 5,5,5,,,1.0,1.0,1.0,,,1,1.0,1.0,,,,97,,,,0.0,0.0,0.0,,,1,0,1,1,1,0,0,0,1,1,1,0,1,0,1,1,1,46.0,3.0,0.0,55.142857142857146
6,6.0,2,0,880.0,560.0,320.0,560.0,1.0,,,,,12.5,5,51,51014,ABRONAMOUE,COMPARISON,4,2.0,,,,,0,6,5,,,,,9.0,9.0,,,,1,1.0,,,,,97,,,,0.0,0.0,,,,0,0,0,1,1,1,1,1,1,1,1,1,1,0,1,1,1,60.0,1.0,0.0,146.66666666666666
2,7.0,2,10,500.0,350.0,150.0,,,,,,,,4,41,41008,DAHIOKE,COMPARISON,2,3.0,,,,,0,6,5,,,,,1.0,10.0,,,,1,1.0,,,,1,97,,,,0.0,0.0,,,,0,0,1,1,1,0,0,0,1,1,0,0,0,0,0,1,1,44.0,1.0,1.0,71.42857142857143
3,2.5,3,0,1120.0,770.0,350.0,770.0,2.0,,,,,925.0,5,51,51003,Anuanua,COMPARISON,3,2.0,,,,,0,1,4 5,,,,,10.0,,,,,1,4.0,,,,,97,,,,0.0,0.0,,,,0,0,1,0,0,1,0,1,1,1,1,1,1,1,1,1,1,48.0,1.0,0.0,448.0
7,4.0,4,0,1200.0,700.0,500.0,,,,,,,,4,41,41003,GBAROU,COMPARISON,0,1.0,,,,,0,2,4 5,,,,,6.0,6.0,,,,4,4.0,,,,,,,,,3.0,0.0,,,,1,0,1,1,0,0,0,1,1,1,1,1,0,1,1,1,1,39.0,,0.0,300.0
9,10.0,1,13,900.0,600.0,300.0,,2.0,,,,,,4,41,41009,DONIE,COMPARISON,2,4.0,,,,,0,5,5,,,,,1.0,1.0,1.0,,,1,1.0,1.0,,,2,,2 97,,,3.0,3.0,2.0,,,1,1,1,0,1,1,0,0,1,1,1,1,1,0,1,1,1,49.0,1.0,1.0,90.0
8,6.0,4,0,3000.0,2300.0,700.0,,2.0,,,,,,4,41,41022,PARA,RESTORE,0,2.0,,,,,0,7,5,,,,,6.0,6.0,,,,4,4.0,,,,,97,,,,0.0,3.0,,,,1,0,1,1,1,1,1,0,1,1,1,0,1,1,1,1,1,53.0,,0.0,500.0
7,1.0,2,6,100.0,50.0,50.0,50.0,1.0,,,,,1000.0,6,61,61001,Abongoua,RESTORE,4,1.0,,,,,1,4,2 4,,,,,1.0,,,,,1,,,,,,,,,,2.0,,,,,0,1,0,1,0,0,0,1,1,0,1,0,1,0,1,1,0,65.0,3.0,1.0,100.0
5,3.0,4,0,630.0,450.0,180.0,450.0,1.0,,,,,1000.0,5,51,51015,Bébou,COMPARISON,1,1.0,,,,,0,5,3 4 5,,,,,10.0,,,,,1,,,,,,,,,,2.0,,,,,1,0,0,1,0,0,1,0,1,0,0,0,1,0,1,1,1,42.0,1.0,1.0,210.0
7,6.0,1,97,616.0,409.0,207.0,,1.0,,,,,,4,41,41015,TAOULOKE,COMPARISON,2,1.0,,,,,0,5,5,,,,,10.0,10.0,10.0,,,1,1.0,1.0,,,,,,,,0.0,0.0,0.0,,,1,0,1,1,0,1,1,1,1,1,1,1,1,0,1,1,1,40.0,1.0,0.0,102.66666666666667
5,8.0,6,0,4500.0,3000.0,1500.0,,2.0,,,,,,4,41,41017,BEOUE,RESTORE,0,2.0,,,,,0,3,5,,,,,10.0,10.0,10.0,,,4,4.0,4.0,,,,97,97,,,0.0,3.0,0.0,,,1,0,1,1,1,1,1,0,1,1,1,0,1,1,1,1,1,52.0,,0.0,562.5
11,30.0,6,0,19000.0,12000.0,7000.0,12000.0,2.0,,,,,1000.0,4,41,41022,PARA,RESTORE,0,2.0,,,,,0,8,5,5,5,5,,10.0,8.0,8.0,10.0,8.0,4,4.0,4.0,4.0,4.0,,,,,97,0.0,0.0,0.0,0.0,0.0,1,0,1,1,1,1,1,0,1,0,1,1,1,1,1,1,1,48.0,,0.0,633.3333333333334
8,2.0,3,0,240.0,160.0,80.0,160.0,2.0,,,,,1000.0,5,53,53001,Kokonou,COMPARISON,4,1.0,,,,,1,7,2 5,,,,,1.0,,,,,1,,,,,,,,,,0.0,,,,,0,1,0,0,0,1,0,1,1,1,0,0,1,0,1,1,1,55.0,,1.0,120.0
5,1.0,4,0,250.0,150.0,100.0,,3.0,,,,,,5,51,51002,Akoikro,COMPARISON,4,1.0,,,,,0,4,4 5,,,,,1.0,,,,,1,,,,,,,,,,0.0,,,,,0,0,0,1,0,0,0,1,1,0,1,1,1,0,1,1,0,49.0,3.0,0.0,250.0
8,20.0,6,7,3720.0,3000.0,720.0,3000.0,2.0,,,,,1000.0,4,41,41022,PARA,RESTORE,0,1.0,,,,,0,7,5,5,5,5,,8.0,8.0,8.0,8.0,4.0,4,4.0,4.0,4.0,4.0,,,4,4,,0.0,0.0,0.0,0.0,0.0,1,0,1,1,0,1,1,0,1,0,1,0,1,1,1,1,1,60.0,2.0,0.0,186.0
5,2.0,6,10,455.0,325.0,130.0,325.0,,,,,,1000.0,7,71,71008,Mafa-Mafou,RESTORE,4,1.0,,,,,0,3,4 5 97,,,,,,,,,,1,1.0,,,,,97,,,,3.0,0.0,,,,0,1,1,0,0,0,0,1,0,1,1,1,0,0,1,1,0,38.0,3.0,1.0,227.5
8,3.5,4,0,1800.0,1500.0,300.0,,4.0,,,,,,7,71,71009,Yakassé-Mé,RESTORE,4,1.0,,,,,0,5,97,,,,,,,,,,1,,,,,97,,,,,0.0,,,,,0,0,1,0,1,1,1,0,0,1,1,0,1,0,0,1,1,60.0,3.0,1.0,514.2857142857143
7,2.5,6,0,285.0,190.0,95.0,190.0,2.0,,,,,1000.0,4,41,41025,YOUKOU,RESTORE,0,2.0,,,,,0,3,5,,,,,10.0,10.0,,,,4,4.0,,,,,97,,,,0.0,3.0,,,,1,0,1,1,0,1,1,0,1,1,1,1,1,1,1,1,1,30.0,,1.0,114.0
4,3.0,2,0,1200.0,960.0,240.0,960.0,,,,,,1000.0,5,51,51005,Takima,COMPARISON,0,2.0,,,,,0,2,5,,,,,,,,,,2,,,,,,,,,,2.0,,,,,0,0,0,1,0,1,1,1,0,0,1,1,0,0,1,1,1,59.0,,0.0,400.0
5,2.5,2,0,200.0,150.0,50.0,,2.0,,,,,,4,41,41021,NIGRE,RESTORE,0,2.0,,,,,1,4,5,,,,,3.0,1.0,,,,4,4.0,,,,,97,,,,0.0,2.0,,,,1,0,1,1,0,1,1,1,1,0,1,1,1,0,1,1,1,50.0,,0.0,80.0
7,6.0,6,0,845.0,781.0,64.0,,1.0,,,,,,7,71,71007,Bassadzin,RESTORE,4,1.0,,,,,0,8,4 97,,,,,,,,,,1,,,,,,,,,,3.0,,,,,1,0,1,1,0,1,1,1,0,1,1,1,1,0,1,1,1,33.0,4.0,1.0,140.83333333333334
4,2.5,4,0,115.0,80.0,35.0,,,,,,,,7,74,74006,Monin,COMPARISON,4,1.0,,,,,0,1,5 97,,,,,1.0,,,,,1,,,,,3,,,,,0.0,,,,,0,0,0,0,0,0,0,1,1,1,1,0,0,0,0,1,1,58.0,3.0,0.0,46.0
8,4.5,2,0,75.0,50.0,25.0,,97.0,,,,,,7,71,71013,BOUDEPE,COMPARISON,4,1.0,,,,,0,5,97,97,,,,,,,,,1,1.0,,,,1,97,,,,0.0,3.0,,,,0,0,0,0,0,0,0,1,0,1,1,0,1,0,0,1,1,49.0,3.0,0.0,16.666666666666668
10,5.0,6,0,1300.0,1000.0,300.0,,1.0,,,,,,7,75,75001,ASSE ORIé,COMPARISON,4,1.0,,,,,0,6,3,,,,,1.0,,,,,1,1.0,,,,,1,,,,0.0,0.0,,,,0,1,0,0,0,0,0,0,1,1,1,0,1,0,1,1,1,63.0,5.0,1.0,260.0
7,6.0,3,0,1200.0,800.0,400.0,800.0,1.0,,,,,1000.0,5,51,51054,Amian-Kouassikro,COMPARISON,0,2.0,,,,,0,5,5,5,,,,8.0,8.0,,,,1,1.0,,,,,,,,,3.0,3.0,,,,1,1,1,1,0,1,1,1,1,0,1,1,1,1,1,1,1,37.0,1.0,1.0,200.0
4,3.0,1,5,650.0,520.0,130.0,520.0,4.0,,,,,1000.0,5,51,51018,Kouassi-Béniékro,RESTORE,4,1.0,,,,,0,5,4,,,,,10.0,,,,,1,,,,,,,,,,3.0,,,,,0,1,0,0,0,0,0,0,1,1,1,0,1,1,1,1,1,29.0,6.0,1.0,216.66666666666666
1,5.0,6,13,520.0,390.0,130.0,390.0,2.0,,,,,15.384614944458008,5,51,51014,ABRONAMOUE,COMPARISON,4,1.0,,,,,0,6,5,5,,,,2.0,1.0,,,,1,1.0,,,,97,97,,,,3.0,0.0,,,,1,0,1,1,1,1,1,0,1,1,1,0,1,0,0,1,1,70.0,6.0,1.0,104.0
4,9.5,3,5,690.0,460.0,230.0,,1.0,,,,,,4,41,41001,TEPOIBOKE,COMPARISON,2,1.0,,,,,0,5,5 97,,,,,10.0,10.0,10.0,10.0,,1,1.0,1.0,1.0,,,,,97,,0.0,0.0,0.0,0.0,,1,0,1,1,1,1,1,1,1,0,0,0,1,0,1,1,1,50.0,1.0,1.0,72.63157894736842
6,3.0,4,1,490.0,280.0,210.0,280.0,6.0,,,,,1000.0,5,51,51012,Zaranou,COMPARISON,4,1.0,,,,,1,5,4,,,,,5.0,,,,,1,,,,,,,,,,2.0,,,,,0,1,1,1,0,1,0,0,1,0,1,0,1,0,1,1,1,38.0,1.0,1.0,163.33333333333334
6,1.0,6,0,540.0,360.0,180.0,360.0,1.0,,,,,900.0,6,64,64001,Alakro,COMPARISON,4,1.0,,,,,0,1,2,,,,,10.0,,,,,1,,,,,,,,,,2.0,,,,,1,0,1,0,0,1,0,1,1,1,1,0,1,0,1,1,0,80.0,,1.0,540.0
12,6.0,3,0,4000.0,3000.0,1000.0,,1.0,,,,,,4,41,41013,NIRO,COMPARISON,0,1.0,,,,,0,5,5 97,5 97,5 97,,,2.0,4.0,4.0,4.0,,4,4.0,4.0,4.0,,,,,,,0.0,0.0,2.0,2.0,,1,0,0,1,1,1,1,1,1,1,1,0,1,1,1,1,1,34.0,,0.0,666.6666666666666
4,3.5,3,0,280.0,140.0,140.0,140.0,,,,,,1000.0,5,53,53005,N'DRIKRO,COMPARISON,3,1.0,,,,,1,2,2,2 5,,,,10.0,10.0,,,,1,1.0,,,,,,,,,2.0,2.0,,,,0,1,0,1,0,0,0,1,1,0,1,0,0,0,1,1,1,65.0,,0.0,80.0
5,7.0,6,0,2000.0,1600.0,400.0,1600.0,3.0,,,,,12.5,5,51,51017,Appoisso,RESTORE,97,2.0,,,,,0,6,4,4,,,,6.0,6.0,,,,1,1.0,,,,,,,,,0.0,0.0,,,,0,0,0,0,0,1,1,1,1,1,1,1,1,1,1,1,1,48.0,,1.0,285.7142857142857
4,1.100000023841858,3,0,373.0,280.0,93.0,,1.0,,,,,,7,71,71013,BOUDEPE,COMPARISON,4,1.0,,,,,0,5,97,,,,,1.0,,,,,1,,,,,97,,,,,0.0,,,,,0,1,0,1,0,0,0,0,1,0,1,0,1,0,0,1,0,71.0,3.0,1.0,339.0909017413117
15,1.0,6,97,350.0,280.0,70.0,280.0,1.0,,,,,1000.0,7,71,71008,Mafa-Mafou,RESTORE,4,1.0,,,,,1,5,97,,,,,10.0,,,,,1,,,,,,,,,,3.0,,,,,0,0,0,0,0,1,1,1,1,1,1,0,1,0,1,1,1,62.0,1.0,1.0,350.0
3,1.0,3,0,130.0,65.0,65.0,65.0,4.0,,,,,1000.0,6,61,61001,Abongoua,RESTORE,4,1.0,,,,,1,5,2,,,,,10.0,,,,,1,,,,,,,,,,1.0,,,,,0,0,0,1,0,0,0,1,1,0,0,0,1,0,1,1,0,67.0,,1.0,130.0
3,3.5,6,0,770.0,420.0,350.0,420.0,,,,,,800.0,7,71,71003,Anougbakro,RESTORE,0,2.0,,,,,0,2,5,5,,,,8.0,8.0,,,,1,1.0,,,,,11,,,,0.0,0.0,,,,0,0,1,1,0,1,0,0,1,1,1,1,0,0,1,1,1,60.0,1.0,1.0,220.0
7,6.25,5,0,1500.0,1200.0,300.0,,1.0,,,,,,7,72,72003,BOGUIé,COMPARISON,4,4.0,,,,,1,6,5,,,,,97.0,,,,,1,,,,,,,,,,0.0,,,,,0,0,0,0,0,0,0,1,1,1,1,0,1,0,1,1,1,50.0,,1.0,240.0
6,17.0,1,0,1200.0,800.0,400.0,,,,,,,,4,41,41037,IRATO,COMPARISON,2,3.0,,,,,0,4,5,,,,,1.0,1.0,1.0,1.0,,1,1.0,1.0,1.0,,,,,97,,0.0,0.0,0.0,3.0,,0,0,0,1,0,1,1,1,1,0,1,0,0,0,1,1,1,80.0,,1.0,70.58823529411765
6,0.0,2,0,400.0,300.0,100.0,,1.0,,,,,,4,41,41011,KLODIO,COMPARISON,4,1.0,,,,,0,5,5,,,,,1.0,1.0,1.0,,,1,1.0,1.0,,,,9,97,,,0.0,0.0,0.0,,,0,1,0,0,1,1,1,1,1,1,1,0,1,0,1,1,1,47.0,1.0,1.0,inf
5,1.0,2,0,960.0,560.0,400.0,560.0,,,,,,1000.0,4,41,41037,IRATO,COMPARISON,2,1.0,,,,,0,6,5,5,5,,,1.0,1.0,1.0,1.0,1.0,4,4.0,4.0,4.0,1.0,97,97,97,,,0.0,0.0,0.0,0.0,0.0,0,0,1,1,1,1,1,0,1,1,1,0,0,0,1,1,1,34.0,6.0,0.0,960.0
13,40.0,6,0,2000.0,1500.0,500.0,,1.0,,,,,,5,52,52001,Akakro,COMPARISON,1,2.0,,,,,0,5,5 97,,,,,10.0,,,,,4,,,,,,,,,,0.0,,,,,0,0,0,1,0,1,1,0,1,1,1,1,1,0,1,1,1,57.0,,0.0,50.0
6,4.0,3,0,2200.0,2000.0,200.0,,1.0,,,,,,5,51,51008,Adjoumani-Kouassikro,COMPARISON,4,1.0,,,,,0,5,4,5,,,,1.0,1.0,,,,1,1.0,1.0,,,,,,,,0.0,0.0,0.0,,,0,0,0,1,1,1,1,0,1,1,1,1,1,0,1,1,1,36.0,,1.0,550.0
6,12.0,6,13,700.0,500.0,200.0,,1.0,,,,,,7,74,74003,BOHOUIN,COMPARISON,4,1.0,,,,,0,5,5,5,,,,10.0,9.0,,,,1,1.0,,,,,,,,,2.0,0.0,,,,1,0,1,1,0,1,1,1,1,0,1,1,1,0,1,1,1,61.0,5.0,1.0,58.333333333333336
1,1.0,2,0,500.0,300.0,200.0,,,,,,,,7,71,71012,MAMINI,COMPARISON,4,1.0,,,,,0,4,5,5,,,,9.0,10.0,,,,1,1.0,,,,,11,,,,0.0,0.0,,,,0,0,0,1,0,1,0,1,1,1,0,0,0,0,1,1,1,45.0,1.0,0.0,500.0
4,2.0,6,6,161.0,115.0,46.0,,1.0,,,,,,7,74,74003,BOHOUIN,COMPARISON,4,1.0,,,,,0,1,5,,,,,10.0,,,,,1,,,,,,,,,,0.0,,,,,0,1,0,1,0,1,1,0,1,1,1,1,1,0,1,1,1,52.0,1.0,1.0,80.5
6,6.0,2,5,300.0,225.0,75.0,,1.0,,,,,,7,73,73005,Ahéoua,COMPARISON,4,1.0,,,,,0,5,5,,,,,6.0,6.0,6.0,,,1,1.0,1.0,,,,,97,,,0.0,0.0,0.0,,,1,1,0,1,1,1,1,0,1,1,1,1,1,1,1,1,1,52.0,5.0,0.0,50.0
8,10.0,6,6,980.0,770.0,210.0,770.0,97.0,,,,,1000.0,7,73,73005,Ahéoua,COMPARISON,4,1.0,,,,,0,5,5 97,5 97,,,,,,,,,1,1.0,,,,4,6,,,,2.0,2.0,,,,0,0,0,0,0,0,0,1,0,1,1,1,1,0,0,1,1,63.0,1.0,1.0,98.0
7,7.0,6,97,769.0,646.0,123.0,,1.0,,,,,,7,71,71010,Blékoum,COMPARISON,3,1.0,,,,,0,3,5 97,,,,,10.0,4.0,4.0,,,4,2.0,4.0,,,,,,,,0.0,0.0,0.0,,,1,0,1,1,1,0,1,1,1,0,1,0,1,0,1,1,1,44.0,1.0,1.0,109.85714285714286
8,0.0,6,7,700.0,560.0,140.0,560.0,1.0,,,,,1000.0,5,51,51046,Kabrankro,COMPARISON,97,2.0,,,,,0,1,5,4 5,,,,,,,,,4,4.0,,,,,,,,,2.0,0.0,,,,1,0,0,1,1,1,0,1,0,1,1,0,1,1,1,1,1,44.0,,1.0,inf
5,1.5,1,0,90.0,60.0,30.0,,1.0,,,,,,7,74,74003,BOHOUIN,COMPARISON,4,1.0,,,,,0,2,5,,,,,10.0,,,,,1,1.0,,,,,97,,,,3.0,0.0,,,,0,0,0,0,0,1,1,0,1,1,1,1,1,0,1,1,1,27.0,1.0,0.0,60.0
5,4.5,4,0,2000.0,1500.0,500.0,,,,,,,,7,74,74002,Montézo,COMPARISON,4,1.0,,,,,0,2,5 97,,,,,9.0,9.0,,,,1,1.0,,,,11,97,,,,0.0,0.0,,,,0,0,0,1,0,1,1,0,1,1,1,0,0,0,0,1,1,40.0,3.0,1.0,444.44444444444446
8,8.0,3,0,640.0,400.0,240.0,400.0,1.0,,,,,1000.0,5,51,51004,Dramanekro,COMPARISON,3,2.0,,,,,0,3,5,,,,,1.0,,,,,1,1.0,,,,,,,,,0.0,0.0,,,,0,0,0,0,0,1,0,1,1,1,1,1,1,0,1,1,1,43.0,1.0,1.0,80.0
4,8.0,6,13,800.0,500.0,300.0,,1.0,,,,,,7,71,71009,Yakassé-Mé,RESTORE,4,4.0,,,,,0,1,5,,,,,10.0,,,,,1,,,,,,,,,,2.0,,,,,0,0,0,1,0,0,1,0,1,1,1,0,1,0,1,1,1,51.0,1.0,1.0,100.0
4,4.0,2,0,600.0,480.0,120.0,480.0,1.0,,,,,1000.0,5,51,51054,Amian-Kouassikro,COMPARISON,0,2.0,,,,,0,2,5,5,,,,10.0,10.0,,,,1,1.0,,,,,,,,,0.0,0.0,,,,1,0,0,1,0,1,1,1,1,1,1,1,1,1,1,1,1,30.0,1.0,1.0,150.0
9,2.0,3,97,520.0,325.0,195.0,325.0,,,,,,1000.0,7,72,72003,BOGUIé,COMPARISON,4,1.0,,,,,0,1,5,,,,,1.0,,,,,1,,,,,1,,,,,0.0,,,,,0,0,0,0,0,1,0,0,1,1,1,1,0,0,0,1,1,60.0,3.0,1.0,260.0
2,2.0,1,0,250.0,190.0,60.0,,1.0,,,,,,4,41,41015,TAOULOKE,COMPARISON,0,1.0,,,,,0,3,5,5,,,,2.0,2.0,,,,4,4.0,,,,2,2,,,,2.0,2.0,,,,0,0,0,1,1,1,0,1,1,1,1,0,1,0,0,1,0,49.0,,0.0,125.0
3,3.0,4,0,560.0,480.0,80.0,480.0,1.0,,,,,1000.0,5,51,51008,Adjoumani-Kouassikro,COMPARISON,4,1.0,,,,,0,6,5,5,,,,1.0,1.0,,,,1,1.0,,,,,,,,,0.0,0.0,,,,0,0,0,0,0,1,0,0,1,1,0,1,1,0,1,1,1,65.0,4.0,1.0,186.66666666666666
6,4.5,3,0,3500.0,2000.0,1500.0,,1.0,,,,,,4,41,41013,NIRO,COMPARISON,0,2.0,,,,,0,5,5,5,,,,8.0,8.0,,,,4,4.0,,,,,97,,,,0.0,0.0,,,,1,0,1,1,1,1,0,1,1,1,1,0,1,1,1,1,1,41.0,,0.0,777.7777777777778
3,16.0,3,0,18000.0,13000.0,3000.0,,1.0,,,,,,7,73,73005,Ahéoua,COMPARISON,4,3.0,,,,,0,4,5,,,,,1.0,,,,,1,,,,,,,,,,0.0,,,,,1,1,0,1,0,1,1,0,1,0,0,1,1,0,1,1,1,45.0,1.0,0.0,1125.0
5,1.5,2,6,140.0,100.0,40.0,,1.0,,,,,,7,71,71008,Mafa-Mafou,RESTORE,4,4.0,,,,,0,1,5,,,,,10.0,,,,,1,,,,,,,,,,3.0,,,,,1,0,0,1,0,1,1,0,1,0,1,0,1,0,1,1,1,48.0,5.0,1.0,93.33333333333333
10,11.5,1,0,150.0,100.0,50.0,,,,,,,,4,41,41001,TEPOIBOKE,COMPARISON,2,1.0,,,,,0,1,5,,,,,4.0,1.0,1.0,,,1,1.0,1.0,,,2,2,,,,2.0,2.0,2.0,,,0,0,1,0,0,1,0,1,1,1,1,0,0,1,1,1,1,41.0,,0.0,13.043478260869565
5,4.5,3,97,2300.0,800.0,1500.0,800.0,1.0,,,,,1000.0,4,41,41010,IBO2,COMPARISON,3,4.0,,,,,0,3,5,,,,,8.0,,,,,1,,,,,1,,,,,3.0,,,,,1,0,0,0,0,1,0,0,1,1,1,0,1,1,0,1,1,47.0,1.0,0.0,511.1111111111111
1,4.0,5,0,400.0,320.0,80.0,320.0,1.0,,,,,1000.0,5,51,51003,Anuanua,COMPARISON,3,1.0,,,,,0,5,5,,,,,9.0,,,,,4,,,,,,,,,,0.0,,,,,0,0,0,1,0,1,1,1,1,1,1,1,1,0,1,1,1,48.0,,1.0,100.0
12,0.0,6,10 13,800.0,480.0,320.0,480.0,1.0,,,,,12.5,5,53,53001,Kokonou,COMPARISON,4,1.0,,,,,0,5,5,5,,,,1.0,1.0,,,,1,1.0,,,,1,1,,,,0.0,0.0,,,,0,0,1,1,1,1,1,0,1,1,1,1,1,0,0,1,1,52.0,1.0,0.0,inf
6,4.0,4,0,57800.0,43350.0,14450.0,43350.0,1.0,,,,,11.764705657958984,7,71,51028,Ananguié,RESTORE,0,2.0,,,,,0,5,5 97,,,,,,,,,,1,1.0,,,,,,,,,0.0,0.0,,,,0,0,0,0,0,1,1,1,0,1,1,0,1,0,1,1,1,47.0,,0.0,14450.0
2,2.5,6,0,700.0,600.0,100.0,600.0,,,,,,900.0,5,51,51004,Dramanekro,COMPARISON,1,2.0,,,,,0,2,4,,,,,10.0,,,,,1,4.0,,,,97,97,,,,3.0,0.0,,,,0,0,1,0,0,1,0,1,1,0,1,1,0,0,0,1,1,70.0,,1.0,280.0
5,3.75,2,6,210.0,180.0,30.0,,1.0,,,,,,5,51,51047,Bossematié,COMPARISON,4,1.0,,,,,0,5,3 4,,,,,2.0,,,,,2,4.0,4.0,,,,97,4,,,0.0,2.0,0.0,,,0,0,0,0,0,1,0,1,1,1,1,0,1,0,1,1,1,47.0,1.0,0.0,56.0
7,6.0,2,0,1600.0,960.0,640.0,960.0,3.0,,,,,11.25,5,51,51017,Appoisso,RESTORE,4,1.0,,,,,1,5,4,,,,,10.0,,,,,1,,,,,,,,,,0.0,,,,,1,1,0,1,0,0,0,1,1,0,0,0,1,0,1,1,1,43.0,,1.0,266.6666666666667
7,3.0,3,0,360.0,240.0,120.0,240.0,6.0,,,,,1000.0,5,51,51017,Appoisso,RESTORE,0,2.0,,,,,0,3,4,,,,,10.0,,,,,1,4.0,,,,,9,,,,2.0,3.0,,,,0,0,0,0,0,1,1,1,1,0,1,1,1,1,1,1,1,31.0,1.0,0.0,120.0
15,6.5,2,10,2200.0,1500.0,700.0,,6.0,,,,,,5,52,52001,Akakro,COMPARISON,1,2.0,,,,,0,6,97,,,,,8.0,,,,,1,,,,,,,,,,0.0,,,,,0,0,0,1,0,1,1,1,1,0,1,0,1,0,1,1,1,56.0,,1.0,338.46153846153845
8,3.0,2,0,1200.0,800.0,400.0,800.0,2.0,,,,,1000.0,4,41,41003,GBAROU,COMPARISON,2,1.0,,,,,0,4,5,,,,,1.0,1.0,,,,4,4.0,,,,,,,,,0.0,0.0,,,,0,0,1,1,0,1,1,0,1,0,1,0,1,0,1,1,1,30.0,3.0,1.0,400.0
6,15.0,5,97,1400.0,1050.0,350.0,1050.0,3.0,,,,,12.857142448425291,5,51,51001,Adahou,COMPARISON,4,1.0,,,,,0,5,4 5,4 5,4 5,,,10.0,10.0,10.0,,,1,1.0,1.0,,,,97,,,,0.0,3.0,0.0,,,0,0,0,0,0,1,0,1,1,1,1,1,1,0,1,1,1,58.0,5.0,1.0,93.33333333333333
4,3.0,3,13,500.0,350.0,150.0,,97.0,,,,,,6,64,64001,Alakro,COMPARISON,4,3.0,,,,,0,5,2,2,,,,1.0,,,,,1,1.0,,,,,,,,,3.0,0.0,,,,0,0,1,1,0,0,1,1,1,1,1,0,1,0,1,1,1,57.0,,1.0,166.66666666666666
5,5.0,4,10,1300.0,200.0,1100.0,,,,,,,,4,41,41009,DONIE,COMPARISON,0,2.0,,,,,0,4,5,,,,,2.0,,,,,2,,,,,,,,,,0.0,,,,,0,0,1,1,1,1,0,1,1,1,1,0,0,0,1,1,1,59.0,,0.0,260.0
4,5.0,3,0,3000.0,2000.0,1000.0,,2.0,,,,,,4,41,41013,NIRO,COMPARISON,0,1.0,,,,,0,10,5,,,,,8.0,,,,,4,,,,,,,,,,3.0,,,,,1,0,0,1,1,1,0,1,1,1,1,0,1,0,1,1,1,33.0,,0.0,600.0
6,0.0,3,0,70.0,50.0,20.0,,,,,,,,4,41,41016,TATE1,COMPARISON,4,1.0,,,,,0,1,5,5,,,,1.0,1.0,1.0,,,1,1.0,1.0,,,1,1,97,,,0.0,0.0,0.0,,,0,0,1,1,1,0,1,1,1,1,0,0,0,0,0,1,0,56.0,1.0,1.0,inf
15,7.0,6,11,1200.0,1000.0,200.0,,1.0,,,,,,5,51,51015,Bébou,COMPARISON,4,1.0,,,,,0,4,5,,,,,9.0,9.0,,,,1,1.0,,,,,97,,,,0.0,2.0,,,,0,0,1,0,0,0,0,0,1,1,1,0,1,1,1,1,1,52.0,3.0,0.0,171.42857142857142
5,1.75,1,97,25.0,25.0,0.0,25.0,,,,,,1000.0,7,73,73004,Agbaou,COMPARISON,4,3.0,,,,,0,2,3 97,,,,,9.0,,,,,1,,,,,97,,,,,2.0,,,,,0,1,1,0,0,1,1,1,1,1,1,1,0,0,0,1,1,51.0,3.0,0.0,14.285714285714286
15,10.0,6,0,630.0,450.0,180.0,450.0,2.0,5.0,7.0,5.0,4.0,1000.0,7,73,73005,Ahéoua,COMPARISON,4,3.0,5.0,7.0,5.0,4.0,0,5,3 97,,,,,,,,,,1,,,,,3 4,,,,,0.0,,,,,0,0,0,0,0,0,0,1,0,1,1,0,1,0,0,1,1,70.0,1.0,1.0,63.0
11,2.5,6,11,245.0,175.0,70.0,175.0,97.0,,,,,1000.0,5,51,51008,Adjoumani-Kouassikro,COMPARISON,4,1.0,,,,,0,4,5,2,,,,10.0,1.0,,,,1,1.0,,,,,,,,,1.0,1.0,,,,0,0,0,0,0,1,1,1,1,1,0,1,1,1,1,1,1,54.0,1.0,0.0,98.0
8,4.0,6,0,210.0,140.0,70.0,140.0,97.0,,,,,12.857142448425291,7,71,71009,Yakassé-Mé,RESTORE,4,4.0,,,,,0,5,5,,,,,1.0,,,,,1,,,,,9,,,,,2.0,,,,,0,0,0,1,0,0,1,0,1,0,1,0,1,0,0,1,1,55.0,1.0,1.0,52.5
10,10.5,4,0,3400.0,3000.0,480.0,3000.0,2.0,,,,,1000.0,4,41,41021,NIGRE,RESTORE,4,1.0,,,,,0,7,5,,,,,10.0,,,,,4,,,,,,,,,,3.0,,,,,1,0,1,1,1,1,1,1,1,1,1,1,1,1,1,1,1,50.0,,0.0,323.8095238095238
10,4.0,2,0,420.0,375.0,45.0,,1.0,,,,,,5,51,51047,Bossematié,COMPARISON,97,2.0,,,,,1,6,5,,,,,,,,,,2,,,,,,,,,,2.0,,,,,0,0,0,0,0,0,0,1,0,1,1,0,1,1,1,1,1,50.0,,0.0,105.0
4,5.0,6,13,1425.0,1125.0,300.0,1125.0,1.0,,,,,13.333333015441896,5,51,51008,Adjoumani-Kouassikro,COMPARISON,4,1.0,,,,,0,5,5 97,,,,,1.0,,,,,1,,,,,,,,,,0.0,,,,,0,1,0,1,0,1,1,1,1,1,1,1,1,0,1,1,1,51.0,,1.0,285.0
8,4.0,2,97,900.0,800.0,100.0,,1.0,,,,,,7,71,71010,Blékoum,COMPARISON,4,2.0,,,,,0,1,5,,,,,2.0,,,,,1,,,,,2,,,,,3.0,,,,,1,0,0,0,0,1,0,1,1,1,1,0,1,0,0,1,1,42.0,1.0,0.0,225.0
6,9.5,6,0,2800.0,2000.0,800.0,2000.0,2.0,,,,,1000.0,4,41,41024,POUTOU,RESTORE,3,2.0,,,,,0,3,5,,,,,10.0,10.0,10.0,,10.0,4,4.0,4.0,4.0,4.0,,97,97,97,97,0.0,0.0,0.0,0.0,0.0,1,0,1,1,1,1,1,1,1,1,1,0,1,1,1,1,1,25.0,,1.0,294.7368421052632
2,6.0,3,13,558.0,465.0,93.0,,97.0,,,,,,5,53,53004,N'Djorekro,COMPARISON,4,1.0,,,,,0,5,4 5,4,,,,1.0,1.0,,,,1,1.0,,,,,,,,,0.0,0.0,,,,0,0,1,0,0,1,1,1,1,1,1,0,1,0,1,1,1,51.0,3.0,0.0,93.0
11,12.0,6,0,1500.0,1000.0,500.0,,,,,,,,4,41,41039,HANNIE,COMPARISON,0,2.0,,,,,0,4,3 5,3 5,,,,4.0,4.0,,,,4,4.0,,,,11,11,,,,2.0,0.0,,,,1,0,1,1,0,1,0,1,1,0,1,0,0,1,0,1,1,47.0,,0.0,125.0
5,5.5,4,0,2000.0,1500.0,500.0,,1.0,,,,,,4,41,41002,DJEKA,COMPARISON,0,1.0,,,,,0,4,5,,,,,4.0,4.0,,,,4,4.0,4.0,,,,,11,,,0.0,0.0,3.0,,,0,1,1,1,0,1,1,1,1,0,1,1,1,1,1,1,1,38.0,,0.0,363.6363636363636
7,4.5,2,0,166.0,96.0,70.0,,1.0,,,,,,4,41,41006,TATE2,COMPARISON,2,3.0,,,,,0,4,5,,,,,10.0,10.0,10.0,10.0,,1,1.0,1.0,1.0,,,,,,,2.0,0.0,0.0,0.0,,0,0,1,1,1,1,1,1,1,0,1,0,1,0,1,1,1,31.0,,1.0,36.888888888888886
11,5.0,5,0,1755.0,1300.0,455.0,1300.0,2.0,,,,,1000.0,4,41,41028,GNATO,RESTORE,4,1.0,,,,,0,5,5,,,,,8.0,,,,,4,,,,,,,,,,0.0,,,,,0,0,0,1,1,1,0,0,1,1,1,0,1,1,1,1,1,46.0,,0.0,351.0
6,0.0,3,0,960.0,640.0,320.0,640.0,2.0,,,,,1000.0,6,64,64002,Kouadioukro,COMPARISON,4,1.0,,,,,1,7,2,,,,,10.0,1.0,1.0,,,1,1.0,1.0,,,,,,,,2.0,2.0,1.0,,,0,0,1,0,0,0,0,1,1,1,1,0,1,0,1,1,1,55.0,,1.0,inf
1,5.0,5,0,104.0,104.0,0.0,,97.0,,,,,,7,71,71006,Nyan,RESTORE,4,3.0,,,,,0,1,5,,,,,10.0,10.0,,,,1,1.0,,,,,97,,,,2.0,3.0,,,,1,0,0,1,0,1,1,0,1,1,1,1,1,0,1,1,1,43.0,1.0,1.0,20.8
4,2.0,4,0,86.0,86.0,0.0,,1.0,,,,,,7,71,71008,MAFA-MAFOU,RESTORE,4,1.0,,,,,1,5,5 97,,,,,1.0,,,,,1,1.0,,,,,97,,,,2.0,2.0,,,,1,0,0,0,0,1,1,0,1,1,1,0,1,1,1,1,1,56.0,2.0,1.0,43.0
2,0.0,3,0,1300.0,800.0,500.0,,,,,,,,4,41,41009,DONIE,COMPARISON,97,1.0,,,,,0,7,5,,,,,5.0,,,,,1,,,,,1 9,,,,,0.0,,,,,1,0,1,1,1,1,1,1,1,1,1,0,0,1,0,1,1,23.0,,0.0,inf
10,8.0,5,0,2500.0,1500.0,1000.0,,1.0,,,,,,5,53,53001,Kokonou,COMPARISON,0,2.0,,,,,0,4,5,,,,,1.0,,,,,4,,,,,,,,,,0.0,,,,,0,0,0,1,0,1,1,1,1,1,1,1,1,1,1,1,1,60.0,,0.0,312.5
5,6.0,2,0,600.0,400.0,200.0,,,,,,,,4,41,41011,KLODIO,COMPARISON,2,1.0,,,,,0,5,5,,,,,1.0,,,,,1,,,,,,,,,,0.0,,,,,0,0,1,1,1,1,0,1,1,1,1,0,0,0,1,1,1,29.0,1.0,1.0,100.0
11,22.5,6,0,3240.0,2400.0,840.0,2400.0,,,,,,1000.0,4,41,41003,GBAROU,COMPARISON,0,2.0,,,,,0,7,5,5,,,,8.0,8.0,8.0,8.0,8.0,4,4.0,4.0,4.0,4.0,,,,,,0.0,0.0,0.0,0.0,0.0,0,0,0,1,1,1,1,0,1,1,1,0,0,1,1,1,1,49.0,,0.0,144.0
10,10.0,2,97,1600.0,1200.0,400.0,1200.0,97.0,,,,,1000.0,7,75,75001,ASSE ORIé,COMPARISON,4,3.0,,,,,0,6,5,,,,,10.0,,,,,1,,,,,,,,,,0.0,,,,,0,0,0,0,0,0,0,1,1,1,1,0,1,0,1,1,1,53.0,2.0,1.0,160.0
2,5.0,5,5,1760.0,1440.0,320.0,1440.0,1.0,,,,,12.5,5,51,51009,Affalikro,COMPARISON,3,1.0,,,,,0,1,5,,,,,1.0,,,,,1,,,,,,,,,,0.0,,,,,0,0,0,1,1,1,0,0,1,1,1,0,1,1,1,1,1,59.0,3.0,1.0,352.0
5,3.0,3,0,720.0,480.0,240.0,480.0,2.0,,,,,850.0,4,41,41018,GBELETO,RESTORE,4,2.0,,,,,0,5,5,,,,,8.0,,,,,4,,,,,,,,,,0.0,,,,,1,0,1,1,1,1,1,0,1,1,1,0,1,1,1,1,1,46.0,3.0,0.0,240.0
6,4.0,3,0,487.5,325.0,162.5,325.0,1.0,,,,,15.384614944458008,5,51,51023,Elinso,RESTORE,4,1.0,,,,,0,1,5,,,,,10.0,9.0,,,,1,1.0,,,,,,,,,0.0,0.0,,,,0,0,0,1,0,0,1,0,1,1,1,0,1,0,1,1,1,43.0,1.0,1.0,121.875
6,13.949999809265137,3,97,1400.0,1200.0,200.0,,1.0,,,,,,5,51,51014,ABRONAMOUE,COMPARISON,4,3.0,,,,,0,5,5,5,5,5,,1.0,1.0,1.0,1.0,1.0,1,1.0,1.0,1.0,1.0,,,,3,97,0.0,0.0,0.0,0.0,0.0,1,1,1,1,1,1,1,1,1,1,1,1,1,0,1,1,1,43.0,5.0,1.0,100.35842431124375
2,8.0,6,0,640.0,400.0,240.0,400.0,2.0,,,,,12.5,4,41,41037,IRATO,COMPARISON,2,1.0,,,,,1,2,5,,,,,10.0,10.0,10.0,,,4,4.0,4.0,,,9,97,97,,,0.0,0.0,0.0,,,0,0,0,0,0,0,0,0,1,1,1,0,1,1,0,1,1,42.0,,0.0,80.0
12,10.0,1,7,350.0,250.0,100.0,,,,,,,,4,41,41009,DONIE,COMPARISON,2,3.0,,,,,0,4,5,,,,,1.0,,,,,1,,,,,,,,,,0.0,,,,,0,0,1,0,0,0,0,0,1,1,1,0,0,0,1,1,1,61.0,1.0,1.0,35.0
5,2.5,3,9,500.0,300.0,200.0,300.0,6.0,,,,,850.0,5,51,51031,Dallo,RESTORE,3,1.0,,,,,1,7,5,5,,,,8.0,6.0,,,,1,1.0,,,,11,10,,,,2.0,2.0,,,,0,1,0,0,0,1,0,1,1,1,1,0,1,1,0,1,1,39.0,,1.0,200.0
5,8.0,4,0,855.0,540.0,315.0,540.0,1.0,,,,,1000.0,5,51,51005,Takima,COMPARISON,0,2.0,,,,,0,5,5,,,,,10.0,,,,,1,,,,,,,,,,2.0,,,,,0,0,0,0,0,1,1,1,1,0,1,1,1,0,1,1,1,37.0,,1.0,106.875
5,3.0,3,0,1000.0,700.0,300.0,,2.0,,,,,,4,41,41032,OLODIO,RESTORE,0,2.0,,,,,0,3,5,,,,,2.0,3.0,,,,4,4.0,,,,2,2,,,,2.0,3.0,,,,0,0,0,1,0,1,0,1,1,1,1,1,1,0,0,1,1,41.0,1.0,0.0,333.3333333333333
10,3.0,5,1,840.0,560.0,280.0,560.0,6.0,,,,,1000.0,5,51,51036,Ahuasso,RESTORE,4,1.0,,,,,1,5,4,,,,,10.0,,,,,1,,,,,,,,,,2.0,,,,,1,0,1,1,0,0,0,1,1,1,1,0,1,0,1,1,1,41.0,,0.0,280.0
7,2.0,1,97,150.0,112.5,37.5,112.5,1.0,,,,,1000.0,5,51,51003,Anuanua,COMPARISON,4,1.0,,,,,0,5,5,5,,,,1.0,9.0,,,,1,1.0,,,,11,,,,,0.0,0.0,,,,0,1,1,1,1,1,1,1,1,0,0,0,1,0,1,1,1,35.0,5.0,1.0,75.0
4,6.0,6,0,1600.0,1040.0,560.0,1040.0,1.0,,,,,1000.0,5,51,51011,N'Gouanda,COMPARISON,4,1.0,,,,,0,3,5,,,,,,,,,,1,,,,,,,,,,2.0,,,,,0,0,0,1,1,1,0,0,0,1,1,1,1,0,1,1,1,65.0,,1.0,266.6666666666667
8,5.5,4,0,2300.0,2000.0,300.0,,2.0,,,,,,4,41,41017,BEOUE,RESTORE,2,1.0,,,,,0,6,5,5,,,,1.0,1.0,1.0,1.0,,4,4.0,1.0,1.0,,,,,,,0.0,0.0,0.0,0.0,,1,0,1,1,0,1,1,1,1,0,1,1,1,1,1,1,1,49.0,1.0,1.0,418.1818181818182
8,1.5,6,1,165.0,105.0,60.0,,6.0,,,,,,5,51,51027,Ahininkro,RESTORE,4,1.0,,,,,1,5,4,,,,,10.0,,,,,1,,,,,,,,,,2.0,,,,,0,0,0,1,0,0,0,1,1,1,1,1,1,0,1,1,1,54.0,,1.0,110.0
4,5.0,2,0,650.0,400.0,250.0,,1.0,,,,,,6,64,64001,Alakro,COMPARISON,4,1.0,,,,,0,2,5,,,,,1.0,,,,,4,,,,,,,,,,0.0,,,,,1,0,0,0,0,1,1,1,1,1,1,1,1,0,1,1,1,48.0,1.0,0.0,130.0
12,9.0,5,0,900.0,600.0,300.0,,4.0,,,,,,5,53,53001,Kokonou,COMPARISON,1,2.0,,,,,0,5,5,,,,,1.0,,,,,4,,,,,,,,,,0.0,,,,,1,0,1,1,0,1,1,1,1,1,1,0,1,0,1,1,1,55.0,,1.0,100.0
6,7.0,3,12,720.0,560.0,160.0,560.0,3.0,,,,,1000.0,5,51,51005,Takima,COMPARISON,0,2.0,,,,,0,3,5,,,,,10.0,,,,,1,,,,,,,,,,3.0,,,,,1,0,0,1,0,1,0,1,1,0,0,0,1,1,1,1,1,59.0,,0.0,102.85714285714286
4,9.0,6,11,960.0,760.0,360.0,760.0,97.0,,,,,1000.0,5,51,51014,ABRONAMOUE,COMPARISON,4,1.0,,,,,1,5,2 5,,,,,1.0,,,,,1,,,,,,,,,,0.0,,,,,0,1,1,1,1,1,0,1,1,1,1,1,1,0,1,1,1,52.0,7.0,0.0,106.66666666666667
5,12.0,6,0,390.0,390.0,0.0,240.0,1.0,,,,,15.0,7,71,71001,Annépé,COMPARISON,4,4.0,,,,,0,5,5,5,,,,10.0,9.0,,,,1,1.0,,,,9,9,,,,0.0,0.0,,,,0,0,0,1,0,1,1,0,1,1,1,1,1,0,0,1,1,53.0,3.0,1.0,32.5
9,6.0,6,0,735.0,490.0,245.0,490.0,97.0,,,,,1000.0,7,71,71001,Annépé,COMPARISON,4,1.0,,,,,0,5,97,,,,,10.0,10.0,,,,1,1.0,,,,97,,,,,0.0,3.0,,,,1,0,1,1,1,0,1,0,1,1,1,0,1,1,1,1,1,67.0,1.0,1.0,122.5
15,11.0,3,10 97,2300.0,1800.0,500.0,,1.0,,,,,,7,75,75001,ASSE ORIé,COMPARISON,4,1.0,,,,,0,5,5,,,,,10.0,8.0,8.0,,,1,1.0,1.0,,,,,97,,,0.0,0.0,0.0,,,1,0,0,0,1,0,0,0,1,1,0,1,1,1,1,1,1,39.0,7.0,1.0,209.0909090909091
5,0.0,4,5,375.0,262.5,112.5,262.5,4.0,,,,,13.333333015441896,7,73,73002,Adiaoukoi,COMPARISON,4,1.0,,,,,0,7,3 5,,,,,,,,,,1,,,,,,,,,,0.0,,,,,1,1,0,1,1,1,0,1,0,1,1,1,1,0,1,1,1,80.0,5.0,0.0,inf
9,8.0,4,13,2000.0,1500.0,500.0,,1.0,,,,,,5,51,51003,Anuanua,COMPARISON,4,2.0,,,,,0,7,4,,,,,1.0,,,,,1,,,,,,,,,,3.0,,,,,1,1,1,1,0,1,1,1,1,1,1,1,1,0,1,1,1,64.0,,1.0,250.0
15,17.0,6,12,252.0,252.0,0.0,252.0,1.0,6.0,5.0,5.0,6.0,800.0,7,71,54002,Bécédi-Brignan,RESTORE,4,1.0,6.0,5.0,5.0,6.0,0,6,5,,,,,10.0,10.0,9.0,,,1,1.0,1.0,,,3,97,97,,,2.0,2.0,0.0,,,1,0,0,0,0,1,1,1,1,1,1,0,1,0,0,1,1,64.0,1.0,1.0,14.823529411764707
8,12.0,6,7,1440.0,960.0,480.0,960.0,6.0,,,,,1000.0,5,51,51025,Kouadiokro,RESTORE,0,2.0,,,,,0,6,4,,,,,6.0,,,,,1,1.0,,,,,,,,,2.0,0.0,,,,0,0,1,1,0,1,1,1,1,1,1,0,1,1,1,1,1,66.0,1.0,0.0,120.0
5,13.5,5,0,9064.0,6416.0,800.0,,97.0,,,,,,4,41,41006,TATE2,COMPARISON,0,1.0,,,,,0,6,5,5,5,5,,2.0,2.0,,10.0,8.0,4,4.0,2.0,4.0,4.0,,97,,,9,0.0,0.0,0.0,3.0,2.0,1,0,1,1,1,1,1,1,1,1,1,1,1,1,1,1,1,26.0,1.0,0.0,671.4074074074074
5,3.0,3,0,2000.0,1500.0,500.0,,1.0,,,,,,4,41,41001,TEPOIBOKE,COMPARISON,0,1.0,,,,,0,8,5,5,,,,2.0,2.0,,,,2,2.0,,,,,,,,,0.0,0.0,,,,1,0,1,1,1,1,0,0,1,0,1,0,1,0,1,1,1,36.0,,0.0,666.6666666666666
12,7.0,6,10,36.0,36.0,0.0,,97.0,,,,,,7,71,71001,Annépé,COMPARISON,4,4.0,,,,,0,1,5 97,,,,,,,,,,1,1.0,,,,1,9,,,,3.0,3.0,,,,0,0,0,0,0,1,0,0,0,1,1,0,1,1,0,1,1,69.0,1.0,1.0,5.142857142857143
4,1.5,3,0,640.0,560.0,80.0,560.0,1.0,,,,,1000.0,5,51,51038,Manfia,RESTORE,4,1.0,,,,,1,3,5,,,,,,,,,,1,,,,,,,,,,2.0,,,,,1,0,0,0,0,1,0,1,0,0,0,0,1,0,1,1,1,66.0,1.0,0.0,426.6666666666667
10,12.0,4,7,980.0,700.0,280.0,700.0,,,,,,11.428571701049805,5,52,52001,Akakro,COMPARISON,3,2.0,,,,,0,5,3 4,,,,,10.0,10.0,,,,1,1.0,,,,,97,,,,0.0,0.0,,,,1,0,1,1,1,1,0,1,1,1,1,1,0,0,1,1,1,67.0,,0.0,81.66666666666667
11,14.0,6,0,1360.0,1200.0,160.0,1200.0,1.0,,,,,900.0,5,51,51036,Ahuasso,RESTORE,0,2.0,,,,,0,5,5,,,,,,,,,,4,4.0,4.0,,,,,,,,0.0,2.0,2.0,,,0,0,0,1,0,1,0,1,0,0,1,0,1,0,1,1,1,52.0,,0.0,97.14285714285714
15,5.0,6,0,1500.0,1000.0,500.0,,1.0,8.0,3.0,4.0,2.0,,5,52,52001,Akakro,COMPARISON,1,2.0,8.0,3.0,4.0,2.0,0,2,5,,,,,10.0,,,,,4,,,,,,,,,,0.0,,,,,0,0,0,1,0,1,1,0,1,0,1,1,1,0,1,1,1,58.0,,1.0,300.0
3,2.0,6,0,1600.0,1300.0,300.0,,2.0,,,,,,7,71,71010,Blékoum,COMPARISON,4,3.0,,,,,0,5,5,,,,,1.0,,,,,1,,,,,,,,,,0.0,,,,,1,0,0,1,1,1,0,1,1,1,1,0,1,0,1,1,1,51.0,1.0,1.0,800.0
4,0.0,1,0,420.0,280.0,140.0,,,,,,,,4,41,41001,TEPOIBOKE,COMPARISON,1,1.0,,,,,0,6,5,,,,,8.0,8.0,8.0,,,1,1.0,1.0,,,11,97,97,,,0.0,0.0,0.0,,,0,0,1,1,0,0,0,0,1,1,1,1,0,1,0,1,1,65.0,6.0,0.0,inf
5,4.0,2,0,1900.0,1500.0,400.0,,1.0,,,,,,4,41,41009,DONIE,COMPARISON,0,4.0,,,,,0,1,5,,,,,3.0,,,,,1,,,,,2,,,,,0.0,,,,,1,0,0,1,0,1,0,1,1,1,1,0,1,1,0,1,1,27.0,3.0,0.0,475.0
6,6.5,2,10 13,808.5,577.5,231.0,577.5,2.0,,,,,1000.0,7,75,75001,ASSE ORIé,COMPARISON,4,1.0,,,,,0,7,5,,,,,,,,,,1,,,,,3,,,,,2.0,,,,,0,0,1,1,0,0,0,0,0,1,1,0,1,0,0,1,1,41.0,3.0,0.0,124.38461538461539
4,4.5,3,0,1280.0,800.0,480.0,800.0,2.0,,,,,1000.0,4,41,41039,HANNIE,COMPARISON,0,1.0,,,,,0,3,5,,,,,6.0,97.0,,,,4,4.0,4.0,,,,97,97,,,0.0,0.0,0.0,,,1,0,1,1,1,1,1,0,1,1,1,0,1,1,1,1,1,42.0,5.0,0.0,284.44444444444446
4,3.5,4,10,990.0,790.0,200.0,,2.0,,,,,,5,51,51046,Kabrankro,COMPARISON,4,1.0,,,,,0,7,4,4,,,,5.0,5.0,5.0,,,1,1.0,1.0,,,,,,,,0.0,2.0,0.0,,,1,0,0,1,0,0,0,1,1,0,0,0,1,1,1,1,1,60.0,7.0,0.0,282.85714285714283
9,4.0,4,0,480.0,80.0,400.0,80.0,2.0,,,,,1000.0,6,62,62001,Tioumoukro,COMPARISON,4,1.0,,,,,0,1,2 5,,,,,10.0,,,,,1,,,,,,,,,,0.0,,,,,1,0,1,0,0,1,0,1,1,1,0,0,1,0,1,1,1,49.0,,1.0,120.0
4,4.5,3,0,1400.0,1000.0,400.0,1000.0,,,,,,1000.0,4,41,41010,IBO2,COMPARISON,0,1.0,,,,,0,5,5,5,,,,8.0,5.0,,,,4,4.0,,,,1,4,,,,3.0,3.0,,,,1,0,0,0,0,1,0,0,1,1,1,0,0,1,0,1,1,24.0,,0.0,311.1111111111111
3,3.0,2,0,570.0,500.0,70.0,,97.0,,,,,,7,71,71009,Yakassé-Mé,RESTORE,4,1.0,,,,,1,1,97,,,,,11.0,,,,,1,,,,,97,,,,,0.0,,,,,1,0,0,1,1,0,0,0,1,0,1,0,1,0,0,1,1,46.0,1.0,1.0,190.0
3,2.5,3,0,585.0,585.0,0.0,585.0,2.0,,,,,1000.0,7,72,72003,BOGUIé,COMPARISON,4,4.0,,,,,0,3,5,5,,,,1.0,4.0,,,,1,1.0,,,,4,3 4,,,,0.0,0.0,,,,0,0,0,0,0,1,0,1,1,1,1,0,1,0,0,1,1,44.0,1.0,0.0,234.0
6,3.0,6,0,500.0,300.0,200.0,,1.0,,,,,,7,73,73003,Affery,COMPARISON,4,1.0,,,,,0,5,97,,,,,1.0,,,,,1,,,,,,,,,,0.0,,,,,1,1,0,1,0,0,1,0,1,1,1,0,1,0,1,1,1,56.0,1.0,1.0,166.66666666666666
15,9.0,5,0,500.0,500.0,0.0,,2.0,4.0,6.0,5.0,4.0,,7,71,54002,Bécédi-Brignan,RESTORE,4,1.0,4.0,6.0,5.0,4.0,0,6,97,97,,,,10.0,10.0,10.0,10.0,,1,1.0,1.0,1.0,,,,97,,,0.0,2.0,0.0,0.0,,0,0,1,0,0,1,1,1,1,1,1,1,1,0,1,1,1,57.0,5.0,1.0,55.55555555555556
6,3.0,2,0,101.0,60.0,41.0,,1.0,,,,,,6,62,62001,Tioumoukro,COMPARISON,4,2.0,,,,,0,4,2,,,,,1.0,,,,,1,,,,,,,,,,3.0,,,,,0,0,1,0,0,1,1,0,1,0,1,1,1,0,1,1,1,45.0,,1.0,33.666666666666664
6,10.0,6,0,2150.0,2000.0,150.0,,1.0,,,,,,7,71,71007,Bassadzin,RESTORE,4,1.0,,,,,0,5,4 5,5,97,,,1.0,1.0,1.0,,,1,1.0,1.0,,,97,97,,,,0.0,0.0,0.0,,,0,0,1,0,0,1,1,0,1,1,1,1,1,0,1,1,1,62.0,2.0,1.0,215.0
4,7.5,6,0,216.0,144.0,72.0,144.0,97.0,,,,,13.88888931274414,7,71,54002,Bécédi-Brignan,RESTORE,4,3.0,,,,,0,3,5,,,,,10.0,10.0,10.0,,,1,1.0,1.0,,,9,97,97,,,3.0,0.0,0.0,,,0,0,1,1,1,1,1,0,1,1,1,1,1,0,0,1,1,41.0,5.0,1.0,28.8
2,2.0,2,5,800.0,500.0,300.0,,,,,,,,7,72,72005,MOBIOKOUA,COMPARISON,4,1.0,,,,,1,4,5,,,,,10.0,,,,,1,,,,,10,,,,,0.0,,,,,0,0,0,0,0,1,0,0,1,1,1,0,0,0,0,1,1,42.0,1.0,1.0,400.0
14,6.0,5,10,4500.0,3000.0,1500.0,,1.0,,,,,,4,41,41002,DJEKA,COMPARISON,3,3.0,,,,,0,7,5,5,,,,5.0,4.0,,,,4,4.0,,,,,97,,,,0.0,2.0,,,,1,0,1,1,0,1,1,1,1,0,1,1,1,1,1,1,1,33.0,,1.0,750.0
4,6.5,2,0,1000.0,700.0,300.0,,1.0,,,,,,4,41,41020,MAHINO2,RESTORE,3,2.0,,,,,0,5,3 4 5,,,,,1.0,1.0,1.0,,,4,4.0,4.0,,,,9,97,,,0.0,2.0,2.0,,,1,0,1,1,1,1,1,1,1,1,1,0,1,0,1,1,1,27.0,,1.0,153.84615384615384
8,4.5,3,0,400.0,320.0,80.0,320.0,97.0,,,,,1000.0,7,73,73003,Affery,COMPARISON,4,1.0,,,,,1,2,3 97,,,,,10.0,10.0,,,,1,1.0,,,,,97,,,,3.0,0.0,,,,0,0,0,1,0,0,0,1,1,1,1,0,1,0,1,1,1,65.0,1.0,0.0,88.88888888888889
3,9.0,6,13,260.0,130.0,130.0,130.0,2.0,,,,,11.15384578704834,7,74,74002,Montézo,COMPARISON,4,1.0,,,,,0,5,97,97,,,,9.0,,,,,2,1.0,,,,11,,,,,3.0,0.0,,,,0,1,0,1,1,0,0,1,1,0,1,0,1,0,1,1,1,60.0,1.0,1.0,28.88888888888889
5,9.0,5,9 10,20.25,15.75,4.5,15.75,,,,,,12000.0,7,71,71006,Nyan,RESTORE,4,4.0,,,,,0,8,97,97,,,,,10.0,10.0,,,1,2.0,1.0,,,4,3,3,,,0.0,0.0,0.0,,,1,0,1,1,0,0,0,1,1,1,1,1,0,0,0,1,1,55.0,3.0,1.0,2.25
3,5.0,3,0,90.0,60.0,30.0,,97.0,,,,,,7,74,74006,Monin,COMPARISON,4,1.0,,,,,0,5,97,,,,,10.0,10.0,10.0,,,1,1.0,1.0,,,,,,,,3.0,0.0,0.0,,,0,0,1,1,0,0,0,0,1,1,1,0,1,0,1,1,1,57.0,1.0,0.0,18.0
8,6.0,5,10,240.0,180.0,60.0,180.0,3.0,,,,,15.0,5,51,51001,Adahou,COMPARISON,4,1.0,,,,,0,8,4,4,,,,10.0,10.0,,,,1,1.0,,,,,,,,,0.0,0.0,,,,1,1,1,0,1,1,0,1,1,0,0,0,1,0,1,1,1,62.0,2.0,1.0,40.0
9,6.0,4,0,2425.0,1625.0,800.0,,,,,,,,7,71,71010,Blékoum,COMPARISON,4,1.0,,,,,1,4,5,,,,,1.0,,,,,1,,,,,3,,,,,0.0,,,,,0,0,0,0,0,0,0,1,1,0,1,0,0,0,0,1,1,56.0,,0.0,404.1666666666667
10,9.0,1,0,500.0,400.0,100.0,,1.0,,,,,,4,41,41032,OLODIO,RESTORE,2,1.0,,,,,0,5,5,,,,,10.0,10.0,10.0,,,1,1.0,1.0,,,,,,,,0.0,0.0,0.0,,,0,0,1,0,0,0,1,1,1,1,1,1,1,0,1,1,1,37.0,1.0,1.0,55.55555555555556
6,15.0,5,1,700.0,400.0,300.0,,1.0,,,,,,7,71,71009,Yakassé-Mé,RESTORE,4,4.0,,,,,0,2,5,,,,,10.0,10.0,,,,1,1.0,,,,,97,,,,0.0,0.0,,,,1,0,0,1,0,0,0,0,1,1,1,1,1,0,1,1,1,55.0,1.0,1.0,46.666666666666664
3,5.0,6,0,480.0,400.0,80.0,400.0,1.0,,,,,1000.0,5,51,51012,Zaranou,COMPARISON,4,1.0,,,,,0,4,4 5,,,,,10.0,10.0,,,,1,1.0,,,,,97,,,,0.0,0.0,,,,0,1,0,1,1,0,0,0,1,1,1,0,1,0,1,1,1,59.0,3.0,0.0,96.0
12,22.0,1,0,13.0,10.0,3.0,,1.0,,,,,,4,41,41010,IBO2,COMPARISON,2,1.0,,,,,0,5,5,5,,,,10.0,10.0,10.0,10.0,10.0,1,1.0,1.0,1.0,1.0,,,97,,97,2.0,2.0,2.0,2.0,0.0,1,1,1,1,1,1,1,1,1,1,1,0,1,0,1,1,1,47.0,5.0,1.0,0.5909090909090909
6,4.0,2,0,1840.0,1440.0,400.0,1440.0,2.0,,,,,1000.0,4,41,41021,NIGRE,RESTORE,0,2.0,,,,,0,6,5,,,,,10.0,,,,,4,,,,,,,,,,3.0,,,,,1,0,1,1,0,1,1,1,1,1,1,1,1,0,1,1,1,38.0,3.0,0.0,460.0
4,2.0,6,0,49.0,49.0,0.0,,1.0,,,,,,7,71,71006,Nyan,RESTORE,4,1.0,,,,,0,5,97,,,,,,1.0,,,,1,1.0,,,,1,97,,,,2.0,0.0,,,,1,0,0,0,0,0,1,0,1,0,1,0,1,0,0,1,1,60.0,3.0,0.0,24.5
7,10.0,3,6,1920.0,1360.0,560.0,1360.0,1.0,,,,,1000.0,5,51,51017,Appoisso,RESTORE,0,2.0,,,,,0,5,5,5,5,,,10.0,,,,,1,2.0,2.0,,,,,,,,2.0,2.0,0.0,,,0,0,0,1,0,1,1,1,1,0,0,0,1,0,1,1,1,49.0,,0.0,192.0
6,2.25,2,0,320.0,230.0,90.0,,1.0,,,,,,7,71,71009,Yakassé-Mé,RESTORE,4,3.0,,,,,0,5,97,,,,,1.0,1.0,,,,1,1.0,,,,,97,,,,0.0,0.0,,,,1,0,1,0,1,1,1,0,1,1,1,0,1,0,1,1,1,37.0,3.0,1.0,142.22222222222223
3,4.0,2,0,765.0,510.0,255.0,510.0,3.0,,,,,11.764705657958984,5,51,51003,Anuanua,COMPARISON,4,4.0,,,,,0,6,4,,,,,10.0,,,,,1,,,,,,,,,,0.0,,,,,0,0,0,1,0,0,0,1,1,1,1,1,1,1,1,1,1,48.0,1.0,0.0,191.25
6,4.0,6,0,640.0,480.0,160.0,480.0,6.0,,,,,1000.0,5,51,51017,Appoisso,RESTORE,0,2.0,,,,,0,3,4,4,,,,11.0,11.0,,,,1,1.0,,,,,,,,,0.0,0.0,,,,0,0,0,0,0,1,1,1,1,0,1,1,1,1,1,1,1,64.0,,1.0,160.0
4,2.0,3,0,420.0,280.0,140.0,280.0,3.0,,,,,14.285714149475098,5,51,51003,Anuanua,COMPARISON,3,1.0,,,,,0,4,4 5,,,,,11.0,,,,,1,,,,,,,,,,0.0,,,,,0,0,0,0,0,1,1,1,1,1,1,1,1,0,1,1,1,67.0,1.0,0.0,210.0
10,1.5,3,0,160.0,120.0,40.0,120.0,1.0,,,,,1000.0,5,53,53001,Kokonou,COMPARISON,4,1.0,,,,,1,7,5,,,,,10.0,,,,,1,,,,,,,,,,0.0,,,,,0,0,1,0,0,0,0,1,1,1,0,0,1,1,1,1,1,59.0,,0.0,106.66666666666667
9,19.0,6,97,2160.0,2000.0,160.0,,2.0,,,,,,7,71,71010,Blékoum,COMPARISON,1,2.0,,,,,0,3,5,5,,,,1.0,1.0,10.0,2.0,,1,1.0,1.0,1.0,,2,2,2,2,,3.0,0.0,0.0,0.0,,0,1,0,0,0,1,0,0,1,1,1,0,1,0,0,1,1,53.0,1.0,0.0,113.6842105263158
7,5.5,3,1,700.0,560.0,140.0,560.0,6.0,,,,,14.285714149475098,5,51,51046,Kabrankro,COMPARISON,4,1.0,,,,,1,5,5,,,,,97.0,97.0,,,,1,1.0,,,,,9,,,,2.0,2.0,,,,1,1,0,0,0,1,1,1,1,1,1,1,1,0,1,1,1,61.0,,0.0,127.27272727272727
15,10.5,6,0,3600.0,2400.0,1200.0,2400.0,2.0,,,,,1000.0,4,41,41022,PARA,RESTORE,0,2.0,,,,,0,4,5,,,,,10.0,10.0,,,,4,4.0,,,,,,,,,3.0,3.0,,,,0,0,1,1,0,1,1,1,1,0,1,0,1,1,1,1,1,56.0,2.0,0.0,342.85714285714283
7,10.0,5,0,425.0,250.0,175.0,250.0,2.0,,,,,1000.0,4,41,41024,POUTOU,RESTORE,0,2.0,,,,,0,7,5,5,,,,8.0,8.0,8.0,,,4,4.0,4.0,,,,,,,,0.0,0.0,3.0,,,0,0,0,1,0,1,1,1,1,1,1,0,1,1,1,1,1,62.0,,0.0,42.5
5,4.0,2,0,300.0,150.0,150.0,,1.0,,,,,,7,73,73002,Adiaoukoi,COMPARISON,4,1.0,,,,,0,5,5,,,,,,,,,,1,,,,,,,,,,0.0,,,,,0,0,1,1,0,1,1,1,0,0,1,1,1,0,1,1,1,33.0,4.0,0.0,75.0
4,4.0,4,13,700.0,500.0,200.0,,,,,,,,7,72,72005,MOBIOKOUA,COMPARISON,4,3.0,,,,,0,5,5,,,,,10.0,,,,,1,,,,,,,,,,2.0,,,,,0,0,0,0,0,1,0,0,1,1,1,0,0,0,1,1,1,41.0,1.0,1.0,175.0
6,7.0,6,6,2200.0,1300.0,900.0,,1.0,,,,,,4,41,41014,SEH,COMPARISON,2,1.0,,,,,0,7,5,,5,,,11.0,5.0,10.0,10.0,,1,1.0,1.0,1.0,,,8,,,,0.0,0.0,0.0,0.0,,1,0,1,1,0,0,0,1,1,1,1,1,1,0,1,1,1,41.0,1.0,1.0,314.2857142857143
7,8.0,5,0,1610.0,980.0,630.0,980.0,2.0,,,,,825.0,5,51,51001,Adahou,COMPARISON,4,1.0,,,,,0,2,4 5,,,,,10.0,,,,,1,,,,,,,,,,3.0,,,,,0,0,0,1,0,0,0,1,1,1,1,1,1,0,1,1,1,58.0,1.0,1.0,201.25
7,10.0,5,0,1165.0,1000.0,165.0,,,,,,,,4,41,41008,DAHIOKE,COMPARISON,2,1.0,,,,,0,4,5,,,,,1.0,97.0,,,,1,1.0,,,,,,,,,0.0,0.0,,,,1,0,1,1,1,1,0,1,1,1,1,0,0,0,1,1,1,45.0,,1.0,116.5
4,2.0,2,0,382.5,255.0,127.5,255.0,97.0,,,,,900.0,7,71,51028,Ananguié,RESTORE,0,2.0,,,,,0,2,5,,,,,10.0,,,,,4,,,,,3,,,,,3.0,,,,,1,0,0,1,0,1,1,0,1,0,1,0,1,0,0,1,1,30.0,1.0,1.0,191.25
5,1.5,4,97,90.0,90.0,0.0,,,,,,,,7,71,71006,Nyan,RESTORE,4,1.0,,,,,1,1,97,5,,,,9.0,9.0,,,,1,1.0,,,,,97,,,,0.0,0.0,,,,1,0,0,1,0,1,1,1,1,0,1,1,0,0,1,1,1,60.0,3.0,1.0,60.0
8,16.5,4,0,1158.0,700.0,458.0,,,,,,,,7,71,71007,Bassadzin,RESTORE,4,4.0,,,,,0,1,5,,,,,11.0,9.0,,,,1,1.0,,,,1 2,97,,,,0.0,2.0,,,,1,0,1,1,0,1,1,1,1,1,1,1,0,0,0,1,1,51.0,3.0,1.0,70.18181818181819
3,3.0,6,10,1181.0,751.0,430.0,,1.0,,,,,,7,75,75001,ASSE ORIé,COMPARISON,4,1.0,,,,,0,5,5,,,,,,,,,,1,,,,,,,,,,0.0,,,,,0,1,1,1,0,0,0,1,0,1,1,0,1,0,1,1,1,66.0,1.0,1.0,393.6666666666667
5,9.5,6,0,1360.0,850.0,510.0,850.0,2.0,,,,,1000.0,4,41,41026,DEBLABLAI,RESTORE,0,1.0,,,,,0,4,5,,,,,6.0,6.0,6.0,,6.0,4,4.0,4.0,4.0,4.0,,97,97,97,97,0.0,0.0,0.0,3.0,0.0,1,0,1,1,1,1,1,0,1,1,1,1,1,1,1,1,1,53.0,,0.0,143.1578947368421
5,9.0,6,0,1700.0,1000.0,700.0,1000.0,1.0,,,,,850.0,4,41,41020,MAHINO2,RESTORE,0,1.0,,,,,0,3,5,,,,,8.0,8.0,8.0,,,4,4.0,4.0,,,3,97,97,,,0.0,2.0,0.0,,,0,0,1,1,0,1,1,1,1,0,1,0,1,1,0,1,1,62.0,1.0,0.0,188.88888888888889
6,4.0,3,97,700.0,560.0,140.0,560.0,1.0,,,,,1000.0,5,51,51027,Ahininkro,RESTORE,4,3.0,,,,,0,4,5,,,,,,,,,,1,,,,,,,,,,0.0,,,,,0,0,0,1,0,0,0,0,0,1,0,0,1,1,1,1,1,48.0,3.0,1.0,175.0
3,10.0,2,0,5400.0,3000.0,2400.0,3000.0,2.0,,,,,900.0,5,51,51001,Adahou,COMPARISON,2,1.0,,,,,0,6,97,,,,,10.0,10.0,,,,1,1.0,,,,,,,,,2.0,0.0,,,,1,0,1,0,1,0,1,1,1,1,0,1,1,1,1,1,1,35.0,1.0,0.0,540.0
7,4.0,3,0,1000.0,600.0,400.0,,1.0,,,,,,4,41,41039,HANNIE,COMPARISON,0,2.0,,,,,0,3,5,5,,,,4.0,4.0,,,,4,4.0,,,,,97,,,,3.0,3.0,,,,1,0,1,1,1,1,1,1,1,1,1,1,1,1,1,1,1,30.0,,0.0,250.0
4,8.0,4,0,490.0,350.0,140.0,350.0,3.0,,,,,1000.0,5,51,51025,Kouadiokro,RESTORE,0,2.0,,,,,0,5,4 5,5,,,,8.0,10.0,10.0,,,1,1.0,1.0,,,,,,,,2.0,2.0,2.0,,,0,0,1,1,1,0,0,1,1,1,1,1,1,1,1,1,1,30.0,1.0,1.0,61.25
8,7.0,4,0,1290.0,900.0,390.0,900.0,1.0,,,,,15.0,7,71,51028,Ananguié,RESTORE,97,2.0,,,,,0,5,97,,,,,8.0,8.0,,,,1,1.0,,,,,97,,,,0.0,0.0,,,,1,1,1,1,0,1,1,1,1,1,1,1,1,0,1,1,1,43.0,,0.0,184.28571428571428
9,19.0,6,0,700.0,500.0,200.0,,1.0,,,,,,5,52,52001,Akakro,COMPARISON,1,2.0,,,,,0,5,5,,,,,10.0,,,,,4,,,,,,,,,,0.0,,,,,0,0,1,1,1,1,0,0,1,0,1,0,1,0,1,1,1,58.0,,1.0,36.8421052631579
3,7.0,4,10,3150.0,2100.0,1050.0,,1.0,,,,,,4,41,41015,TAOULOKE,COMPARISON,3,2.0,,,,,0,6,5,,,,,8.0,,,,,4,,,,,,,,,,0.0,,,,,1,0,1,1,1,1,0,1,1,1,1,0,1,1,1,1,1,39.0,3.0,0.0,450.0
10,15.0,6,1 10,2000.0,1700.0,300.0,,1.0,,,,,,7,73,73002,Adiaoukoi,COMPARISON,4,1.0,,,,,0,5,5,5,,,,1.0,1.0,,,,1,1.0,,,,3,,,,,0.0,0.0,,,,0,0,0,0,1,1,1,1,1,1,1,1,1,0,1,1,1,79.0,1.0,1.0,133.33333333333334
11,6.0,6,97,2500.0,2000.0,500.0,,1.0,,,,,,7,71,71012,MAMINI,COMPARISON,4,1.0,,,,,0,1,5,,,,,1.0,1.0,1.0,1.0,,1,1.0,1.0,1.0,,2,2,2,2,,3.0,2.0,3.0,2.0,,1,0,0,0,0,0,0,1,1,1,1,0,1,0,0,1,1,51.0,1.0,0.0,416.6666666666667
5,10.0,4,0,1200.0,900.0,300.0,900.0,1.0,,,,,900.0,5,51,51003,Anuanua,COMPARISON,4,1.0,,,,,0,5,4 5,4 5,4 5,,,1.0,11.0,,,,1,1.0,1.0,,,3,1,,,,2.0,0.0,2.0,,,0,1,0,1,1,1,1,1,1,1,0,0,1,0,1,1,1,48.0,4.0,1.0,120.0
5,17.5,6,13,1500.0,1000.0,500.0,,3.0,,,,,,5,51,51004,Dramanekro,COMPARISON,3,2.0,,,,,1,8,4 5,,,,,10.0,,,,,1,,,,,,,,,,2.0,,,,,0,0,0,1,1,0,0,1,1,0,1,1,1,1,1,1,1,86.0,,0.0,85.71428571428571
4,4.0,3,0,2010.0,1500.0,510.0,,1.0,,,,,,7,73,73003,Affery,COMPARISON,4,1.0,,,,,0,5,5,,,,,10.0,,,,,1,,,,,,,,,,0.0,,,,,0,1,0,1,0,1,1,1,1,0,1,1,1,0,1,1,1,51.0,8.0,1.0,502.5
14,5.0,6,0,528.0,420.0,108.0,,1.0,,,,,,7,71,71005,Biasso,RESTORE,4,1.0,,,,,0,5,5,,,,,1.0,1.0,,,,1,1.0,,,,,9,,,,0.0,0.0,,,,1,0,0,0,0,1,1,1,1,1,1,1,1,0,1,1,1,67.0,1.0,1.0,105.6
8,16.5,6,0,7225.0,4250.0,2975.0,4250.0,2.0,,,,,1000.0,4,41,41022,PARA,RESTORE,0,1.0,,,,,0,5,5,5,5,,,6.0,10.0,10.0,10.0,10.0,4,4.0,4.0,4.0,4.0,,,,97,97,0.0,0.0,0.0,0.0,3.0,1,0,1,1,1,1,1,0,1,1,1,1,1,1,1,1,1,52.0,,0.0,437.8787878787879
6,5.5,2,0,800.0,600.0,200.0,,,,,,,,7,71,71007,Bassadzin,RESTORE,4,1.0,,,,,0,1,5,,,,,10.0,10.0,10.0,,,1,1.0,1.0,,,1,97,9 97,,,0.0,0.0,0.0,,,1,0,1,1,0,1,1,0,1,1,1,0,0,0,0,1,1,44.0,3.0,1.0,145.45454545454547
4,9.0,2,6,400.0,300.0,100.0,,,,,,,,4,41,41012,MERE,COMPARISON,2,1.0,,,,,0,5,5,,,,,1.0,,,,,1,,,,,,,,,,0.0,,,,,0,0,1,1,0,0,0,1,1,1,0,0,0,0,1,1,1,55.0,1.0,1.0,44.44444444444444
14,10.0,5,6,1800.0,1440.0,360.0,1440.0,1.0,,,,,1000.0,5,51,51027,Ahininkro,RESTORE,0,1.0,,,,,0,6,5,5,,,,10.0,4.0,,,,1,1.0,,,,,,,,,0.0,2.0,,,,0,0,0,1,0,1,1,0,1,1,1,0,1,1,1,1,1,66.0,1.0,0.0,180.0
8,4.5,4,0,370.0,250.0,120.0,,2.0,,,,,,4,41,41037,IRATO,COMPARISON,2,4.0,,,,,0,3,5,,,,,10.0,10.0,10.0,,,1,1.0,1.0,,,,97,97,,,0.0,0.0,0.0,,,1,0,1,1,1,1,1,0,1,1,1,0,1,0,1,1,1,49.0,1.0,1.0,82.22222222222223
6,6.5,4,0,2470.0,1950.0,520.0,1950.0,2.0,,,,,1000.0,4,41,41020,MAHINO2,RESTORE,0,2.0,,,,,0,5,5,5,,,,8.0,8.0,,,,4,4.0,,,,,,,,,0.0,0.0,,,,1,0,1,1,1,1,0,0,1,1,1,0,1,1,1,1,1,42.0,,0.0,380.0
7,2.5,2,0,1280.0,800.0,480.0,800.0,,,,,,12.5,5,53,53004,N'Djorekro,COMPARISON,0,3.0,,,,,0,2,5,,,,,4.0,,,,,4,,,,,,,,,,0.0,,,,,0,1,1,1,1,1,1,0,1,1,0,1,0,1,1,1,1,38.0,,0.0,512.0
12,5.5,3,0,880.0,560.0,320.0,560.0,2.0,,,,,1000.0,4,41,41003,GBAROU,COMPARISON,2,1.0,,,,,0,4,5,,,,,6.0,8.0,,,,4,4.0,,,,,,,,,3.0,0.0,,,,1,0,0,1,0,1,1,1,1,1,1,1,1,1,1,1,1,41.0,,0.0,160.0
12,2.0,2,0,673.0,451.0,222.0,,1.0,,,,,,7,75,75001,ASSE ORIé,COMPARISON,4,3.0,,,,,0,5,5,,,,,1.0,,,,,1,,,,,,,,,,0.0,,,,,0,0,0,0,0,1,1,1,1,1,1,0,1,0,1,1,1,62.0,4.0,1.0,336.5
8,7.0,6,13,2023.0,1654.0,369.0,,,,,,,,7,73,73005,Ahéoua,COMPARISON,4,1.0,,,,,0,4,5,,,5,,10.0,10.0,10.0,10.0,,1,1.0,1.0,1.0,,2,2,2,2,,0.0,0.0,0.0,0.0,,0,1,0,0,0,1,1,0,1,0,1,1,0,0,0,1,1,54.0,3.0,1.0,289.0
6,2.0,4,0,950.0,650.0,300.0,,,,,,,,7,75,75001,ASSE ORIé,COMPARISON,4,1.0,,,,,0,5,4,,,,,1.0,,,,,1,,,,,,,,,,2.0,,,,,0,1,1,1,1,1,1,1,1,1,1,0,0,0,1,1,1,64.0,2.0,1.0,475.0
4,6.5,6,0,1650.0,1500.0,150.0,,1.0,,,,,,5,51,51009,Affalikro,COMPARISON,4,1.0,,,,,0,8,5,,,,,1.0,1.0,1.0,,,1,1.0,1.0,,,,,,,,0.0,0.0,0.0,,,0,0,1,1,1,0,1,0,1,0,0,0,1,0,1,1,1,56.0,3.0,0.0,253.84615384615384
1,2.0,3,0,400.0,300.0,100.0,,,,,,,,7,72,72003,BOGUIé,COMPARISON,4,1.0,,,,,1,5,3 5,,,,,10.0,,,,,1,,,,,,,,,,0.0,,,,,0,1,0,0,0,0,1,1,1,0,0,0,0,0,1,1,1,70.0,1.0,1.0,200.0
6,6.5,2,0,233.0,150.0,83.0,,2.0,,,,,,4,41,41012,MERE,COMPARISON,0,1.0,,,,,0,1,5,5,,,,2.0,2.0,,,,1,4.0,,,,,,,,,3.0,3.0,,,,0,0,0,0,1,1,0,1,1,1,1,1,1,0,1,1,1,21.0,,0.0,35.84615384615385
8,14.0,6,3 5 13,1200.0,400.0,800.0,,1.0,,,,,,5,51,51046,Kabrankro,COMPARISON,4,1.0,,,,,0,5,5,,,,,1.0,1.0,1.0,,,1,1.0,1.0,,,,97,,,,0.0,0.0,2.0,,,0,1,1,1,0,0,0,0,1,1,0,0,1,0,1,1,1,37.0,5.0,1.0,85.71428571428571
1,5.5,4,10,1300.0,1000.0,300.0,,1.0,,,,,,7,71,71010,Blékoum,COMPARISON,4,1.0,,,,,0,4,5,5,,,,9.0,9.0,9.0,,,1,1.0,1.0,,,,,,,,0.0,0.0,0.0,,,1,0,0,0,0,0,0,1,1,1,1,0,1,0,1,1,1,48.0,8.0,0.0,236.36363636363637
12,2.799999952316284,6,7,1040.0,800.0,240.0,800.0,1.0,,,,,850.0,5,51,51004,Dramanekro,COMPARISON,1,2.0,,,,,0,2,4 5,,,,,1.0,,,,,1,,,,,,,,,,0.0,,,,,0,0,0,0,0,1,1,0,1,0,0,1,1,0,1,1,1,55.0,,1.0,371.42857775396243
6,2.299999952316284,6,0,200.0,150.0,50.0,,2.0,,,,,,7,71,71013,BOUDEPE,COMPARISON,4,1.0,,,,,0,4,5,,,,,10.0,,,,,1,,,,,,,,,,0.0,,,,,0,0,0,0,0,1,1,0,1,1,1,1,1,0,1,1,1,52.0,,1.0,86.95652354191746
13,12.5,6,0,1200.0,880.0,320.0,880.0,2.0,,,,,1000.0,4,41,41024,POUTOU,RESTORE,3,2.0,,,,,0,4,3,3,,,,8.0,8.0,8.0,,8.0,4,4.0,4.0,4.0,4.0,,,97,97,97,0.0,0.0,0.0,3.0,0.0,1,0,1,1,1,1,1,0,1,1,1,0,1,1,1,1,1,47.0,,0.0,96.0
5,3.0,1,6,150.0,150.0,0.0,,1.0,,,,,,5,54,54001,Akacomoékro,RESTORE,4,3.0,,,,,0,5,5,,,,,9.0,9.0,10.0,,,1,1.0,1.0,,,,,,,,0.0,0.0,0.0,,,0,0,0,0,0,1,1,1,1,0,0,0,1,0,1,1,1,53.0,5.0,0.0,50.0
6,6.0,4,0,1280.0,800.0,480.0,800.0,2.0,,,,,1000.0,4,41,41021,NIGRE,RESTORE,0,2.0,,,,,0,6,5,,,,,10.0,,,,,4,,,,,,,,,,3.0,,,,,0,0,1,1,1,1,1,1,1,1,1,1,1,0,1,1,1,38.0,3.0,0.0,213.33333333333334
10,8.5,6,0,2300.0,1800.0,500.0,,1.0,,,,,,4,41,41024,POUTOU,RESTORE,3,2.0,,,,,0,4,5,5,,,,6.0,6.0,,,,4,4.0,4.0,,,,,97,,,3.0,0.0,3.0,,,0,0,1,1,1,1,1,1,1,1,1,1,1,1,1,1,1,62.0,,0.0,270.5882352941176
8,2.5,5,0,720.0,600.0,120.0,600.0,2.0,,,,,1000.0,4,41,41002,DJEKA,COMPARISON,0,2.0,,,,,0,7,5,,,,,8.0,,,,,4,,,,,,,,,,0.0,,,,,1,0,0,1,1,0,0,0,1,1,1,0,1,1,1,1,1,33.0,,1.0,288.0
8,3.0,2,0,1440.0,800.0,640.0,800.0,3.0,,,,,10.0,5,51,51005,Takima,COMPARISON,0,2.0,,,,,0,6,4 5,,,,,10.0,,,,,1,,,,,,,,,,0.0,,,,,0,0,0,0,0,0,1,1,1,0,1,0,1,1,1,1,1,55.0,,1.0,480.0
6,0.0,6,13,840.0,700.0,140.0,700.0,,,,,,1000.0,5,51,51031,Dallo,RESTORE,4,1.0,,,,,1,5,5,5,,,,,,,,,1,1.0,,,,,,,,,0.0,0.0,,,,0,1,1,0,0,1,0,0,0,1,0,1,0,1,1,1,1,43.0,1.0,1.0,inf
10,5.0,6,0,2240.0,2000.0,240.0,2000.0,1.0,,,,,1000.0,5,51,51012,Zaranou,COMPARISON,0,2.0,,,,,0,1,5,5,,,,,,,,,4,4.0,,,,,,,,,2.0,2.0,,,,0,1,1,1,1,1,0,0,0,1,1,1,1,0,1,1,1,37.0,,1.0,448.0
6,6.0,6,97,800.0,500.0,300.0,,1.0,,,,,,7,72,72005,MOBIOKOUA,COMPARISON,4,1.0,,,,,0,5,5,5,,,,1.0,1.0,1.0,,,1,1.0,1.0,,,2,2,1 2,,,3.0,3.0,2.0,,,0,0,1,0,0,1,0,0,1,1,1,0,1,0,0,1,1,70.0,2.0,0.0,133.33333333333334
6,6.449999809265137,6,0,2960.0,2160.0,800.0,2160.0,2.0,,,,,1000.0,4,41,41019,KARIE,RESTORE,0,2.0,,,,,0,7,5,5,,,,8.0,8.0,,,,4,4.0,,,,,11,,,,0.0,0.0,3.0,,,1,0,0,1,1,1,1,0,1,1,1,0,1,1,1,1,1,49.0,1.0,0.0,458.91474225287453
8,2.0,3,6,864.0,600.0,264.0,,6.0,,,,,,4,41,41008,DAHIOKE,COMPARISON,0,2.0,,,,,0,1,5,5,,,,6.0,2.0,,,,1,1.0,4.0,4.0,,,,97,97,,3.0,0.0,0.0,3.0,,1,0,1,1,1,1,1,1,1,1,1,1,1,1,1,1,1,40.0,,0.0,432.0
1,2.0,3,0,240.0,160.0,80.0,160.0,,,,,,1000.0,5,51,51005,Takima,COMPARISON,4,1.0,,,,,1,1,5,,,,,9.0,,,,,1,,,,,,,,,,2.0,,,,,0,0,1,0,0,1,0,1,1,1,1,1,0,1,1,1,1,70.0,3.0,0.0,120.0
5,2.0,3,97,301.0,215.0,86.0,215.0,3.0,,,,,1000.0,7,73,73003,Affery,COMPARISON,4,1.0,,,,,1,4,3 5,,,,,9.0,,,,,1,,,,,,,,,,0.0,,,,,0,1,0,0,0,0,1,1,1,1,1,1,1,0,1,1,1,52.0,3.0,0.0,150.5
3,1.0,1,0,15.0,10.0,5.0,,1.0,,,,,,4,41,41011,KLODIO,COMPARISON,2,1.0,,,,,1,1,5,,,,,1.0,,,,,1,,,,,,,,,,2.0,,,,,0,0,1,0,1,0,0,1,1,1,1,0,1,0,1,1,0,48.0,,1.0,15.0
5,2.0,1,0,80.0,50.0,30.0,,,,,,,,4,41,41008,DAHIOKE,COMPARISON,3,3.0,,,,,0,1,5,,,,,10.0,,,,,1,,,,,,,,,,0.0,,,,,0,0,0,1,0,1,0,0,1,0,1,0,0,0,1,1,1,35.0,5.0,0.0,40.0
6,3.0,4,0,70.0,70.0,0.0,70.0,1.0,,,,,14.285714149475098,6,62,62001,Tioumoukro,COMPARISON,4,1.0,,,,,0,3,2 4,,,,,1.0,1.0,,,,1,1.0,,,,,97,,,,0.0,0.0,,,,0,0,0,0,0,1,1,1,1,1,1,0,1,0,1,1,1,44.0,,1.0,23.333333333333332
14,11.0,6,6,1100.0,800.0,300.0,,1.0,,,,,,7,72,72005,MOBIOKOUA,COMPARISON,4,1.0,,,,,0,5,5,5,,,,10.0,11.0,8.0,10.0,4.0,1,1.0,1.0,1.0,1.0,,,,,97,0.0,0.0,0.0,0.0,0.0,0,0,0,0,0,0,1,1,1,1,1,0,1,1,1,1,1,55.0,3.0,1.0,100.0
12,6.0,6,13,3200.0,2400.0,800.0,2400.0,1.0,,,,,12.5,5,51,51009,Affalikro,COMPARISON,4,1.0,,,,,0,5,5,,,,,1.0,,,,,1,,,,,,,,,,0.0,,,,,1,0,0,1,1,0,0,1,1,1,0,1,1,1,1,1,1,61.0,5.0,1.0,533.3333333333334
6,15.0,5,6 10 13,900.0,585.0,315.0,585.0,1.0,,,,,800.0,5,51,51036,Ahuasso,RESTORE,4,1.0,,,,,0,5,3 4 5,,,,,1.0,1.0,,,,1,1.0,,,,,,,,,0.0,0.0,,,,0,0,0,0,0,0,0,0,1,0,0,0,1,0,1,1,1,53.0,1.0,0.0,60.0
3,4.0,5,6 11,110.0,70.0,40.0,,97.0,,,,,,7,74,74006,Monin,COMPARISON,4,1.0,,,,,0,5,97,97,5,,,9.0,10.0,9.0,9.0,,1,1.0,1.0,1.0,,3,3,3 4,97,,0.0,0.0,0.0,0.0,,0,0,1,1,0,1,1,0,1,1,1,0,1,0,0,1,0,29.0,7.0,0.0,27.5
9,4.0,1,0,400.0,300.0,100.0,,1.0,,,,,,4,41,41011,KLODIO,COMPARISON,2,1.0,,,,,0,5,5,,,,,1.0,1.0,,,,1,1.0,,,,,2,,,,3.0,3.0,,,,1,0,1,0,0,1,0,1,1,0,0,0,1,0,1,1,1,52.0,1.0,0.0,100.0
6,5.25,4,0,344.0,300.0,44.0,,1.0,,,,,,5,53,53005,N'DRIKRO,COMPARISON,4,4.0,,,,,0,5,5,,,,,1.0,,,,,1,,,,,,,,,,0.0,,,,,0,0,0,0,0,1,1,0,1,1,1,1,1,0,1,1,1,60.0,3.0,1.0,65.52380952380952
5,2.0,2,97,760.0,480.0,280.0,480.0,1.0,,,,,900.0,5,51,51002,Akoikro,COMPARISON,4,1.0,,,,,0,5,4 5,,,,,9.0,,,,,1,1.0,,,,,97,,,,2.0,3.0,,,,0,0,0,1,0,1,0,1,1,1,1,0,1,0,1,1,1,45.0,5.0,1.0,380.0
3,5.0,2,0,3000.0,2000.0,1000.0,,,,,,,,4,41,41013,NIRO,COMPARISON,0,2.0,,,,,0,3,5,,,,,6.0,,,,,4,,,,,,,,,,0.0,,,,,1,0,1,1,1,1,0,1,1,1,1,0,0,1,1,1,1,49.0,,0.0,600.0
7,4.5,6,0,1080.0,810.0,270.0,810.0,4.0,,,,,900.0,4,41,41020,MAHINO2,RESTORE,3,2.0,,,,,0,4,5,,,,,10.0,10.0,10.0,,,4,4.0,4.0,,,,97,97,,,0.0,0.0,2.0,,,0,0,0,1,1,1,1,0,1,0,1,1,1,1,1,1,1,50.0,,0.0,240.0
7,3.0,3,0,1200.0,960.0,240.0,960.0,1.0,,,,,1000.0,5,51,51005,Takima,COMPARISON,0,2.0,,,,,0,5,5,,,,,10.0,,,,,1,,,,,,,,,,2.0,,,,,0,0,0,1,1,0,0,1,1,0,1,1,1,0,1,1,1,35.0,1.0,0.0,400.0
7,0.0,4,0,459.0,309.0,150.0,,1.0,,,,,,7,72,72005,MOBIOKOUA,COMPARISON,97,2.0,,,,,0,5,5,,,,,8.0,8.0,,,,1,1.0,,,,,3,,,,3.0,0.0,,,,0,0,1,1,0,0,0,1,1,1,1,0,1,0,1,1,1,78.0,,0.0,inf
4,2.5,2,0,250.0,200.0,50.0,,1.0,,,,,,7,71,71012,MAMINI,COMPARISON,4,1.0,,,,,0,1,5,,,,,1.0,1.0,,,,1,1.0,,,,2,2,,,,2.0,2.0,,,,0,0,1,0,0,1,0,1,1,1,1,0,1,0,0,1,1,44.0,3.0,0.0,100.0
5,7.0,6,0,500.0,350.0,150.0,,1.0,,,,,,7,71,71013,BOUDEPE,COMPARISON,4,1.0,,,,,0,5,97,,,,,1.0,,,,,1,,,,,,,,,,2.0,,,,,0,1,0,1,0,1,1,1,1,1,1,1,1,0,1,1,1,64.0,3.0,1.0,71.42857142857143
3,1.0,1,0,49.0,0.0,49.0,,97.0,,,,,,7,74,74003,BOHOUIN,COMPARISON,4,1.0,,,,,1,1,97,,,,,,,,,,1,,,,,1,,,,,0.0,,,,,0,0,0,0,0,1,0,0,0,1,1,0,1,0,0,1,0,62.0,,1.0,49.0
9,6.0,3,0,130.0,90.0,40.0,,2.0,,,,,,4,41,41016,TATE1,COMPARISON,2,1.0,,,,,0,1,5,,,,,10.0,8.0,10.0,,,1,1.0,1.0,,,,2,2,,,2.0,2.0,2.0,,,1,0,1,1,1,1,0,1,1,1,1,0,1,0,1,1,1,37.0,1.0,1.0,21.666666666666668
4,9.5,6,0,5840.0,4240.0,1600.0,4240.0,,,,,,1000.0,4,41,41020,MAHINO2,RESTORE,0,2.0,,,,,0,4,5,5,,,,10.0,8.0,,,,4,4.0,,,,,,,,,3.0,0.0,,,,0,0,0,1,0,1,1,0,1,0,1,0,0,1,1,1,1,30.0,1.0,0.0,614.7368421052631
5,4.0,6,10 13,150.0,150.0,0.0,,97.0,,,,,,5,54,54002,Bécédi-Brignan,RESTORE,4,1.0,,,,,0,3,97,,,,,,,,,,1,,,,,,,,,,3.0,,,,,0,0,0,0,0,1,0,1,0,1,1,0,1,0,1,1,1,60.0,3.0,1.0,37.5
2,8.5,6,0,560.0,350.0,210.0,350.0,1.0,,,,,1000.0,7,74,74003,BOHOUIN,COMPARISON,4,1.0,,,,,0,5,5,5,,,,10.0,9.0,10.0,,,1,1.0,1.0,,,97,,,,,0.0,3.0,0.0,,,0,0,1,1,0,0,0,1,1,1,1,1,1,0,1,1,1,57.0,3.0,1.0,65.88235294117646
11,7.0,6,0,560.0,400.0,160.0,400.0,2.0,,,,,1000.0,4,41,41024,POUTOU,RESTORE,0,2.0,,,,,0,4,5,,,,,8.0,8.0,97.0,,,4,4.0,4.0,,,,,,,,3.0,3.0,3.0,0.0,0.0,1,0,1,1,1,1,1,1,1,1,1,0,1,1,1,1,1,49.0,,0.0,80.0
15,14.0,5,7,900.0,400.0,500.0,,2.0,1.0,3.0,8.0,7.0,,5,53,53001,Kokonou,COMPARISON,1,2.0,1.0,3.0,8.0,7.0,0,4,5,,,,,1.0,,,,,4,,,,,,,,,,0.0,,,,,0,0,0,0,0,1,1,1,1,1,1,0,1,0,1,1,1,44.0,,0.0,64.28571428571429
6,8.25,4,5,1882.0,1652.0,230.0,,1.0,,,,,,5,53,53005,N'DRIKRO,COMPARISON,4,1.0,,,,,0,5,4 5,,,,,1.0,1.0,,,,1,1.0,,,,,97,,,,0.0,0.0,,,,0,1,0,1,1,1,1,1,1,0,1,1,1,0,1,1,1,56.0,3.0,0.0,228.12121212121212
12,3.0,5,0,380.0,250.0,130.0,,1.0,,,,,,7,71,71008,Mafa-Mafou,RESTORE,4,1.0,,,,,0,1,97,,,,,10.0,10.0,,,,1,1.0,,,,,97,,,,0.0,0.0,,,,0,0,0,0,0,1,1,0,1,1,1,1,1,0,1,1,1,42.0,3.0,0.0,126.66666666666667
13,11.0,6,0,5000.0,3000.0,2000.0,,2.0,,,,,,4,41,41021,NIGRE,RESTORE,0,2.0,,,,,0,4,3,3,5,,,10.0,10.0,8.0,,,4,4.0,4.0,4.0,,,,,97,,0.0,0.0,0.0,3.0,,1,0,1,1,1,1,1,0,1,1,1,0,1,1,1,1,1,46.0,,0.0,454.54545454545456
6,3.0,6,13,1275.0,1125.0,150.0,1125.0,2.0,,,,,13.333333015441896,5,51,51014,ABRONAMOUE,COMPARISON,4,1.0,,,,,0,1,5,5,,,,1.0,1.0,,,,1,1.0,,,,,,,,,0.0,2.0,,,,0,0,0,1,1,1,1,1,1,1,1,0,1,0,1,1,1,59.0,3.0,0.0,425.0
6,1.0,1,0,500.0,400.0,100.0,,1.0,,,,,,7,73,73002,Adiaoukoi,COMPARISON,4,3.0,,,,,0,5,5,,,,,1.0,,,,,1,,,,,,,,,,0.0,,,,,0,0,1,1,0,1,1,0,1,1,1,0,1,0,1,1,0,49.0,,1.0,500.0
4,7.0,2,0,2000.0,1500.0,500.0,,,,,,,,4,41,41037,IRATO,COMPARISON,2,1.0,,,,,0,4,5,5,,,,1.0,1.0,1.0,1.0,1.0,1,1.0,1.0,1.0,1.0,,97,,,97,0.0,0.0,0.0,0.0,3.0,1,0,1,1,1,1,1,1,1,0,1,0,0,0,1,1,1,42.0,,1.0,285.7142857142857
5,7.0,6,97,1200.0,840.0,360.0,840.0,97.0,,,,,1000.0,4,41,41039,HANNIE,COMPARISON,4,1.0,,,,,0,6,5,,,,,10.0,10.0,10.0,,,4,4.0,4.0,,,,,,,,0.0,0.0,0.0,,,1,0,1,1,1,0,0,0,1,1,1,1,1,1,1,1,1,52.0,5.0,0.0,171.42857142857142
6,2.0,6,10,430.0,280.0,150.0,,1.0,,,,,,7,71,71008,MAFA-MAFOU,RESTORE,4,1.0,,,,,0,5,97,97,,,,,1.0,,,,1,1.0,,,,,,,,,0.0,0.0,,,,1,0,0,0,1,1,1,1,1,0,1,1,1,1,1,1,1,52.0,5.0,1.0,215.0
15,9.0,6,97,2500.0,2000.0,500.0,,1.0,,,,,,5,53,53005,N'DRIKRO,COMPARISON,4,4.0,,,,,0,5,2,,,,,1.0,1.0,,,,1,1.0,,,,,97,,,,0.0,0.0,,,,0,1,0,1,0,1,1,0,1,1,1,0,1,0,1,1,1,50.0,1.0,1.0,277.77777777777777
6,0.5,2,0,160.0,80.0,80.0,80.0,,,,,,10.0,5,51,51002,Akoikro,COMPARISON,4,1.0,,,,,1,4,97,,,,,9.0,,,,,1,,,,,,,,,,0.0,,,,,0,0,0,0,0,0,1,1,1,0,1,0,0,0,1,1,0,62.0,1.0,1.0,320.0
8,50.0,6,1,420.0,350.0,70.0,350.0,6.0,,,,,1000.0,5,51,51012,Zaranou,COMPARISON,4,1.0,,,,,1,5,4,,,,,5.0,5.0,,,,1,1.0,,,,,1 9,,,,2.0,2.0,,,,0,0,0,1,0,0,0,1,1,0,1,0,1,0,1,1,1,68.0,,0.0,8.4
11,8.0,5,12 97,600.0,600.0,0.0,600.0,1.0,,,,,1000.0,5,51,51015,Bébou,COMPARISON,4,1.0,,,,,0,5,5,,,,,1.0,1.0,,,,1,1.0,,,,,97,,,,0.0,0.0,,,,1,0,0,1,0,0,0,0,1,0,0,0,1,1,1,1,1,56.0,3.0,0.0,75.0
9,12.5,3,0,280.0,200.0,80.0,,1.0,,,,,,6,64,64002,Kouadioukro,COMPARISON,4,1.0,,,,,0,5,5,,,,,1.0,1.0,1.0,,,1,1.0,1.0,,,,97,,,,0.0,0.0,0.0,,,0,0,0,1,0,1,1,0,1,0,1,0,1,0,1,1,1,52.0,1.0,1.0,22.4
7,12.0,6,0,6600.0,4200.0,2400.0,4200.0,2.0,,,,,1000.0,4,41,41022,PARA,RESTORE,0,2.0,,,,,0,7,5,5,,,,10.0,10.0,10.0,,,4,4.0,4.0,,,,,,,,0.0,0.0,3.0,,,1,0,0,1,0,1,1,0,1,0,1,1,1,1,1,1,1,38.0,,0.0,550.0
9,16.0,3,7,1000.0,600.0,400.0,,,,,,,,4,41,41010,IBO2,COMPARISON,2,1.0,,,,,0,4,5,,,,,1.0,10.0,,,,1,1.0,,,,11,,,,,0.0,0.0,,,,1,1,1,1,1,1,0,0,1,1,1,0,0,0,1,1,1,33.0,1.0,1.0,62.5
3,2.0,3,6,560.0,420.0,140.0,420.0,1.0,,,,,1000.0,5,51,51003,Anuanua,COMPARISON,0,2.0,,,,,0,5,4,,,,,10.0,,,,,1,,,,,,,,,,0.0,,,,,1,1,1,1,1,1,1,1,1,0,0,0,1,0,1,1,1,65.0,,1.0,280.0
5,0.0,1,0,480.0,285.0,195.0,,97.0,,,,,,4,41,41001,TEPOIBOKE,COMPARISON,3,2.0,,,,,0,2,5,5,,,,8.0,,,,,1,2.0,,,,,97,,,,0.0,0.0,,,,1,0,1,1,1,1,1,1,1,1,1,0,1,0,1,1,1,39.0,1.0,0.0,inf
5,7.0,6,0,320.0,240.0,80.0,240.0,,,,,,1000.0,7,73,73005,Ahéoua,COMPARISON,4,4.0,,,,,0,2,4 5 97,,,,,,,,,,1,,,,,4,,,,,2.0,,,,,0,1,0,1,0,0,0,1,0,1,1,0,0,0,0,1,1,64.0,5.0,1.0,45.714285714285715
4,9.0,5,7 97,400.0,300.0,100.0,,,,,,,,4,41,41008,DAHIOKE,COMPARISON,2,1.0,,,,,0,5,5,,,,,1.0,,,,,1,,,,,,,,,,0.0,,,,,0,0,1,1,1,1,0,0,1,1,0,0,0,0,1,1,1,52.0,5.0,0.0,44.44444444444444
2,2.0,6,10,72.0,40.0,32.0,,,,,,,,7,71,71001,Annépé,COMPARISON,4,1.0,,,,,1,5,5,5,,,,,,,,,1,1.0,1.0,,,3,,97,,,3.0,0.0,0.0,,,0,0,0,0,0,1,0,0,0,1,1,0,0,1,1,1,0,62.0,4.0,1.0,36.0
6,6.5,2,0,700.0,500.0,200.0,500.0,1.0,,,,,800.0,5,51,51004,Dramanekro,COMPARISON,1,2.0,,,,,0,5,4,,,,,,,,,,2,4.0,,,,,97,,,,2.0,2.0,,,,0,0,0,1,0,1,1,1,0,0,0,1,1,0,1,1,1,38.0,,1.0,107.6923076923077
10,3.25,2,7,75.0,75.0,0.0,,,,,,,,6,62,62001,Tioumoukro,COMPARISON,4,1.0,,,,,0,5,4,,,,,1.0,,1.0,1.0,1.0,1,1.0,1.0,1.0,1.0,,97,97,,97,0.0,0.0,0.0,0.0,0.0,0,0,0,1,0,1,0,0,1,0,1,0,0,0,1,1,1,60.0,1.0,1.0,23.076923076923077
15,23.5,6,6 13,4060.0,3500.0,560.0,3500.0,1.0,,,,,900.0,5,51,51015,Bébou,COMPARISON,4,1.0,,,,,0,6,4 5,4 5,4 5,,,10.0,1.0,10.0,10.0,,1,1.0,1.0,1.0,,,,,97,,0.0,0.0,0.0,0.0,,0,1,1,1,0,0,0,0,1,1,1,0,1,0,1,1,1,68.0,1.0,1.0,172.7659574468085
5,5.5,6,0,2210.0,1700.0,510.0,1700.0,2.0,,,,,1000.0,4,41,41022,PARA,RESTORE,0,2.0,,,,,0,3,5,5,,,,8.0,10.0,10.0,10.0,10.0,4,4.0,4.0,4.0,4.0,,,97,97,97,0.0,0.0,0.0,0.0,3.0,1,0,0,1,1,1,1,0,1,0,1,0,1,1,1,1,1,56.0,,0.0,401.8181818181818
5,3.5,6,0,1920.0,1560.0,360.0,1560.0,2.0,,,,,1000.0,4,41,41002,DJEKA,COMPARISON,0,1.0,,,,,0,6,5,,,,,10.0,10.0,,,,4,4.0,,,,,,,,,0.0,0.0,,,,0,0,1,1,1,1,1,0,1,1,1,1,1,1,1,1,1,33.0,1.0,1.0,548.5714285714286
7,2.799999952316284,6,0,560.0,400.0,160.0,400.0,1.0,,,,,1000.0,5,51,51054,Amian-Kouassikro,COMPARISON,0,2.0,,,,,0,2,5,5,,,,10.0,10.0,,,,1,1.0,,,,,,,,,0.0,0.0,,,,1,1,0,1,1,1,1,1,1,1,1,1,1,0,1,1,1,50.0,3.0,0.0,200.00000340597975
4,6.019999980926514,6,10,749.0,574.0,175.0,,1.0,,,,,,7,74,74006,Monin,COMPARISON,4,1.0,,,,,0,7,4,,,,,1.0,,,,,1,,,,,,,,,,0.0,,,,,0,0,1,1,0,1,1,0,1,0,1,1,1,0,1,1,1,59.0,2.0,1.0,124.41860504536487
5,2.5,3,0,540.0,360.0,180.0,360.0,97.0,,,,,1000.0,5,51,51028,Ananguié,RESTORE,4,1.0,,,,,1,3,5,,,,,10.0,,,,,1,,,,,97,,,,,2.0,,,,,1,0,1,1,0,0,0,0,1,1,1,0,1,0,0,1,1,30.0,1.0,1.0,216.0
13,10.5,6,7,1800.0,1200.0,600.0,1200.0,2.0,,,,,1000.0,4,41,41002,DJEKA,COMPARISON,0,2.0,,,,,0,7,5,5,,,,6.0,6.0,8.0,,,4,4.0,4.0,,,,,,,,0.0,0.0,0.0,,,1,0,1,1,0,1,0,0,1,1,1,0,1,1,1,1,1,54.0,,0.0,171.42857142857142
7,4.5,3,6 7,825.0,525.0,300.0,525.0,2.0,,,,,1000.0,5,51,51003,Anuanua,COMPARISON,4,1.0,,,,,0,5,5,,,,,10.0,,,,,1,,,,,,,,,,0.0,,,,,1,1,0,1,1,0,1,0,1,1,1,0,1,0,1,1,1,41.0,2.0,0.0,183.33333333333334
7,0.0,2,0,1300.0,800.0,500.0,,97.0,,,,,,4,41,41009,DONIE,COMPARISON,0,4.0,,,,,0,3,5,5,,,,6.0,6.0,,,,1,1.0,,,,,1,,,,0.0,0.0,,,,1,0,0,1,1,1,1,1,1,1,1,0,1,1,1,1,1,27.0,,0.0,inf
7,3.0,6,0,160.0,80.0,80.0,80.0,97.0,,,,,1000.0,7,73,73004,Agbaou,COMPARISON,4,1.0,,,,,1,1,97,,,,,10.0,9.0,,,,1,1.0,,,,4,97,,,,3.0,0.0,,,,0,0,0,0,0,0,0,1,1,1,1,1,1,0,0,1,1,68.0,2.0,1.0,53.333333333333336
8,18.0,6,10,600.0,400.0,200.0,,1.0,,,,,,5,52,52001,Akakro,COMPARISON,97,2.0,,,,,0,3,97,,,,,10.0,,,,,1,,,,,,,,,,0.0,,,,,0,0,0,1,0,1,1,1,1,0,0,0,1,0,1,1,1,66.0,,0.0,33.333333333333336
5,12.0,3,10,864.0,720.0,144.0,720.0,1.0,,,,,1100.0,5,51,51002,Akoikro,COMPARISON,4,1.0,,,,,0,5,4,,,,,10.0,,,,,1,,,,,,,,,,3.0,,,,,1,0,0,0,0,1,0,1,1,1,1,1,1,0,1,1,1,58.0,2.0,0.0,72.0
9,7.0,3,0,1000.0,800.0,200.0,,1.0,,,,,,7,72,72003,BOGUIé,COMPARISON,4,1.0,,,,,0,6,3 5,3,,,,10.0,8.0,,,,1,1.0,,,,,,,,,0.0,0.0,,,,1,0,1,1,0,1,0,1,1,1,1,0,1,1,1,1,1,53.0,3.0,1.0,142.85714285714286
7,7.0,3,9,490.0,210.0,280.0,210.0,1.0,,,,,900.0,5,51,51018,Kouassi-Béniékro,RESTORE,4,1.0,,,,,1,5,5,5,,,,1.0,,,,,1,2.0,,,,,,,,,0.0,0.0,,,,0,0,0,0,0,1,1,1,1,1,1,1,1,1,1,1,1,50.0,1.0,1.0,70.0
2,5.0,5,0,1120.0,800.0,320.0,800.0,2.0,,,,,12.5,5,51,51014,ABRONAMOUE,COMPARISON,4,1.0,,,,,1,7,5,,,,,9.0,,,,,1,,,,,,,,,,0.0,,,,,0,1,0,1,1,0,0,0,1,1,0,0,1,0,1,1,1,77.0,1.0,1.0,224.0
7,8.0,5,0,525.0,375.0,150.0,375.0,2.0,,,,,900.0,7,73,73004,Agbaou,COMPARISON,4,4.0,,,,,0,5,97,5 97,,,,1.0,8.0,,,,1,1.0,,,,1,,,,,2.0,3.0,,,,1,1,1,1,0,1,1,0,1,1,1,0,1,1,1,1,1,60.0,1.0,1.0,65.625
4,4.0,2,0,3100.0,1700.0,1400.0,,2.0,,,,,,4,41,41015,TAOULOKE,COMPARISON,3,2.0,,,,,0,5,5,,,,,8.0,,,,,4,,,,,,,,,,0.0,,,,,0,0,1,1,1,1,0,1,1,1,1,0,1,1,1,1,1,32.0,,0.0,775.0
9,4.0,6,0,2550.0,2125.0,425.0,2125.0,1.0,,,,,11.764705657958984,5,51,51008,Adjoumani-Kouassikro,COMPARISON,3,1.0,,,,,0,5,5,,,,,1.0,,,,,1,,,,,,,,,,0.0,,,,,0,0,1,1,1,0,1,1,1,1,1,1,1,0,1,1,1,41.0,1.0,1.0,637.5
7,8.5,1,0,300.0,200.0,100.0,,,,,,,,4,41,41012,MERE,COMPARISON,2,1.0,,,,,0,6,5,,,,,10.0,,,,,1,,,,,,,,,,0.0,,,,,0,0,1,1,1,0,0,1,1,1,1,0,0,0,1,1,1,26.0,1.0,1.0,35.294117647058826
5,6.0,2,0,1240.0,1000.0,240.0,,6.0,,,,,,7,73,73003,Affery,COMPARISON,4,1.0,,,,,1,4,97,,,,,10.0,,,,,1,,,,,,,,,,2.0,,,,,0,1,0,1,1,1,0,1,1,1,1,0,1,0,1,1,1,53.0,3.0,0.0,206.66666666666666
5,5.0,3,0,1025.0,900.0,125.0,,1.0,,,,,,7,71,71013,BOUDEPE,COMPARISON,4,1.0,,,,,0,5,3,,,,,1.0,,,,,1,1.0,,,,,97,,,,1.0,1.0,,,,1,1,0,1,0,1,1,1,1,1,1,0,1,0,1,1,1,49.0,3.0,0.0,205.0
6,4.5,5,0,2422.5,2040.0,382.5,2040.0,1.0,,,,,1000.0,5,51,51011,N'Gouanda,COMPARISON,97,2.0,,,,,1,6,5,5,,,,11.0,11.0,,,,4,4.0,,,,,,,,,2.0,2.0,,,,0,0,0,0,0,0,0,1,1,1,1,0,1,1,1,1,1,55.0,,0.0,538.3333333333334
5,6.0,1,13,320.0,200.0,120.0,,,,,,,,4,41,41001,TEPOIBOKE,COMPARISON,2,1.0,,,,,0,5,5,,,,,1.0,,,,,1,,,,,,,,,,0.0,,,,,0,0,0,1,0,1,0,1,1,1,0,0,0,0,1,1,1,49.0,1.0,0.0,53.333333333333336
4,1.5,2,0,80.0,80.0,0.0,80.0,97.0,,,,,1000.0,7,71,71005,Biasso,RESTORE,4,3.0,,,,,1,5,4,,,,,10.0,9.0,,,,1,1.0,,,,97,97,,,,0.0,0.0,,,,0,0,0,0,0,1,1,0,1,1,1,0,1,0,0,1,0,42.0,1.0,1.0,53.333333333333336
13,10.5,5,12 13,280.0,200.0,80.0,200.0,1.0,,,,,1000.0,5,51,51046,Kabrankro,COMPARISON,4,1.0,,,,,0,5,4,4,,4,,10.0,10.0,10.0,10.0,10.0,1,1.0,1.0,1.0,1.0,,97,97,,97,0.0,0.0,0.0,0.0,0.0,0,1,1,1,0,1,1,1,1,1,1,1,1,1,1,1,1,60.0,3.0,1.0,26.666666666666668
6,8.0,5,13,3500.0,2800.0,700.0,2800.0,1.0,,,,,1000.0,5,51,51011,N'Gouanda,COMPARISON,4,1.0,,,,,0,6,5,5,,,,,,,,,1,1.0,,,,1,11,,,,2.0,0.0,,,,0,0,0,1,0,1,0,0,0,1,1,0,1,0,0,1,1,50.0,1.0,1.0,437.5
13,11.5,5,12,945.0,750.0,195.0,,1.0,,,,,,7,75,75001,ASSE ORIé,COMPARISON,4,1.0,,,,,0,7,5 97,5 97,,,,1.0,1.0,1.0,,,1,1.0,1.0,,,4,,97,,,0.0,0.0,0.0,,,0,1,0,1,0,0,1,0,1,1,1,1,1,0,1,1,1,72.0,6.0,1.0,82.17391304347827
5,2.5,3,0,1350.0,1000.0,350.0,,,,,,,,4,41,41010,IBO2,COMPARISON,0,1.0,,,,,0,5,5,,,,,8.0,,,,,4,,,,,,,,,,3.0,,,,,0,0,0,1,0,1,0,0,1,0,1,0,0,1,1,1,1,40.0,,0.0,540.0
5,4.0,6,7,960.0,640.0,320.0,640.0,1.0,,,,,1000.0,5,51,51011,N'Gouanda,COMPARISON,1,2.0,,,,,0,3,5,,,,,,,,,,1,,,,,,,,,,0.0,,,,,0,0,0,0,0,1,0,0,0,1,1,0,1,0,1,1,1,76.0,,0.0,240.0
5,20.0,2,13,1500.0,1000.0,500.0,1000.0,1.0,,,,,1000.0,4,41,41012,MERE,COMPARISON,2,4.0,,,,,0,6,5,,,,,10.0,10.0,10.0,,,1,1.0,1.0,,,,2,,,,3.0,2.0,0.0,,,1,1,1,1,1,0,0,1,1,1,1,0,1,0,1,1,1,82.0,,1.0,75.0
4,7.0,6,0,1610.0,1120.0,490.0,1120.0,4.0,,,,,1000.0,4,41,41020,MAHINO2,RESTORE,0,2.0,,,,,0,4,5,5,,,,8.0,8.0,,,,4,4.0,,,,,,,,,0.0,0.0,,,,1,0,0,1,1,1,1,0,1,1,1,0,1,1,1,1,1,40.0,1.0,0.0,230.0
9,3.5,6,5 6,770.0,560.0,210.0,560.0,6.0,,,,,1000.0,5,51,51038,Manfia,RESTORE,4,1.0,,,,,0,5,3,,,,,10.0,10.0,,,,1,1.0,,,,,,,,,2.0,2.0,,,,0,0,0,0,0,0,1,1,1,0,1,0,1,0,1,1,1,47.0,,0.0,220.0
4,4.0,2,6,800.0,500.0,300.0,,2.0,,,,,,7,72,72005,MOBIOKOUA,COMPARISON,4,1.0,,,,,1,3,5,,,,,97.0,97.0,,,,1,1.0,,,,2,2,,,,2.0,0.0,,,,0,0,0,0,0,0,0,0,1,1,1,0,1,0,0,1,1,52.0,3.0,1.0,200.0
2,2.0,2,0,1823.0,1103.0,720.0,,1.0,,,,,,4,41,41015,TAOULOKE,COMPARISON,0,1.0,,,,,0,5,5,,,,,2.0,,,,,2,,,,,,,,,,0.0,,,,,1,0,1,1,1,1,0,1,1,1,1,0,1,1,1,1,1,36.0,,0.0,911.5
7,10.0,4,0,2210.0,2000.0,210.0,,3.0,,,,,,7,74,74003,BOHOUIN,COMPARISON,4,1.0,,,,,0,5,97,,,,,,,,,,1,1.0,,,,,97,,,,0.0,0.0,,,,0,0,0,0,0,1,1,1,0,0,1,1,1,0,1,1,1,74.0,3.0,1.0,221.0
6,9.0,6,0,800.0,480.0,320.0,480.0,2.0,,,,,1000.0,4,41,41002,DJEKA,COMPARISON,0,2.0,,,,,0,4,4,,,,,8.0,8.0,8.0,,,4,4.0,4.0,,,,97,97,,,0.0,0.0,0.0,,,1,0,0,1,0,1,1,0,1,0,1,0,1,1,1,1,1,55.0,,0.0,88.88888888888889
4,1.5,1,0,90.0,60.0,30.0,60.0,,,,,,1000.0,4,41,41002,DJEKA,COMPARISON,0,2.0,,,,,0,3,5,,,,,11.0,,,,,4,,,,,97,,,,,0.0,,,,,1,0,1,1,1,1,1,0,1,0,1,0,0,0,0,1,1,42.0,2.0,0.0,60.0
4,3.0,2,0,600.0,500.0,100.0,,2.0,,,,,,4,41,41009,DONIE,COMPARISON,4,1.0,,,,,0,4,5,,,,,6.0,5.0,,,,1,1.0,,,,5,2,,,,0.0,0.0,,,,0,0,0,0,0,1,0,1,1,1,1,0,1,0,0,1,1,31.0,6.0,0.0,200.0
6,3.0,3,0,1000.0,700.0,300.0,,1.0,,,,,,7,73,73004,Agbaou,COMPARISON,4,3.0,,,,,0,1,4,,,,,1.0,,,,,1,,,,,,,,,,0.0,,,,,0,0,0,0,0,1,1,1,1,0,1,0,1,0,1,1,1,49.0,3.0,1.0,333.3333333333333
12,13.0,6,10,3120.0,2400.0,720.0,2400.0,3.0,,,,,12.5,5,51,51054,Amian-Kouassikro,COMPARISON,0,2.0,,,,,0,3,3 4,3 4,3 4,,,11.0,11.0,11.0,,,1,1.0,1.0,,,,,97,,,0.0,0.0,0.0,,,1,0,1,0,0,1,0,1,1,1,1,1,1,1,1,1,1,53.0,1.0,0.0,240.0
9,1.0,6,10,15.0,10.0,5.0,,97.0,,,,,,7,71,71007,Bassadzin,RESTORE,4,1.0,,,,,0,1,5 97,,,,,,,,,,1,,,,,3,,,,,0.0,,,,,0,0,0,0,0,0,0,0,0,1,1,0,1,0,0,1,1,53.0,7.0,1.0,15.0
4,4.0,3,13,210.0,140.0,70.0,140.0,1.0,,,,,900.0,5,51,51020,Améakro,RESTORE,4,1.0,,,,,0,4,4,4,,,,9.0,4.0,,,,1,1.0,,,,,,,,,0.0,2.0,,,,0,0,0,0,0,1,0,1,1,0,1,1,1,0,1,1,1,36.0,5.0,0.0,52.5
5,8.0,5,0,4350.0,3375.0,975.0,3375.0,1.0,,,,,1000.0,5,51,51001,Adahou,COMPARISON,4,1.0,,,,,0,6,4 5,,,,,1.0,,,,,1,,,,,,,,,,2.0,,,,,0,0,0,0,0,1,1,1,1,1,1,0,1,0,1,1,1,46.0,1.0,1.0,543.75
6,0.5,5,6,120.0,80.0,40.0,80.0,1.0,,,,,1000.0,6,64,64001,Alakro,COMPARISON,4,1.0,,,,,0,6,2,,,,,9.0,,,,,1,,,,,,,,,,2.0,,,,,0,1,1,1,0,0,0,0,1,1,0,0,1,0,1,1,0,50.0,1.0,1.0,240.0
7,3.0,4,0,560.0,400.0,160.0,400.0,2.0,,,,,1000.0,4,41,41024,POUTOU,RESTORE,0,2.0,,,,,0,3,3,,,,,8.0,,,,,4,4.0,4.0,,,,97,97,,,0.0,3.0,0.0,,,0,0,1,1,1,1,1,0,1,1,1,0,1,1,1,1,1,45.0,,0.0,186.66666666666666
4,2.0,2,10,200.0,150.0,50.0,,1.0,,,,,,7,71,71008,Mafa-Mafou,RESTORE,4,1.0,,,,,0,5,97,,,,,1.0,1.0,,,,1,1.0,,,,,97,,,,0.0,0.0,,,,1,0,0,1,0,0,1,0,1,0,1,0,1,1,1,1,0,67.0,5.0,1.0,100.0
6,3.0,3,0,2000.0,1500.0,500.0,,2.0,,,,,,4,41,41017,BEOUE,RESTORE,0,2.0,,,,,0,4,4,,,,,6.0,,8.0,,,4,4.0,4.0,,,,97,97,,,0.0,3.0,0.0,,,0,0,0,1,1,1,1,0,1,1,1,0,1,1,1,1,1,36.0,1.0,1.0,666.6666666666666
8,7.0,6,97,2640.0,1920.0,720.0,1920.0,2.0,,,,,1000.0,4,41,41017,BEOUE,RESTORE,2,1.0,,,,,0,5,5,5,,,,10.0,10.0,1.0,1.0,1.0,4,4.0,4.0,4.0,4.0,,,,,,0.0,0.0,3.0,3.0,3.0,1,0,1,1,0,0,0,0,1,1,1,0,1,1,1,1,1,43.0,3.0,1.0,377.14285714285717
2,3.0,6,0,562.5,450.0,112.5,450.0,1.0,,,,,12.0,5,51,51024,Koitienko,RESTORE,4,1.0,,,,,1,2,5,,,,,10.0,10.0,,,,1,1.0,,,,,97,,,,0.0,0.0,,,,0,0,0,0,0,0,0,0,1,0,1,1,1,0,1,1,1,65.0,1.0,0.0,187.5
7,0.0,6,7,400.0,300.0,100.0,,97.0,,,,,,7,72,72005,MOBIOKOUA,COMPARISON,4,1.0,,,,,0,3,5,,,,,1.0,7.0,1.0,,,1,1.0,1.0,,,,97,97,,,0.0,0.0,0.0,,,0,0,0,0,0,1,1,0,1,1,1,0,1,0,1,1,1,55.0,3.0,0.0,inf
6,0.0,4,9,240.0,180.0,60.0,180.0,1.0,,,,,900.0,5,51,51046,Kabrankro,COMPARISON,4,1.0,,,,,1,1,5,,,,,,,,,,1,,,,,97,,,,,2.0,,,,,0,0,0,0,0,1,0,0,0,0,1,0,1,1,0,1,1,66.0,1.0,1.0,inf
8,8.0,3,0,3000.0,2000.0,1000.0,,1.0,,,,,,4,41,41001,TEPOIBOKE,COMPARISON,3,3.0,,,,,0,6,5,5,,,,6.0,2.0,,,,4,2.0,,,,,,,,,0.0,0.0,,,,1,0,1,1,1,1,0,1,1,0,1,0,1,1,1,1,1,37.0,,0.0,375.0
5,6.0,4,0,560.0,320.0,240.0,320.0,2.0,,,,,1000.0,5,51,51025,Kouadiokro,RESTORE,0,1.0,,,,,0,2,4 5,,,,,10.0,,,,,1,,,,,,,,,,0.0,,,,,0,1,1,1,1,1,1,1,1,1,1,1,1,1,1,1,1,42.0,2.0,1.0,93.33333333333333
7,5.0,5,6,1610.0,1400.0,210.0,1400.0,6.0,,,,,900.0,5,51,51036,Ahuasso,RESTORE,4,1.0,,,,,0,6,5,5,,,,,,,,,1,1.0,,,,,5,,,,2.0,2.0,,,,1,0,1,1,0,1,0,1,0,1,1,0,1,0,1,1,1,44.0,3.0,1.0,322.0
4,4.0,6,0,577.0,467.0,110.0,,1.0,,,,,,7,71,71005,Biasso,RESTORE,4,1.0,,,,,0,6,97,,,,,,,,,,1,1.0,,,,,,,,,2.0,2.0,,,,0,0,0,1,0,1,1,1,0,1,1,1,1,0,1,1,1,57.0,,0.0,144.25
3,4.0,3,9,100.0,50.0,50.0,50.0,97.0,,,,,1000.0,5,53,53001,Kokonou,COMPARISON,4,1.0,,,,,1,3,2,,,,,1.0,1.0,,,,1,1.0,,,,,,,,,1.0,1.0,,,,0,0,0,0,0,1,0,1,1,1,1,0,1,0,1,1,1,67.0,,1.0,25.0
4,5.0,2,10,25.0,25.0,0.0,,1.0,,,,,,6,64,64002,Kouadioukro,COMPARISON,4,1.0,,,,,0,4,5,,,,,1.0,1.0,,,,1,1.0,,,,,97,,,,0.0,0.0,,,,0,0,1,1,0,1,1,1,1,0,0,0,1,0,1,1,1,34.0,5.0,1.0,5.0
8,4.0,5,97,3000.0,2625.0,375.0,2625.0,1.0,,,,,1000.0,5,51,51012,Zaranou,COMPARISON,4,1.0,,,,,0,4,5,5,5,,,,,,,,1,1.0,1.0,,,,,,,,2.0,0.0,0.0,,,0,0,0,1,0,1,0,0,0,0,0,0,1,0,1,1,1,47.0,1.0,1.0,750.0
10,8.800000190734863,6,0,3150.0,2100.0,1050.0,2100.0,2.0,,,,,1000.0,4,41,41019,KARIE,RESTORE,0,1.0,,,,,0,7,5,,,,,8.0,,,,,4,,,,,,,,,,3.0,,,,,0,0,0,1,0,1,1,1,1,0,1,0,1,1,1,1,1,38.0,1.0,0.0,357.9545376960898
1,3.0,6,13,300.0,200.0,100.0,,1.0,,,,,,7,71,71012,MAMINI,COMPARISON,4,1.0,,,,,0,2,5,,,,,4.0,,,,,4,,,,,,,,,,0.0,,,,,0,0,0,1,0,1,0,1,1,0,1,0,1,0,1,1,1,65.0,3.0,0.0,100.0
12,15.0,1,0,1120.0,560.0,560.0,560.0,2.0,,,,,1000.0,5,51,51025,Kouadiokro,RESTORE,3,4.0,,,,,0,4,5,5,5,,,,,,,,2,2.0,2.0,,,,11,,,,0.0,0.0,0.0,,,0,0,0,0,0,1,0,1,0,1,1,0,1,1,1,1,1,47.0,,1.0,74.66666666666667
8,2.0,4,97,950.0,800.0,150.0,,1.0,,,,,,5,51,51008,Adjoumani-Kouassikro,COMPARISON,3,3.0,,,,,0,5,5,,,,,1.0,,,,,1,,,,,,,,,,0.0,,,,,0,0,0,1,1,1,1,0,1,1,1,0,1,0,1,1,1,42.0,5.0,0.0,475.0
9,0.0,5,0,590.0,460.0,130.0,,,,,,,,4,41,41010,IBO2,COMPARISON,0,4.0,,,,,0,1,5,5,,,,6.0,1.0,,,,1,1.0,,,,,11,,,,0.0,0.0,,,,1,0,0,0,1,1,1,1,1,0,0,0,0,1,1,1,1,45.0,,0.0,inf
6,9.0,6,0,3000.0,2000.0,1000.0,,1.0,,,,,,6,61,61001,Abongoua,RESTORE,4,1.0,,,,,0,5,2 97,,,,,,1.0,,,,1,1.0,,,,,,,,,0.0,0.0,,,,0,0,1,1,1,1,1,0,1,0,1,1,1,0,1,1,1,53.0,1.0,1.0,333.3333333333333
7,5.5,3,97,500.0,500.0,0.0,,97.0,,,,,,7,71,71013,BOUDEPE,COMPARISON,4,1.0,,,,,0,1,97,,,,,10.0,9.0,10.0,97.0,97.0,1,1.0,1.0,1.0,1.0,,,97,97,97,0.0,0.0,0.0,0.0,0.0,0,0,0,1,0,0,1,0,1,1,1,0,1,0,1,1,1,40.0,5.0,1.0,90.9090909090909
2,3.0,3,0,240.0,160.0,80.0,160.0,1.0,,,,,775.0,5,51,51001,Adahou,COMPARISON,4,1.0,,,,,0,2,5,5,,,,9.0,9.0,,,,1,1.0,,,,,,,,,3.0,2.0,,,,0,0,1,1,0,1,0,1,1,1,1,1,1,0,1,1,1,47.0,1.0,1.0,80.0
5,8.0,6,6 10,800.0,500.0,300.0,,1.0,,,,,,5,51,51046,Kabrankro,COMPARISON,4,1.0,,,,,0,5,,4,,,,8.0,10.0,10.0,,,1,1.0,1.0,,,,,,,,0.0,0.0,0.0,,,1,0,1,1,0,0,0,0,1,1,1,0,1,1,1,1,1,71.0,,0.0,100.0
7,5.0,2,97,70.0,70.0,0.0,70.0,1.0,,,,,900.0,5,51,51024,Koitienko,RESTORE,4,1.0,,,,,0,5,5,,,,,,,,,,1,,,,,,,,,,0.0,,,,,0,0,0,0,0,1,0,0,0,1,1,1,1,1,1,1,1,37.0,3.0,1.0,14.0
4,4.0,6,9,720.0,480.0,240.0,480.0,2.0,,,,,1000.0,5,54,54001,Akacomoékro,RESTORE,4,1.0,,,,,1,6,2,,,,,10.0,10.0,,,,1,1.0,,,,3,,,,,1.0,1.0,0.0,,,0,0,0,0,0,0,0,1,1,1,1,0,1,0,1,1,1,63.0,,1.0,180.0
14,11.0,6,0,1560.0,1200.0,360.0,1200.0,2.0,,,,,1000.0,4,41,41017,BEOUE,RESTORE,1,2.0,,,,,0,7,5,,,,,10.0,10.0,,,,4,4.0,,,,,,,,,3.0,0.0,,,,0,0,0,1,0,0,0,1,1,1,1,0,1,1,1,1,1,44.0,,0.0,141.8181818181818
13,11.0,4,0,2600.0,1625.0,975.0,1820.0,2.0,,,,,1000.0,4,41,41022,PARA,RESTORE,0,2.0,,,,,0,7,5,5,,,,10.0,10.0,10.0,,,4,4.0,4.0,,,,,,,,3.0,3.0,0.0,,,1,0,0,1,1,1,1,1,1,1,1,1,1,1,1,1,1,48.0,,0.0,236.36363636363637
5,19.0,6,7,775.0,475.0,300.0,,,,,,,,4,41,41001,TEPOIBOKE,COMPARISON,4,1.0,,,,,0,6,5,,,,,97.0,11.0,,,,4,4.0,,,,,,,,,0.0,0.0,,,,0,0,0,1,1,1,0,0,1,1,0,0,0,1,1,1,1,42.0,1.0,0.0,40.78947368421053
4,6.5,4,10,380.0,300.0,80.0,,1.0,,,,,,7,74,74003,BOHOUIN,COMPARISON,4,1.0,,,,,0,5,97,,,,,1.0,,,,,1,1.0,1.0,,,,,97,,,2.0,0.0,2.0,,,0,1,0,1,0,1,1,0,1,1,1,1,1,0,1,1,1,59.0,1.0,1.0,58.46153846153846
12,7.5,6,0,2200.0,1500.0,700.0,,2.0,,,,,,4,41,41004,FETE,COMPARISON,0,2.0,,,,,0,7,5,5,,,,6.0,6.0,,,,4,4.0,,,,,,,,,0.0,0.0,,,,1,0,0,1,1,1,1,1,1,1,1,1,1,1,1,1,1,51.0,,0.0,293.3333333333333
7,10.0,5,0,2300.0,2000.0,300.0,,2.0,,,,,,4,41,41024,POUTOU,RESTORE,3,2.0,,,,,0,4,5,,,,,6.0,6.0,6.0,6.0,,4,4.0,4.0,4.0,,,97,97,97,,0.0,3.0,3.0,3.0,,1,0,1,1,0,1,1,1,1,1,1,0,1,1,1,1,1,34.0,0.0,1.0,230.0
10,8.0,2,10,500.0,400.0,100.0,,1.0,,,,,,5,52,52001,Akakro,COMPARISON,4,1.0,,,,,0,5,97,,,,,8.0,,,,,1,,,,,,,,,,0.0,,,,,0,1,1,1,1,1,1,1,1,1,1,0,1,1,1,1,1,47.0,4.0,1.0,62.5
3,3.0,6,11,3150.0,2450.0,700.0,2450.0,2.0,,,,,1000.0,5,51,51009,Affalikro,COMPARISON,4,1.0,,,,,1,4,5,5,5,,,10.0,9.0,10.0,,,1,1.0,1.0,,,,,,,,1.0,1.0,1.0,,,0,1,0,1,1,1,0,1,1,1,1,0,1,1,1,1,0,60.0,1.0,1.0,1050.0
3,1.2999999523162842,3,0,2016.0,1500.0,516.0,,1.0,,,,,,7,73,73003,Affery,COMPARISON,4,1.0,,,,,0,5,5,,,,,10.0,,,,,1,,,,,,,,,,0.0,,,,,0,1,0,0,0,1,1,1,1,0,1,1,1,0,1,1,1,46.0,5.0,0.0,1550.7692876511092
4,2.0,6,11,640.0,560.0,80.0,560.0,1.0,,,,,1000.0,5,51,51038,Manfia,RESTORE,4,1.0,,,,,0,4,5,,,,,,,,,,2,1.0,,,,11,,,,,0.0,0.0,,,,0,0,0,1,0,1,0,0,0,0,0,1,1,0,1,1,0,36.0,1.0,1.0,320.0
3,10.0,3,0,539.0,385.0,154.0,385.0,,,,,,1000.0,7,75,75001,ASSE ORIé,COMPARISON,4,1.0,,,,,1,1,5,,,,,,,,,,2,,,,,4,,,,,3.0,,,,,0,0,0,1,0,0,0,0,0,1,1,0,0,0,0,1,1,70.0,,1.0,53.9
8,5.0,4,0,104.0,104.0,0.0,,97.0,,,,,,7,71,71006,Nyan,RESTORE,4,1.0,,,,,0,5,97,,,,,10.0,10.0,,,,1,1.0,,,,97,,,,,3.0,0.0,,,,0,0,0,1,0,0,0,0,1,1,1,0,1,0,1,1,1,60.0,1.0,1.0,20.8
6,5.0,2,10,160.0,120.0,40.0,,1.0,,,,,,7,73,73004,Agbaou,COMPARISON,4,3.0,,,,,0,8,5,,,,,,,,,,1,,,,,,,,,,0.0,,,,,1,1,0,1,0,1,1,1,0,1,1,1,1,0,1,1,1,50.0,,1.0,32.0
6,1.5,3,0,255.0,170.0,85.0,170.0,2.0,,,,,1000.0,4,41,41003,GBAROU,COMPARISON,0,4.0,,,,,0,5,5,,,,,8.0,8.0,,,,4,4.0,4.0,,,97,97,97,,,0.0,0.0,0.0,,,1,0,0,1,1,1,1,0,1,1,1,1,1,1,0,1,0,34.0,,0.0,170.0
6,3.5,2,0,160.0,110.0,50.0,,97.0,,,,,,4,41,41037,IRATO,COMPARISON,2,1.0,,,,,0,3,5,,,,,10.0,10.0,10.0,,,1,1.0,1.0,,,,97,97,,,0.0,0.0,3.0,,,0,0,1,1,1,1,1,0,1,1,1,0,1,0,1,1,1,39.0,,1.0,45.714285714285715
5,3.5,3,9,360.0,240.0,120.0,240.0,1.0,,,,,1000.0,5,51,51001,Adahou,COMPARISON,4,1.0,,,,,1,8,4 5,5,,,,9.0,1.0,,,,1,1.0,,,,,3,,,,3.0,0.0,,,,0,0,0,0,0,1,1,1,1,1,1,1,1,1,1,1,1,67.0,1.0,1.0,102.85714285714286
7,6.0,3,6,240.0,120.0,120.0,120.0,4.0,,,,,1000.0,5,51,51001,Adahou,COMPARISON,4,1.0,,,,,1,5,4 5,,,,,9.0,9.0,9.0,,,1,1.0,1.0,,,,,97,,,0.0,0.0,0.0,,,0,0,0,1,0,0,0,1,1,0,1,1,1,0,1,1,1,52.0,1.0,1.0,40.0
4,3.0,6,0,240.0,160.0,80.0,160.0,2.0,,,,,1000.0,6,64,64002,Kouadioukro,COMPARISON,4,1.0,,,,,1,4,5,,,,,11.0,10.0,,,,1,1.0,,,,,,,,,0.0,0.0,,,,0,0,0,0,0,1,0,0,1,1,0,1,1,0,1,1,1,54.0,,1.0,80.0
8,2.5,6,0,220.0,150.0,70.0,,1.0,,,,,,6,61,61001,Abongoua,RESTORE,4,4.0,,,,,0,5,2 4,,,,,1.0,,,,,1,,,,,,,,,,0.0,,,,,0,0,0,1,0,1,1,1,1,0,1,1,1,0,1,1,1,64.0,2.0,1.0,88.0
7,5.0,3,0,650.0,500.0,150.0,,4.0,,,,,,5,51,51028,Ananguié,RESTORE,4,2.0,,,,,0,5,5,,,,,1.0,,,,,1,,,,,,,,,,0.0,,,,,0,0,0,0,0,1,1,0,1,1,1,1,1,0,1,1,1,30.0,3.0,1.0,130.0
2,4.0,5,0,2349.0,2088.0,261.0,2088.0,1.0,,,,,1000.0,7,73,73003,Affery,COMPARISON,4,1.0,,,,,0,5,5,,,,,10.0,,,,,1,,,,,,,,,,2.0,,,,,0,0,0,1,0,1,1,0,1,0,1,1,1,0,1,1,1,43.0,1.0,1.0,587.25
9,0.0,2,97,340.0,225.0,115.0,,1.0,,,,,,7,72,72005,MOBIOKOUA,COMPARISON,4,1.0,,,,,0,5,5,,,,,1.0,1.0,1.0,,,1,1.0,1.0,,,,97,97,,,0.0,0.0,0.0,,,0,0,1,0,0,1,1,0,1,1,1,0,1,0,1,1,1,48.0,3.0,1.0,inf
4,4.0,4,0,3500.0,2000.0,1500.0,,2.0,,,,,,4,41,41021,NIGRE,RESTORE,0,2.0,,,,,0,7,3 4,,,,,6.0,,,,,4,4.0,,,,,97,,,,0.0,3.0,,,,1,0,1,1,0,1,1,0,1,0,1,1,1,1,1,1,1,37.0,4.0,1.0,875.0
6,3.5,2,0,1500.0,1100.0,400.0,,2.0,,,,,,4,41,41019,KARIE,RESTORE,0,1.0,,,,,0,8,5,,,,,4.0,4.0,,,,4,4.0,,,,,97,,,,0.0,3.0,,,,1,0,0,1,0,1,1,1,1,1,1,1,1,0,1,1,1,43.0,1.0,0.0,428.57142857142856
4,2.5,4,13,420.0,280.0,140.0,280.0,2.0,,,,,14.285714149475098,5,51,51014,ABRONAMOUE,COMPARISON,4,1.0,,,,,0,6,5,,,,,1.0,1.0,,,,1,1.0,,,,,1,,,,0.0,2.0,,,,0,1,0,1,0,1,1,0,1,1,1,1,1,1,1,1,1,53.0,3.0,1.0,168.0
5,3.5,5,0,320.0,240.0,80.0,240.0,1.0,,,,,1000.0,7,73,73002,Adiaoukoi,COMPARISON,1,4.0,,,,,0,4,3 4 5,,,,,,,,,,1,1.0,,,,,,,,,0.0,0.0,,,,1,0,0,1,1,1,0,1,0,1,1,1,1,0,1,1,1,51.0,1.0,0.0,91.42857142857143
3,4.0,1,0,275.0,200.0,75.0,,97.0,,,,,,7,71,71013,BOUDEPE,COMPARISON,4,3.0,,,,,0,4,5,,,,,97.0,,,,,4,,,,,,,,,,0.0,,,,,0,0,1,1,0,0,0,0,1,0,1,1,1,1,1,1,1,43.0,97.0,0.0,68.75
6,4.0,5,9,700.0,525.0,175.0,525.0,2.0,,,,,1000.0,5,53,53005,N'DRIKRO,COMPARISON,4,1.0,,,,,0,3,97,97,,,,10.0,10.0,1.0,,,1,1.0,1.0,,,,,,,,2.0,2.0,2.0,,,0,1,1,1,1,1,0,1,1,1,1,0,1,0,1,1,1,50.0,1.0,1.0,175.0
5,2.5,4,0,425.0,340.0,85.0,340.0,2.0,,,,,9.411765098571776,5,51,51018,Kouassi-Béniékro,RESTORE,4,4.0,,,,,0,8,4 5,,,,,9.0,,,,,1,,,,,,,,,,0.0,,,,,1,0,1,0,0,1,1,1,1,1,1,0,1,0,1,1,1,43.0,1.0,1.0,170.0
3,6.0,6,0,2100.0,1750.0,350.0,1750.0,1.0,,,,,1000.0,5,51,51025,Kouadiokro,RESTORE,4,1.0,,,,,0,5,4 5,,,,,10.0,,,,,1,,,,,,1,,,,0.0,,,,,0,0,0,0,0,0,1,1,1,1,1,0,1,0,1,1,1,53.0,1.0,0.0,350.0
6,4.0,4,0,800.0,600.0,200.0,600.0,2.0,,,,,1000.0,4,41,41003,GBAROU,COMPARISON,0,2.0,,,,,0,3,5,,,,,8.0,,,,,4,4.0,,,,,97,,,,0.0,3.0,,,,1,0,0,1,1,1,1,0,1,1,1,0,1,1,1,1,1,40.0,,0.0,200.0
4,5.0,1,0,100.0,100.0,0.0,,,,,,,,6,62,62001,Tioumoukro,COMPARISON,4,1.0,,,,,0,3,2 4,,,,,1.0,1.0,,,,1,1.0,,,,,,,,,0.0,0.0,,,,0,0,0,0,0,1,1,1,1,0,1,1,0,0,1,1,1,49.0,,1.0,20.0
1,4.5,1,13,250.0,200.0,50.0,,,,,,,,4,41,41013,NIRO,COMPARISON,2,4.0,,,,,0,4,5,,,,,1.0,1.0,1.0,,,1,1.0,1.0,,,2,,2,,,2.0,2.0,0.0,,,0,0,0,0,0,0,0,1,1,1,1,0,0,0,1,1,1,63.0,3.0,1.0,55.55555555555556
7,0.0,3,0,700.0,600.0,100.0,,1.0,,,,,,6,61,61001,Abongoua,RESTORE,4,1.0,,,,,0,5,4,,,,,1.0,,,,,1,1.0,,,,,97,,,,2.0,0.0,,,,0,0,0,0,0,1,1,0,1,0,1,1,1,0,1,1,1,45.0,5.0,1.0,inf
3,2.0,6,0,240.0,180.0,60.0,180.0,1.0,,,,,800.0,5,51,51038,Manfia,RESTORE,4,3.0,,,,,0,1,5,,,,,,,,,,1,,,,,,,,,,2.0,,,,,0,0,0,0,0,1,0,1,0,0,0,0,1,0,1,1,1,66.0,,0.0,120.0
5,2.0,4,0,1690.0,1170.0,520.0,1170.0,2.0,,,,,1000.0,4,41,41020,MAHINO2,RESTORE,0,2.0,,,,,0,7,5,,,,,8.0,,,,,4,,,,,,,,,,0.0,,,,,1,0,1,1,1,1,0,0,1,1,1,0,1,1,1,1,1,41.0,2.0,0.0,845.0
13,8.25,3,0,450.0,300.0,150.0,,3.0,,,,,,4,41,41016,TATE1,COMPARISON,2,1.0,,,,,0,7,5,5,,,,10.0,10.0,10.0,9.0,10.0,1,1.0,1.0,1.0,1.0,,,,,,0.0,0.0,0.0,0.0,0.0,1,0,1,1,1,1,1,1,1,1,1,1,1,0,1,1,1,43.0,,0.0,54.54545454545455
5,4.5,4,0,1500.0,1000.0,500.0,,2.0,,,,,,4,41,41030,SOTO,RESTORE,1,2.0,,,,,0,4,5,,,,,2.0,,,,,4,4.0,,,,,97,,,,0.0,3.0,,,,1,0,0,1,0,1,1,1,1,1,1,0,1,1,1,1,1,48.0,,0.0,333.3333333333333
7,0.0,5,6,900.0,540.0,360.0,,1.0,,,,,,5,53,53005,N'DRIKRO,COMPARISON,3,4.0,,,,,0,5,5,,,,,,,,,,2,2.0,,,,,,,,,0.0,0.0,,,,0,0,0,1,0,1,1,1,0,0,1,1,1,1,1,1,1,44.0,1.0,1.0,inf
12,27.0,3,7,1300.0,800.0,500.0,,,,,,,,4,41,41009,DONIE,COMPARISON,0,2.0,,,,,0,5,5,,,,,8.0,8.0,,,,4,4.0,,,,,,,,,0.0,0.0,,,,1,0,1,1,1,0,0,0,1,1,1,0,0,0,1,1,1,52.0,1.0,0.0,48.148148148148145
15,48.0,6,6,25000.0,20000.0,5000.0,,2.0,,,,,,4,41,41019,KARIE,RESTORE,0,2.0,,,,,0,8,3,5,5,,,1.0,1.0,1.0,1.0,1.0,4,4.0,4.0,4.0,4.0,,,,,97,0.0,0.0,0.0,0.0,3.0,1,0,0,1,1,1,1,1,1,1,1,1,1,1,1,1,1,31.0,3.0,1.0,520.8333333333334
6,5.0,6,97,2800.0,2590.0,210.0,2590.0,1.0,,,,,1000.0,5,51,51011,N'Gouanda,COMPARISON,4,1.0,,,,,0,2,4 5,5,5,,,,,,,,1,1.0,1.0,,,,97,,,,0.0,0.0,0.0,,,0,1,1,1,0,1,0,0,0,1,0,0,1,1,1,1,1,49.0,3.0,0.0,560.0
4,5.0,2,9,420.0,360.0,60.0,,1.0,,,,,,7,74,74006,Monin,COMPARISON,4,1.0,,,,,0,5,4,,,,,,1.0,,,,1,1.0,,,,,,,,,0.0,0.0,,,,0,0,1,1,0,0,0,0,1,0,1,0,1,0,1,1,1,60.0,1.0,1.0,84.0
4,2.0,6,0,215.0,115.0,65.0,,2.0,,,,,,7,71,71009,Yakassé-Mé,RESTORE,4,1.0,,,,,1,1,5,,,,,,,,,,1,1.0,,,,11,4,,,,0.0,0.0,,,,0,0,0,0,0,0,0,0,0,1,1,0,1,0,0,1,0,55.0,3.0,0.0,107.5
1,5.5,2,0,130.0,80.0,50.0,,1.0,,,,,,4,41,41009,DONIE,COMPARISON,0,2.0,,,,,0,3,5,,,,,2.0,10.0,10.0,,,4,4.0,4.0,,,,2,2,,,2.0,2.0,2.0,,,0,0,0,0,0,1,0,1,1,1,1,0,1,0,1,1,1,49.0,,0.0,23.636363636363637
8,2.75,2,0,35.0,20.0,15.0,,2.0,,,,,,4,41,41016,TATE1,COMPARISON,2,1.0,,,,,0,1,5,,,,,10.0,10.0,10.0,10.0,,1,1.0,1.0,1.0,,,,,4,,0.0,0.0,0.0,0.0,,0,0,1,1,1,1,1,1,1,1,1,0,1,0,1,1,0,70.0,1.0,1.0,12.727272727272727
11,8.0,4,0,2520.0,1800.0,720.0,1800.0,2.0,,,,,1000.0,4,41,41039,HANNIE,COMPARISON,4,1.0,,,,,0,8,5,,,,,8.0,11.0,8.0,,,4,4.0,4.0,,,,,,,,0.0,2.0,0.0,,,1,0,1,1,1,1,0,0,1,1,1,0,1,1,1,1,1,47.0,,0.0,315.0
6,9.0,4,10,4.0,2.5,1.5,,2.0,,,,,,4,41,41004,FETE,COMPARISON,2,1.0,,,,,0,5,5,,,,,8.0,8.0,8.0,,,4,4.0,4.0,,,,,9,,,2.0,2.0,2.0,,,1,1,1,1,1,1,0,1,1,1,1,1,1,1,1,1,1,60.0,3.0,0.0,0.4444444444444444
7,3.5,6,10,450.0,300.0,150.0,,2.0,,,,,,4,41,41021,NIGRE,RESTORE,2,1.0,,,,,0,6,5,,,,,1.0,1.0,1.0,,,4,1.0,1.0,,,,,97,,,0.0,0.0,3.0,,,1,0,1,1,1,1,1,0,1,0,1,1,1,0,1,1,1,53.0,1.0,0.0,128.57142857142858
5,4.0,2,0,2860.0,2275.0,585.0,2275.0,2.0,,,,,1000.0,4,41,41004,FETE,COMPARISON,1,2.0,,,,,0,7,5,,,,,8.0,,,,,4,,,,,,,,,,0.0,,,,,1,0,0,1,1,1,1,0,1,1,1,0,1,1,1,1,1,40.0,1.0,0.0,715.0
5,2.0,3,0,450.0,300.0,150.0,,2.0,,,,,,7,74,74003,BOHOUIN,COMPARISON,4,1.0,,,,,0,5,5 97,,,,,,,,,,2,,,,,,,,,,0.0,,,,,1,0,0,1,0,0,0,1,0,1,1,1,1,0,1,1,1,44.0,,0.0,225.0
3,7.0,1,97,180.0,100.0,80.0,,2.0,,,,,,4,41,41011,KLODIO,COMPARISON,2,1.0,,,,,0,4,5,,,,,1.0,1.0,9.0,10.0,,1,1.0,1.0,1.0,,,2,2,2,,2.0,2.0,0.0,3.0,,0,0,0,0,1,1,0,1,1,1,1,0,1,0,1,1,1,67.0,4.0,1.0,25.714285714285715
6,6.25,6,6,2465.0,2040.0,425.0,2040.0,1.0,,,,,1000.0,5,51,51036,Ahuasso,RESTORE,4,1.0,,,,,0,5,4,4,4,,,1.0,5.0,5.0,,,1,1.0,1.0,,,,,,,,0.0,0.0,0.0,,,1,0,0,1,0,0,0,0,1,0,1,0,1,0,1,1,1,69.0,4.0,0.0,394.4
8,6.0,6,0,4200.0,3000.0,1200.0,,2.0,,,,,,4,41,41019,KARIE,RESTORE,0,1.0,,,,,0,6,5,,,,,4.0,,,,,4,,,,,,,,,,0.0,,,,,1,0,1,1,0,1,1,1,1,1,1,0,1,1,1,1,1,35.0,4.0,0.0,700.0
6,4.0,6,13,980.0,700.0,280.0,700.0,1.0,,,,,900.0,5,51,51024,Koitienko,RESTORE,4,1.0,,,,,0,5,4,,,,,9.0,,,,,1,,,,,,,,,,0.0,,,,,0,0,0,0,0,1,0,1,1,1,1,1,1,1,1,1,1,63.0,1.0,0.0,245.0
6,13.0,6,0,3800.0,3000.0,800.0,,2.0,,,,,,4,41,41017,BEOUE,RESTORE,1,2.0,,,,,0,3,3,,,,,10.0,10.0,10.0,10.0,10.0,4,4.0,4.0,4.0,4.0,,97,97,97,97,0.0,0.0,0.0,3.0,0.0,1,0,0,1,0,1,1,0,1,0,1,0,1,1,1,1,1,53.0,,0.0,292.3076923076923
4,6.0,4,0,480.0,300.0,180.0,,2.0,,,,,,7,71,71012,MAMINI,COMPARISON,4,4.0,,,,,0,4,5,5,,,,10.0,10.0,10.0,,,1,1.0,1.0,,,2,2,2,,,2.0,0.0,0.0,,,0,0,0,0,0,1,0,1,1,1,1,0,1,0,0,1,1,60.0,1.0,0.0,80.0
9,6.0,6,10,1411.0,1314.0,97.0,,1.0,,,,,,7,75,75001,ASSE ORIé,COMPARISON,4,1.0,,,,,0,5,5,5,,,,1.0,1.0,,,,1,1.0,1.0,,,2,,97,,,0.0,0.0,0.0,,,0,0,0,0,0,1,1,0,1,1,1,1,1,1,1,1,1,51.0,1.0,1.0,235.16666666666666
10,7.75,6,97,720.0,400.0,320.0,400.0,1.0,,,,,12.5,5,53,53001,Kokonou,COMPARISON,0,2.0,,,,,0,4,5,,,,,2.0,,,,,4,,,,,,,,,,2.0,,,,,1,1,1,1,1,0,1,1,1,1,1,1,1,0,1,1,1,69.0,,0.0,92.90322580645162
15,17.5,6,97,4400.0,2400.0,2000.0,2400.0,2.0,,,,,1000.0,4,41,41030,SOTO,RESTORE,0,2.0,,,,,0,7,5,,,,,6.0,6.0,6.0,,,4,4.0,4.0,,,,,,,,0.0,0.0,0.0,,,1,0,1,1,1,0,0,0,1,1,1,1,1,1,1,1,1,65.0,,0.0,251.42857142857142
4,3.5,4,0,1500.0,500.0,1000.0,,1.0,,,,,,7,73,73004,Agbaou,COMPARISON,4,1.0,,,,,0,1,5,,,,,10.0,,,,,1,,,,,,,,,,0.0,,,,,0,1,1,1,0,1,1,1,1,0,1,1,1,0,1,1,1,58.0,3.0,1.0,428.57142857142856
5,4.0,2,0,80.0,50.0,30.0,,,,,,,,4,41,41006,TATE2,COMPARISON,2,1.0,,,,,0,3,5,,,,,97.0,1.0,,,,1,1.0,,,,,,,,,0.0,0.0,,,,0,0,1,0,0,1,0,0,1,1,0,0,0,0,1,1,1,54.0,,1.0,20.0
9,20.0,6,0,4500.0,3375.0,1125.0,3375.0,1.0,,,,,1000.0,7,72,72003,BOGUIé,COMPARISON,4,1.0,,,,,0,5,5,5,5,5,5.0,10.0,10.0,10.0,10.0,10.0,1,1.0,1.0,1.0,1.0,1,2,1,1,11,2.0,0.0,0.0,0.0,0.0,0,0,0,0,0,1,0,0,1,1,1,0,1,0,0,1,1,59.0,1.0,1.0,225.0
7,4.0,2,0,770.0,560.0,210.0,560.0,,,,,,1000.0,5,51,51054,Amian-Kouassikro,COMPARISON,0,2.0,,,,,0,2,5,,,,,10.0,8.0,,,,1,1.0,4.0,,,,97,97,,,2.0,0.0,2.0,,,1,1,0,1,0,0,0,1,1,0,1,0,0,0,1,1,1,44.0,,1.0,192.5
5,10.0,4,0,945.0,700.0,245.0,700.0,1.0,,,,,925.0,5,51,51023,Elinso,RESTORE,4,1.0,,,,,0,5,4,,,,,9.0,10.0,10.0,,,1,1.0,1.0,2.0,,,97,97,97,,0.0,0.0,0.0,0.0,,0,0,0,0,0,0,0,1,1,1,1,1,1,0,1,1,1,44.0,1.0,1.0,94.5
11,2.5,2,6,82.0,60.0,22.0,,2.0,,,,,,5,51,51047,Bossematié,COMPARISON,0,1.0,,,,,0,3,5,,,,,,1.0,,,,2,4.0,4.0,,,,,97,,,0.0,0.0,2.0,,,1,0,0,1,0,1,0,1,1,1,1,1,1,0,1,1,1,52.0,4.0,0.0,32.8
10,12.0,4,0,1760.0,1280.0,480.0,1280.0,1.0,,,,,1000.0,5,53,53005,N'DRIKRO,COMPARISON,4,1.0,,,,,0,10,2 5,,,,,10.0,,,,,1,,,,,,,,,,0.0,,,,,0,0,1,1,1,0,0,1,1,0,1,0,1,1,1,1,1,75.0,2.0,1.0,146.66666666666666
6,0.0,3,0,2500.0,1300.0,1200.0,,,,,,,,4,41,41014,SEH,COMPARISON,0,2.0,,,,,0,3,5,,,,,6.0,,,,,1,,,,,,,,,,0.0,,,,,1,0,0,1,1,1,1,1,1,0,0,1,0,0,1,1,1,43.0,,0.0,inf
9,4.0,1,0,33.0,20.0,13.0,,,,,,,,4,41,41008,DAHIOKE,COMPARISON,2,1.0,,,,,0,1,,5,,,,11.0,10.0,,,,1,1.0,,,,,,,,,3.0,3.0,,,,1,0,1,0,0,1,0,0,1,1,1,0,0,0,1,1,1,63.0,3.0,1.0,8.25
8,3.0,6,9,490.0,420.0,70.0,420.0,1.0,,,,,850.0,5,51,51030,Assémanou,RESTORE,4,1.0,,,,,1,8,5,,,,,,,,,,1,,,,,4,,,,,0.0,,,,,0,0,0,0,0,0,0,0,0,1,1,0,1,1,0,1,1,62.0,,1.0,163.33333333333334
15,17.0,2,0,3600.0,2400.0,1200.0,2400.0,2.0,,,,,1000.0,4,41,41017,BEOUE,RESTORE,0,2.0,,,,,1,6,5,,,,,10.0,10.0,,,,4,4.0,,,,,,,,,0.0,0.0,,,,0,0,1,1,0,0,0,1,1,1,1,1,1,1,1,1,1,47.0,,0.0,211.76470588235293
6,0.0,2,0,430.0,250.0,180.0,,1.0,,,,,,4,41,41014,SEH,COMPARISON,2,1.0,,,,,0,5,5,,,,,1.0,,,,,1,,,,,,,,,,0.0,,,,,1,0,1,1,1,1,0,1,1,1,0,0,1,0,1,1,1,33.0,1.0,1.0,inf
9,5.0,6,0,630.0,420.0,210.0,420.0,1.0,,,,,1000.0,5,51,51047,Bossematié,COMPARISON,0,1.0,,,,,0,5,5,,,,,,,,,,4,,,,,,,,,,2.0,,,,,0,0,0,1,1,1,0,1,0,0,1,0,1,0,1,1,1,55.0,,1.0,126.0
8,14.0,4,0,1350.0,990.0,360.0,990.0,6.0,,,,,1000.0,5,51,51005,Takima,COMPARISON,0,2.0,,,,,0,5,4 5,,,,,11.0,,,,,1,,,,,,,,,,0.0,,,,,0,0,0,0,0,1,1,1,1,0,1,0,1,1,1,1,1,46.0,,1.0,96.42857142857143
5,4.5,3,0,630.0,450.0,180.0,,2.0,,,,,,7,71,71012,MAMINI,COMPARISON,4,1.0,,,,,0,5,5,,,,,1.0,1.0,,,,1,1.0,,,,2,2,,,,2.0,2.0,,,,0,0,0,0,1,1,0,1,1,1,1,0,1,0,0,1,1,42.0,,0.0,140.0
4,9.0,6,0,1440.0,720.0,720.0,720.0,1.0,,,,,1000.0,7,73,73002,Adiaoukoi,COMPARISON,4,1.0,,,,,1,4,5 97,,,,,10.0,,,,,1,,,,,,,,,,0.0,,,,,0,0,0,1,0,0,0,0,1,1,0,0,1,0,1,1,1,74.0,,1.0,160.0
4,2.5,3,10,700.0,200.0,500.0,,,,,,,,4,41,41006,TATE2,COMPARISON,0,2.0,,,,,0,5,5,,,,,6.0,,,,,4,,,,,3,,,,,0.0,,,,,0,0,1,1,0,1,0,0,1,1,1,0,0,1,0,1,1,36.0,,0.0,280.0
4,10.0,6,0,1690.0,1365.0,325.0,1365.0,1.0,,,,,1000.0,7,73,73003,Affery,COMPARISON,4,2.0,,,,,0,8,5,5 97,,,,10.0,9.0,,,,1,1.0,,,,,,,,,0.0,0.0,,,,0,0,0,1,0,1,1,1,1,0,1,1,1,0,1,1,1,57.0,5.0,1.0,169.0
5,23.0,6,0,3780.0,2940.0,840.0,2940.0,1.0,,,,,900.0,5,51,51015,Bébou,COMPARISON,4,1.0,,,,,0,7,4 5,,,,,1.0,,,,,1,,,,,,,,,,0.0,,,,,0,0,0,0,0,1,0,0,1,0,1,0,1,0,1,1,1,62.0,5.0,1.0,164.34782608695653
6,7.0,3,0,1500.0,1000.0,500.0,,2.0,,,,,,4,41,41001,TEPOIBOKE,COMPARISON,0,1.0,,,,,0,1,5,5,5,5,,8.0,4.0,4.0,4.0,4.0,4,4.0,4.0,4.0,4.0,,,,,11,0.0,0.0,0.0,0.0,0.0,0,1,1,1,1,1,1,1,1,1,0,1,1,1,1,1,1,56.0,1.0,0.0,214.28571428571428
4,12.5,4,0,280.0,240.0,40.0,240.0,,,,,,1000.0,5,51,51025,Kouadiokro,RESTORE,3,4.0,,,,,0,2,5,,,,,,,,,,1,2.0,2.0,,,,97,97,,,0.0,2.0,0.0,,,0,0,1,0,0,0,0,1,0,1,1,0,0,1,1,1,1,38.0,,1.0,22.4
4,6.0,6,0,3000.0,2000.0,1000.0,,2.0,,,,,,4,41,41004,FETE,COMPARISON,0,2.0,,,,,0,6,4 5,,,,,10.0,6.0,,,,4,4.0,,,,,,,,,0.0,0.0,,,,1,0,1,1,1,1,1,1,1,1,1,1,1,1,1,1,1,41.0,,0.0,500.0
4,6.0,3,0,4140.0,3240.0,900.0,3240.0,2.0,,,,,1000.0,4,41,41039,HANNIE,COMPARISON,0,2.0,,,,,0,5,5,,,,,8.0,,,,,4,4.0,,,,,97,,,,0.0,3.0,,,,1,0,1,1,1,1,1,0,1,1,1,0,1,1,1,1,1,36.0,3.0,0.0,690.0
4,19.0,6,12,7000.0,6000.0,1000.0,,6.0,,,,,,5,51,51015,Bébou,COMPARISON,4,1.0,,,,,1,8,5,5,,,,10.0,1.0,,,,1,1.0,,,,,,,,,2.0,2.0,,,,0,0,0,0,0,0,0,1,1,0,1,0,1,1,1,1,1,76.0,,0.0,368.42105263157896
8,2.140000104904175,5,9,220.0,190.0,30.0,,2.0,,,,,,5,51,51027,Ahininkro,RESTORE,4,1.0,,,,,1,3,5,5,,,,9.0,9.0,,,,1,1.0,,,,97,4,,,,2.0,2.0,,,,0,0,0,1,0,0,0,1,1,0,1,0,1,1,0,1,1,56.0,3.0,0.0,102.80373327825195
10,9.0,1,0,550.0,350.0,200.0,350.0,,,,,,900.0,7,71,71005,Biasso,RESTORE,4,1.0,,,,,1,1,5,,,,,,,,,,2,,,,,,,,,,0.0,,,,,0,0,1,1,0,0,0,1,0,1,1,0,0,0,1,1,1,61.0,,1.0,61.111111111111114
6,0.0,6,97,300.0,180.0,120.0,180.0,1.0,,,,,1000.0,5,51,51046,Kabrankro,COMPARISON,4,1.0,,,,,0,5,5,5,,,,,1.0,,,,1,1.0,,,,,4,,,,2.0,0.0,,,,1,1,0,0,0,1,0,0,1,1,1,1,1,1,1,1,1,44.0,1.0,1.0,inf
7,10.0,3,0,950.0,800.0,150.0,,97.0,,,,,,7,71,71006,Nyan,RESTORE,4,1.0,,,,,0,5,5 97,5 97,,,,,,,,,1,1.0,,,,3,3,,,,0.0,0.0,,,,1,0,0,1,0,1,0,1,0,0,1,0,1,0,0,1,1,55.0,3.0,1.0,95.0
5,4.0,4,6,1820.0,1470.0,350.0,1470.0,1.0,,,,,1000.0,5,51,51027,Ahininkro,RESTORE,4,3.0,,,,,0,6,3,3,3,,,10.0,10.0,10.0,,,1,1.0,1.0,,,,,,,,2.0,2.0,2.0,,,0,1,1,1,1,0,1,1,1,0,1,1,1,0,1,1,1,44.0,3.0,0.0,455.0
2,2.0,2,13,100.0,50.0,50.0,50.0,1.0,,,,,900.0,5,51,51047,Bossematié,COMPARISON,4,1.0,,,,,0,5,3,,,,,10.0,10.0,,,,1,1.0,,,,,97,,,,0.0,0.0,,,,0,0,0,1,0,0,1,1,1,1,0,1,1,0,1,1,0,48.0,3.0,0.0,50.0
7,5.0,4,3,1500.0,1300.0,200.0,,1.0,,,,,,5,51,51001,N'GOUANDA,COMPARISON,0,2.0,,,,,0,9,,5,,,,1.0,1.0,,,,1,1.0,,,,,,,,,2.0,0.0,,,,1,0,0,1,0,0,1,1,1,0,1,1,1,0,1,1,1,40.0,,0.0,300.0
4,4.5,3,0,630.0,490.0,140.0,490.0,1.0,,,,,900.0,5,51,51054,Amian-Kouassikro,COMPARISON,0,2.0,,,,,0,5,4,4,,,,8.0,8.0,8.0,,,1,1.0,1.0,,,,,97,,,0.0,0.0,0.0,,,1,0,0,1,0,1,0,1,1,0,0,1,1,0,1,1,1,54.0,,0.0,140.0
15,4.0,3,0,126.0,100.0,26.0,,1.0,,,,,,7,74,74002,Montézo,COMPARISON,4,1.0,,,,,0,5,5,,,,,9.0,9.0,10.0,,,1,1.0,1.0,,,,97,97,,,0.0,0.0,0.0,,,0,1,0,1,0,1,1,0,1,1,1,0,1,1,1,1,1,60.0,1.0,1.0,31.5
7,6.0,5,0,2400.0,1920.0,480.0,1920.0,,,,,,1000.0,4,41,41025,YOUKOU,RESTORE,4,3.0,,,,,0,6,5,,,,,11.0,11.0,,,,4,4.0,,,,,,,,,0.0,0.0,,,,0,0,1,1,1,1,1,0,1,1,1,0,0,1,1,1,1,42.0,,0.0,400.0
7,5.0,6,0,845.0,645.0,200.0,,1.0,,,,,,7,71,71001,Annépé,COMPARISON,4,1.0,,,,,0,5,5,,,,,1.0,1.0,,,,1,1.0,,,,,97,,,,0.0,0.0,,,,0,0,0,0,0,1,1,1,1,1,1,0,1,0,1,1,1,60.0,3.0,1.0,169.0
5,3.5,3,0,115.0,75.0,40.0,,2.0,,,,,,4,41,41016,TATE1,COMPARISON,2,4.0,,,,,0,1,5,5,,,,10.0,1.0,10.0,11.0,,1,1.0,1.0,1.0,,,,2,2,,2.0,2.0,0.0,3.0,,0,0,0,0,0,1,0,1,1,1,1,0,1,0,1,1,0,30.0,1.0,1.0,32.857142857142854
6,4.0,4,9 13,700.0,420.0,280.0,420.0,4.0,,,,,1000.0,5,53,53004,N'Djorekro,COMPARISON,4,1.0,,,,,0,6,2,,,,,11.0,,,,,1,,,,,,,,,,2.0,,,,,0,0,1,0,0,0,0,1,1,1,1,0,1,0,1,1,1,50.0,1.0,1.0,175.0
8,10.0,6,13,1760.0,1200.0,560.0,1200.0,1.0,,,,,1000.0,5,51,51047,Bossematié,COMPARISON,4,3.0,,,,,0,3,5,5,,,,,,,,,1,1.0,,,,,,,,,2.0,2.0,,,,1,0,0,1,0,1,0,0,0,1,1,0,1,0,1,1,1,59.0,3.0,0.0,176.0
5,7.0,6,0,960.0,640.0,320.0,640.0,2.0,,,,,1000.0,5,51,51014,ABRONAMOUE,COMPARISON,4,1.0,,,,,1,8,5,5,,,,9.0,1.0,,,,1,1.0,,,,,,,,,0.0,0.0,,,,0,1,1,1,1,1,0,0,1,1,0,1,1,1,1,1,1,74.0,,0.0,137.14285714285714
6,7.0,4,7,910.0,700.0,210.0,700.0,2.0,,,,,14.285714149475098,5,51,51004,Dramanekro,COMPARISON,1,2.0,,,,,0,6,4 5,4 5,,,,10.0,10.0,,,,1,1.0,,,,,,,,,0.0,0.0,,,,0,1,0,1,0,1,1,1,1,1,1,1,1,1,1,1,1,45.0,,1.0,130.0
12,3.5,5,0,350.0,280.0,70.0,280.0,1.0,,,,,800.0,5,51,51027,Ahininkro,RESTORE,0,2.0,,,,,0,6,4,,,,,3.0,4.0,4.0,4.0,,4,4.0,4.0,4.0,,,97,97,,,0.0,0.0,2.0,0.0,,0,0,1,1,1,0,0,0,1,1,1,1,1,0,1,1,1,36.0,1.0,0.0,100.0
8,2.0,2,0,300.0,300.0,0.0,,1.0,,,,,,7,71,71001,Annépé,COMPARISON,4,3.0,,,,,0,2,5,,,,,1.0,1.0,,,,1,1.0,,,,,2,,,,2.0,2.0,,,,0,0,0,0,0,1,1,0,1,1,1,0,1,0,1,1,1,48.0,1.0,1.0,150.0
5,6.0,6,0,3570.0,1750.0,1820.0,1750.0,6.0,,,,,14.285714149475098,5,51,51004,Dramanekro,COMPARISON,3,2.0,,,,,0,8,3 4 5,,,,,10.0,,,,,1,,,,,,,,,,0.0,,,,,1,1,0,1,0,0,0,1,1,0,1,1,1,1,1,1,1,52.0,1.0,1.0,595.0
8,3.5,6,0,210.0,180.0,30.0,180.0,97.0,,,,,1000.0,7,71,71001,Annépé,COMPARISON,4,1.0,,,,,0,5,97,,,,,10.0,10.0,,,,1,1.0,,,,97,97,,,,0.0,0.0,,,,0,0,0,0,0,1,1,1,1,1,1,0,1,0,0,1,1,57.0,3.0,1.0,60.0
3,8.25,6,13,920.0,760.0,160.0,,1.0,,,,,,6,64,64001,Alakro,COMPARISON,4,1.0,,,,,0,5,5,,,,,1.0,1.0,,,,1,1.0,,,,,97,,,,0.0,0.0,,,,0,1,0,1,0,1,1,1,1,1,1,0,1,0,1,1,1,54.0,1.0,0.0,111.51515151515152
4,8.5,4,9,320.0,240.0,80.0,240.0,5.0,,,,,1000.0,5,51,51047,Bossematié,COMPARISON,4,1.0,,,,,1,8,5,,5,,,10.0,1.0,1.0,,,1,1.0,1.0,,,,,,,,0.0,2.0,2.0,,,0,0,0,0,0,0,0,1,1,1,1,0,1,0,1,1,1,57.0,5.0,0.0,37.64705882352941
8,16.5,6,0,3000.0,2500.0,500.0,,2.0,,,,,,4,41,41017,BEOUE,RESTORE,4,1.0,,,,,0,4,5,,,,,3.0,6.0,3.0,4.0,,4,4.0,4.0,4.0,,,,97,97,,0.0,0.0,0.0,3.0,,0,0,1,1,0,0,1,1,1,1,1,0,1,1,1,1,1,59.0,,0.0,181.8181818181818
1,4.0,1,97,900.0,600.0,300.0,,,,,,,,4,41,41014,SEH,COMPARISON,0,1.0,,,,,0,6,5,,,,,2.0,,,,,4,,,,,,,,,,0.0,,,,,1,0,1,1,1,1,0,0,1,0,1,0,0,1,1,1,1,26.0,1.0,0.0,225.0
7,4.5,6,7,1200.0,750.0,450.0,750.0,1.0,,,,,900.0,5,51,51004,Dramanekro,COMPARISON,1,2.0,,,,,0,5,5,,,,,1.0,,,,,1,4.0,,,,,9,,,,0.0,0.0,,,,1,1,1,1,1,0,1,0,1,1,1,1,1,0,1,1,1,60.0,,0.0,266.6666666666667
2,5.0,5,0,2700.0,1500.0,1200.0,1500.0,1.0,,,,,1000.0,5,51,51038,Manfia,RESTORE,4,1.0,,,,,0,8,5,,,,,10.0,,,,,1,,,,,,,,,,2.0,,,,,0,0,0,1,0,0,0,1,1,1,1,0,1,1,1,1,1,37.0,1.0,0.0,540.0
5,4.0,3,0,530.0,400.0,130.0,,1.0,,,,,,7,71,71010,Blékoum,COMPARISON,3,1.0,,,,,0,1,5,,,,,9.0,2.0,,,,1,1.0,,,,2,2,,,,2.0,3.0,,,,1,0,0,0,1,1,0,0,1,1,1,0,1,0,0,1,1,33.0,3.0,1.0,132.5
3,3.0,2,0,800.0,500.0,300.0,,97.0,,,,,,4,41,41001,TEPOIBOKE,COMPARISON,2,1.0,,,,,1,7,5,,,,,1.0,1.0,,,,1,1.0,,,,,,,,,0.0,0.0,,,,1,0,0,1,1,0,0,1,1,1,0,0,1,0,1,1,1,59.0,,1.0,266.6666666666667
10,7.0,3,0,1600.0,1100.0,500.0,,,,,,,,4,41,41012,MERE,COMPARISON,2,1.0,,,,,0,4,5,,,,,1.0,,,,,1,,,,,,,,,,0.0,,,,,0,0,1,1,1,0,0,1,1,1,1,0,0,0,1,1,1,38.0,,1.0,228.57142857142858
5,13.0,6,6,21.0,16.0,5.0,,6.0,,,,,,5,51,51047,Bossematié,COMPARISON,1,2.0,,,,,1,5,4,4,,,,9.0,9.0,,,,1,1.0,,,,,,,,,2.0,2.0,,,,0,0,1,1,0,0,0,1,1,0,1,0,1,0,1,1,1,55.0,3.0,0.0,1.6153846153846154
6,3.0,2,0,540.0,360.0,180.0,360.0,2.0,,,,,1000.0,4,41,41003,GBAROU,COMPARISON,0,2.0,,,,,0,3,5,,,,,8.0,2.0,,,,4,4.0,4.0,,,,97,97,,,0.0,0.0,3.0,,,1,0,1,1,1,1,1,0,1,1,1,0,1,0,1,1,1,33.0,,0.0,180.0
6,1.5,3,0,350.0,250.0,100.0,,,,,,,,7,72,72003,BOGUIé,COMPARISON,4,1.0,,,,,1,5,5,,,,,1.0,,,,,1,,,,,,,,,,0.0,,,,,1,0,0,1,0,1,0,1,1,1,1,1,0,1,1,1,1,81.0,1.0,0.0,233.33333333333334
7,3.5,3,0,2327.0,1500.0,827.0,,4.0,,,,,,7,72,72003,BOGUIé,COMPARISON,4,1.0,,,,,0,2,5,5,5,,,4.0,1.0,1.0,,,1,1.0,1.0,1.0,,,11,97,8,,0.0,0.0,0.0,0.0,,0,0,0,0,0,1,1,0,1,1,1,1,1,1,1,1,1,37.0,6.0,1.0,664.8571428571429
2,1.5,6,0,150.0,120.0,30.0,120.0,97.0,,,,,1000.0,7,71,71005,Biasso,RESTORE,4,3.0,,,,,1,8,97,,,,,10.0,,,,,1,,,,,,,,,,0.0,,,,,0,0,0,0,0,1,1,0,1,1,1,0,1,0,1,1,1,68.0,,1.0,100.0
5,3.0,6,0,560.0,420.0,140.0,420.0,2.0,,,,,1000.0,5,51,51004,Dramanekro,COMPARISON,1,2.0,,,,,0,5,4,,,,,10.0,,,,,1,,,,,,,,,,0.0,,,,,0,0,0,0,0,1,1,0,1,1,1,1,1,0,1,1,1,60.0,,1.0,186.66666666666666
1,9.0,6,5 6 11,1105.0,850.0,255.0,850.0,1.0,,,,,1000.0,5,51,51038,Manfia,RESTORE,4,1.0,,,,,0,5,4 5,,,,,1.0,1.0,,,,1,1.0,,,,,97,,,,0.0,0.0,,,,1,0,1,1,1,0,1,1,1,1,1,0,1,0,1,1,1,42.0,1.0,0.0,122.77777777777777
7,0.0,3,0,2000.0,1500.0,500.0,,97.0,,,,,,4,41,41015,TAOULOKE,COMPARISON,3,2.0,,,,,0,1,5,5,5,5,,8.0,,8.0,,,1,2.0,1.0,2.0,,,97,,1,,0.0,0.0,0.0,0.0,,1,0,1,1,1,1,1,1,1,1,1,0,1,0,1,1,1,34.0,1.0,0.0,inf
6,5.0,6,0,980.0,840.0,140.0,840.0,6.0,,,,,850.0,5,51,51036,Ahuasso,RESTORE,4,1.0,,,,,0,5,5,5,,,,,,,,,1,1.0,,,,,,,,,0.0,0.0,,,,1,0,1,1,0,1,0,1,0,1,1,0,1,0,1,1,1,46.0,5.0,1.0,196.0
7,3.0,4,13,560.0,490.0,70.0,490.0,1.0,,,,,1000.0,5,51,51015,Bébou,COMPARISON,4,1.0,,,,,0,5,5,5,,,,,,,,,1,1.0,,,,,,,,,0.0,0.0,,,,0,0,0,1,0,1,0,0,0,0,0,0,1,0,1,1,1,48.0,1.0,1.0,186.66666666666666
10,5.0,6,0,2600.0,2000.0,600.0,,2.0,,,,,,4,41,41021,NIGRE,RESTORE,0,2.0,,,,,0,4,2,,,,,8.0,8.0,6.0,,,4,4.0,4.0,,,,97,97,,,0.0,0.0,3.0,,,1,0,0,1,0,1,1,0,1,0,1,1,1,1,1,1,1,66.0,,0.0,520.0
7,9.0,3,13,570.0,337.0,233.0,,97.0,,,,,,7,71,71009,Yakassé-Mé,RESTORE,4,1.0,,,,,0,5,97,5,,,,9.0,10.0,,,,1,1.0,,,,9,9,,,,3.0,2.0,,,,0,0,0,1,0,0,0,0,1,1,1,1,1,0,0,1,1,65.0,1.0,1.0,63.333333333333336
3,2.5,5,0,400.0,280.0,120.0,280.0,6.0,,,,,900.0,5,51,51030,Assémanou,RESTORE,4,1.0,,,,,1,5,5,,,,,97.0,97.0,,,,1,1.0,,,,5,3,,,,2.0,2.0,,,,0,0,0,0,0,0,0,0,1,1,1,0,1,0,0,1,1,51.0,,1.0,160.0
4,7.5,4,0,200.0,180.0,20.0,,97.0,,,,,,7,71,71013,BOUDEPE,COMPARISON,4,4.0,,,,,0,1,5 97,,,,,10.0,,,,,1,1.0,,,,9,97,,,,3.0,0.0,,,,0,0,0,0,0,1,1,0,1,1,1,1,1,0,0,1,1,66.0,5.0,1.0,26.666666666666668
7,9.0,6,0,7700.0,5000.0,2700.0,,2.0,,,,,,4,41,41019,KARIE,RESTORE,0,1.0,,,,,0,5,5,5,,,,6.0,6.0,,,,4,4.0,4.0,,,,,97,,,0.0,0.0,3.0,,,1,0,0,1,1,1,1,1,1,1,1,1,1,1,1,1,1,50.0,,0.0,855.5555555555555
7,8.0,3,10,650.0,500.0,150.0,,1.0,,,,,,7,71,54002,Bécédi-Brignan,RESTORE,4,1.0,,,,,0,10,97,,,,,1.0,1.0,1.0,,,1,1.0,1.0,,,,97,97,,,0.0,0.0,0.0,,,0,0,1,0,0,0,1,0,1,0,1,0,1,1,1,1,1,44.0,3.0,1.0,81.25
8,4.0,4,0,1500.0,1000.0,500.0,,2.0,,,,,,4,41,41002,DJEKA,COMPARISON,0,2.0,,,,,0,4,5,,,,,6.0,6.0,,,,4,4.0,,,,,97,,,,0.0,2.0,,,,1,0,1,1,1,1,1,0,1,1,1,0,1,1,1,1,1,36.0,1.0,0.0,375.0
9,14.5,3,0,468.0,324.0,144.0,324.0,1.0,,,,,12.5,7,71,71007,Bassadzin,RESTORE,4,1.0,,,,,0,1,5,,,,,10.0,9.0,9.0,10.0,9.0,1,1.0,1.0,1.0,1.0,,97,97,97,97,3.0,3.0,3.0,0.0,0.0,1,0,1,1,0,1,1,0,1,1,1,0,1,0,1,1,1,39.0,1.0,1.0,32.275862068965516
8,5.0,4,0,500.0,380.0,120.0,,1.0,,,,,,7,74,74002,Montézo,COMPARISON,4,1.0,,,,,0,5,5,,,,,9.0,10.0,,,,1,1.0,,,,,97,,,,0.0,0.0,,,,0,1,0,1,0,1,1,0,1,1,1,0,1,0,1,1,1,36.0,3.0,1.0,100.0
8,4.0,6,10,900.0,700.0,200.0,,1.0,,,,,,7,71,71010,Blékoum,COMPARISON,4,3.0,,,,,0,3,5,,,,,10.0,,,,,1,,,,,,,,,,0.0,,,,,0,0,0,0,0,0,0,0,1,1,1,0,1,0,1,1,1,34.0,3.0,1.0,225.0
12,11.0,4,3,630.0,420.0,210.0,420.0,1.0,,,,,14.285714149475098,5,53,53004,N'Djorekro,COMPARISON,0,2.0,,,,,0,5,5,,,,,1.0,,,,,1,,,,,97,,,,,3.0,,,,,0,0,0,1,0,1,1,1,1,1,1,0,1,0,0,1,1,45.0,,1.0,57.27272727272727
4,2.0,6,0,1000.0,600.0,400.0,600.0,2.0,,,,,1000.0,4,41,41039,HANNIE,COMPARISON,0,2.0,,,,,0,3,5,,,,,97.0,,,,,4,,,,,,,,,,0.0,,,,,0,0,1,1,1,1,1,0,1,0,1,1,1,0,1,1,1,26.0,,0.0,500.0
8,2.0,4,0,450.0,450.0,0.0,,1.0,,,,,,7,73,73005,Ahéoua,COMPARISON,4,1.0,,,,,0,5,5,,,,,1.0,,,,,1,,,,,,,,,,0.0,,,,,0,0,0,0,0,1,1,1,1,0,1,1,1,0,1,1,1,43.0,3.0,1.0,225.0
5,0.0,3,0,500.0,500.0,0.0,,1.0,,,,,,4,41,41006,TATE2,COMPARISON,4,1.0,,,,,0,3,5,,,,,1.0,1.0,1.0,,,1,1.0,1.0,,,1,97,1,,,3.0,0.0,0.0,,,0,0,1,1,0,0,0,1,1,1,1,0,1,0,0,1,1,41.0,,0.0,inf
7,2.0,6,0,490.0,280.0,210.0,280.0,1.0,,,,,1000.0,5,51,51029,Assakro,RESTORE,0,1.0,,,,,1,1,5,,,,,,,,,,4,,,,,,,,,,0.0,,,,,1,0,1,0,0,1,0,0,0,1,1,0,1,1,1,1,1,48.0,,0.0,245.0
8,5.0,4,0,900.0,720.0,180.0,720.0,1.0,,,,,1000.0,5,51,51009,Affalikro,COMPARISON,4,1.0,,,,,1,3,2 5,,,,,9.0,,,,,1,,,,,,,,,,2.0,,,,,0,1,1,0,1,0,0,1,1,1,1,1,1,0,1,1,1,50.0,,1.0,180.0
7,6.0,3,0,475.0,285.0,190.0,285.0,1.0,,,,,10.526315689086914,5,53,53004,N'Djorekro,COMPARISON,0,2.0,,,,,0,3,5,,,,,1.0,,,,,1,,,,,97,,,,,0.0,,,,,0,0,1,1,0,1,1,0,1,1,1,0,1,0,0,1,1,33.0,,1.0,79.16666666666667
8,4.0,2,0,109.0,69.0,40.0,,97.0,,,,,,7,74,74006,Monin,COMPARISON,4,4.0,,,,,0,1,5,,,,,10.0,,,,,1,,,,,9,,,,,0.0,,,,,0,0,1,1,0,1,1,0,1,0,1,0,1,0,0,1,1,34.0,,1.0,27.25
14,10.0,4,0,640.0,400.0,240.0,400.0,2.0,,,,,1000.0,4,41,41024,POUTOU,RESTORE,0,2.0,,,,,0,5,2 5,,,,,8.0,8.0,8.0,,8.0,4,4.0,4.0,4.0,4.0,,97,97,97,97,0.0,0.0,0.0,3.0,0.0,1,0,1,1,1,1,1,0,1,1,1,1,1,1,1,1,1,38.0,,0.0,64.0
5,6.0,3,97,800.0,500.0,300.0,,,,,,,,7,72,72005,MOBIOKOUA,COMPARISON,4,1.0,,,,,0,3,5,,,,,10.0,10.0,,,,1,1.0,,,,2,2,,,,2.0,0.0,,,,0,0,0,0,0,1,0,0,1,1,1,0,0,0,0,1,1,47.0,5.0,0.0,133.33333333333334
1,8.0,4,6,1170.0,900.0,270.0,900.0,1.0,,,,,1000.0,5,51,51001,N'GOUANDA,COMPARISON,4,1.0,,,,,0,8,4 5,4 5,4 5,,,10.0,10.0,9.0,10.0,,1,1.0,1.0,1.0,,,,,,,0.0,0.0,0.0,2.0,,1,0,0,1,1,0,0,1,1,0,0,0,1,0,1,1,1,43.0,5.0,0.0,146.25
10,11.75,2,9,67.0,45.0,22.0,,1.0,,,,,,4,41,41008,DAHIOKE,COMPARISON,2,1.0,,,,,0,6,5,,,,,11.0,11.0,10.0,11.0,10.0,1,1.0,1.0,1.0,1.0,,97,97,97,97,3.0,0.0,0.0,0.0,0.0,1,0,1,1,1,1,1,0,1,1,1,1,1,0,1,1,1,65.0,1.0,0.0,5.702127659574468
4,4.0,4,0,1100.0,900.0,200.0,,1.0,,,,,,7,73,73004,Agbaou,COMPARISON,4,1.0,,,,,0,3,5,,,,,1.0,,,,,1,,,,,,,,,,0.0,,,,,0,0,1,1,0,1,1,1,1,1,1,1,1,0,1,1,1,34.0,7.0,1.0,275.0
5,5.0,6,0,1600.0,1200.0,400.0,,1.0,,,,,,4,41,41020,MAHINO2,RESTORE,0,2.0,,,,,0,3,3 4 5,,,,,2.0,4.0,4.0,,,4,4.0,4.0,,,,4,3,,,2.0,3.0,0.0,,,1,0,1,1,1,1,1,1,1,1,1,0,1,1,1,1,1,53.0,,0.0,320.0
4,4.0,3,97,984.0,574.0,410.0,574.0,2.0,,,,,1000.0,4,41,41014,SEH,COMPARISON,0,1.0,,,,,0,6,5,5,,,,8.0,8.0,,,,1,1.0,,,,,,,,,3.0,3.0,,,,0,0,0,0,0,1,1,1,1,1,1,1,1,1,1,1,1,42.0,,0.0,246.0
9,6.0,6,0,90.0,60.0,30.0,,,,,,,,7,74,74006,Monin,COMPARISON,4,1.0,,,,,0,5,97,,,,,10.0,,,,,1,1.0,,,,1 3,97,,,,0.0,0.0,,,,0,0,0,0,0,0,0,0,1,1,1,1,0,0,0,1,1,46.0,1.0,0.0,15.0
5,2.0,3,11,1300.0,1000.0,300.0,,1.0,,,,,,5,51,51027,Ahininkro,RESTORE,4,3.0,,,,,0,5,5,,,,,,,,,,1,,,,,,,,,,0.0,,,,,0,0,0,1,0,1,0,0,0,0,1,0,1,0,1,1,1,39.0,1.0,1.0,650.0
5,5.0,1,13,70.0,40.0,30.0,,,,,,,,4,41,41016,TATE1,COMPARISON,2,1.0,,,,,0,5,5,,,,,1.0,,,,,1,,,,,,,,,,0.0,,,,,0,0,0,1,1,1,0,0,1,1,1,0,0,0,1,1,1,58.0,1.0,1.0,14.0
4,2.0,2,0,297.0,165.0,132.0,,1.0,,,,,,4,41,41008,DAHIOKE,COMPARISON,2,1.0,,,,,0,5,5,5,,,,10.0,10.0,,,,1,1.0,,,,,11,,,,2.0,0.0,,,,1,0,0,1,1,1,0,0,1,1,1,1,1,0,1,1,0,32.0,2.0,1.0,148.5
5,2.0,2,9,360.0,240.0,120.0,240.0,2.0,,,,,900.0,7,75,75001,ASSE ORIé,COMPARISON,4,1.0,,,,,1,5,97,,,,,,,,,,2,,,,,3,,,,,3.0,,,,,0,0,1,1,0,0,0,0,0,1,1,0,1,1,0,1,1,57.0,1.0,1.0,180.0
4,3.0,3,7,3000.0,2000.0,1000.0,,1.0,,,,,,4,41,41013,NIRO,COMPARISON,0,1.0,,,,,0,3,5,5,,,,8.0,8.0,,,,4,4.0,,,,,,,,,0.0,0.0,,,,1,0,1,1,1,1,0,1,1,1,0,0,1,1,1,1,1,49.0,1.0,0.0,1000.0
10,17.0,4,9,3500.0,3000.0,500.0,,2.0,,,,,,4,41,41021,NIGRE,RESTORE,4,1.0,,,,,1,8,5,,,,,6.0,6.0,6.0,,,4,4.0,4.0,,,,97,97,,,0.0,0.0,3.0,,,0,0,1,1,1,1,1,1,1,1,1,1,1,1,1,1,1,51.0,1.0,0.0,205.88235294117646
5,9.0,6,0,720.0,400.0,320.0,400.0,1.0,,,,,12.5,5,53,53001,Kokonou,COMPARISON,4,1.0,,,,,0,5,5,,,,,1.0,,,,,1,,,,,,,,,,0.0,,,,,0,0,0,1,1,0,1,1,1,1,1,0,1,0,1,1,1,35.0,1.0,1.0,80.0
4,5.5,2,10,750.0,500.0,250.0,,,,,,,,4,41,41037,IRATO,COMPARISON,2,4.0,,,,,0,5,5,5,,,,1.0,1.0,1.0,1.0,,1,1.0,1.0,1.0,,,,,,,0.0,0.0,0.0,0.0,,0,0,1,1,1,1,1,0,1,1,1,0,0,0,1,1,1,33.0,4.0,0.0,136.36363636363637
6,15.5,6,0,570.0,400.0,170.0,,1.0,,,,,,7,71,54002,Bécédi-Brignan,RESTORE,4,3.0,,,,,0,9,97,97,,,,1.0,,1.0,,,1,1.0,1.0,1.0,,,,97,97,,2.0,2.0,0.0,0.0,,1,0,0,0,0,0,0,0,1,1,1,0,1,0,1,1,1,41.0,5.0,1.0,36.774193548387096
5,7.0,5,0,3200.0,2500.0,700.0,,,,,,,,7,72,72003,BOGUIé,COMPARISON,4,1.0,,,,,0,3,5,,,,,10.0,,,,,1,,,,,1,,,,,0.0,,,,,0,0,1,1,0,1,0,1,1,1,1,1,0,0,0,1,1,71.0,3.0,1.0,457.14285714285717
7,3.5,6,0,2000.0,1200.0,800.0,1200.0,2.0,,,,,12.5,4,41,41026,DEBLABLAI,RESTORE,0,2.0,,,,,0,4,5,,,,,8.0,8.0,,,,4,4.0,,,,,97,,,,0.0,3.0,,,,1,0,1,1,1,1,1,0,1,1,1,0,1,1,1,1,1,43.0,,0.0,571.4285714285714
6,11.75,5,6,210.0,150.0,60.0,,1.0,,,,,,6,62,62001,Tioumoukro,COMPARISON,4,1.0,,,,,0,5,5,,,,,1.0,1.0,1.0,1.0,1.0,1,1.0,1.0,1.0,1.0,,,9,9,,0.0,0.0,0.0,0.0,0.0,0,0,1,1,1,0,1,0,1,1,1,0,1,0,1,1,1,72.0,5.0,1.0,17.872340425531913
3,2.5,3,0,2500.0,2000.0,500.0,,,,,,,,4,41,41015,TAOULOKE,COMPARISON,3,2.0,,,,,0,4,5,5,,,,8.0,2.0,,,,4,4.0,,,,2,2,,,,0.0,0.0,,,,1,0,0,1,1,1,0,1,1,0,1,0,0,1,0,1,1,45.0,,0.0,1000.0
12,9.5,6,0,2520.0,1440.0,1080.0,1440.0,97.0,,,,,1000.0,4,41,41004,FETE,COMPARISON,0,1.0,,,,,0,5,5,5,,,,8.0,8.0,,,,4,4.0,,,,,,,,,0.0,0.0,,,,1,0,1,1,1,1,0,1,1,1,1,0,1,1,1,1,1,53.0,2.0,0.0,265.2631578947368
4,5.5,6,0,630.0,450.0,180.0,450.0,2.0,,,,,850.0,4,41,41028,GNATO,RESTORE,4,1.0,,,,,0,4,5,,,,,10.0,10.0,,,,4,4.0,,,,,97,,,,2.0,2.0,,,,0,0,1,1,1,1,1,0,1,1,1,0,1,1,1,1,1,36.0,,0.0,114.54545454545455
5,9.0,4,0,2460.0,1500.0,960.0,1500.0,2.0,,,,,1000.0,4,41,41017,BEOUE,RESTORE,0,2.0,,,,,0,7,5,,,,,8.0,8.0,8.0,,,4,4.0,4.0,,,,,,,,3.0,0.0,0.0,,,0,0,0,1,1,1,1,1,1,1,1,0,1,1,1,1,1,40.0,,0.0,273.3333333333333
