,hhmem_size_1,hhmem_age_1,hhmem_married_1,hhmem_age_2,hh_relate_3,hhmem_age_3,hhmem_age_4,hhmem_age_5,illness_5,hhmem_age_6,illness_6,hhmem_age_7,childu18_num,child5_17_num,adultm_num,adultf_num,econstatus,yrs_grow,cocoa_wgt,fert_buy,fert_cost,fert_lqd_cost,herbicide_buy_cnt,pesticide_buy_cnt,pesticide_cost,farm_a_1,farm_yracquired_1,farm_rights_1,farm_time_1,farm_km_1,farm_reserve_1,cocoa_years_1,cocoa_lndamnt_1,cocoa_variety_1,cocoa_ages_0_5_1,cocoa_ages_6_10_1,cocoa_ages_11_19_1,cocoa_ages_20_30_1,shadetree_num_1,shadetree_calc_1_1,shadetree_label_1_1,shade_tree_tot_1_1,shade_natural_1_1,shade_planted_1_1,shadetree_calc_1_2,shadetree_label_1_2,shade_tree_tot_1_2,shade_planted_1_2,shadetree_label_1_3,shadetree_tot2_1,pesticide_app_1,pesticide_num_app_1,pesticide_area_app_1,labor_hh_1,fam_worker_prep_1_1,disease_1,disease_year_1_1,disease_location_1_1,pest_1,doc_land_cocoa_yr_1,farm_a_2,farm_yracquired_2,farm_time_2,farm_km_2,farm_reserve_2,shadetree_tot2_2,noncocoa_affecthow,noncocoa_pay,days_random_a,random_c_options,income_source,fwildlifedied_1,ffladder_elders_1,ffladder_lmb_1,ffladder_frstdpt_1,rules_violate_1,likelihood_help3,trust_nbr,trust_lmb,trust_ca,chickens,sleeprooms,toilet,today,cocoa_price_kg,farm_a_1_acres,farm_a_2_acres,cocoa_produce
0,16,34,0,30,3,3,71,58,0,55,0,50,1,1,1,1,3,4,26,0,49,49,33,47,40,36,35,1,7,9,32,16,46,18,0,0,25,21,10,10,16,43,22,39,19,14,1,2,0,17,15,48,57,36,12,1,0,5,80,52,40,23,29,29,29,16,0,22,2,1,15,48,8,7,9,20,3,2,3,3,2,8,9,6,13,63,8,64
1,20,33,5,46,7,21,26,18,2,50,11,2,6,4,4,2,4,0,31,0,49,49,33,47,40,1,55,2,13,12,0,33,1,21,3,0,0,0,1,21,5,26,0,24,30,0,45,43,0,1,15,48,57,46,0,12,2,3,31,52,40,48,0,18,0,1,0,22,3,2,15,49,1,5,1,4,4,2,1,2,0,10,9,20,54,1,8,122
2,11,55,3,36,16,81,71,58,0,55,0,50,0,0,1,1,6,3,26,0,31,49,33,47,40,36,9,1,20,49,53,8,34,21,0,0,3,0,1,29,4,0,1,0,30,0,45,43,0,1,3,17,24,1,49,1,0,5,47,52,49,54,44,51,51,20,0,2,0,0,4,0,10,10,10,0,3,3,0,3,50,8,1,13,8,63,50,215
3,16,3,5,14,7,65,71,58,0,55,0,50,1,1,1,1,2,0,31,0,49,49,17,1,35,7,52,1,35,17,20,44,1,23,3,0,0,0,1,18,18,26,17,0,30,0,45,43,0,1,3,0,1,45,0,1,0,5,7,52,49,54,44,51,51,20,65,13,1,4,0,0,10,10,10,0,1,2,0,2,50,0,10,34,54,32,50,52
4,18,15,0,28,3,6,9,1,50,55,0,50,7,4,1,2,8,0,31,1,24,49,0,42,28,33,51,0,14,26,53,44,34,21,3,0,0,0,0,30,0,53,31,48,30,0,45,43,0,0,8,44,24,46,0,8,2,0,83,52,26,42,1,10,42,0,32,13,4,3,54,49,6,10,7,18,1,0,2,2,0,10,9,20,54,65,35,5
5,20,34,0,29,7,20,10,57,2,50,2,12,7,4,3,2,5,3,31,0,31,49,33,17,27,14,42,7,22,26,53,23,15,21,0,0,0,2,1,29,4,22,16,0,30,0,45,43,0,1,3,17,10,1,0,8,3,0,38,34,1,51,1,8,51,1,0,22,4,3,0,0,10,10,10,0,5,3,3,3,50,8,9,41,54,52,2,50
6,16,55,3,1,9,78,71,58,0,55,0,50,6,4,0,1,3,5,13,0,9,24,33,47,40,36,60,12,12,39,33,23,34,21,0,13,21,12,1,1,23,16,13,0,30,0,45,43,0,1,15,48,57,59,10,3,3,4,48,17,31,54,22,43,31,1,18,6,4,3,0,2,8,8,1,6,3,2,3,4,50,0,10,5,8,63,43,267
7,0,48,3,88,16,81,71,58,0,55,0,50,0,0,1,0,4,5,31,0,10,1,33,47,40,60,16,1,12,48,53,30,53,21,0,0,0,31,0,30,0,53,31,48,30,0,45,43,0,0,15,48,57,1,0,8,2,3,1,52,49,54,44,51,51,20,0,2,0,0,0,0,10,10,10,0,5,2,0,2,50,9,10,3,54,91,50,124
8,20,23,0,30,7,8,6,57,1,42,35,0,9,6,3,1,3,4,15,0,49,49,33,24,31,75,36,1,35,45,22,15,53,18,0,10,10,21,13,6,24,48,27,0,1,23,34,1,20,16,3,31,38,46,45,2,1,3,50,6,49,54,44,51,51,20,56,2,0,0,0,51,0,0,1,0,3,2,4,4,50,10,9,19,8,21,50,3
9,17,47,0,44,7,13,8,58,0,55,0,50,1,1,1,3,8,1,31,0,49,40,30,24,3,78,41,10,16,15,53,1,34,21,15,35,0,0,1,19,15,52,30,0,30,0,45,43,0,1,3,44,24,7,23,1,0,5,1,52,49,54,44,51,51,20,49,7,3,2,7,0,1,1,1,2,4,4,4,4,30,9,0,17,54,24,50,10
10,18,29,5,39,7,78,59,2,1,55,0,50,7,5,1,1,5,2,22,0,38,1,24,30,31,39,48,1,35,48,22,1,18,21,15,35,0,0,10,21,5,26,0,24,29,5,0,0,0,15,3,39,5,45,0,8,3,2,67,52,8,38,15,17,22,14,0,10,3,2,7,0,10,10,10,0,3,2,4,4,50,9,9,14,50,75,25,183
11,17,41,5,54,7,11,1,58,0,55,0,50,1,0,3,1,5,5,22,0,49,49,20,1,33,75,23,1,1,39,46,29,8,21,0,0,0,2,11,1,23,43,0,39,2,22,34,32,4,14,3,0,5,1,22,9,3,4,83,52,20,41,20,28,43,13,0,23,1,4,12,48,1,10,0,0,3,1,4,4,50,13,3,20,53,21,31,182
12,20,17,0,25,7,5,2,52,9,42,1,0,9,6,1,1,0,2,22,2,10,11,12,34,39,26,44,0,16,12,15,5,58,21,2,27,14,0,10,19,15,1,2,0,29,5,37,0,0,11,3,36,43,17,37,2,7,3,61,12,49,54,44,51,51,20,19,22,4,3,54,0,10,10,10,0,3,4,4,4,17,12,9,18,19,55,50,214
13,2,40,0,51,9,65,53,42,1,2,1,29,11,8,3,3,0,2,31,21,31,49,11,17,28,36,45,0,2,9,53,5,15,21,0,0,3,0,1,3,11,43,0,39,30,0,45,43,0,11,1,32,24,42,0,8,1,4,31,52,5,38,33,8,51,10,0,0,0,0,0,0,10,10,10,0,4,4,4,4,0,9,10,10,54,63,15,246
14,1,45,1,51,6,40,21,9,1,6,1,6,10,8,1,4,7,5,31,5,19,18,2,2,3,60,34,0,15,45,33,17,53,21,0,13,21,12,0,30,0,53,31,48,30,0,45,43,0,16,3,1,38,42,0,8,4,3,75,52,36,54,15,43,14,15,23,2,4,3,7,0,10,10,10,0,2,1,3,3,50,9,2,5,54,91,48,169
15,17,46,4,65,9,2,13,58,0,55,0,50,1,1,1,2,0,2,15,0,49,49,33,47,40,55,44,1,1,33,22,6,8,21,18,0,34,0,1,29,4,36,20,0,30,0,45,43,0,1,15,48,57,1,37,2,1,0,35,52,49,54,44,51,51,20,56,2,2,1,7,75,0,0,1,5,6,0,0,0,50,14,9,19,42,87,50,2
16,18,42,0,51,7,31,24,0,2,55,0,50,1,0,3,2,3,5,31,0,27,36,30,17,31,1,7,1,7,12,46,29,1,23,26,12,0,0,1,29,4,0,1,0,30,0,45,43,0,1,3,17,1,55,0,8,3,0,83,52,5,1,9,14,43,1,49,2,1,4,49,49,0,0,0,10,4,2,0,2,8,9,10,22,54,1,15,67
17,17,39,0,48,7,6,65,58,0,55,0,50,6,4,1,1,5,5,31,0,31,49,33,47,40,36,60,12,15,22,36,17,34,21,0,0,37,9,10,10,16,26,17,0,23,4,31,0,0,11,15,48,57,45,0,3,3,4,76,52,49,54,44,51,51,20,0,21,0,0,0,14,1,1,1,0,3,0,0,4,50,10,2,7,54,63,50,230
18,1,51,1,57,6,51,45,27,1,17,1,2,8,6,4,3,2,3,22,0,31,49,33,24,18,53,59,0,16,12,0,12,8,4,0,0,34,12,0,30,0,53,31,48,30,0,45,43,0,0,6,27,31,57,0,14,0,5,34,52,49,54,44,51,51,20,0,0,3,2,54,0,10,10,10,0,0,0,2,2,50,10,0,29,2,84,50,214
19,20,25,0,28,12,18,31,57,1,8,1,3,7,5,4,2,3,2,1,36,32,49,12,18,33,53,44,11,35,44,0,6,46,4,0,0,3,0,13,0,22,5,0,6,3,11,19,20,16,16,6,1,31,42,0,8,2,2,43,52,44,37,43,19,0,15,56,22,1,4,0,0,1,4,1,0,4,3,3,3,50,9,9,32,8,84,12,34
20,19,26,0,35,9,78,65,55,1,42,2,50,8,6,1,1,5,4,31,0,49,49,33,47,40,69,35,1,1,12,53,16,8,21,0,3,0,0,14,1,23,45,24,0,2,22,34,32,22,17,15,48,57,45,0,8,1,3,35,52,49,54,44,51,51,20,23,7,1,4,79,48,7,7,6,13,3,1,2,2,50,8,9,37,54,14,50,311
21,22,38,5,42,7,16,5,57,1,3,1,23,9,6,3,2,5,1,26,0,31,36,17,17,18,60,43,9,35,44,12,59,53,21,32,13,0,0,0,30,0,53,31,48,30,0,45,43,0,0,3,17,38,57,0,8,3,3,1,35,36,34,0,43,11,0,0,0,4,3,15,0,10,10,10,0,1,1,0,2,23,10,9,14,50,91,48,214
22,11,45,0,53,16,81,71,58,0,55,0,50,0,0,1,1,9,1,22,0,31,36,33,47,40,83,31,0,2,12,53,1,8,21,28,17,0,0,10,1,23,36,20,0,29,5,0,0,0,14,15,48,57,1,49,1,0,5,1,52,20,24,15,17,31,13,0,10,0,0,13,33,7,2,2,0,5,2,2,1,50,11,5,38,50,28,31,149
23,0,25,2,88,16,81,71,58,0,55,0,50,0,0,1,0,5,3,20,0,11,39,30,17,35,69,40,0,35,12,33,10,36,21,8,10,28,0,11,10,16,0,1,0,18,18,0,0,15,14,15,48,57,25,8,1,0,5,1,12,49,54,44,51,51,20,21,2,0,0,7,0,7,6,9,1,0,1,2,4,50,0,4,27,50,14,50,287
24,16,37,5,52,12,42,71,58,0,55,0,50,0,0,3,1,0,4,19,0,49,49,33,17,28,53,39,1,16,9,10,12,46,21,18,0,0,30,1,19,15,22,22,20,30,0,45,43,0,1,3,17,31,46,13,3,2,3,49,52,20,54,29,14,13,1,69,2,1,4,80,0,1,1,1,5,3,4,4,4,0,10,9,9,44,84,31,214
25,22,23,1,19,1,16,5,5,1,42,1,32,8,5,4,2,7,2,31,13,23,49,27,9,25,18,44,9,1,47,33,7,21,21,13,8,28,0,0,30,0,53,31,48,30,0,45,43,0,0,10,8,12,43,0,15,0,5,1,36,49,54,44,51,51,20,0,22,1,4,0,0,10,10,10,0,3,4,2,4,2,9,9,8,54,41,50,200
26,16,35,0,55,7,11,71,58,0,55,0,50,0,0,3,1,3,1,31,0,19,49,24,20,28,53,19,0,13,9,53,57,34,21,0,3,0,0,10,3,11,48,0,43,21,6,25,23,0,11,2,21,24,46,0,3,1,4,83,52,20,15,0,28,51,10,0,10,4,3,7,52,1,10,9,0,5,4,2,4,9,8,10,16,54,84,31,217
27,2,38,3,21,7,26,31,52,1,3,69,3,11,6,3,2,4,1,31,0,49,49,33,47,40,36,59,1,12,45,53,1,15,22,0,10,0,31,1,29,4,0,1,0,30,0,45,43,0,1,3,17,5,51,0,1,0,5,83,52,1,22,0,40,51,1,0,2,2,1,45,0,10,10,10,0,3,3,0,3,50,9,1,28,54,63,2,168
28,17,46,0,58,7,10,22,58,0,55,0,50,0,0,3,2,7,4,31,0,49,16,1,30,35,60,34,10,16,13,53,16,53,18,33,6,26,6,14,6,24,5,29,32,11,15,37,23,2,17,3,39,38,36,0,2,1,3,80,52,20,27,23,15,51,16,32,27,2,1,7,0,10,10,10,0,0,2,1,2,50,8,4,15,54,91,31,292
29,17,33,5,29,7,73,12,58,0,55,0,50,6,1,1,1,7,2,3,0,31,36,27,37,28,55,48,9,23,39,22,2,50,21,0,0,3,0,12,3,11,45,0,41,11,15,31,0,15,15,3,39,33,42,0,3,1,0,32,40,5,44,1,14,46,14,55,3,2,1,7,48,7,3,1,25,3,4,2,3,11,10,12,32,8,87,15,35
30,18,27,0,35,7,78,5,52,1,55,0,50,7,5,1,1,5,3,15,0,19,3,11,47,40,69,42,0,12,45,53,8,1,4,2,27,14,0,0,30,0,53,31,48,30,0,45,43,0,0,15,48,57,45,31,12,7,3,62,52,40,48,0,36,51,0,29,2,2,1,54,0,10,10,10,0,3,4,0,4,0,11,4,29,26,14,8,182
31,22,39,1,32,6,26,6,52,32,52,26,2,10,6,1,2,6,4,22,34,31,36,5,12,28,65,35,9,1,33,53,16,39,21,0,0,0,2,0,30,0,53,31,48,30,0,45,43,0,0,9,11,27,42,0,8,1,3,32,27,49,54,44,51,51,20,0,22,3,2,0,0,10,10,10,0,3,2,2,2,50,12,12,40,8,12,50,64
32,16,15,5,22,7,78,71,58,0,55,0,50,1,1,1,1,2,2,31,1,11,49,17,17,28,55,45,1,12,33,53,5,5,19,0,0,3,0,11,0,22,16,13,0,6,24,25,0,5,14,6,17,5,42,0,8,1,3,83,52,49,54,44,51,51,20,46,21,0,0,7,34,0,10,0,0,4,2,0,2,50,8,9,17,54,87,50,17
33,21,45,0,57,7,13,9,2,1,4,1,48,9,7,3,2,3,2,31,0,49,49,2,2,33,18,34,9,15,45,53,6,65,21,0,0,3,0,12,16,2,17,14,0,18,18,13,0,15,16,6,5,51,10,18,8,3,4,54,26,20,38,0,28,51,15,0,10,3,2,15,48,1,1,1,13,1,4,4,4,37,12,9,19,54,41,31,124
34,17,36,0,47,7,15,23,58,0,55,0,50,1,0,3,1,3,4,31,0,31,49,33,47,40,69,38,0,16,9,53,13,8,21,0,0,0,2,11,3,11,17,0,16,14,10,34,32,4,14,15,48,57,46,0,3,1,4,83,52,49,54,44,51,51,20,0,10,4,3,83,52,1,10,5,18,5,4,2,4,2,9,0,16,54,14,50,198
35,19,24,6,28,7,78,65,42,2,12,2,50,8,5,1,1,5,4,31,29,31,7,8,30,35,77,37,0,16,26,53,14,58,22,2,13,21,8,11,10,16,49,0,44,19,14,14,16,4,14,3,17,43,45,46,2,7,3,61,52,49,54,44,51,51,20,19,3,2,1,0,0,10,10,10,0,3,1,2,3,2,10,4,12,54,23,50,89
36,19,26,5,31,7,4,69,47,47,46,40,50,8,6,1,1,5,5,11,0,49,49,33,1,35,36,44,10,25,9,45,39,34,21,26,20,14,12,1,29,4,17,14,0,30,0,45,43,0,1,0,0,24,51,0,1,0,5,43,52,5,36,43,46,42,1,0,0,4,3,7,0,1,0,0,5,0,0,0,2,50,8,9,36,32,63,15,243
37,9,42,0,53,9,78,53,35,1,33,1,43,11,7,4,5,2,5,4,0,49,49,17,30,31,24,60,12,25,21,45,34,69,22,26,20,0,0,0,30,0,53,31,48,30,0,45,43,0,0,8,31,54,1,49,9,3,4,64,52,36,54,33,21,42,0,0,0,0,0,7,0,1,10,10,0,0,0,0,0,50,15,10,28,44,47,48,183
38,20,26,0,30,12,26,13,5,1,42,1,11,6,4,5,1,5,2,31,0,49,49,33,47,40,7,35,4,7,9,53,3,8,21,0,0,3,0,1,19,15,36,20,0,30,0,45,43,0,1,15,48,57,19,9,1,0,5,1,52,5,30,32,14,51,1,0,2,4,3,7,0,10,10,10,0,5,4,4,4,0,8,9,20,54,32,15,80
39,18,4,5,22,7,45,59,1,2,55,0,50,7,4,1,1,5,1,15,0,31,49,24,47,40,7,52,1,12,45,10,22,8,21,18,33,0,0,10,6,24,43,22,0,21,6,13,0,0,11,15,48,57,46,31,8,3,4,83,52,49,54,44,51,51,20,15,11,0,0,54,0,8,10,0,0,3,1,1,3,50,0,10,30,53,32,50,84
40,11,48,4,11,16,81,71,58,0,55,0,50,0,0,0,2,6,3,1,0,31,49,33,17,31,36,37,1,22,12,12,12,34,21,0,0,34,12,13,8,27,26,17,0,19,14,1,2,3,20,15,48,57,1,49,3,3,4,59,52,20,40,34,16,11,19,22,21,4,3,0,19,7,7,0,18,0,2,2,3,50,3,2,28,8,63,31,16
41,18,41,5,27,7,10,69,57,1,55,0,50,6,4,3,1,7,5,22,0,11,1,33,47,40,87,28,10,1,26,24,24,69,18,2,20,38,32,4,6,24,18,11,16,25,17,34,0,21,4,3,17,38,9,47,1,0,5,1,4,49,54,44,51,51,20,18,22,3,2,7,42,8,5,0,0,3,3,3,3,22,9,10,36,50,38,50,182
42,21,35,0,37,7,17,8,5,1,52,2,9,8,6,5,2,5,1,31,0,0,36,33,17,30,36,52,0,21,26,53,57,15,21,15,35,0,0,11,1,23,36,0,32,19,14,0,0,5,14,3,17,10,7,44,8,5,4,59,52,11,45,0,48,51,13,0,7,0,0,7,52,1,1,4,13,4,3,0,3,2,11,9,22,54,63,20,39
43,20,23,3,12,7,7,8,6,2,2,2,46,9,7,3,2,5,4,15,1,31,49,33,47,40,7,60,12,1,26,10,13,8,21,0,0,21,25,1,28,26,1,0,2,30,0,45,43,0,1,0,0,5,46,0,8,1,4,1,30,49,54,44,51,51,20,31,21,0,0,0,26,1,1,1,5,4,4,4,4,50,4,9,25,8,32,50,34
44,17,30,0,47,7,6,6,58,0,55,0,50,6,4,1,1,5,5,31,0,31,49,33,47,40,36,33,0,28,33,48,18,34,21,0,16,0,43,10,10,16,26,17,0,29,5,25,0,0,11,15,48,57,42,0,1,0,5,64,52,4,54,23,14,39,10,18,2,0,0,7,2,1,9,1,0,3,0,4,4,50,9,2,22,54,63,5,193
45,19,6,0,14,3,23,6,20,2,16,1,50,6,1,3,2,4,5,30,13,36,49,27,2,28,18,49,1,1,45,53,23,62,21,0,0,0,2,10,22,3,16,13,0,29,5,26,0,0,14,9,32,48,42,0,1,0,5,35,21,31,45,16,14,51,13,0,22,0,0,0,0,10,10,10,0,3,3,1,2,50,12,9,35,8,41,43,232
46,20,59,0,52,11,79,18,6,41,2,3,46,7,5,3,2,2,5,1,0,49,49,33,47,40,18,20,1,16,15,20,32,21,21,8,10,9,5,13,3,11,48,0,43,17,2,10,12,18,16,15,48,57,1,49,2,7,3,58,52,9,41,16,14,29,15,23,12,0,0,12,0,7,3,1,5,5,2,4,2,17,14,4,20,8,41,26,302
47,11,22,5,33,16,81,71,58,0,55,0,50,0,0,1,1,2,1,31,38,19,49,33,47,40,36,50,9,13,12,52,59,34,21,27,21,0,0,1,21,5,0,0,1,30,0,45,43,0,1,15,48,57,46,0,9,3,3,32,52,31,43,16,14,50,1,0,2,3,2,7,48,3,10,8,0,1,1,2,1,37,8,9,38,54,63,43,185
48,22,34,0,44,7,20,13,8,1,4,34,46,9,5,1,4,5,5,22,0,19,11,33,47,40,1,43,0,22,44,48,7,1,17,0,0,3,0,11,18,18,0,1,0,23,4,0,0,26,14,15,48,57,1,49,8,3,4,61,52,49,54,44,51,51,20,18,2,2,1,80,43,5,6,1,5,0,2,3,2,17,9,0,15,8,1,50,243
49,20,14,7,14,12,17,14,14,1,33,1,1,6,0,5,1,4,1,31,0,31,49,20,2,32,53,52,3,13,12,53,58,46,21,27,21,0,0,10,25,17,0,0,1,3,11,31,29,0,14,6,1,31,43,0,9,3,3,31,52,9,46,0,44,51,13,0,15,2,1,75,49,6,3,7,0,4,4,2,3,17,10,9,25,54,84,26,246
50,1,26,0,30,10,29,24,25,1,13,1,8,8,4,4,4,2,0,31,0,49,49,24,34,34,53,54,0,1,26,19,44,46,21,3,0,0,0,13,6,24,26,17,0,11,15,0,0,3,16,6,36,31,45,0,8,1,0,35,52,20,54,0,28,17,15,9,2,4,3,0,2,1,1,1,14,2,1,1,3,50,10,2,18,54,84,31,225
51,1,25,0,48,6,41,29,9,74,8,1,49,10,5,4,3,5,3,31,0,49,49,33,47,40,53,49,0,1,43,22,12,46,23,13,13,9,12,16,6,24,17,14,0,3,11,14,16,16,19,15,48,57,37,0,8,1,0,64,52,5,43,3,46,27,18,5,2,3,2,7,3,5,6,5,14,2,3,2,3,50,9,2,24,54,84,15,245
52,19,32,0,37,7,17,9,55,1,23,12,50,7,4,4,1,4,1,31,0,25,49,30,2,28,36,52,0,14,12,42,57,15,21,0,3,0,0,0,30,0,53,31,48,30,0,45,43,0,0,9,1,10,7,30,12,3,3,35,50,20,36,0,36,38,0,23,22,0,0,7,0,8,8,5,1,2,3,3,3,50,10,9,45,54,63,31,246
53,1,50,0,64,7,14,17,9,1,0,1,49,10,4,1,4,5,5,31,0,49,36,33,47,40,28,28,9,12,44,53,24,22,21,8,5,7,16,14,3,11,0,1,0,11,15,13,0,2,17,3,36,54,7,8,1,0,5,46,20,49,54,44,51,51,20,25,2,3,2,7,0,8,1,1,2,3,3,3,2,4,10,9,32,54,57,50,19
54,22,17,5,27,6,11,58,7,1,3,1,48,9,6,1,3,3,3,3,2,31,49,33,2,28,36,39,9,26,26,53,12,34,21,8,10,28,0,0,30,0,53,31,48,30,0,45,43,0,0,9,36,24,43,0,12,1,1,85,31,21,42,20,14,51,0,0,22,2,1,0,0,10,10,10,0,3,3,3,4,3,10,12,8,8,63,38,64
55,17,59,3,41,7,30,44,58,0,55,0,50,1,1,0,3,5,5,15,0,49,49,33,47,40,36,59,0,1,26,32,17,34,21,0,0,0,2,11,1,23,43,0,39,2,22,37,36,15,14,15,48,57,1,0,3,3,2,49,52,31,27,1,14,51,13,23,0,0,0,80,42,8,7,7,0,3,1,2,3,50,9,9,38,8,63,43,182
56,16,41,3,25,7,30,71,58,0,55,0,50,0,0,1,2,6,4,26,0,49,3,33,47,40,39,56,1,12,26,0,15,36,17,0,0,21,25,12,1,23,16,13,0,11,15,42,40,18,15,15,48,57,31,8,8,2,3,31,52,49,54,44,51,51,20,27,13,1,4,15,53,9,9,0,1,0,0,0,0,2,9,9,22,13,75,50,182
57,19,14,0,30,6,22,15,52,1,33,1,50,6,1,4,1,5,2,31,25,19,3,24,30,28,60,60,12,12,47,22,3,53,23,27,10,10,0,12,18,18,16,13,0,19,14,0,0,3,15,0,31,38,28,0,8,1,0,64,52,5,54,0,28,10,14,23,21,2,1,7,17,1,5,5,14,2,2,2,4,50,0,0,34,54,91,15,305
58,19,23,0,28,7,5,3,47,1,1,2,50,8,5,1,1,5,5,31,0,31,49,17,47,40,53,35,0,1,39,48,16,46,21,0,10,0,31,12,10,16,45,24,0,18,18,4,0,3,15,15,48,57,45,0,8,7,4,38,52,20,39,0,40,46,14,4,2,4,3,7,2,1,1,1,0,3,4,4,4,50,12,2,18,54,84,31,110
59,21,24,0,50,7,8,9,4,1,52,1,4,10,8,4,1,5,1,31,0,31,49,33,47,40,7,51,6,13,12,12,58,8,17,0,3,0,0,12,10,16,27,0,25,18,18,14,16,15,15,15,48,57,57,0,1,0,5,1,52,49,54,44,51,51,20,0,10,3,2,0,75,9,8,5,9,5,4,4,4,17,9,10,38,54,32,50,86
60,17,19,0,30,10,31,53,58,0,55,0,50,1,1,3,1,3,2,31,35,31,49,27,29,28,36,45,9,12,48,42,5,15,10,0,0,3,0,10,0,22,26,17,0,6,24,13,0,0,11,2,21,24,7,37,9,6,1,49,37,5,43,15,50,38,10,0,2,1,4,0,43,5,4,5,0,3,2,3,2,42,8,10,16,54,63,15,305
61,20,18,0,25,7,3,2,55,1,46,1,12,9,6,1,1,6,1,31,0,20,49,1,1,28,72,38,0,21,12,43,52,15,21,20,31,0,0,1,29,4,50,0,45,30,0,45,43,0,1,0,0,5,46,0,1,0,5,83,52,49,54,44,51,51,20,64,22,4,3,7,52,8,10,9,10,1,4,2,4,17,10,9,15,54,19,50,248
62,18,49,0,63,7,41,22,20,1,55,0,50,0,0,4,2,5,3,22,0,49,49,33,47,40,55,13,1,12,43,46,9,50,21,26,8,37,0,10,22,3,1,2,0,29,5,39,0,0,11,15,48,57,1,49,1,0,5,80,52,49,54,44,51,51,20,0,3,2,1,5,0,10,10,10,0,3,3,0,3,50,8,1,10,8,87,50,71
63,22,32,5,29,6,27,13,4,1,3,1,46,9,7,3,2,7,4,12,0,19,11,12,47,40,14,35,2,16,12,52,16,15,18,15,8,14,9,1,19,15,48,13,39,30,0,45,43,0,1,6,27,10,7,17,2,3,1,58,52,20,41,0,28,47,1,42,10,1,4,54,43,8,6,7,2,3,3,3,4,2,12,9,39,8,52,31,286
64,16,34,4,17,7,5,71,58,0,55,0,50,1,1,1,1,0,5,31,21,31,49,11,20,28,14,30,1,17,15,53,21,15,21,15,18,10,20,0,30,0,53,31,48,30,0,45,43,0,0,2,21,5,43,33,8,3,2,61,52,31,25,29,16,0,0,0,22,4,3,54,49,1,10,5,0,3,2,0,0,50,10,9,11,54,52,43,6
65,11,27,2,84,16,81,71,58,0,55,0,50,1,1,0,1,4,5,31,25,31,49,33,1,39,36,33,10,1,26,53,18,34,17,18,0,0,30,11,25,17,16,13,15,1,23,1,0,20,14,3,17,24,57,0,8,7,4,78,52,36,46,0,28,51,13,0,0,0,0,7,0,5,5,3,13,4,4,2,2,2,0,9,9,54,63,48,6
66,18,12,8,48,6,33,13,18,30,55,0,50,0,0,4,2,5,1,31,1,27,36,2,37,31,75,15,7,14,12,0,23,62,21,15,10,10,9,10,2,21,43,0,39,3,11,14,16,0,17,15,48,57,32,0,9,3,1,32,52,34,42,20,14,0,16,0,2,4,3,7,49,5,3,0,0,3,4,2,1,38,8,9,18,54,21,46,114
67,21,28,5,36,7,13,10,14,12,8,47,49,7,5,3,4,0,5,31,0,31,49,33,47,40,69,27,10,20,47,0,19,34,21,26,0,34,9,13,6,24,45,24,0,25,17,0,0,10,16,0,0,5,52,0,4,3,3,64,52,38,46,43,43,3,15,0,0,0,0,7,49,0,10,1,22,4,0,0,2,14,9,10,21,54,14,7,270
68,1,29,4,22,7,10,3,2,74,52,1,43,11,9,3,2,5,4,29,32,31,11,20,47,40,53,37,10,28,44,19,14,46,21,2,5,10,21,1,19,15,17,14,0,30,0,45,43,0,14,15,48,57,3,17,2,1,3,29,52,20,37,15,40,20,13,33,2,4,3,15,0,6,10,6,1,4,4,2,4,43,9,10,30,8,84,31,64
69,19,23,5,31,7,78,6,57,1,52,1,50,8,6,1,1,5,2,15,0,31,49,33,47,40,36,47,0,12,43,22,3,34,4,13,33,2,0,0,30,0,53,31,48,30,0,45,43,0,0,15,48,57,45,37,2,7,3,70,52,49,54,44,51,51,20,29,15,3,2,0,0,10,10,10,0,2,4,3,3,16,11,9,22,26,63,50,286
70,22,37,1,30,7,19,15,15,1,9,1,7,8,6,5,3,7,5,22,33,31,36,33,35,28,62,14,7,12,45,53,39,54,21,0,2,9,5,13,3,11,1,0,2,11,15,1,2,15,7,3,18,39,7,32,1,0,5,31,47,33,7,15,46,51,7,40,3,3,2,7,0,10,10,10,0,3,3,2,3,0,11,9,37,8,9,45,113
71,17,36,5,30,7,15,2,58,0,55,0,50,1,1,3,1,0,5,8,0,31,24,33,47,40,39,28,1,22,15,0,25,36,21,15,8,2,5,10,18,18,26,17,0,19,14,20,19,0,14,15,48,57,10,21,2,3,2,78,52,9,21,32,16,0,13,0,2,2,1,0,0,10,10,10,0,1,2,0,2,50,8,0,3,36,75,26,182
72,18,47,5,41,3,35,8,2,2,55,0,50,6,4,4,1,0,4,12,0,49,49,33,47,40,75,19,1,16,12,15,16,8,21,12,0,0,45,11,10,16,1,2,0,18,18,1,0,4,14,15,48,57,57,0,1,0,5,61,52,49,54,44,51,51,20,0,2,3,2,7,0,10,10,10,0,1,2,0,4,50,9,10,22,28,21,50,1
73,1,48,3,23,3,11,8,6,55,3,1,2,11,8,0,4,6,4,22,0,49,4,11,17,6,39,35,0,20,17,53,16,36,10,0,0,0,2,15,6,24,45,24,0,1,23,34,15,20,18,15,48,57,57,0,1,0,5,1,49,31,28,23,14,51,17,0,0,3,2,7,0,10,10,10,0,4,0,2,2,50,9,10,23,8,75,43,84
74,19,29,5,33,7,13,10,42,1,23,1,50,6,1,1,3,5,2,15,0,31,3,33,1,34,74,52,0,1,43,32,59,8,23,18,33,0,0,0,30,0,53,31,48,30,0,45,43,0,0,15,48,57,45,37,12,5,3,61,45,49,54,44,51,51,20,24,15,3,2,7,49,1,5,1,5,3,1,2,1,50,9,9,27,26,17,50,214
75,17,15,5,29,7,6,34,58,0,55,0,50,6,1,1,1,5,2,15,0,31,36,17,17,34,18,45,0,21,26,15,5,36,21,2,21,21,0,1,19,15,26,17,0,30,0,45,43,0,1,3,17,25,45,37,1,0,5,1,52,49,54,44,51,51,20,28,10,1,4,7,0,0,0,0,17,3,4,4,4,26,8,9,24,26,41,50,286
76,22,31,0,38,7,10,15,7,1,3,1,46,7,5,5,2,5,2,22,0,31,49,17,47,40,36,60,12,16,12,22,5,34,21,15,17,18,0,1,1,23,43,22,0,30,0,45,43,0,11,15,48,57,46,0,1,0,5,78,52,36,54,36,28,38,10,0,21,0,0,7,71,5,5,1,23,4,4,4,4,50,9,9,38,50,63,48,182
77,16,46,0,53,7,24,71,58,0,55,0,50,0,0,3,1,5,2,31,0,49,49,33,30,34,60,46,0,22,15,53,4,53,12,0,0,3,0,13,10,16,26,17,0,19,14,13,0,5,16,3,31,38,1,49,8,1,0,78,42,36,54,32,16,51,15,18,21,4,3,7,49,1,1,1,0,2,4,0,4,50,8,2,37,54,91,48,189
78,6,19,5,29,10,50,14,12,1,6,1,2,10,6,6,4,4,0,22,0,31,36,1,1,28,14,55,0,14,12,53,33,15,21,3,0,0,0,0,30,0,53,31,48,30,0,45,43,0,0,0,0,10,45,0,8,1,3,32,52,31,37,32,28,51,0,0,22,0,0,7,49,8,10,10,0,3,3,2,3,50,11,12,45,8,52,43,2
79,18,19,0,31,7,7,3,35,40,55,0,50,7,4,1,2,6,5,31,0,31,49,17,7,28,69,32,0,12,48,42,19,50,21,0,0,0,2,12,6,24,5,24,41,3,11,16,14,16,15,2,21,31,7,30,9,3,1,15,52,5,25,15,50,38,14,0,0,2,1,7,0,10,10,10,0,3,2,3,3,50,9,9,44,54,14,15,28
80,20,15,5,20,7,78,59,13,50,3,1,2,9,6,1,1,3,0,31,7,24,49,24,25,20,7,44,0,15,45,53,33,8,22,3,0,0,0,0,30,0,53,31,48,30,0,45,43,0,0,6,28,5,52,0,11,1,4,76,52,20,37,22,46,51,0,0,4,0,0,7,0,10,10,10,0,0,0,0,4,0,9,0,24,54,32,31,138
81,7,42,5,37,6,32,16,11,55,13,1,7,8,6,5,8,5,5,22,1,19,49,33,47,40,30,29,0,1,48,22,23,58,21,8,5,10,17,11,18,18,17,7,39,19,14,23,21,3,14,15,48,57,28,17,1,0,5,1,43,49,54,44,51,51,20,38,2,3,2,15,0,7,5,7,2,4,4,2,3,42,12,10,26,50,59,50,54
82,2,38,1,40,6,30,11,19,1,24,1,5,6,1,5,5,3,5,31,29,19,49,24,2,28,53,21,1,35,45,53,31,46,5,13,0,0,0,13,1,23,36,0,32,3,11,32,30,9,16,9,1,31,42,0,8,3,1,38,52,5,14,43,46,51,15,64,22,3,2,0,0,10,10,10,0,3,3,3,3,50,11,9,43,54,84,15,316
83,19,36,8,51,7,13,7,2,7,50,1,50,7,5,4,1,5,2,12,0,43,49,33,1,3,7,53,1,16,26,53,44,8,21,3,0,0,0,12,19,15,12,2,41,21,6,13,1,3,15,3,17,5,57,33,8,1,4,83,52,9,28,23,28,18,14,64,22,0,0,7,69,7,7,2,0,3,4,3,4,50,8,9,2,8,32,26,215
84,0,28,2,88,16,81,71,58,0,55,0,50,0,0,1,0,5,5,31,0,24,49,33,47,40,53,21,0,12,47,8,31,46,21,0,0,0,21,10,10,16,36,20,0,18,18,13,0,0,11,15,48,57,51,0,8,3,3,76,50,31,29,32,36,50,10,37,2,1,4,0,0,10,10,10,0,4,2,0,2,50,0,10,22,54,84,43,128
85,18,54,0,41,8,20,16,13,1,55,0,50,1,0,3,2,3,5,31,12,31,3,27,24,33,53,10,0,5,19,12,43,46,23,0,10,0,0,15,0,22,0,1,0,3,11,20,21,2,18,6,27,31,1,0,1,0,5,50,52,49,54,44,51,51,20,9,10,2,1,7,2,6,1,1,5,3,0,2,3,50,10,2,28,54,84,50,217
86,11,49,2,10,16,81,71,58,0,55,0,50,1,1,0,2,6,4,22,1,31,49,5,34,34,69,35,1,12,45,53,12,58,21,26,20,24,37,13,6,24,1,2,0,1,23,1,2,20,16,0,36,43,59,0,2,4,3,1,47,49,54,44,51,51,20,0,0,0,0,4,0,10,10,10,0,4,1,3,3,33,10,7,15,8,14,50,3
87,16,36,0,47,12,42,71,58,0,55,0,50,0,0,1,2,4,2,31,0,19,49,11,24,35,53,60,12,15,19,53,6,46,21,13,0,25,12,0,30,0,53,31,48,30,0,45,43,0,0,6,27,31,46,0,8,1,1,83,52,9,37,29,14,51,0,0,2,0,0,80,0,8,10,10,0,5,2,0,3,0,10,9,2,54,84,26,289
88,6,26,5,29,6,15,6,5,2,42,45,22,9,5,5,6,7,3,22,13,31,36,28,7,28,39,39,9,1,33,41,12,36,21,0,0,34,12,11,3,11,1,0,2,19,14,34,32,3,17,8,5,25,42,0,3,2,1,32,31,21,32,15,44,48,16,55,3,1,4,7,0,10,10,10,0,3,3,2,3,50,4,12,30,8,75,38,86
89,10,61,3,24,9,23,44,52,1,52,1,48,5,2,0,3,5,5,12,12,19,49,33,47,40,36,25,1,1,27,53,27,34,23,0,8,14,8,0,30,0,53,31,48,30,0,45,43,0,0,15,48,57,1,49,1,0,5,1,52,49,54,44,51,51,20,0,11,4,3,82,0,10,10,10,0,2,0,0,2,50,10,9,12,8,63,50,214
90,16,31,0,46,7,10,71,58,0,55,0,50,0,0,3,1,0,3,19,0,49,49,0,17,28,53,60,12,12,44,20,12,36,22,0,5,21,17,0,30,0,53,31,48,30,0,45,43,0,0,0,17,30,43,0,9,3,4,63,52,49,54,44,51,51,20,0,2,3,2,0,0,1,0,5,5,0,0,0,0,26,9,9,21,42,84,50,85
91,0,26,2,88,16,81,71,58,0,55,0,50,0,0,1,0,0,2,31,12,24,47,17,24,28,36,46,3,21,26,0,4,34,21,15,13,23,0,10,2,21,45,0,41,3,11,1,2,0,11,3,27,24,29,0,9,3,3,56,52,31,39,30,28,51,10,0,10,3,2,7,0,5,3,10,0,0,3,2,3,50,9,0,27,54,63,43,270
92,0,44,4,88,16,81,71,58,0,55,0,50,0,0,0,1,3,1,31,0,23,49,33,1,28,55,49,0,13,11,33,1,8,21,0,3,0,0,0,30,0,53,31,48,30,0,45,43,0,0,0,0,5,1,49,1,0,5,83,52,49,54,44,51,51,20,0,0,1,4,0,52,8,10,8,0,2,2,0,2,50,8,3,49,54,87,50,185
93,0,35,4,88,16,81,71,58,0,55,0,50,0,0,1,0,6,5,31,0,49,29,11,17,20,69,29,1,35,12,42,23,36,21,0,0,21,25,13,1,23,1,24,32,2,22,42,40,18,16,15,48,57,45,0,3,3,3,7,52,49,54,44,51,51,20,23,3,3,2,59,48,7,6,6,14,3,1,2,3,4,0,9,27,54,14,50,185
94,19,30,3,17,7,24,7,55,62,2,1,50,7,5,1,3,2,2,3,0,31,49,11,47,40,1,45,0,16,12,32,5,1,4,0,0,3,0,11,6,24,17,14,0,1,23,25,23,6,14,15,48,57,46,0,8,3,4,49,52,31,53,43,43,29,13,0,30,2,1,56,0,10,10,10,0,3,0,0,0,0,0,9,26,8,1,43,84
95,20,18,5,20,7,8,69,42,1,0,1,0,9,5,1,2,2,2,30,2,31,43,28,30,31,53,44,0,12,48,49,6,8,17,8,5,34,0,0,30,0,53,31,48,30,0,45,43,0,0,15,48,57,7,17,1,0,5,1,52,36,53,15,50,46,0,64,0,1,4,7,0,7,5,7,1,4,1,2,1,17,11,10,29,8,84,48,122
96,17,10,0,12,6,17,44,58,0,55,0,50,1,1,3,1,5,1,31,0,24,11,33,44,33,36,54,3,16,26,53,52,34,21,27,21,0,0,0,30,0,53,31,48,30,0,45,43,0,0,6,8,24,20,8,3,3,4,84,52,49,54,44,51,51,20,0,22,3,2,0,52,1,10,1,25,2,3,2,3,43,8,9,24,54,63,50,18
97,0,31,3,88,16,81,71,58,0,55,0,50,0,0,0,1,5,0,3,38,31,49,33,1,28,14,55,1,16,12,53,22,15,21,3,0,0,0,1,3,11,1,0,2,30,0,45,43,0,1,0,0,5,46,0,8,2,2,61,52,1,48,23,14,51,1,0,13,0,0,4,49,7,8,8,0,2,4,2,4,50,10,0,15,8,52,2,148
98,16,23,2,8,7,6,71,58,0,55,0,50,6,4,3,0,5,2,31,2,23,7,33,35,28,69,45,9,35,44,43,4,58,21,0,0,3,0,0,30,0,53,31,48,30,0,45,43,0,0,1,37,43,43,0,11,3,0,1,37,49,54,44,51,51,20,32,10,1,4,0,52,9,10,5,0,3,3,2,3,9,8,10,30,54,14,50,186
99,17,9,5,32,7,2,44,58,0,55,0,50,6,4,1,1,6,0,31,0,49,49,1,47,40,36,56,1,12,26,46,22,15,21,3,0,0,0,13,6,24,1,2,0,3,11,0,0,5,16,15,48,57,7,37,8,2,4,76,52,49,54,44,51,51,20,0,22,1,4,80,70,0,10,0,14,3,3,0,4,43,8,10,7,54,63,50,245
100,21,27,1,43,12,39,32,15,1,10,1,49,6,1,4,3,4,5,31,0,23,3,33,47,40,75,26,0,12,42,17,24,62,12,13,17,2,8,11,10,16,48,0,43,19,14,13,15,3,14,15,48,57,46,0,1,0,5,81,39,49,54,44,51,51,20,33,10,3,2,7,7,6,6,9,0,3,0,1,4,42,10,2,4,54,21,50,182
101,11,25,3,16,16,81,71,58,0,55,0,50,0,0,1,1,2,3,31,0,11,49,33,47,40,69,51,11,1,39,22,9,53,21,15,0,37,0,0,30,0,53,31,48,30,0,45,43,0,0,0,17,38,46,0,2,3,4,83,52,49,54,44,51,51,20,0,2,4,3,75,52,7,10,1,0,5,2,0,2,0,8,10,48,54,14,50,6
102,1,35,1,36,6,26,16,4,2,2,2,46,9,5,4,2,4,5,29,13,25,49,13,7,28,84,25,7,13,6,8,17,70,12,0,4,0,38,11,3,11,17,0,16,23,4,25,23,4,14,6,5,55,42,0,9,2,2,34,52,21,18,23,14,6,13,0,22,3,2,0,0,10,10,10,0,4,3,2,3,50,10,9,30,8,35,38,41
103,21,33,1,40,6,31,4,7,2,54,1,43,9,6,1,2,6,5,31,3,23,49,25,45,28,45,9,0,35,45,42,45,42,21,0,0,0,5,13,0,22,10,22,2,6,24,20,19,10,16,8,46,28,7,21,1,0,5,35,50,33,31,43,46,38,15,32,2,0,0,15,0,10,10,10,0,4,2,1,1,42,10,9,38,54,68,45,90
104,21,41,7,55,12,53,29,21,1,24,1,10,1,1,4,4,4,1,31,0,49,49,33,47,40,18,60,12,35,44,45,57,8,23,2,40,0,0,1,29,4,16,13,0,30,0,45,43,0,1,0,0,5,46,0,9,3,1,63,52,49,54,44,51,51,20,0,0,3,2,7,0,1,0,5,5,0,3,0,4,50,15,9,24,54,41,50,168
105,20,21,5,33,7,3,65,35,2,1,2,4,9,5,1,1,7,1,22,0,23,1,30,30,14,14,46,9,16,12,53,52,15,21,0,3,0,0,0,30,0,53,31,48,30,0,45,43,0,0,3,44,10,55,0,8,3,4,76,38,5,39,9,10,51,0,18,13,3,2,54,48,8,10,0,1,3,3,1,3,50,8,10,37,8,52,15,16
106,18,27,0,30,7,14,6,55,74,55,0,50,6,4,3,1,5,2,31,12,31,49,11,24,33,7,44,0,1,39,53,3,8,21,0,0,3,0,0,30,0,53,31,48,30,0,45,43,0,0,6,27,5,43,0,3,2,4,61,52,31,36,9,6,51,0,0,28,1,4,54,0,10,10,10,0,5,2,2,4,17,10,9,11,54,32,43,217
107,1,12,5,22,6,17,4,52,1,23,1,12,11,5,1,2,0,4,15,0,31,11,20,17,28,78,45,0,21,15,49,5,15,21,8,21,18,0,10,10,16,43,0,39,29,5,13,15,0,11,6,44,5,45,37,1,0,5,61,52,49,54,44,51,51,20,20,22,4,3,7,0,3,10,5,1,3,4,3,3,2,13,9,17,26,24,50,267
108,17,5,0,23,7,78,59,58,0,55,0,50,6,4,1,1,0,0,31,0,49,49,33,1,28,1,54,0,12,19,47,44,1,23,3,0,0,0,1,29,4,0,1,0,30,0,45,43,0,1,0,0,1,28,0,3,1,4,50,52,5,48,0,43,20,1,68,2,1,4,0,5,1,1,7,0,2,0,2,4,50,8,10,34,54,1,15,198
109,20,43,5,47,7,14,13,11,30,3,49,2,6,4,3,3,0,5,15,12,37,11,33,1,35,36,60,12,35,33,24,13,34,21,26,0,0,42,1,19,15,10,0,10,30,0,45,43,0,1,3,31,24,57,37,2,3,4,83,52,45,19,43,43,24,1,0,3,3,2,7,48,8,1,5,18,3,4,1,1,0,9,10,17,50,63,13,286
110,17,19,5,19,7,65,23,58,0,55,0,50,6,1,1,1,3,0,31,38,23,36,28,7,28,53,57,0,1,12,0,11,46,21,3,0,0,0,10,6,24,26,0,24,3,11,39,38,0,11,2,5,31,35,0,8,2,3,56,52,5,36,23,10,0,10,0,13,3,2,36,49,1,5,5,0,4,4,2,4,50,10,9,17,54,84,15,245
111,17,14,5,19,7,65,53,58,0,55,0,50,6,4,1,1,5,3,31,0,31,49,11,17,28,7,37,0,1,33,22,8,8,23,0,0,3,0,1,18,18,26,17,0,30,0,45,43,0,1,3,17,5,42,0,1,0,5,1,52,31,43,43,40,8,1,0,11,2,1,51,0,10,10,10,0,3,2,0,4,50,8,0,18,54,32,43,151
112,20,36,5,50,7,9,4,2,1,52,1,48,9,7,3,1,5,5,31,0,49,49,33,47,40,36,27,1,35,48,10,25,34,21,0,0,0,0,1,22,3,17,14,0,30,0,45,43,0,1,15,48,57,45,20,8,3,1,76,52,9,20,41,49,8,1,0,14,4,3,7,0,0,10,0,5,1,0,0,4,0,11,10,18,54,63,26,97
113,22,25,0,26,12,25,16,19,1,50,1,22,7,1,5,2,5,1,31,9,31,49,12,25,31,14,49,7,1,43,53,1,15,21,0,3,0,0,1,29,4,50,29,0,30,0,45,43,0,15,6,5,10,42,0,8,2,2,33,21,36,47,0,43,51,14,0,22,2,1,0,0,10,10,10,0,3,3,3,4,2,13,9,40,54,52,48,152
114,9,21,0,18,10,66,45,15,2,28,1,23,11,9,7,3,5,5,31,13,35,49,5,35,27,87,54,1,35,45,49,23,71,21,0,0,0,2,13,1,23,5,0,6,2,22,1,2,10,16,9,37,56,42,0,8,2,3,33,21,5,46,43,46,47,15,0,2,0,0,0,0,10,10,10,0,3,3,2,3,17,12,9,40,54,38,15,169
115,18,14,5,29,7,5,69,24,2,55,0,50,7,4,1,1,5,0,31,0,49,49,20,17,18,36,55,0,35,33,53,33,8,17,3,0,0,0,11,1,23,26,17,0,18,18,13,0,15,14,3,17,5,57,0,3,3,3,35,52,49,54,44,51,51,20,23,0,4,3,1,42,5,6,6,0,3,2,2,2,17,8,9,37,54,63,50,27
116,17,30,5,31,10,70,44,58,0,55,0,50,1,1,1,2,0,2,31,0,31,2,20,17,3,69,46,1,12,33,27,4,15,21,0,33,14,0,1,22,3,16,13,0,30,0,45,43,0,1,0,17,5,45,0,8,3,1,86,52,49,54,44,51,51,20,0,2,3,2,0,0,0,10,0,0,1,3,0,3,50,9,0,2,54,14,50,201
117,17,29,5,54,2,31,16,58,0,55,0,50,0,0,4,1,0,1,19,0,31,3,33,47,40,36,49,0,7,12,13,12,34,21,2,25,14,20,10,1,23,26,17,0,19,14,0,0,0,11,3,17,24,46,24,2,1,3,61,52,49,54,44,51,51,20,18,3,3,2,0,0,10,10,10,0,3,4,1,4,50,12,4,15,22,63,50,54
118,18,67,1,77,7,32,21,37,1,55,0,50,0,0,3,3,1,2,31,21,23,3,2,2,28,82,21,0,12,33,53,6,21,21,0,40,2,0,0,30,0,53,31,48,30,0,45,43,0,0,6,1,5,1,49,1,0,5,1,52,49,54,44,51,51,20,0,0,3,2,7,52,1,10,5,0,3,4,2,4,0,11,9,24,54,29,50,119
119,2,35,1,62,6,47,45,26,1,24,7,16,7,5,5,4,5,3,31,12,19,11,33,24,3,60,36,3,15,22,10,15,53,21,8,10,25,1,13,10,16,27,0,25,17,2,1,2,15,16,3,39,38,28,0,8,3,3,64,52,49,54,44,51,51,20,38,2,0,0,0,2,5,5,5,0,2,0,1,1,50,11,2,13,54,91,50,50
120,17,21,5,32,7,73,34,58,0,55,0,50,6,1,1,1,5,2,22,0,31,3,2,34,3,36,47,1,35,45,10,3,34,12,0,0,3,0,12,6,24,17,14,0,1,23,31,29,20,15,3,1,24,46,0,3,3,4,32,52,49,54,44,51,51,20,55,3,1,4,7,0,10,10,10,0,4,3,2,4,16,0,10,22,8,63,50,71
121,19,16,5,52,6,24,60,10,1,54,2,50,6,4,4,2,5,1,22,12,31,23,27,47,40,7,50,0,7,12,32,58,8,21,15,35,0,0,11,1,23,43,22,0,18,18,0,0,4,15,3,17,5,28,0,2,3,3,4,42,5,43,35,10,46,14,36,15,0,0,0,49,7,5,8,1,1,1,2,1,50,10,10,29,8,32,15,267
122,19,22,0,33,7,16,4,52,1,1,69,50,7,4,3,1,5,5,31,0,31,3,33,47,40,60,5,0,16,33,48,49,53,21,0,0,0,5,13,6,24,50,29,0,11,15,39,0,15,16,15,48,57,45,0,8,3,0,35,52,31,54,0,43,29,15,9,2,0,0,7,2,4,5,5,0,3,1,2,2,50,9,2,18,54,91,43,147
123,3,45,5,40,7,21,10,5,1,7,3,10,10,6,3,5,0,3,26,0,38,49,26,47,40,7,17,5,25,32,46,27,1,23,0,2,7,31,10,13,14,36,20,0,29,5,25,0,0,11,15,48,57,1,49,2,7,0,81,52,9,18,22,17,20,10,0,10,0,0,0,0,10,10,10,0,3,0,0,0,50,11,9,10,8,32,26,79
124,16,41,5,30,4,65,71,58,0,55,0,50,1,1,1,1,4,4,31,0,49,11,33,30,33,39,38,10,22,26,53,13,34,21,0,10,10,21,1,19,15,50,0,45,30,0,45,43,0,14,3,17,24,54,0,8,7,4,32,52,21,31,43,40,51,13,32,10,1,4,76,0,10,10,10,0,1,1,0,1,17,8,4,15,54,75,38,240
125,20,35,0,32,7,78,65,35,1,2,1,10,8,5,3,1,0,2,22,0,31,13,33,47,40,7,40,0,1,15,53,16,8,21,2,21,9,8,1,19,15,26,17,0,30,0,45,43,0,11,15,48,57,45,38,1,0,5,1,52,21,32,29,14,51,10,19,7,2,1,0,0,10,10,10,0,2,0,0,0,50,8,9,17,19,32,38,267
126,16,33,5,16,3,10,71,58,0,55,0,50,0,0,4,0,7,1,31,2,13,49,27,37,28,75,50,0,16,15,53,61,73,0,37,43,48,46,0,30,0,53,31,48,30,0,45,43,0,0,15,48,57,0,49,0,0,5,0,52,36,41,33,10,51,0,0,2,2,1,54,49,8,8,9,0,4,1,2,2,38,10,6,14,54,21,48,118
127,16,52,0,47,7,13,71,58,0,55,0,50,0,0,3,1,0,2,31,0,49,49,33,47,40,36,60,12,22,33,43,6,34,21,15,10,25,0,10,3,11,43,22,0,29,5,13,0,0,11,15,48,57,31,0,8,3,0,50,52,49,54,44,51,51,20,40,2,1,4,7,0,5,5,5,0,0,1,1,1,50,9,2,11,54,63,50,217
128,20,28,0,50,7,7,15,11,1,14,1,1,6,1,3,4,3,1,31,0,31,49,33,24,31,1,34,1,2,7,53,17,1,12,0,0,0,2,10,16,2,26,0,24,23,4,25,23,0,11,9,36,1,42,0,11,3,0,49,52,1,27,23,28,51,10,0,21,1,4,0,0,10,10,10,0,0,3,3,3,50,9,0,45,54,1,2,257
129,22,6,2,27,12,29,21,12,1,7,1,48,7,5,6,3,7,0,15,0,49,49,6,7,16,69,56,1,22,33,16,13,54,21,0,17,28,0,11,10,16,10,0,10,18,18,31,0,4,14,3,36,39,28,22,1,0,5,74,44,49,54,44,51,51,20,17,22,4,3,42,52,8,6,7,27,3,4,2,1,0,12,8,31,8,14,50,117
130,20,31,5,38,7,24,15,6,1,54,1,43,7,5,1,3,5,5,15,0,49,49,24,47,40,69,37,1,15,18,46,23,46,21,18,0,0,30,10,10,16,45,24,0,29,5,37,0,0,11,10,27,37,42,0,1,0,5,80,52,5,28,17,19,43,10,0,22,3,2,54,0,10,10,10,0,1,4,4,2,41,9,10,24,14,14,15,149
131,3,18,0,24,3,16,10,4,1,24,2,33,6,1,4,7,3,5,22,21,31,44,33,7,28,75,59,11,1,17,0,61,62,13,13,13,9,8,1,22,3,16,13,0,30,0,45,43,0,14,15,48,57,1,40,1,0,5,48,50,31,53,0,20,0,13,64,21,2,1,0,49,9,8,5,0,3,2,2,2,17,11,9,29,19,21,43,3
132,20,21,3,22,7,15,10,14,30,42,28,12,6,1,4,2,4,5,22,0,31,36,30,37,28,36,34,11,21,26,53,17,34,21,0,2,9,30,1,22,3,0,1,0,30,0,45,43,0,1,9,39,24,45,0,1,0,5,32,26,20,27,29,28,51,1,0,22,0,0,0,0,10,10,10,0,3,3,2,3,50,10,12,40,8,63,31,41
133,20,50,3,25,7,22,7,2,9,54,2,22,8,5,3,2,7,5,13,21,31,36,11,17,28,75,29,1,16,12,53,23,62,21,17,0,0,44,11,10,16,21,20,16,19,14,14,16,3,14,3,36,43,1,49,3,1,0,33,52,33,14,23,14,51,13,22,3,3,2,0,0,10,10,10,0,3,2,2,2,50,10,9,14,8,21,45,105
134,1,22,5,35,7,16,14,12,74,6,1,4,10,6,5,1,5,1,31,21,21,49,20,37,31,7,49,0,15,4,8,59,8,21,0,3,0,0,13,6,24,16,13,0,2,22,13,15,10,16,12,44,5,51,0,12,1,4,73,52,33,37,32,29,0,15,0,11,3,2,7,0,10,10,10,0,4,1,4,3,5,11,9,8,54,32,45,262
135,16,61,2,5,9,9,71,58,0,55,0,50,6,4,0,2,2,3,22,0,31,49,1,1,17,36,35,1,35,43,46,16,34,21,0,0,0,2,0,30,0,53,31,48,30,0,45,43,0,0,3,17,24,46,49,8,3,1,31,52,49,54,44,51,51,20,0,2,1,4,0,0,8,10,5,0,3,4,4,4,50,8,8,20,53,63,50,84
136,20,44,4,27,8,16,6,42,2,23,2,1,8,4,1,2,5,2,15,0,49,49,11,47,40,60,44,1,1,39,32,6,50,17,8,0,40,0,12,8,27,16,13,0,18,18,0,0,3,15,3,31,38,42,0,3,5,4,58,51,49,54,44,51,51,20,0,21,3,2,7,75,5,5,5,9,4,1,3,3,2,10,9,20,7,91,50,267
137,20,33,0,39,7,10,9,5,2,52,60,12,8,5,3,2,2,5,31,2,31,49,2,30,31,62,31,9,21,26,42,18,54,21,13,8,0,25,0,30,0,53,31,48,30,0,45,43,0,0,10,5,38,7,41,4,3,0,56,23,49,54,44,51,51,20,0,10,4,3,0,34,5,6,3,0,3,3,3,3,0,9,10,8,54,9,50,185
138,19,27,0,37,7,10,6,52,19,42,69,50,7,5,3,1,3,1,31,0,19,36,2,18,28,36,49,1,2,6,46,57,34,21,27,21,0,0,12,6,24,17,14,0,3,11,0,1,22,17,6,45,24,31,0,3,1,3,75,52,5,45,33,4,43,16,67,10,1,4,7,52,0,2,0,10,3,4,4,4,2,10,9,20,54,63,15,168
139,19,23,0,33,7,5,2,52,65,33,35,50,8,5,1,1,2,5,31,0,25,11,33,2,28,39,34,9,28,33,18,17,36,21,0,0,0,2,10,3,11,1,0,2,11,15,26,24,0,11,8,1,24,42,13,8,6,2,34,26,20,27,36,36,10,10,46,2,1,4,0,49,6,6,5,0,2,1,1,2,50,8,9,15,54,75,31,217
140,20,27,1,37,6,33,11,15,1,5,1,4,6,4,1,4,4,3,29,36,31,49,2,42,33,69,39,9,21,26,53,12,58,21,0,0,0,2,11,2,21,26,0,24,3,11,40,39,5,17,9,1,43,42,0,9,2,2,33,42,20,43,1,9,51,16,0,2,1,4,0,0,10,10,10,0,3,3,3,3,11,9,9,44,8,14,31,117
141,19,23,0,50,7,73,3,9,2,11,45,50,7,5,1,3,5,3,15,0,49,49,33,1,17,7,40,0,1,33,41,10,15,17,0,2,43,0,10,19,15,0,1,0,29,5,25,0,0,11,3,17,24,57,0,3,7,4,78,52,49,54,44,51,51,20,0,1,3,2,66,75,5,5,5,16,5,3,3,3,50,9,9,16,26,32,50,267
142,16,41,0,57,4,13,71,58,0,55,0,50,0,0,3,1,5,5,31,0,49,49,1,1,3,60,20,0,32,45,53,30,36,21,0,10,10,9,0,30,0,53,31,48,30,0,45,43,0,0,0,17,25,17,26,1,0,5,16,52,49,54,44,51,51,20,0,0,1,4,0,49,5,8,1,0,1,3,3,2,43,8,0,32,54,91,50,151
143,19,55,0,57,7,7,5,2,2,50,2,50,8,6,3,1,4,3,22,0,31,3,33,47,40,53,41,0,1,39,53,9,46,4,2,17,25,0,1,19,15,22,0,20,30,0,45,43,0,1,3,17,31,55,37,8,1,2,67,52,49,54,44,51,51,20,34,12,0,0,0,0,10,10,10,0,2,2,0,0,2,1,9,32,19,84,50,3
144,19,42,3,17,9,4,65,6,1,27,1,50,7,5,1,2,5,3,15,0,49,49,33,1,21,7,39,1,17,26,32,12,8,17,2,2,0,34,12,10,16,0,1,0,19,14,44,36,26,15,0,0,5,57,0,3,7,4,31,52,45,32,0,36,44,14,0,0,0,0,7,0,5,5,5,13,4,3,4,4,50,9,12,13,7,32,13,84
145,19,40,0,10,7,24,13,11,54,9,2,50,6,4,1,5,4,5,15,2,23,19,33,30,28,7,60,12,1,12,27,23,8,21,8,8,10,16,1,19,15,14,27,4,30,0,45,43,0,11,6,27,5,1,0,8,1,4,48,52,9,54,0,16,25,10,18,22,1,4,0,0,1,4,4,3,3,4,4,2,46,8,10,14,8,32,26,184
146,5,34,0,7,6,29,17,9,1,42,1,12,13,10,4,3,5,5,12,0,31,36,33,20,28,60,33,1,30,39,48,18,53,17,0,17,15,10,12,3,11,36,0,32,18,18,4,36,15,15,3,21,38,1,49,14,0,5,61,50,5,31,7,46,37,14,23,21,0,0,15,0,4,4,1,5,5,0,1,1,38,11,9,14,8,91,15,86
147,6,38,1,57,6,33,49,44,1,37,1,26,7,1,6,7,3,5,15,0,11,49,33,30,0,18,22,1,1,43,49,30,65,18,0,8,25,8,12,18,18,45,24,0,19,14,34,0,3,4,15,48,57,39,0,8,6,4,69,31,20,17,36,40,46,4,52,7,3,2,54,49,9,8,7,5,0,2,4,4,50,12,9,13,50,41,31,302
148,20,13,0,32,8,4,2,52,2,42,2,12,9,6,1,1,5,2,15,12,10,49,33,1,33,55,60,12,13,10,32,4,50,18,0,15,30,0,15,3,11,26,17,0,12,20,13,0,18,20,3,27,24,39,0,1,0,5,32,52,9,54,23,14,29,19,22,2,4,3,0,70,8,8,8,10,3,3,3,2,50,8,11,13,8,87,26,34
149,20,23,3,14,7,15,10,5,2,50,1,17,6,4,4,2,5,3,15,0,19,49,33,17,28,53,39,1,1,50,53,12,46,21,0,0,0,2,11,25,17,0,1,0,18,18,25,0,15,16,15,48,57,1,0,3,7,1,58,52,20,32,0,28,51,15,0,0,2,1,7,75,7,7,5,16,4,2,3,3,50,9,9,24,8,84,31,267
150,4,48,1,58,6,59,25,32,1,43,49,5,10,7,3,5,5,5,22,0,31,49,33,47,40,69,60,12,12,33,8,34,58,21,0,0,0,16,1,19,15,49,0,44,30,0,45,43,0,14,3,31,43,46,0,2,1,4,31,49,30,54,22,40,6,13,27,10,0,0,0,61,1,1,1,6,4,3,4,4,38,1,9,24,44,14,42,313
151,21,32,1,35,6,31,62,8,2,5,7,32,8,5,1,4,5,5,22,23,31,19,33,18,33,87,39,1,16,26,10,12,71,18,0,8,25,12,13,10,16,43,13,24,18,18,13,0,15,5,3,1,56,1,49,1,0,5,31,52,45,43,0,46,13,5,9,21,0,0,7,48,2,3,1,5,5,4,4,4,2,9,5,24,8,38,13,99
152,16,22,5,32,7,73,71,58,0,55,0,50,1,1,1,1,5,5,31,8,31,49,11,47,40,78,56,0,1,26,50,36,65,21,0,0,0,12,10,18,18,43,22,0,19,14,26,16,0,15,15,48,57,54,0,8,1,2,1,52,44,49,23,14,46,14,23,2,1,4,54,52,3,3,1,4,5,3,2,2,38,0,9,24,54,24,12,135
153,16,11,5,19,5,4,71,58,0,55,0,50,1,1,1,1,5,5,22,0,31,49,24,17,31,69,57,1,1,33,48,23,58,21,0,0,0,2,17,6,24,43,22,0,1,23,13,0,20,20,15,48,57,1,49,8,1,4,31,52,49,54,44,51,51,20,0,2,1,4,0,72,1,1,1,0,0,0,2,4,50,9,4,24,8,14,50,194
154,20,41,1,60,7,35,33,29,70,26,58,20,0,0,5,3,6,5,15,29,48,0,33,47,40,36,39,0,28,12,33,16,34,8,0,0,0,2,12,6,24,45,24,0,13,13,1,40,10,15,15,48,57,1,40,8,3,1,48,52,45,53,23,51,34,14,64,0,3,2,0,49,6,7,0,1,4,3,2,3,46,10,9,2,18,63,13,182
155,19,34,4,14,7,7,7,55,30,54,8,50,8,6,3,2,6,5,31,0,13,19,33,47,40,18,35,0,16,26,32,34,62,21,0,0,0,0,12,1,23,43,0,39,3,11,25,23,6,15,8,0,48,43,6,8,1,4,31,26,49,54,44,51,51,20,13,22,0,0,34,0,10,10,10,0,5,4,4,4,43,11,9,2,54,41,50,168
156,16,48,0,59,9,78,71,58,0,55,0,50,1,1,1,1,4,5,15,0,49,49,33,47,40,75,15,3,7,0,47,38,8,21,0,0,0,0,1,29,4,48,27,0,30,0,45,43,0,1,15,48,57,42,0,2,5,4,1,52,40,8,9,0,44,1,0,22,2,1,7,49,9,1,1,0,3,4,4,4,50,9,9,2,26,21,8,148
157,19,36,0,49,7,10,4,2,5,52,3,50,7,5,1,2,8,5,15,0,10,36,20,47,40,14,34,7,16,12,20,61,73,0,37,43,48,46,0,30,0,53,31,48,30,0,45,43,0,17,15,48,57,0,49,0,0,5,0,52,20,14,16,14,4,16,59,22,4,3,54,49,1,9,1,1,3,4,4,4,17,12,9,2,26,52,31,268
158,20,62,0,30,7,29,24,2,2,54,2,36,7,5,1,3,6,5,22,2,9,19,33,30,35,60,8,0,16,12,47,46,53,11,0,0,25,12,12,6,24,45,24,0,1,23,31,0,6,16,3,31,38,1,49,2,7,2,57,11,20,18,9,10,30,15,55,2,0,0,7,75,6,10,6,1,1,2,3,3,50,11,4,2,8,91,31,79
159,20,47,1,41,7,9,10,7,55,4,1,49,8,6,3,2,5,5,15,1,19,0,27,47,40,7,23,3,14,15,41,29,8,21,2,0,0,0,11,10,16,16,0,15,19,14,13,15,4,14,0,0,5,31,0,3,5,4,61,52,20,16,20,16,37,13,0,3,1,4,7,0,1,1,1,30,4,4,4,4,41,9,9,2,26,32,31,183
160,18,33,0,37,7,15,5,57,62,55,0,50,6,4,3,1,8,5,31,0,2,19,20,47,40,60,49,0,22,26,50,27,34,21,13,0,0,34,14,6,24,20,29,10,1,23,13,0,20,17,3,17,24,57,32,8,7,3,1,52,5,38,23,14,37,16,40,15,3,2,15,70,2,2,9,6,3,2,2,2,9,9,10,2,54,91,15,28
161,17,48,0,16,7,16,44,58,0,55,0,50,1,1,4,0,5,5,15,0,44,24,33,36,16,53,21,7,1,48,10,31,46,23,0,10,7,21,11,4,25,26,17,0,15,8,17,15,4,14,15,48,57,45,40,3,7,3,81,22,9,54,29,36,37,13,0,10,2,1,0,0,8,8,6,6,3,2,4,4,5,14,10,3,0,84,26,182
162,22,39,0,50,7,33,11,11,2,14,69,3,7,1,3,4,7,5,15,0,49,49,5,30,3,55,21,6,22,12,32,31,17,21,0,0,0,0,12,0,22,20,17,16,19,14,14,16,3,17,3,31,24,42,0,3,7,2,31,14,33,14,23,0,6,16,1,3,0,0,35,49,1,1,1,26,4,2,4,4,0,10,9,3,18,87,45,55
163,9,50,1,41,9,78,44,4,1,5,1,46,2,9,1,4,5,5,15,0,49,49,5,2,15,60,9,6,1,26,20,45,53,21,0,0,0,0,11,18,18,0,1,0,19,14,37,36,4,16,0,5,24,42,0,8,7,0,24,52,20,22,15,36,44,15,33,10,2,1,7,0,10,10,10,0,4,4,4,4,2,12,9,3,26,91,31,302
164,19,41,1,47,7,29,9,32,55,42,35,50,6,4,3,3,3,5,31,13,9,19,33,47,40,53,39,0,1,33,10,12,46,11,0,2,25,16,1,22,3,36,20,0,30,0,45,43,0,14,15,48,57,54,26,3,7,2,29,52,45,26,0,36,29,13,23,10,4,3,84,37,6,9,6,19,3,2,3,3,50,10,1,2,54,84,13,37
165,19,29,4,46,10,24,32,5,2,2,25,50,6,4,3,2,4,5,22,25,9,19,33,47,40,36,59,1,1,26,42,17,8,21,0,0,0,2,12,6,24,3,4,0,13,13,34,0,6,15,15,48,57,7,6,2,3,2,83,52,35,28,0,28,38,14,0,29,0,0,76,54,8,8,8,1,4,4,3,3,41,10,8,2,8,63,47,41
166,20,31,2,40,7,24,2,5,20,54,17,32,8,5,1,2,6,2,9,0,19,49,33,17,33,36,34,0,12,43,53,6,1,17,0,21,25,0,14,6,24,1,2,0,1,23,14,16,16,17,3,17,24,48,0,3,3,1,7,52,49,54,44,51,51,20,56,0,3,2,0,48,8,6,5,14,3,3,3,4,50,10,9,8,8,63,50,214
167,22,0,5,61,7,24,32,55,2,42,2,12,9,6,4,2,5,5,29,0,16,26,33,47,40,34,29,1,8,47,25,23,62,21,24,18,7,0,14,1,23,26,17,0,2,22,42,0,19,17,15,48,57,39,0,3,3,0,56,52,40,22,43,43,20,16,23,4,1,4,54,75,0,0,1,5,3,3,0,0,17,1,1,8,8,66,8,86
168,18,44,3,7,3,2,44,24,11,55,0,50,8,5,0,1,6,5,19,0,38,27,27,17,3,18,29,1,2,12,53,23,53,18,0,0,2,39,15,1,23,43,0,39,5,7,36,34,16,18,0,31,31,1,0,3,3,3,34,52,49,54,44,51,51,20,55,0,4,3,0,48,7,5,5,14,2,1,1,2,0,9,9,8,15,41,50,182
169,18,66,3,46,8,51,3,57,2,55,0,50,6,4,1,2,5,5,22,0,49,49,33,47,40,7,15,1,16,12,49,34,8,18,13,8,2,1,11,0,22,10,22,2,1,23,9,0,16,18,15,48,57,39,0,2,3,3,80,52,5,8,0,28,46,17,56,0,3,2,7,75,9,7,5,3,3,2,2,2,33,8,9,8,6,32,15,149
170,18,23,5,41,7,6,65,35,1,0,1,50,8,4,1,1,0,3,22,0,49,49,33,47,40,39,43,2,13,12,48,7,34,17,0,0,3,0,1,19,15,41,0,37,30,0,45,43,0,1,15,48,57,46,37,8,3,0,81,52,9,54,0,28,29,1,0,0,2,1,67,48,1,1,7,6,3,3,3,3,50,10,9,8,8,75,26,302
171,18,28,5,33,7,78,44,0,30,55,0,50,7,4,1,1,2,5,15,0,49,49,33,47,40,60,35,10,20,39,52,16,15,17,0,0,9,34,10,18,18,16,1,1,19,14,1,2,0,14,15,48,57,45,21,2,3,0,80,52,8,54,23,16,48,13,0,0,4,3,7,48,1,1,1,0,2,4,0,3,0,9,9,8,8,91,25,3
172,16,26,4,25,7,11,71,58,0,55,0,50,0,0,3,1,7,5,31,0,49,11,33,17,11,69,34,1,12,19,53,17,58,21,26,0,0,42,14,10,16,37,7,20,18,18,1,0,15,20,15,48,57,1,0,3,3,2,6,51,20,32,0,16,51,19,65,0,2,1,7,0,7,6,6,14,3,1,2,2,50,9,0,8,54,14,31,68
173,18,17,5,30,10,62,69,47,2,55,0,50,6,4,1,2,5,3,15,0,49,49,33,47,40,36,41,10,21,26,32,9,34,18,0,0,3,0,1,29,4,0,1,0,30,0,45,43,0,15,15,48,57,46,0,4,3,3,59,52,9,39,23,16,46,14,18,0,2,1,34,48,4,3,0,0,4,4,4,4,0,14,9,8,26,63,26,286
174,18,25,0,39,7,7,7,47,2,55,0,50,7,5,3,2,0,4,15,0,49,16,33,47,40,36,39,10,16,12,41,12,34,18,0,8,9,25,10,10,16,26,13,39,19,14,34,2,0,11,15,48,57,57,6,2,3,3,61,52,49,54,44,51,51,20,0,22,2,1,7,49,6,7,9,2,2,0,1,1,27,8,9,8,26,63,50,148
175,20,22,5,29,10,60,40,52,1,23,1,2,7,4,1,3,7,3,15,34,21,3,2,34,35,83,40,1,1,39,50,10,53,21,2,0,43,0,13,10,16,2,0,3,17,2,43,41,3,16,3,44,38,2,45,3,3,2,56,52,49,54,44,51,51,20,53,8,3,2,33,49,3,4,0,0,3,4,4,4,5,8,9,9,44,28,50,302
176,19,44,5,51,7,18,15,14,1,10,1,50,0,0,6,1,0,5,12,0,49,49,33,47,40,30,26,1,35,43,10,26,15,21,0,0,0,0,10,19,15,43,22,0,29,5,25,0,0,11,15,48,57,46,10,2,3,0,49,51,49,54,44,51,51,20,0,10,2,1,0,42,1,1,1,5,3,4,4,4,37,9,9,8,30,59,50,2
177,19,35,5,32,7,34,53,55,2,52,2,50,8,5,1,1,0,5,13,0,49,1,33,47,40,39,25,10,1,9,32,27,36,21,0,0,0,0,10,19,15,10,0,10,29,5,9,11,0,11,15,48,57,46,15,3,3,0,56,52,36,18,1,14,29,10,18,2,3,2,54,51,0,0,1,5,3,1,1,1,2,11,9,8,23,75,48,148
178,11,23,0,77,16,81,71,58,0,55,0,50,0,0,1,1,6,3,22,0,49,49,33,47,40,75,43,1,22,39,49,7,62,18,13,8,28,0,11,1,23,10,13,7,3,11,31,29,15,14,15,48,57,45,21,2,2,2,80,52,49,54,44,51,51,20,59,3,0,0,0,75,1,9,2,2,1,3,2,2,50,9,9,8,19,21,50,303
179,20,33,5,47,7,14,65,47,33,33,43,12,8,4,1,2,4,3,19,0,29,13,33,15,35,24,25,1,35,17,27,27,25,21,0,0,3,0,1,19,15,17,0,16,30,0,45,43,0,1,8,31,24,1,41,3,3,2,1,52,49,54,44,51,51,20,56,17,4,3,34,5,0,0,1,7,3,1,3,3,38,9,5,3,8,47,50,217
180,17,39,5,59,7,13,59,58,0,55,0,50,1,1,1,2,5,5,15,0,49,49,24,47,40,69,25,1,12,47,27,16,46,21,18,13,21,0,0,30,0,53,31,48,30,0,45,43,0,1,15,48,57,46,31,8,3,0,56,52,20,18,0,40,25,1,53,10,1,4,0,48,8,1,1,0,3,4,4,4,50,9,3,3,50,14,31,16
181,21,54,0,61,7,24,14,11,1,2,45,10,6,1,5,2,4,3,22,25,8,25,32,17,19,7,60,12,8,43,53,7,8,17,0,0,0,2,1,1,23,16,0,15,30,0,45,43,0,7,0,0,5,57,0,3,3,2,48,52,29,27,15,46,51,7,59,0,1,4,0,0,5,5,6,2,4,0,2,1,0,11,9,2,8,32,41,145
182,22,41,0,65,7,28,16,11,1,18,1,4,7,5,4,3,5,5,15,0,0,3,33,47,40,53,32,1,12,45,28,19,8,17,0,0,0,2,11,18,18,48,29,0,21,6,34,32,3,14,15,48,57,22,0,2,2,1,61,49,49,54,44,51,51,20,52,22,1,4,7,0,10,10,10,0,4,2,2,2,0,10,5,2,26,84,50,148
183,11,39,0,32,12,63,13,45,6,30,3,41,0,0,4,4,4,4,15,0,49,49,33,47,40,29,57,0,22,33,27,22,46,21,0,0,21,25,11,19,15,10,22,2,23,4,13,1,4,15,0,0,24,45,0,11,3,4,45,52,5,47,29,36,25,14,33,10,0,0,7,0,10,10,10,0,4,1,1,1,50,8,9,3,50,20,1,182
184,18,36,0,35,7,9,9,2,2,55,0,50,7,5,1,3,5,4,15,0,11,49,12,17,31,78,26,0,35,45,33,15,53,17,2,0,9,30,10,10,16,7,0,7,19,14,39,29,0,11,3,31,38,2,38,2,3,3,48,52,49,54,44,51,51,20,59,15,3,2,15,36,8,6,6,9,4,4,4,3,38,10,9,2,8,24,50,41
185,22,29,5,33,7,5,9,20,1,2,3,20,9,7,4,2,5,4,22,25,19,32,24,47,40,83,35,1,12,47,8,16,62,17,9,0,0,36,1,29,4,45,13,32,30,0,45,43,0,1,15,48,57,46,40,3,3,2,18,27,49,54,44,51,51,20,53,10,3,2,7,32,5,5,5,5,3,4,4,4,50,9,9,2,8,28,50,267
186,17,26,5,31,7,1,9,58,0,55,0,50,6,1,3,1,5,3,15,0,11,19,2,7,37,83,41,10,1,22,33,9,69,21,0,13,34,0,15,6,24,44,23,0,2,22,31,29,22,18,0,5,54,54,21,3,7,1,31,52,5,34,0,23,31,17,56,11,0,0,1,48,0,0,0,0,1,2,2,2,38,0,1,2,50,28,15,145
187,21,31,0,37,7,13,9,7,40,50,1,9,9,7,5,2,7,5,15,0,49,49,12,47,40,30,54,0,35,45,15,17,62,21,17,5,10,14,10,19,15,27,2,16,23,4,34,32,0,11,0,0,24,20,15,2,1,3,63,52,49,54,44,51,51,20,0,15,2,1,34,0,10,10,10,0,4,4,3,4,38,9,9,2,8,59,50,47
188,18,41,8,25,7,13,7,50,66,55,0,50,1,1,5,1,0,5,19,0,43,0,20,1,3,69,19,2,1,26,27,34,58,21,0,0,26,17,11,0,22,43,0,39,11,15,1,2,3,14,0,39,43,31,31,3,3,3,53,52,49,54,44,51,51,20,23,2,1,4,80,0,1,1,1,6,3,4,2,2,50,9,9,3,22,14,50,182
189,19,33,5,27,7,3,59,24,2,2,1,50,8,5,1,1,5,3,15,0,25,49,33,47,40,87,39,1,1,33,28,16,53,17,0,37,9,0,10,13,14,17,14,16,19,14,34,32,0,11,15,48,57,39,30,7,3,2,61,52,49,54,44,51,51,20,0,21,3,2,80,0,5,5,7,13,5,3,3,3,50,11,1,2,26,38,50,47
190,18,23,5,25,7,3,3,55,2,55,0,50,7,5,1,1,2,4,22,0,49,49,33,47,40,75,35,10,20,45,47,16,53,17,5,28,9,20,0,30,0,53,31,48,30,0,45,43,0,0,0,48,24,46,31,1,0,5,57,52,49,54,44,51,51,20,0,0,1,4,0,0,1,1,1,18,3,0,0,0,50,8,3,2,8,21,50,286
191,11,40,0,53,16,81,71,58,0,55,0,50,0,0,1,1,2,5,29,0,49,49,33,47,40,49,15,10,12,45,33,38,45,21,0,0,3,0,0,30,0,53,31,48,30,0,45,43,0,0,15,48,57,1,45,1,0,5,1,52,45,32,11,30,51,0,0,0,4,3,7,0,1,1,1,1,3,3,3,3,50,0,8,3,50,74,13,216
192,21,33,1,41,6,40,20,47,1,42,1,1,8,4,1,3,5,5,13,32,13,3,33,47,40,69,31,0,12,26,10,12,60,21,0,3,0,0,9,0,22,16,13,0,6,24,1,2,14,10,0,0,5,46,6,2,7,3,80,50,49,54,44,51,51,20,38,3,4,3,7,48,1,1,1,1,3,1,2,4,38,9,9,2,29,14,50,157
193,11,30,3,10,7,2,71,58,0,55,0,50,6,4,0,2,4,1,12,1,5,33,11,47,40,36,25,1,27,25,46,26,34,2,0,0,0,2,10,2,21,16,0,15,29,5,0,0,0,11,3,17,24,1,49,2,1,1,85,52,5,54,0,28,39,10,56,3,0,0,0,48,1,5,5,25,3,4,2,2,50,0,9,2,42,63,15,302
194,20,47,3,35,7,24,19,4,64,52,3,32,7,4,1,3,5,5,15,0,49,49,33,47,40,75,34,1,35,43,15,17,53,18,0,0,0,2,11,1,23,3,0,4,2,22,31,29,15,14,15,48,57,57,0,3,3,2,50,52,49,54,44,51,51,20,22,10,0,0,80,48,7,7,7,0,2,1,2,2,50,10,9,24,8,21,50,148
195,2,33,3,31,7,27,21,19,1,13,1,7,8,6,4,6,2,3,22,0,49,49,33,47,40,55,48,0,20,18,46,2,34,21,0,0,3,0,1,19,15,43,0,39,30,0,45,43,0,1,15,48,57,46,30,8,1,2,83,51,49,54,44,51,51,20,1,0,0,0,56,48,8,10,2,0,2,4,1,1,27,10,3,23,8,87,50,84
196,20,22,5,25,7,4,2,52,1,42,1,0,9,6,1,1,2,2,15,0,7,47,12,24,28,60,38,9,1,45,46,2,53,21,0,0,3,0,1,19,15,17,0,16,30,0,45,43,0,1,0,17,38,45,37,2,3,1,83,51,20,54,0,46,43,1,0,23,4,3,63,49,3,10,2,0,3,4,1,0,0,9,8,24,42,91,31,79
197,18,46,3,48,7,4,53,47,1,55,0,50,7,5,1,1,3,4,9,0,49,49,33,47,40,69,34,1,26,43,46,13,8,17,0,0,28,16,10,19,15,26,0,24,29,5,1,2,0,11,15,48,57,46,38,2,2,4,83,51,49,54,44,51,51,20,0,3,4,3,7,34,9,10,9,0,3,4,1,4,50,13,3,23,8,14,50,84
198,13,51,1,53,7,9,7,4,64,52,1,46,13,8,7,2,5,5,31,0,31,49,33,24,30,87,24,9,2,12,53,28,66,18,0,20,10,0,11,1,23,22,0,20,2,22,1,2,15,17,3,31,52,46,0,3,3,2,7,52,36,27,0,40,51,16,22,2,3,2,0,42,5,7,7,14,3,1,1,2,19,10,10,23,54,38,48,131
199,1,29,1,47,6,44,10,9,1,5,1,16,8,6,4,4,5,5,19,35,31,19,30,47,40,39,22,10,1,27,0,30,36,21,13,8,9,8,10,1,23,48,0,43,19,14,10,12,0,11,15,48,57,55,8,2,3,0,31,49,49,54,44,51,51,20,56,10,0,0,15,50,9,8,10,1,2,2,0,0,27,12,9,22,22,75,50,3
200,20,24,5,33,7,6,7,6,5,3,2,46,9,7,1,2,4,5,21,0,49,49,30,47,40,62,34,0,12,48,15,17,34,21,8,17,10,8,11,10,16,1,0,2,19,14,44,40,8,14,15,48,57,31,21,2,3,3,26,51,49,54,44,51,51,20,0,0,0,0,54,49,9,10,5,13,1,4,2,4,50,14,9,23,8,9,50,287
201,22,53,5,48,7,29,24,9,1,4,1,11,6,4,7,2,7,3,15,0,49,49,33,47,40,60,59,10,21,26,27,12,34,18,0,10,25,9,10,10,16,50,17,39,19,14,20,16,0,16,15,48,57,39,17,1,0,5,1,42,45,30,28,46,20,15,23,10,3,2,12,0,7,7,8,2,4,1,2,3,50,14,10,23,20,91,13,47
202,20,25,5,31,10,68,11,10,1,50,49,36,7,5,1,4,5,2,19,0,31,5,27,47,40,60,46,1,1,12,46,4,8,17,18,0,0,30,12,18,18,0,1,0,19,14,0,0,3,15,15,48,57,31,40,2,3,1,83,50,1,39,29,14,43,14,0,2,3,2,54,60,8,10,0,16,3,0,1,1,50,0,8,24,8,91,2,286
203,21,38,5,41,7,29,9,8,1,5,2,48,9,7,4,2,5,4,15,0,49,36,17,47,40,60,37,0,7,26,15,13,46,18,0,10,10,21,12,10,16,5,13,2,12,20,34,32,18,15,15,48,57,43,2,2,3,3,63,51,49,54,44,51,51,20,28,10,4,3,78,0,6,5,6,2,1,1,2,1,50,11,0,23,50,91,50,182
204,20,46,3,20,7,15,11,2,1,9,1,14,6,4,5,2,3,3,19,0,49,49,33,47,40,62,43,11,12,17,0,7,54,21,0,8,39,0,14,0,22,36,0,32,6,24,34,32,21,17,15,48,57,42,21,2,3,2,31,0,49,54,44,51,51,20,56,7,1,4,0,49,9,9,10,1,1,0,0,2,50,9,9,23,22,9,50,214
205,11,33,5,61,16,81,71,58,0,55,0,50,0,0,1,1,2,5,15,0,49,1,33,47,40,60,16,0,12,47,46,37,15,21,0,0,0,2,1,19,15,5,0,6,30,0,45,43,0,1,15,48,57,46,28,8,3,4,83,52,49,54,44,51,51,20,13,0,4,3,12,0,9,10,0,0,3,4,1,3,50,8,3,23,8,91,50,182
206,18,49,1,34,7,24,20,5,1,55,0,50,1,1,4,1,6,5,31,1,6,3,33,47,40,60,33,9,21,33,10,18,50,21,0,0,0,0,14,1,23,1,0,2,2,22,25,23,16,17,3,0,33,45,0,3,3,1,35,52,9,54,1,14,8,16,23,2,0,0,59,42,5,6,7,4,3,1,2,2,2,10,9,23,54,91,26,185
207,20,26,0,17,7,11,13,6,55,9,1,2,7,5,6,0,0,5,15,0,32,49,17,17,33,39,33,10,1,45,53,18,36,18,0,8,14,21,12,1,23,1,2,0,2,22,25,0,16,15,0,0,24,7,21,2,3,2,86,50,49,54,44,51,51,20,65,10,2,1,0,0,9,9,10,0,4,2,0,2,0,9,9,24,26,75,50,148
208,21,37,0,27,7,16,10,6,1,2,1,49,8,6,4,1,7,2,31,21,31,49,24,17,31,69,46,1,1,33,53,4,34,21,26,0,45,0,13,1,23,43,0,39,2,22,37,36,15,16,6,31,24,55,0,3,3,3,50,52,49,54,44,51,51,20,22,2,0,0,7,48,7,8,7,14,3,1,2,2,2,10,9,23,54,14,50,188
209,3,58,0,57,7,35,13,10,1,8,1,7,12,7,5,3,4,3,15,0,49,19,2,17,3,53,39,8,1,17,53,12,46,21,0,0,0,2,13,1,23,43,0,39,2,22,37,36,15,16,6,27,31,46,0,3,3,2,6,52,20,37,23,14,51,15,32,22,4,3,12,42,6,7,7,0,3,3,2,2,33,13,9,16,8,84,31,182
210,18,40,3,76,9,65,35,26,1,55,0,50,6,4,3,1,5,5,21,0,49,49,17,1,17,78,23,2,22,33,53,29,65,18,0,0,25,0,12,1,23,16,13,0,21,6,25,23,3,15,15,48,57,1,0,3,3,3,18,52,49,54,44,51,51,20,32,2,3,2,0,42,7,6,6,0,3,2,2,3,50,9,10,17,8,24,50,267
211,21,38,5,22,6,32,7,6,2,4,1,48,9,7,1,3,3,3,15,0,49,3,2,47,40,53,41,5,21,39,26,17,34,21,15,10,25,0,10,10,16,9,24,45,19,14,44,29,0,16,15,48,57,10,32,2,3,4,31,52,20,54,1,14,21,15,24,2,4,3,37,52,9,8,6,1,4,3,3,4,37,12,9,17,50,84,31,71
212,3,36,5,44,7,10,5,5,1,2,2,13,10,5,3,4,0,5,15,0,49,49,33,30,28,60,19,10,8,33,22,34,50,21,13,0,0,0,11,1,23,46,25,0,2,22,34,32,15,14,3,27,31,46,21,3,3,3,57,52,20,47,16,14,20,13,23,2,2,1,58,51,0,0,1,5,3,1,1,0,26,10,9,17,50,91,31,214
213,19,38,5,40,7,5,4,55,55,52,49,50,8,6,1,1,4,5,15,0,7,1,33,24,31,53,22,1,12,19,46,30,46,21,18,0,0,0,17,0,22,1,2,0,6,24,1,0,21,20,3,17,31,57,0,3,3,0,35,52,44,15,43,46,43,19,0,22,2,1,15,75,0,0,1,0,4,1,1,0,2,12,9,16,50,84,12,16
214,2,42,1,42,6,35,8,7,1,4,1,7,12,10,4,4,0,5,22,0,49,49,20,24,28,53,29,1,16,12,22,23,46,21,0,0,0,2,1,19,15,43,0,39,30,0,45,43,0,5,0,27,31,46,28,2,3,3,50,52,20,22,15,36,20,5,0,2,0,0,19,75,0,1,1,5,3,4,4,4,17,14,9,16,45,84,31,243
215,21,42,5,29,7,9,2,57,2,4,1,32,10,7,3,1,5,1,15,12,31,18,20,47,40,36,60,12,2,7,27,1,34,17,0,3,0,0,11,3,11,26,0,24,11,15,31,29,15,14,3,31,31,1,49,1,0,5,1,51,49,54,44,51,51,20,0,10,3,2,15,0,9,9,5,0,3,4,4,4,6,9,10,16,8,63,50,286
216,17,31,0,34,7,4,44,58,0,55,0,50,6,4,1,1,6,4,15,0,23,49,27,24,31,53,38,1,1,33,53,13,36,21,26,0,0,42,13,1,23,50,0,45,2,22,0,0,10,16,15,48,57,46,0,3,3,3,35,52,5,48,32,29,51,15,9,21,0,0,66,0,7,8,6,0,3,3,2,2,50,0,9,16,8,84,15,214
217,19,19,5,30,7,6,2,52,55,46,2,50,8,6,1,1,5,3,26,0,49,43,33,24,34,39,42,1,1,45,22,8,36,21,2,0,43,0,14,6,24,26,17,0,1,23,25,23,20,17,6,45,24,57,0,8,1,3,1,52,20,51,0,46,20,16,0,2,0,0,58,75,0,0,1,5,2,1,1,1,2,8,9,17,50,75,31,244
218,11,36,0,19,16,81,71,58,0,55,0,50,0,0,3,0,4,1,22,0,49,23,33,47,40,14,49,1,21,12,53,1,15,17,18,33,0,0,0,30,0,53,31,48,30,0,45,43,0,0,15,48,57,45,6,13,2,1,61,51,36,42,0,43,51,0,0,10,4,3,0,75,7,9,5,3,0,1,1,1,50,9,9,16,19,52,48,214
219,19,53,5,63,10,80,29,20,55,24,1,50,0,0,4,3,5,5,17,0,49,23,2,47,40,33,4,0,28,39,19,50,21,21,13,17,2,5,1,19,15,16,13,0,30,0,45,43,0,1,15,48,57,29,2,6,3,2,42,52,49,54,44,51,51,20,34,0,1,4,46,49,5,5,4,13,0,3,4,4,2,11,9,17,8,65,50,64
220,19,41,0,47,7,25,10,5,1,13,1,50,1,1,4,2,5,5,15,12,11,49,33,47,40,39,34,1,21,34,0,17,36,14,13,8,2,21,1,19,15,48,0,43,30,0,45,43,0,11,15,48,57,31,40,15,0,5,86,26,33,34,24,28,51,10,0,2,2,1,34,53,9,8,7,1,1,3,2,3,17,10,9,16,20,75,45,71
221,17,9,8,40,3,16,1,58,0,55,0,50,1,0,1,2,5,2,15,0,19,43,20,24,21,55,45,1,35,39,10,5,50,21,0,0,3,0,12,19,15,1,0,2,23,4,44,42,8,15,9,1,33,32,0,1,0,5,31,52,49,54,44,51,51,20,0,11,2,1,54,49,8,5,3,0,3,3,2,1,50,0,10,33,50,87,50,153
222,19,47,3,6,5,35,38,37,1,35,48,50,1,1,5,1,6,1,31,0,49,49,33,7,33,48,49,1,1,12,8,1,43,21,0,3,0,0,12,1,23,36,20,0,2,22,25,23,15,15,3,5,29,1,0,8,3,3,7,52,49,54,44,51,51,20,23,11,3,2,0,42,7,8,6,0,3,1,1,2,50,3,9,34,54,73,50,220
223,2,27,5,34,13,29,7,8,1,4,1,4,12,9,3,3,5,4,29,0,7,49,33,30,33,62,34,1,12,45,10,16,46,21,0,0,25,21,11,18,18,0,1,0,19,14,37,29,4,15,6,39,31,7,13,1,0,5,32,27,44,27,15,17,8,14,18,0,3,2,15,0,8,6,7,1,4,4,3,3,27,9,10,33,8,9,12,26
224,21,26,0,25,6,18,35,14,2,11,2,4,1,1,4,4,7,5,29,13,19,49,33,47,40,36,34,9,1,17,10,17,34,18,0,13,14,16,10,2,21,0,1,0,19,14,1,0,0,14,15,48,57,55,1,1,0,5,31,26,36,17,22,26,25,13,0,2,4,3,0,49,9,9,1,5,2,2,0,2,50,14,9,33,9,63,48,112
225,11,21,2,30,16,81,71,58,0,55,0,50,0,0,3,0,3,3,22,0,19,49,33,47,40,14,39,1,1,44,10,12,8,17,13,8,9,16,10,19,15,36,20,0,23,4,25,0,0,11,15,48,57,10,2,1,0,5,83,52,49,54,44,51,51,20,64,2,2,1,7,49,9,8,7,0,1,0,0,1,50,8,9,33,19,52,50,149
226,18,32,0,62,7,4,7,57,1,55,0,50,7,5,3,1,5,3,15,0,0,49,33,47,40,75,41,9,12,45,22,9,62,17,0,0,3,0,11,19,15,36,0,32,24,28,0,1,8,14,3,31,48,57,0,3,7,2,31,52,49,54,44,51,51,20,0,22,2,1,7,75,5,10,0,15,1,3,3,3,17,9,9,15,26,21,50,182
227,17,37,0,30,7,65,4,58,0,55,0,50,6,4,1,1,2,5,22,32,31,49,33,10,31,14,19,9,0,0,41,34,15,17,2,33,0,0,1,19,15,1,0,2,30,0,45,43,0,11,3,41,43,46,0,1,0,5,1,50,31,10,22,1,37,10,7,2,2,1,0,48,8,6,1,5,0,4,4,4,17,13,9,15,8,52,43,104
228,18,24,5,21,7,65,34,0,30,55,0,50,7,1,1,1,6,2,22,25,31,49,33,30,28,10,44,7,16,33,47,6,8,21,0,2,43,0,14,25,17,16,13,0,1,23,25,1,20,17,3,17,5,45,0,8,3,4,73,36,5,54,23,36,44,16,0,21,1,4,27,0,7,10,8,1,1,1,1,3,2,8,3,15,8,48,15,34
229,20,41,0,27,7,29,6,4,2,50,68,36,8,6,3,1,5,4,1,0,11,3,27,30,33,7,40,5,16,33,32,10,8,18,0,33,14,0,1,29,4,45,24,0,30,0,45,43,0,1,3,17,5,46,0,1,0,5,31,52,5,33,9,28,29,1,22,12,0,0,80,0,9,5,1,10,1,0,1,0,2,8,0,15,8,32,15,244
230,21,29,0,27,7,4,3,52,1,23,2,12,9,5,3,1,3,4,22,0,31,39,33,17,3,7,36,9,16,12,32,15,8,17,0,3,0,0,10,19,15,26,0,24,29,5,31,0,0,11,3,17,5,46,0,2,7,1,31,50,9,52,23,14,29,10,0,21,0,0,58,48,3,2,1,5,4,2,2,4,0,9,9,15,8,32,26,214
231,16,38,0,47,7,21,71,58,0,55,0,50,0,0,3,1,2,3,22,0,31,49,33,47,40,36,60,12,15,47,10,9,34,18,2,13,28,0,10,19,15,5,13,2,29,5,35,2,0,11,15,48,57,32,0,8,2,4,31,52,49,54,44,51,51,20,0,12,1,4,0,25,1,1,1,5,3,4,4,4,2,9,9,15,8,63,50,47
232,1,16,0,0,6,31,17,14,1,46,1,32,10,4,3,2,4,5,31,0,31,49,2,37,6,14,54,1,20,12,8,6,15,21,0,0,3,0,0,30,0,53,31,48,30,0,45,43,0,1,0,39,16,57,0,8,7,4,1,52,5,47,28,10,18,1,37,15,2,1,0,48,3,5,1,18,3,4,4,4,50,1,9,15,54,52,15,247
233,21,39,5,36,6,18,14,11,62,4,49,4,7,5,3,3,2,3,22,32,9,11,33,47,40,60,60,12,1,33,49,10,53,21,0,10,37,0,14,25,17,45,0,41,1,23,4,6,20,17,15,48,57,46,0,2,1,4,31,52,20,54,0,36,8,16,31,2,4,3,58,43,1,7,1,4,4,4,3,3,37,12,10,16,8,91,31,26
234,19,23,5,20,7,78,34,24,2,10,1,50,7,1,3,1,5,2,15,0,31,3,33,1,34,36,60,12,22,26,47,2,34,21,15,15,21,0,11,10,16,29,1,25,19,14,3,32,8,16,6,27,24,46,0,1,0,5,1,52,36,54,32,28,44,15,28,12,1,4,7,70,5,5,1,5,3,4,4,4,50,8,9,15,8,63,48,3
235,2,37,1,52,6,32,9,11,1,6,52,8,13,9,1,6,8,5,13,35,31,49,33,37,33,78,32,9,22,33,48,19,58,12,0,0,0,2,15,6,24,17,14,0,25,17,31,29,20,18,15,48,57,57,0,3,3,3,61,24,48,43,43,46,6,17,60,15,0,0,15,60,7,7,7,0,3,2,3,3,17,11,2,15,8,24,19,307
236,11,52,0,51,16,81,71,58,0,55,0,50,0,0,1,1,5,5,31,0,8,49,33,30,31,18,12,6,12,43,50,40,21,17,2,20,0,0,10,22,3,0,0,1,27,9,13,0,0,11,3,36,12,55,0,8,7,3,31,52,31,5,15,43,48,10,0,22,3,2,0,75,5,5,3,13,4,4,4,4,3,8,9,15,54,41,43,155
237,11,55,3,1,16,81,71,58,0,55,0,50,1,1,0,1,6,5,19,0,19,24,11,47,40,60,32,10,16,26,41,19,8,23,0,0,0,2,2,13,14,1,0,2,25,17,25,0,21,2,15,48,57,1,49,2,3,3,74,51,20,25,29,36,44,2,43,2,3,2,15,0,5,8,8,0,5,3,4,4,2,8,9,4,50,91,31,243
238,18,32,0,35,7,13,2,55,1,55,0,50,6,4,3,1,5,1,15,0,49,49,17,24,28,36,60,12,7,26,20,1,34,18,0,3,0,0,11,3,11,43,0,39,18,18,13,0,15,14,0,27,24,45,28,1,0,5,1,52,31,53,9,28,25,13,23,12,1,4,7,48,1,1,1,0,5,4,4,4,2,10,9,4,50,63,43,64
239,19,50,0,40,7,11,65,35,2,12,2,50,7,1,3,1,5,5,31,0,6,36,20,47,40,39,31,9,16,33,22,20,36,23,0,0,0,2,10,2,21,1,0,2,19,14,1,16,0,11,15,48,57,45,20,2,7,4,83,52,49,54,44,51,51,20,0,0,4,3,7,75,5,5,5,19,4,4,3,3,0,10,10,4,54,75,50,67
240,18,34,5,25,12,18,34,2,5,55,0,50,6,1,3,1,5,5,12,0,19,49,33,47,40,69,19,1,13,26,43,34,34,21,0,0,0,0,15,6,24,2,0,3,25,17,14,16,21,18,15,48,57,45,0,1,0,5,61,52,31,37,16,28,39,17,44,2,1,4,15,0,7,8,7,0,5,3,3,4,34,11,9,5,50,14,43,243
241,20,51,0,46,7,25,7,10,1,5,1,46,8,6,4,2,0,3,12,0,31,19,33,47,40,53,29,4,28,26,15,23,46,21,0,0,14,30,12,13,14,48,0,43,3,11,39,38,16,15,15,48,57,46,17,1,0,5,86,51,20,32,36,28,18,14,5,22,2,1,0,5,1,1,1,15,3,4,3,4,50,12,9,4,50,84,31,182
242,1,25,0,32,7,9,7,2,1,54,1,48,12,10,5,2,5,4,31,0,38,24,24,47,40,20,37,10,1,33,22,61,73,0,37,43,48,46,0,30,0,53,31,48,30,0,45,43,0,19,15,48,57,0,49,0,0,5,0,51,45,38,0,36,20,18,14,2,1,4,7,48,5,1,1,1,5,4,4,4,27,14,9,5,54,43,13,37
243,19,22,0,27,7,3,65,55,1,33,45,50,8,5,1,1,3,4,15,0,19,2,20,47,40,36,37,0,16,34,15,6,34,21,0,8,0,34,12,1,23,16,0,15,3,11,25,23,18,15,0,31,24,52,0,2,7,3,61,52,9,40,23,36,13,14,0,22,1,4,25,48,1,9,8,5,5,4,4,4,37,8,9,5,50,63,26,183
244,20,31,5,31,6,26,11,5,1,46,1,36,7,5,3,2,0,3,31,0,19,5,24,47,40,78,60,12,13,12,42,12,50,21,0,0,0,16,0,30,0,53,31,48,30,0,45,43,0,0,15,48,57,46,6,1,0,5,1,52,49,54,44,51,51,20,18,22,4,3,0,57,6,3,2,7,3,2,1,3,50,9,10,5,54,24,50,246
245,18,41,1,40,7,7,5,55,1,55,0,50,7,5,1,2,5,5,12,0,19,4,33,17,4,60,19,1,13,12,22,34,1,17,0,0,0,0,1,19,15,1,0,2,30,0,45,43,0,1,3,17,5,52,0,2,7,4,61,41,20,42,16,14,13,1,26,15,2,1,29,34,8,8,8,5,5,4,2,2,27,9,10,5,8,91,31,182
246,21,53,1,48,7,6,13,19,1,2,1,7,7,5,1,5,8,4,13,0,31,49,2,42,3,39,35,9,3,44,50,16,36,17,0,0,0,2,10,11,20,16,0,15,19,14,34,32,0,11,3,44,24,47,0,2,7,4,69,27,49,54,44,51,51,20,26,21,1,4,15,42,8,8,9,0,5,4,3,1,30,10,9,5,39,75,50,4
247,19,35,0,35,7,5,3,47,62,23,58,50,8,5,1,1,5,2,15,0,49,3,2,47,40,53,45,5,22,45,27,5,46,17,0,0,3,0,16,1,23,16,0,15,2,22,37,32,22,19,15,48,57,43,39,2,7,3,78,52,49,54,44,51,51,20,0,0,0,0,15,75,3,3,3,16,4,3,2,2,27,8,10,5,8,84,50,3
248,1,27,5,73,6,52,9,11,55,5,51,48,10,6,3,3,5,5,31,0,49,49,33,47,40,53,25,1,1,17,53,22,8,23,0,0,0,0,1,29,4,36,20,0,30,0,45,43,0,1,15,48,57,57,0,8,1,3,84,52,49,54,44,51,51,20,0,10,4,3,7,0,10,10,10,0,3,0,1,4,50,12,0,20,54,84,50,288
249,19,42,4,25,7,16,18,17,74,52,2,50,1,1,4,2,6,3,15,0,49,49,33,47,40,1,39,1,12,50,0,12,1,23,0,0,0,2,10,3,11,36,20,0,23,4,0,0,0,11,15,48,57,45,0,8,1,4,83,52,49,54,44,51,51,20,0,10,0,0,80,72,8,10,7,0,2,3,1,4,50,10,1,20,8,1,50,1
250,19,45,0,49,7,13,13,11,2,12,2,50,1,0,4,2,3,5,31,0,49,47,11,17,16,60,18,0,15,45,52,35,53,17,15,0,10,21,12,6,24,47,26,0,3,11,34,0,5,15,3,17,38,28,0,3,3,0,7,52,49,54,44,51,51,20,9,2,4,3,0,11,9,4,2,13,2,0,0,2,50,10,2,20,54,91,50,208
251,21,36,0,59,7,22,16,47,2,33,26,1,8,1,1,3,5,1,31,0,49,49,33,1,20,1,59,1,8,47,53,58,1,23,0,3,0,0,0,30,0,53,31,48,30,0,45,43,0,0,3,0,43,51,0,8,5,3,83,52,5,27,32,28,51,0,0,2,0,0,7,0,10,10,10,0,3,4,0,3,9,12,9,16,54,1,15,134
252,1,12,5,22,1,38,18,4,2,52,2,2,10,7,1,4,0,4,31,0,49,49,33,17,33,39,46,1,1,39,53,14,36,21,0,0,7,37,12,6,24,17,14,0,11,15,9,0,15,15,3,17,24,1,49,3,1,3,78,52,9,38,15,48,51,14,0,2,4,3,7,0,0,10,0,13,4,4,0,4,50,9,10,16,54,75,26,255
253,20,29,5,27,7,10,69,10,1,2,1,22,8,5,1,3,0,4,19,0,49,49,33,30,36,1,37,1,35,21,53,14,1,21,0,0,0,2,1,29,4,0,1,0,30,0,45,43,0,1,6,31,5,45,0,3,3,4,80,52,20,30,6,14,51,1,0,0,0,0,54,0,0,10,0,18,1,4,0,2,50,11,10,16,22,1,31,149
254,22,53,3,47,9,45,7,6,1,54,69,46,11,9,3,1,2,5,22,21,9,40,33,47,40,36,20,1,15,22,42,32,8,21,0,0,0,0,13,15,8,36,0,32,19,14,13,0,3,16,15,48,57,1,0,8,3,4,86,52,49,54,44,51,51,20,17,21,2,1,0,49,8,7,7,4,1,0,3,3,50,8,9,33,8,63,50,85
255,17,12,4,19,7,14,2,58,0,55,0,50,1,1,1,2,0,3,15,0,31,3,33,47,40,39,60,12,12,17,43,12,15,21,0,5,10,25,10,19,15,16,13,0,29,5,13,0,0,17,15,48,57,46,0,8,1,4,1,52,5,54,0,36,39,16,0,21,0,0,0,73,5,5,5,26,3,0,4,4,50,8,9,33,8,75,15,214
256,19,23,5,20,7,13,9,1,55,23,2,50,7,1,1,3,3,3,15,0,31,13,33,47,40,7,60,12,12,39,10,12,8,21,0,8,18,17,10,22,3,0,1,0,29,5,13,0,0,11,15,48,57,46,0,1,0,5,48,52,49,54,44,51,51,20,0,15,2,1,0,61,1,1,1,30,3,0,4,4,50,11,9,33,44,32,50,149
257,18,27,2,9,7,5,69,52,1,55,0,50,8,6,1,1,5,2,26,0,11,24,33,17,31,37,47,1,35,44,11,3,11,17,13,8,28,0,10,12,13,16,13,0,29,5,0,0,0,14,3,31,7,1,49,8,1,4,80,52,0,38,28,4,47,13,23,2,3,2,12,49,3,2,9,0,5,0,0,0,50,8,9,33,8,69,0,214
258,21,38,3,87,7,37,9,4,30,23,1,49,9,5,1,3,8,5,15,12,19,36,5,47,40,7,34,1,1,33,41,17,5,21,0,0,0,2,15,6,24,11,8,0,1,23,25,0,6,18,15,48,57,1,0,8,3,3,1,52,20,32,0,36,37,17,22,0,1,4,7,42,8,8,8,22,3,1,3,4,50,2,9,33,42,32,31,302
259,19,12,5,66,6,21,12,42,1,22,54,50,6,1,3,2,3,5,12,0,11,43,33,24,31,53,60,12,21,33,41,23,46,21,0,2,10,12,11,10,16,43,0,39,18,18,25,23,15,15,6,39,31,43,0,8,2,4,83,52,5,46,15,46,18,14,0,22,1,4,0,52,5,5,8,13,4,3,2,2,50,12,9,33,8,84,15,71
260,1,36,5,42,7,20,17,19,1,21,1,14,6,1,4,6,6,5,29,0,19,40,33,30,34,53,24,10,1,39,1,28,46,21,0,0,0,0,15,1,23,16,13,0,5,7,14,16,18,3,15,48,57,57,0,8,2,3,31,52,5,32,0,40,6,3,17,25,4,3,4,43,8,5,5,10,2,3,4,4,0,9,10,33,8,84,15,42
261,18,39,5,25,7,10,6,5,1,55,0,50,6,4,4,0,6,4,22,35,7,39,11,1,35,7,36,10,16,26,10,15,8,17,18,8,2,16,1,19,15,17,0,16,30,0,45,43,0,11,0,17,5,57,0,1,0,5,1,52,9,28,23,28,10,10,18,21,3,2,19,34,2,3,9,5,5,4,2,4,0,8,0,33,8,32,26,286
262,4,42,7,25,7,19,17,17,1,14,1,10,10,7,6,5,5,5,15,2,4,7,12,47,40,83,60,12,16,12,15,34,46,21,13,0,0,14,13,18,18,48,0,43,19,14,31,29,3,20,6,39,31,43,0,1,0,5,1,50,9,54,23,14,13,19,61,22,1,4,0,71,1,1,1,30,4,4,4,4,50,15,9,33,8,28,26,315
263,18,31,5,30,7,19,18,18,1,55,0,50,0,0,4,2,5,5,15,0,7,39,11,17,33,36,60,12,16,12,20,20,34,21,0,8,2,30,11,16,2,0,0,1,18,18,0,1,15,14,3,17,24,46,0,1,0,5,32,52,49,54,44,51,51,20,0,12,0,0,0,55,7,7,8,23,3,3,3,3,50,0,9,34,8,63,50,34
264,19,23,5,31,12,9,3,42,41,1,1,50,8,5,3,1,5,4,30,0,9,40,33,24,34,36,46,10,1,39,10,14,34,13,0,0,28,16,10,10,16,17,29,6,17,2,39,38,0,11,3,27,24,57,0,8,3,2,1,52,36,50,24,16,8,10,0,2,3,2,54,49,3,2,9,5,5,1,1,2,50,12,9,33,8,63,48,303
265,0,29,0,88,16,81,71,58,0,55,0,50,0,0,1,0,4,5,29,0,49,18,33,30,14,75,19,7,1,26,10,34,62,12,2,8,0,0,10,18,18,43,22,0,29,5,8,4,0,11,0,31,48,1,49,2,1,3,31,52,49,54,44,51,51,20,18,2,3,2,7,70,3,2,9,5,0,4,3,4,33,0,9,34,8,21,50,286
266,18,25,5,32,7,5,5,2,5,55,0,50,7,5,1,1,5,5,31,35,19,36,2,17,35,53,39,1,35,43,10,18,36,21,18,0,0,30,3,25,17,43,22,0,1,23,25,23,20,3,15,48,57,57,0,8,3,1,60,52,49,54,44,51,51,20,33,22,4,3,7,67,8,8,5,4,0,3,2,3,50,0,5,34,54,84,50,178
267,16,31,5,16,7,34,71,58,0,55,0,50,1,0,1,1,5,5,22,35,23,36,33,17,31,39,34,10,1,43,27,17,34,21,0,0,0,2,10,19,15,17,9,32,29,5,44,0,0,20,0,17,24,1,49,1,0,5,1,52,7,39,0,43,25,19,26,22,3,2,0,49,2,2,9,26,5,3,3,2,50,0,9,33,8,75,17,86
268,20,27,0,33,7,10,9,8,1,50,1,12,8,5,1,4,3,3,22,21,9,47,33,24,31,53,60,12,1,39,32,7,34,17,0,8,39,0,13,10,16,5,0,6,12,20,42,40,18,16,6,39,24,43,0,1,0,5,1,52,49,54,44,51,51,20,28,10,2,1,58,63,1,1,9,30,4,4,4,4,9,9,9,34,8,84,50,267
269,17,23,6,5,7,45,34,58,0,55,0,50,7,4,0,1,3,5,22,0,31,3,20,47,40,36,49,10,16,26,49,17,15,4,26,22,11,3,13,6,24,43,0,39,1,23,13,15,22,16,15,48,57,29,2,3,2,3,31,49,49,54,44,51,51,20,56,2,1,4,0,0,10,10,10,0,4,2,1,3,0,8,10,5,8,63,50,214
270,17,31,5,5,7,78,23,58,0,55,0,50,7,4,0,1,5,5,15,0,49,19,33,47,40,7,22,5,1,33,10,29,8,4,0,0,0,0,11,2,21,26,17,0,11,15,14,16,15,14,0,0,5,48,26,15,0,5,56,41,49,54,44,51,51,20,0,0,4,3,0,0,10,10,10,0,1,1,3,3,50,9,9,5,8,32,50,2
271,18,37,3,70,9,73,6,4,38,55,0,50,7,5,0,2,2,5,22,0,49,49,33,47,40,36,32,1,1,33,49,19,34,4,0,0,0,2,15,1,23,0,0,1,2,22,13,15,22,18,15,48,57,1,0,1,0,5,1,52,20,25,0,36,47,17,37,0,3,2,7,0,10,10,10,0,2,2,3,2,43,8,7,4,8,63,31,182
272,16,59,6,34,7,31,71,58,0,55,0,50,0,0,1,2,5,3,26,0,31,43,17,47,40,60,34,0,2,12,15,9,53,21,2,17,25,0,10,19,15,10,0,10,24,28,9,11,0,11,3,44,38,51,2,8,7,2,83,52,44,54,1,14,13,10,0,10,1,4,0,0,8,8,5,6,4,3,2,3,5,13,9,6,13,91,12,26
273,21,38,3,31,7,27,25,25,9,52,24,43,7,4,3,3,5,5,31,12,23,43,11,47,40,36,57,0,13,9,48,17,8,4,2,2,2,1,15,6,24,43,22,0,1,23,25,15,16,7,15,48,57,43,6,15,0,5,31,52,15,42,0,43,8,7,0,2,3,2,7,0,10,10,10,0,4,3,0,0,27,11,9,4,54,63,24,142
274,19,61,0,68,7,33,29,55,55,46,1,50,6,4,3,2,4,5,22,0,9,36,33,47,40,53,19,0,12,43,47,32,46,4,0,8,9,12,0,30,0,53,31,48,30,0,45,43,0,0,15,48,57,45,12,2,7,2,83,52,20,13,29,14,18,0,0,10,4,3,0,0,7,8,4,14,3,4,1,1,33,9,9,4,19,84,31,182
275,1,16,0,20,7,78,59,42,2,12,25,19,10,6,3,2,5,2,31,26,19,4,33,21,31,60,47,1,12,47,20,53,53,4,0,10,0,31,0,30,0,53,31,48,30,0,45,43,0,11,6,14,38,19,13,2,5,3,62,12,20,40,0,40,46,10,0,23,3,2,15,51,7,8,6,0,4,4,2,4,34,11,9,5,54,91,31,233
276,21,32,1,30,6,24,10,5,1,54,1,43,8,6,3,2,6,3,29,0,49,39,5,17,3,36,29,1,12,18,0,9,34,21,0,0,3,0,1,19,15,43,1,32,30,0,45,43,0,1,3,17,24,42,0,3,5,2,60,52,20,22,15,18,0,1,32,22,1,4,7,67,1,1,1,1,4,1,2,4,9,10,9,5,9,63,31,287
277,21,38,0,42,7,19,7,57,2,3,1,3,9,7,3,2,5,5,15,2,48,3,33,47,40,14,30,9,1,26,22,21,15,23,0,2,9,30,1,29,4,16,13,0,30,0,45,43,0,1,3,48,5,46,6,12,1,2,74,43,5,36,23,14,31,1,26,10,4,3,7,7,6,8,8,14,3,2,2,3,2,9,9,4,26,52,15,267
278,15,48,1,38,6,29,28,25,1,0,1,1,2,6,4,2,4,5,22,0,0,19,27,37,18,24,21,0,35,17,20,31,25,21,0,0,2,1,10,10,16,17,0,16,29,5,6,8,0,11,15,48,57,42,0,3,7,1,31,3,27,14,43,17,18,10,15,22,3,2,7,49,1,1,1,0,4,4,4,4,17,12,9,5,11,47,36,54
279,18,39,5,39,7,4,69,57,2,55,0,50,7,5,1,1,7,5,31,2,25,24,12,47,40,69,21,9,7,0,15,31,50,4,13,0,2,1,17,6,24,44,21,2,25,17,13,0,21,20,15,48,57,46,37,1,0,5,85,31,49,54,44,51,51,20,22,0,4,3,0,0,10,10,10,0,4,2,1,2,2,8,10,4,54,14,50,217
280,20,33,1,40,6,35,22,12,1,4,1,2,6,4,3,3,4,4,31,0,0,0,33,17,18,69,29,0,21,44,8,16,58,21,2,2,2,30,1,19,15,13,27,2,30,0,45,43,0,1,3,31,43,42,0,1,0,5,1,52,18,22,29,44,6,1,23,22,1,4,7,0,1,1,1,13,4,4,4,4,2,13,9,6,54,14,29,50
281,1,36,1,35,6,29,13,7,1,4,1,2,9,6,3,3,0,3,15,0,31,19,33,24,33,78,60,12,0,0,47,8,55,21,0,0,3,0,13,1,23,50,29,0,14,10,0,1,5,16,3,44,38,46,25,2,5,2,71,34,49,54,44,51,51,20,5,0,4,3,0,0,10,10,10,0,3,3,3,4,27,11,10,5,26,24,50,267
282,4,36,1,34,6,24,3,4,2,10,1,46,13,9,1,5,5,5,31,38,49,49,33,47,40,75,53,0,1,45,47,34,62,21,2,2,2,12,10,19,15,1,0,2,29,5,26,24,0,11,3,39,48,42,0,15,0,5,80,52,5,46,0,46,44,10,22,22,2,1,15,0,1,1,1,13,3,2,2,1,17,9,9,5,54,21,15,136
283,20,58,0,41,7,24,6,42,2,23,23,13,7,4,3,2,6,4,1,0,31,31,33,17,31,39,28,11,1,43,33,24,36,16,2,2,9,8,12,1,23,0,0,1,3,11,35,16,22,15,0,27,24,46,2,2,6,2,83,20,21,21,29,43,31,14,0,10,0,0,15,34,8,7,8,15,4,4,4,4,9,13,9,4,2,75,38,302
284,18,42,5,63,7,17,8,8,1,55,0,50,6,4,5,1,4,5,15,0,49,0,33,47,40,7,45,11,1,33,11,31,34,17,0,0,0,0,1,10,16,43,0,39,30,0,45,43,0,15,15,48,57,45,0,3,7,4,78,51,5,38,34,28,8,14,64,21,2,1,7,0,5,5,3,13,4,2,2,3,0,9,9,7,8,32,15,182
285,11,20,2,0,16,81,71,58,0,55,0,50,6,0,0,0,7,4,31,0,31,49,11,1,2,1,35,1,25,6,43,16,1,21,0,0,0,2,1,19,15,43,0,39,30,0,45,43,0,18,15,48,57,57,0,2,3,3,1,50,3,38,43,36,51,17,51,3,4,3,80,21,7,7,8,5,1,1,2,2,50,8,9,7,54,1,4,39
286,2,48,3,35,7,24,21,20,1,18,25,46,8,5,5,3,3,5,15,0,19,19,17,47,40,69,9,1,7,26,20,23,15,17,0,0,0,2,10,18,18,16,13,0,19,14,37,36,0,11,6,27,5,57,0,2,7,4,1,51,49,54,44,51,51,20,0,10,4,3,24,0,9,8,7,5,5,4,4,4,43,12,9,7,8,14,50,16
287,4,23,1,29,6,22,9,55,1,4,2,48,2,10,3,2,4,3,15,0,11,49,33,47,40,7,39,9,16,43,50,12,8,17,0,0,0,2,11,13,14,0,1,0,11,15,37,36,4,14,3,0,5,42,26,3,7,3,71,52,49,54,44,51,51,20,0,3,2,1,0,0,10,5,5,13,4,4,3,3,8,9,9,7,8,32,50,34
288,18,18,0,25,7,45,34,13,72,55,0,50,7,1,1,1,2,3,22,0,31,24,4,17,28,36,45,9,1,26,20,9,34,21,18,17,14,0,10,19,15,43,0,39,29,5,31,29,0,11,3,17,24,42,0,2,3,2,61,33,5,54,44,14,6,10,7,11,1,4,58,48,1,8,9,5,4,4,1,4,0,9,9,8,50,63,15,149
289,16,42,0,1,6,40,71,58,0,55,0,50,1,1,1,1,4,5,13,0,31,11,33,47,40,62,60,12,12,17,42,17,54,21,0,10,2,8,12,1,23,45,13,32,2,22,42,40,10,15,15,48,57,46,6,1,0,5,1,52,49,54,44,51,51,20,28,10,3,2,0,2,5,2,0,1,4,4,1,3,50,11,10,7,8,9,50,79
290,19,26,0,32,7,9,5,4,1,23,2,50,8,5,3,1,3,4,22,0,23,19,33,0,33,36,60,12,35,33,15,16,34,21,2,8,10,17,4,1,23,43,13,24,2,22,34,32,10,4,3,17,24,45,2,2,1,4,31,51,49,54,44,51,51,20,18,2,0,0,15,31,8,1,1,14,4,4,4,4,17,8,10,7,50,63,50,182
291,20,27,0,35,7,7,2,52,1,23,13,1,9,5,3,1,5,3,12,0,19,19,33,47,40,7,40,3,21,39,53,10,8,21,0,0,3,0,12,13,14,43,0,39,11,15,37,23,18,15,0,0,5,45,0,2,7,4,85,32,5,38,23,36,51,14,52,3,1,4,31,48,9,8,9,18,5,2,2,4,2,8,9,7,8,32,15,243
292,19,37,5,28,7,4,18,8,21,10,14,50,6,4,4,2,5,5,19,21,9,8,11,47,40,36,60,12,1,26,32,18,34,21,8,2,7,8,0,30,0,53,31,48,30,0,45,43,0,11,15,48,57,46,21,9,2,3,49,52,9,54,23,14,39,10,21,2,1,4,0,3,1,7,5,14,4,4,3,4,50,8,10,7,8,63,26,64
293,16,22,6,57,14,24,71,58,0,55,0,50,0,0,1,2,5,4,12,0,7,19,2,47,40,7,35,1,15,1,47,16,8,21,0,13,28,1,11,10,16,43,0,39,19,14,42,32,4,16,0,36,5,1,49,2,7,4,61,52,5,43,29,12,29,15,23,3,3,2,19,0,5,5,2,0,5,0,2,3,26,10,9,7,8,32,15,86
294,18,26,5,31,7,2,44,47,1,55,0,50,7,5,1,1,5,1,31,0,11,49,5,47,40,14,60,12,16,26,10,58,15,21,0,3,0,0,1,19,15,10,0,10,30,0,45,43,0,1,3,17,5,43,0,2,2,1,83,52,49,54,44,51,51,20,10,15,3,2,0,49,1,5,6,13,3,4,4,4,50,8,9,7,54,52,50,270
295,20,30,1,30,6,16,2,52,1,33,1,22,8,4,1,2,3,4,22,0,31,19,24,17,31,55,35,1,16,12,47,14,15,18,12,12,7,34,6,13,14,1,0,2,25,17,25,0,29,9,15,48,57,19,15,3,3,3,64,52,1,26,43,43,10,9,38,21,2,1,16,30,8,9,8,1,4,2,3,4,2,9,9,7,50,87,2,302
296,19,24,0,17,7,10,2,47,55,33,2,50,7,4,1,2,3,5,19,0,6,19,33,47,40,53,39,1,13,12,53,45,34,21,2,2,9,25,10,10,16,52,20,39,19,14,1,36,0,11,15,48,57,31,20,2,5,4,1,50,5,32,16,14,51,10,52,2,0,0,31,48,8,8,8,5,5,4,3,4,17,9,9,7,42,84,15,243
297,16,30,0,25,7,10,71,58,0,55,0,50,0,0,3,1,5,1,31,2,9,49,11,17,28,69,39,9,28,33,33,52,58,21,27,21,0,0,0,30,0,53,31,48,30,0,45,43,0,0,6,40,43,7,47,12,6,3,67,45,1,46,36,36,31,0,0,3,2,1,0,49,7,7,7,2,3,3,3,2,50,9,9,10,54,14,2,217
298,20,18,5,37,6,28,35,52,35,0,69,32,7,1,3,2,4,0,29,17,31,49,5,41,31,36,55,6,35,43,53,33,34,22,3,0,0,0,10,3,11,16,1,41,28,26,13,15,0,15,10,5,24,46,17,6,1,4,80,47,5,48,43,43,51,14,39,10,2,1,0,49,5,2,3,0,3,3,2,3,14,8,10,10,8,63,15,48
299,20,41,0,36,7,11,6,5,1,54,1,36,8,6,3,1,5,2,22,0,19,49,24,34,28,60,45,9,1,33,53,5,53,21,8,10,28,0,1,3,11,42,0,38,30,0,45,43,0,1,3,36,38,43,0,3,1,1,31,40,49,54,44,51,51,20,0,11,4,3,0,0,10,10,10,0,4,4,4,4,22,11,12,10,19,91,50,148
300,20,16,1,31,6,21,6,4,1,50,3,36,8,6,1,2,4,2,29,2,25,49,20,35,28,36,48,9,1,44,53,2,34,21,0,0,3,0,0,30,0,53,31,48,30,0,45,43,0,0,2,30,24,43,0,1,0,5,54,40,20,54,23,8,51,0,0,21,0,0,0,49,5,2,2,0,4,3,3,2,50,8,10,10,50,63,31,267
301,19,16,5,19,7,73,44,24,50,23,45,50,8,4,1,1,4,0,3,25,24,49,20,34,28,36,54,2,1,39,53,44,34,21,3,0,0,0,1,3,11,13,27,2,30,0,45,43,0,11,6,39,24,43,0,3,1,0,58,46,5,50,0,40,51,10,64,3,2,1,70,0,10,10,10,0,3,2,2,3,2,9,12,10,8,63,15,268
302,17,16,0,21,2,78,59,58,0,55,0,50,6,4,1,1,4,2,31,13,19,49,17,24,28,55,45,11,35,45,22,4,50,10,0,8,39,0,12,3,11,48,27,0,10,29,34,0,5,15,9,18,31,20,37,9,3,0,38,37,0,54,43,46,20,14,0,22,2,1,0,31,8,7,4,10,3,2,2,2,50,9,9,10,54,87,0,124
303,17,23,0,35,12,20,65,58,0,55,0,50,1,1,3,1,4,1,26,0,31,49,33,7,31,39,51,1,25,6,53,58,36,18,0,3,0,0,0,30,0,53,31,48,30,0,45,43,0,0,2,48,24,46,0,1,0,5,54,52,16,25,33,6,51,0,46,22,1,4,7,49,6,2,4,13,4,2,2,4,50,10,9,10,8,75,27,302
304,17,31,0,35,7,34,7,58,0,55,0,50,6,1,1,2,4,3,31,2,23,49,27,37,28,53,34,7,7,15,27,17,46,21,0,0,21,25,0,30,0,53,31,48,30,0,45,43,0,0,2,30,31,17,30,9,3,0,31,26,20,48,7,43,25,0,0,0,0,0,0,34,6,5,4,0,1,2,2,3,50,10,10,10,54,84,31,50
305,20,21,0,25,7,2,65,42,1,8,1,22,9,6,3,1,5,1,22,32,10,49,33,17,28,36,50,9,16,26,53,59,34,4,0,3,0,0,10,3,11,17,0,16,21,6,31,29,0,15,3,17,24,43,0,1,0,5,54,42,31,54,16,16,51,14,0,22,3,2,0,43,8,2,2,0,3,3,2,3,50,9,0,10,8,63,43,214
306,20,19,5,29,6,18,9,52,1,33,1,0,8,4,1,3,7,2,15,36,23,49,20,30,31,53,46,9,26,39,53,4,46,21,17,0,46,0,1,3,11,17,0,16,30,0,45,43,0,1,6,39,31,43,0,3,1,0,31,38,36,51,29,36,51,1,0,0,4,3,83,34,3,2,2,0,3,4,2,4,50,12,12,10,8,84,48,183
307,22,41,8,68,12,35,28,18,1,20,1,2,7,4,5,2,4,3,1,2,10,49,33,24,28,14,42,9,21,15,53,8,15,21,0,29,18,0,1,22,3,36,0,32,30,0,45,43,0,15,6,0,5,22,41,8,3,2,61,52,20,37,9,13,51,14,15,3,3,2,64,0,9,10,1,3,4,2,0,2,38,11,9,7,8,52,31,47
308,22,26,1,14,14,26,8,2,55,52,37,32,10,5,3,2,6,1,31,0,49,39,11,17,28,69,49,7,2,9,10,1,58,23,0,3,0,0,0,30,0,53,31,48,30,0,45,43,0,0,6,39,43,42,0,1,0,5,1,41,31,46,0,36,4,0,1,22,0,0,74,0,0,10,1,18,3,4,2,2,50,10,9,6,54,14,43,18
309,22,31,5,49,7,27,19,9,46,8,59,2,9,7,3,4,5,3,31,35,27,23,2,7,28,1,43,1,16,12,6,7,1,21,13,13,25,0,1,3,11,43,22,0,30,0,45,43,0,16,15,48,57,35,3,8,3,1,83,52,1,36,0,36,29,15,0,3,0,0,68,52,8,10,1,2,4,4,0,4,50,11,9,8,54,1,2,279
310,3,38,0,47,14,24,16,10,53,6,49,4,12,9,4,2,3,4,31,29,31,49,5,0,0,39,51,7,13,12,0,58,36,21,23,42,0,0,0,30,0,53,31,48,30,0,45,43,0,15,8,1,24,52,40,8,1,4,31,43,20,41,29,36,0,14,64,0,1,4,7,0,10,10,10,0,1,3,1,1,50,9,9,6,54,75,31,253
311,22,17,1,21,14,19,18,18,1,19,1,13,6,4,5,3,1,2,31,25,19,49,33,1,31,36,44,9,1,39,53,6,36,21,0,0,3,0,1,19,15,1,0,2,30,0,45,43,0,1,8,39,24,46,0,3,7,3,83,36,5,48,0,40,51,1,39,11,1,4,80,0,5,10,10,0,4,4,2,4,17,11,10,7,54,63,15,165
312,18,16,0,18,7,34,12,9,1,55,0,50,7,1,3,1,3,1,31,32,31,49,17,2,28,53,51,7,7,12,0,58,46,21,27,21,0,0,12,6,24,50,0,45,1,23,13,15,20,15,3,48,31,28,12,9,1,3,32,43,5,54,0,40,0,14,0,8,3,2,61,0,10,10,10,0,2,3,0,0,50,9,10,6,54,84,15,264
313,18,28,0,27,7,55,23,0,1,55,0,50,7,1,1,1,5,2,31,0,23,49,33,20,28,36,45,5,26,39,53,5,34,21,0,0,3,0,0,30,0,53,31,48,30,0,45,43,0,0,2,21,24,46,0,8,1,0,1,47,49,54,44,51,51,20,0,0,2,1,0,0,10,10,10,0,4,4,4,4,2,8,9,9,54,63,50,289
314,20,22,0,19,12,16,23,47,73,23,19,0,8,1,3,1,5,2,31,2,11,49,33,2,28,53,45,9,1,26,10,5,46,21,0,0,3,0,1,6,24,26,17,0,30,0,45,43,0,1,6,36,31,42,0,8,3,4,83,37,5,47,23,14,8,1,49,11,0,0,75,0,0,10,1,5,4,4,3,3,27,9,10,6,54,84,15,152
315,17,19,0,29,3,14,18,58,0,55,0,50,0,0,5,0,5,2,31,29,19,49,33,47,40,36,44,9,22,39,37,6,34,21,0,0,3,0,1,19,15,5,0,6,30,0,45,43,0,1,6,39,24,46,0,1,0,5,1,35,9,38,0,46,31,1,55,3,3,2,0,0,10,10,10,0,4,4,2,4,21,10,9,7,54,63,26,59
316,21,25,5,25,7,6,4,57,1,46,1,32,10,6,1,1,6,2,1,34,19,49,33,34,28,69,45,9,16,12,42,5,58,21,0,0,3,0,0,30,0,53,31,48,30,0,45,43,0,0,15,48,57,18,37,8,3,2,31,52,33,38,24,16,38,0,0,22,1,4,0,48,1,1,1,0,4,3,0,3,50,10,9,6,8,14,45,245
317,19,15,2,28,13,19,2,52,29,33,31,50,7,4,3,1,5,3,1,25,19,3,33,24,28,36,44,9,12,45,53,6,34,21,13,21,14,0,1,21,5,1,0,2,30,0,45,43,0,1,8,27,24,29,3,8,3,1,48,52,49,54,44,51,51,20,37,2,2,1,70,0,5,10,5,2,4,4,0,4,0,8,9,7,8,63,50,302
318,22,23,1,23,6,13,2,55,55,46,2,12,10,6,1,2,5,2,31,13,34,35,7,45,28,75,45,9,1,43,53,4,62,21,0,14,31,0,0,30,0,53,31,48,30,0,45,43,0,0,10,46,48,46,0,11,1,0,1,37,49,54,44,51,51,20,0,11,3,2,0,0,10,10,10,0,4,4,0,3,27,10,9,6,54,21,50,159
319,22,26,1,32,6,11,10,8,1,2,1,48,9,5,4,2,5,5,31,32,31,49,33,37,28,75,34,7,1,39,42,17,62,21,0,0,0,0,1,19,15,43,0,39,30,0,45,43,0,1,10,36,48,46,0,15,0,5,83,41,49,54,44,51,51,20,0,11,0,0,0,0,10,10,10,0,1,4,2,4,27,10,9,6,54,21,50,296
320,6,33,5,25,12,19,18,16,74,13,1,4,12,8,4,4,4,5,22,2,31,36,33,47,40,18,33,9,12,33,33,18,69,21,15,13,14,5,1,6,24,38,0,34,30,0,45,43,0,1,15,48,57,29,45,8,3,3,33,52,20,46,16,14,51,1,0,10,4,3,40,48,3,10,2,0,3,2,0,3,50,13,9,6,8,41,31,86
321,19,29,7,37,7,11,9,2,1,23,1,50,7,4,1,3,1,2,29,29,31,49,33,47,40,39,45,9,2,12,0,5,36,21,27,10,10,0,11,2,21,36,0,32,3,11,25,0,3,14,15,48,57,43,21,8,3,0,32,39,49,54,44,51,51,20,0,3,0,0,63,48,7,10,10,0,4,3,0,3,9,9,9,9,8,75,50,287
322,22,31,5,36,7,20,60,6,1,3,1,48,9,7,1,3,3,5,30,0,31,39,33,47,40,69,39,1,15,17,53,34,46,21,0,0,0,0,0,30,0,53,31,48,30,0,45,43,0,0,15,48,57,1,49,1,0,5,31,52,20,37,22,17,51,0,0,0,1,4,0,19,10,5,5,22,0,2,0,0,50,8,10,26,8,14,31,16
323,1,36,5,54,7,9,7,12,1,13,1,8,10,8,5,3,5,5,22,0,31,49,33,42,35,69,60,12,35,33,15,23,58,21,13,0,14,21,11,18,18,1,0,2,19,14,1,2,3,17,3,44,43,46,0,8,3,4,1,52,36,54,43,36,25,16,0,2,1,4,0,70,5,5,0,5,3,0,1,2,50,13,9,26,8,14,48,95
324,11,59,3,25,16,81,71,58,0,55,0,50,0,0,0,2,5,5,22,0,31,3,33,18,31,83,27,1,27,17,18,25,62,21,0,0,14,16,15,1,23,43,0,39,2,22,0,1,22,18,0,41,48,1,49,3,3,3,55,52,49,54,44,51,51,20,21,0,4,3,0,49,10,10,10,5,0,1,1,0,50,0,4,26,1,28,50,54
325,1,47,0,35,7,48,2,22,1,14,69,8,8,6,4,4,5,5,15,0,31,49,33,47,40,60,60,12,1,39,49,34,46,21,0,2,9,12,11,3,11,16,0,15,18,18,14,16,15,14,15,48,57,46,0,8,1,4,74,52,49,54,44,51,51,20,27,21,0,0,0,72,7,5,1,5,4,1,2,4,50,11,9,26,42,91,50,302
326,20,33,3,29,7,21,9,55,74,23,2,12,8,4,3,2,5,3,22,0,11,49,33,47,40,14,60,12,1,17,33,12,15,21,0,0,25,21,10,18,18,1,0,2,19,14,1,2,0,16,15,48,57,46,0,8,2,4,31,52,21,54,0,17,31,15,52,2,2,1,0,70,5,8,5,22,4,2,1,2,50,10,11,27,8,52,38,148
327,1,50,2,66,2,64,18,20,5,26,48,24,6,1,4,5,4,5,31,0,11,3,33,2,35,83,19,1,1,39,18,61,73,0,37,43,48,46,0,30,0,53,31,48,30,0,45,43,0,1,15,48,57,0,49,0,0,5,0,29,45,47,28,18,47,1,0,2,1,4,14,33,5,5,9,5,0,3,4,4,3,13,4,27,54,28,13,169
328,2,52,0,46,7,31,17,17,1,11,1,7,9,7,5,4,5,5,22,5,31,36,33,7,33,60,42,1,35,43,33,60,53,1,0,0,39,0,10,10,16,1,2,0,29,5,13,0,0,16,0,31,38,1,49,1,0,5,61,34,36,35,7,17,44,15,23,2,1,4,7,31,3,2,1,26,5,0,0,0,17,12,9,26,44,91,48,129
329,22,30,0,44,7,22,4,10,1,16,1,19,7,5,5,3,5,5,31,0,9,49,33,7,25,69,26,1,1,26,15,26,58,17,0,0,2,0,13,2,21,43,0,39,4,25,44,42,16,16,6,5,43,57,0,3,7,3,57,52,49,54,44,51,51,20,0,2,3,2,7,75,4,3,0,6,1,4,1,1,17,10,7,26,54,14,50,57
330,19,29,0,38,7,8,59,14,1,42,1,50,7,5,3,2,4,4,22,0,31,3,33,47,40,55,60,12,35,47,42,13,50,21,0,0,14,30,13,10,16,34,0,31,19,14,1,2,3,17,6,31,33,46,0,1,0,5,31,52,9,54,29,14,38,16,32,18,0,0,0,52,6,5,7,5,3,3,2,3,50,10,9,26,8,87,26,140
331,11,38,0,38,16,81,71,58,0,55,0,50,0,0,1,1,7,5,19,0,10,48,33,2,31,83,22,0,27,25,0,30,69,18,0,0,0,16,0,30,0,53,31,48,30,0,45,43,0,14,15,48,57,1,49,1,0,5,1,52,23,22,29,16,16,13,18,10,3,2,7,0,6,8,2,0,5,1,2,2,50,2,4,26,8,28,40,251
332,20,14,5,21,15,11,0,42,2,52,2,15,7,4,1,3,5,5,31,0,9,49,33,2,35,53,31,1,35,45,48,20,46,17,18,0,0,30,15,25,17,0,0,1,2,22,37,36,22,3,3,36,31,55,0,3,7,3,50,52,31,27,43,46,46,3,0,2,3,2,15,75,5,5,5,6,2,0,0,2,38,9,9,26,54,84,43,33
333,4,19,1,29,6,17,15,52,1,42,1,22,10,7,6,2,4,4,22,0,31,47,33,18,21,53,60,12,1,33,30,13,46,17,2,8,14,16,12,10,16,27,0,25,18,18,1,2,15,15,6,45,31,46,0,1,0,5,56,30,36,54,33,35,0,14,16,22,2,1,0,72,1,1,4,5,4,3,3,3,50,10,9,26,8,84,48,163
334,18,35,3,14,7,9,1,11,1,55,0,50,6,1,3,2,5,5,22,0,31,25,33,7,31,31,24,1,1,48,52,28,30,18,0,2,9,12,10,19,15,1,2,0,29,5,44,0,0,11,3,14,21,24,40,14,0,5,1,52,19,37,43,50,16,10,23,2,3,2,17,70,2,2,1,5,5,2,2,3,2,10,4,26,8,60,32,209
335,21,43,3,27,7,19,18,8,1,4,1,32,8,4,4,2,4,5,31,0,11,36,33,47,40,14,27,10,16,39,33,25,15,18,0,0,28,8,1,19,15,1,0,2,30,0,45,43,0,15,15,48,57,1,49,1,0,5,31,52,20,21,16,36,38,14,0,7,3,2,7,48,6,5,2,0,5,3,3,2,50,13,9,26,54,52,31,75
336,22,45,1,59,6,59,42,9,1,10,1,7,8,5,3,5,5,5,1,0,31,23,33,24,33,85,24,1,35,45,53,28,8,21,0,0,0,8,14,1,23,16,13,0,2,22,1,2,16,17,15,48,57,1,49,1,0,5,32,52,49,54,44,51,51,20,0,2,1,4,7,52,10,10,5,25,0,3,0,3,50,9,5,26,44,36,50,286
337,2,48,1,43,6,38,15,8,1,7,1,46,10,7,5,3,6,3,31,0,38,3,33,24,3,14,40,2,1,43,47,10,15,17,0,0,3,0,11,19,15,33,22,25,21,6,42,40,8,14,3,31,5,39,0,2,2,3,25,52,49,54,44,51,51,20,55,0,0,0,7,66,9,1,5,0,3,1,2,2,50,10,2,10,54,52,50,264
338,17,36,5,44,7,78,7,58,0,55,0,50,6,4,3,1,2,5,12,0,49,49,33,47,40,24,34,10,12,43,10,17,24,21,0,0,14,30,10,19,15,1,0,2,29,5,1,2,0,18,15,48,57,46,21,3,3,0,50,52,20,42,43,46,4,17,56,2,0,0,7,49,0,0,1,5,3,2,4,4,50,13,1,11,8,47,31,302
339,19,42,5,30,7,73,53,1,18,53,55,50,7,4,1,2,2,3,19,0,49,49,33,47,40,24,39,1,1,45,27,12,62,21,0,0,0,2,10,19,15,17,2,2,29,5,34,32,0,11,15,48,57,1,0,2,3,1,35,52,49,54,44,51,51,20,40,3,0,0,54,51,0,0,1,5,3,4,4,4,17,14,9,10,50,47,50,184
340,16,35,4,8,14,4,71,58,0,55,0,50,6,4,1,1,5,5,12,0,49,49,33,34,3,53,34,10,22,26,53,17,34,21,26,0,0,42,11,18,18,26,17,0,19,14,33,30,28,14,15,48,57,1,0,2,3,2,34,51,49,54,44,51,51,20,55,0,2,1,0,69,6,8,7,30,3,1,1,2,50,10,2,11,8,84,50,148
341,21,25,0,23,14,66,8,10,1,50,2,36,9,6,3,3,5,4,19,0,49,49,33,47,40,36,35,1,13,39,13,16,34,17,0,13,14,16,1,1,23,10,22,2,30,0,45,43,0,15,15,48,57,46,40,2,3,2,80,52,20,32,8,36,47,14,0,0,4,3,7,50,1,8,8,26,1,2,2,1,17,8,9,10,17,63,31,243
342,18,37,5,33,7,73,69,8,1,55,0,50,7,5,3,1,4,5,15,0,49,19,24,17,1,78,30,1,1,43,10,21,58,21,0,0,14,30,10,19,15,22,22,16,23,4,0,0,0,11,0,1,43,1,0,2,3,0,50,52,9,23,0,46,8,10,56,2,0,0,7,50,0,0,1,5,4,3,4,2,37,13,1,10,8,24,26,86
343,20,25,5,28,10,70,69,52,36,42,36,22,8,5,1,2,6,1,31,0,49,49,33,47,40,75,51,0,1,45,32,58,34,21,26,41,0,0,13,1,23,43,22,0,2,22,34,32,18,16,15,48,57,57,0,8,5,3,48,52,49,54,44,51,51,20,64,3,4,3,7,48,7,8,7,14,3,1,2,2,37,8,9,11,54,21,50,270
344,17,52,5,58,7,73,59,58,0,55,0,50,6,4,1,1,5,3,26,0,6,49,17,24,20,60,41,9,1,39,10,9,53,17,0,0,3,0,6,6,24,22,10,43,13,13,37,36,17,6,6,27,24,38,38,2,3,3,31,52,20,42,0,36,18,6,5,2,2,1,15,49,8,5,5,30,2,4,4,4,37,10,8,11,50,91,31,267
345,3,55,5,72,7,49,42,19,1,39,1,23,9,6,5,4,5,5,15,0,49,49,33,47,40,75,11,10,1,33,15,42,34,17,0,0,0,0,0,30,0,53,31,48,30,0,45,43,0,0,15,48,57,1,49,2,3,1,57,52,40,32,43,43,8,0,5,10,3,2,52,0,1,8,5,10,2,0,4,4,0,12,10,10,8,21,8,26
346,22,38,5,38,7,24,69,4,2,23,3,49,10,7,3,2,2,5,15,0,49,5,33,47,40,45,30,1,35,33,8,21,62,17,0,0,14,30,11,1,23,45,0,41,2,22,25,23,10,14,15,48,57,46,45,2,3,2,81,51,44,46,43,37,6,13,36,2,4,3,7,0,9,1,9,10,3,4,4,4,17,9,10,10,8,68,12,104
347,19,21,0,25,7,7,3,55,1,46,1,50,8,6,3,1,5,3,12,0,6,49,33,47,40,53,39,1,12,33,20,12,46,18,0,8,9,25,11,10,16,10,17,6,19,14,38,37,5,14,15,48,57,45,40,6,3,1,75,52,49,54,44,51,51,20,51,11,0,0,0,75,1,8,6,4,3,3,2,2,50,10,9,11,30,84,50,3
348,20,34,5,30,9,65,3,35,1,18,1,0,8,4,1,2,3,5,12,0,49,49,33,1,22,55,37,1,1,44,22,14,15,21,13,0,0,34,11,11,20,17,5,28,18,18,4,0,15,19,0,31,18,1,0,2,3,0,57,52,21,30,32,36,20,18,56,2,1,4,7,50,1,1,1,5,3,4,4,4,50,10,9,11,8,87,38,286
349,21,53,4,38,7,37,69,52,2,1,2,39,8,5,3,2,5,4,29,29,24,3,5,24,3,87,35,0,14,15,51,16,36,21,2,17,18,5,12,6,24,36,20,0,11,15,18,16,15,15,15,48,57,40,8,2,2,3,80,51,49,54,44,51,51,20,0,3,1,4,56,49,8,9,8,29,3,3,4,1,17,10,9,10,8,38,50,267
350,18,35,5,30,7,10,23,57,2,55,0,50,6,1,1,2,5,5,3,0,31,49,33,47,40,40,23,1,29,45,33,18,34,10,2,5,10,21,0,30,0,53,31,48,30,0,45,43,0,0,6,39,24,46,0,2,1,2,33,31,49,54,44,51,51,20,0,3,2,1,7,34,6,5,7,0,3,4,4,4,50,0,9,12,8,76,50,35
351,17,11,0,20,7,12,12,58,0,55,0,50,6,0,1,1,4,5,22,25,25,36,33,33,33,36,48,1,12,48,53,34,34,21,0,0,0,0,11,10,16,5,0,6,19,14,4,6,3,15,2,48,24,43,0,6,3,0,2,12,31,42,22,17,51,14,55,22,0,0,0,43,8,2,2,0,4,3,2,2,50,8,9,12,8,63,43,302
352,3,26,1,30,6,19,13,10,1,6,1,2,12,6,3,3,3,5,22,13,24,1,24,38,28,36,29,9,16,26,36,23,34,12,0,13,0,30,12,0,22,43,0,39,3,11,14,16,16,15,2,40,24,43,0,8,3,0,59,21,5,54,23,29,33,14,0,2,2,1,7,43,8,3,3,1,1,3,3,2,50,12,0,12,8,63,15,16
353,20,12,0,16,7,7,2,14,2,9,35,7,8,6,5,2,4,2,31,0,27,49,20,12,28,36,45,5,14,12,42,5,34,21,0,0,3,0,1,3,11,36,17,1,30,0,45,43,0,1,6,45,24,42,30,3,3,0,58,37,9,38,20,14,38,1,14,11,4,3,0,43,5,6,4,0,2,2,2,2,50,9,9,12,54,63,26,135
354,21,45,0,41,7,13,6,11,67,2,57,22,7,4,4,2,5,5,31,13,24,3,30,2,28,60,23,9,21,26,42,18,53,15,0,0,9,34,10,6,24,17,0,16,3,11,24,18,0,14,2,5,38,42,30,2,6,1,58,15,9,16,29,28,38,13,33,3,4,3,0,49,6,6,7,0,3,3,2,2,50,9,9,12,54,91,26,119
355,16,8,0,16,7,5,71,58,0,55,0,50,1,1,1,1,5,2,31,2,7,49,2,2,28,36,45,9,16,33,42,5,36,21,0,0,3,0,10,3,11,26,17,0,19,14,1,2,0,11,9,5,24,43,30,3,3,2,76,37,46,38,27,36,38,10,55,21,2,1,7,49,8,8,5,0,3,1,2,2,41,8,9,12,54,63,14,270
356,16,33,0,25,7,78,71,58,0,55,0,50,1,1,1,1,3,5,22,0,25,36,1,17,31,53,22,9,22,12,53,30,46,21,0,0,0,0,0,30,0,53,31,48,30,0,45,43,0,0,0,48,5,46,0,12,3,0,54,52,49,54,44,51,51,20,0,0,1,4,0,43,8,2,2,0,3,1,1,3,50,8,0,12,44,84,50,214
357,18,9,5,20,7,78,59,35,1,55,0,50,7,4,1,1,6,1,3,0,31,1,20,18,28,83,47,9,1,39,53,3,69,21,0,0,3,0,1,3,11,44,0,0,30,0,45,43,0,11,3,1,54,47,0,2,1,2,32,39,45,40,0,40,51,10,0,3,2,1,7,0,10,10,10,0,3,4,4,4,42,8,9,12,8,28,13,104
358,21,38,5,40,7,21,19,16,1,11,1,5,6,4,4,3,8,5,15,7,31,49,33,37,28,60,27,9,12,48,53,25,53,21,0,0,0,2,10,3,11,50,17,39,11,15,5,7,0,15,9,31,38,43,0,3,1,3,32,19,20,43,35,38,51,14,55,2,1,4,0,0,10,10,10,0,4,2,2,2,38,12,12,12,8,91,31,54
359,18,17,0,20,7,73,44,0,2,55,0,50,7,4,1,1,4,2,22,2,31,49,24,14,28,69,44,1,21,27,42,29,58,7,0,0,12,28,11,3,11,2,0,3,28,26,1,2,4,14,8,31,43,42,0,8,3,0,44,15,49,54,44,51,51,20,40,22,4,3,0,43,3,3,3,1,5,3,1,3,50,8,0,12,8,14,50,214
360,18,25,0,37,7,10,5,5,32,55,0,50,6,4,3,1,3,4,26,29,31,5,30,33,28,72,38,7,21,33,53,13,58,12,0,0,0,2,12,10,16,43,0,39,23,4,34,32,1,15,2,35,43,42,0,9,2,2,33,31,38,32,29,36,51,14,55,10,4,3,7,34,8,10,3,1,5,3,1,3,2,9,9,22,42,19,7,286
361,22,28,5,31,7,6,3,55,62,33,2,22,9,5,4,1,5,3,22,0,31,36,33,16,28,60,43,9,21,33,10,7,53,21,2,10,30,0,10,3,11,16,0,0,21,6,13,15,0,11,10,14,24,45,0,3,2,0,32,35,36,35,24,28,8,10,39,15,3,2,7,0,10,10,10,0,3,3,2,3,0,9,9,21,8,91,48,26
362,19,19,0,30,7,78,53,35,1,0,1,50,8,4,1,1,4,2,31,7,31,3,5,7,33,53,45,7,12,47,33,5,46,21,0,0,3,0,11,6,24,45,0,41,3,11,42,40,16,17,1,22,31,1,33,9,3,1,33,37,20,32,0,40,31,16,0,13,4,3,0,0,10,10,10,0,3,2,2,2,9,8,9,21,54,84,31,218
363,19,18,0,27,7,3,65,42,2,12,2,50,8,5,1,1,3,4,22,12,31,1,30,37,33,60,37,7,21,33,53,14,53,21,0,0,0,2,12,1,23,0,0,1,2,22,0,1,10,19,3,39,38,42,0,1,0,5,35,29,20,47,15,48,51,18,55,21,2,1,7,49,1,10,10,0,3,3,1,3,17,9,10,21,8,91,31,3
364,21,22,1,34,6,33,6,4,1,5,1,43,9,6,1,2,3,3,31,17,31,49,2,2,33,69,41,7,1,39,42,9,58,21,0,0,3,0,12,6,24,26,17,0,3,11,25,23,27,15,2,37,43,41,32,12,6,0,35,33,40,43,32,36,29,14,64,3,0,0,7,0,10,10,10,0,3,3,2,2,17,9,9,21,54,14,8,290
365,21,33,5,27,7,16,13,11,1,4,1,2,7,5,3,3,7,4,22,22,31,36,27,25,28,75,39,9,35,43,10,10,62,21,8,17,23,0,11,3,11,20,0,19,23,4,34,32,24,14,9,28,48,7,12,3,1,1,32,32,49,54,44,51,51,20,39,15,1,4,0,0,10,10,10,0,3,3,2,1,3,10,9,21,8,21,50,184
366,20,34,0,30,7,4,11,57,18,42,12,12,8,5,1,2,4,4,31,0,31,49,5,7,31,53,36,8,1,26,33,15,46,7,0,0,7,37,1,3,11,26,0,24,30,0,45,43,0,1,8,5,31,59,8,8,6,1,33,28,20,46,0,36,31,1,0,0,0,0,0,0,10,10,10,0,1,3,1,3,38,10,9,21,54,84,31,50
367,16,23,0,18,7,34,71,58,0,55,0,50,1,0,1,1,5,4,31,0,25,24,20,42,33,39,37,9,17,33,18,14,8,21,0,0,0,2,14,6,24,24,0,22,3,11,31,29,16,17,12,41,5,15,30,1,0,5,42,29,20,36,20,14,20,16,0,10,1,4,7,0,10,10,10,0,3,3,2,2,9,8,9,21,54,75,31,289
368,6,30,5,37,6,35,19,15,1,11,64,8,12,8,5,4,6,5,3,30,31,36,2,47,40,18,23,9,2,6,53,29,21,21,0,2,14,9,0,30,0,53,31,48,30,0,45,43,0,0,15,48,57,42,0,3,1,3,33,52,49,54,44,51,51,20,0,22,2,1,0,0,10,10,10,0,3,3,2,3,44,15,9,22,8,41,50,256
369,21,36,0,39,7,17,7,8,1,3,1,48,9,7,3,3,4,4,29,13,31,5,28,2,28,69,43,7,16,33,53,7,58,12,0,0,3,0,14,1,23,16,0,15,2,22,13,15,10,3,9,18,43,42,0,11,3,2,35,35,38,27,16,28,51,3,0,21,3,2,0,34,1,10,2,19,4,3,1,4,50,10,9,21,46,14,7,79
370,1,31,5,35,7,15,10,7,1,6,1,3,9,7,3,3,6,4,22,2,31,36,2,7,28,60,36,7,16,33,22,15,53,21,2,13,21,8,11,3,11,43,0,39,18,18,31,29,24,14,6,5,38,7,12,3,1,0,33,28,46,37,0,43,20,13,39,3,3,2,7,0,10,10,10,0,3,3,2,3,9,11,9,21,8,91,14,286
371,1,54,1,46,6,38,15,12,1,8,1,6,9,7,5,2,2,4,22,0,0,0,20,34,28,69,34,9,16,39,53,15,58,12,0,0,0,2,11,1,23,16,0,15,2,22,31,29,10,14,6,45,43,45,0,8,3,3,35,26,46,27,23,40,51,13,0,0,2,1,0,34,8,10,4,0,0,3,3,3,50,9,10,21,8,14,14,71
372,21,36,0,34,7,19,15,5,1,54,29,46,8,5,3,2,5,4,31,0,31,5,24,37,31,75,36,7,16,26,33,15,62,21,0,0,7,37,13,6,24,48,27,0,3,11,13,15,16,16,8,12,48,7,37,1,0,5,9,28,31,51,0,36,38,15,33,21,3,2,0,0,10,10,10,0,3,1,3,2,27,10,9,22,54,21,43,152
373,18,30,5,30,7,2,59,35,5,55,0,50,7,4,1,1,5,1,15,5,31,36,33,20,28,53,49,9,12,47,53,1,46,21,15,35,0,0,10,3,11,43,0,39,18,18,1,2,0,15,6,5,31,43,0,3,1,0,4,41,21,42,28,23,51,14,39,25,0,0,0,0,10,10,10,0,3,3,2,1,17,8,12,21,8,84,38,150
374,6,29,1,29,6,15,9,7,1,3,1,49,2,8,4,3,5,5,22,2,25,49,2,29,28,60,21,1,7,26,22,27,53,21,23,0,0,0,1,29,4,43,22,0,30,0,45,43,0,1,2,5,38,42,0,8,3,0,53,17,44,35,9,28,25,1,0,0,0,0,7,49,8,0,0,0,4,3,1,3,11,2,9,14,8,91,12,3
375,17,31,6,25,7,13,53,58,0,55,0,50,1,1,1,2,8,5,13,29,31,36,33,2,28,53,29,10,16,33,53,23,46,21,26,13,25,5,0,30,0,53,31,48,30,0,45,43,0,0,2,5,31,43,0,3,1,0,32,52,49,54,44,51,51,20,55,2,3,2,0,0,10,10,10,0,3,4,4,4,50,9,9,14,8,84,50,95
376,18,8,0,15,12,16,23,0,1,55,0,50,6,0,3,1,5,5,1,21,24,1,12,20,28,36,51,1,20,17,53,18,34,21,0,2,0,39,0,30,0,53,31,48,30,0,45,43,0,0,2,48,24,42,0,1,0,5,31,46,5,44,28,17,51,0,0,0,2,1,80,34,8,10,10,0,4,3,2,3,50,8,9,14,8,63,15,182
377,16,8,0,20,7,1,71,58,0,55,0,50,1,0,1,1,4,5,22,13,24,36,33,47,40,53,54,1,1,33,53,34,46,18,4,14,4,0,11,22,3,16,0,15,28,26,13,15,4,15,10,48,31,42,0,1,0,5,40,12,20,48,28,46,51,14,55,2,3,2,0,31,8,2,2,0,4,3,3,2,50,0,9,14,8,84,31,172
378,20,31,1,16,6,13,7,55,1,52,1,43,8,6,3,2,2,5,31,13,19,28,33,41,28,75,31,8,35,44,33,20,58,21,0,0,25,21,12,6,24,36,0,32,7,16,25,15,16,15,2,43,43,7,33,4,3,0,4,23,49,54,44,51,51,20,66,10,3,2,0,0,5,6,9,0,3,3,2,2,2,10,9,14,54,21,50,152
379,18,25,0,32,7,8,2,35,1,55,0,50,7,4,1,2,5,5,22,0,31,36,33,47,40,78,43,9,15,19,53,23,65,12,0,0,22,24,1,29,4,48,27,0,30,0,45,43,0,16,15,48,57,1,49,8,3,0,40,34,31,45,15,46,51,15,47,0,3,2,80,43,7,0,2,1,4,3,3,3,50,9,9,14,8,24,43,177
380,20,33,0,14,7,7,5,2,2,52,2,46,9,7,1,2,4,5,12,13,31,49,5,34,28,18,55,11,25,4,50,31,21,21,0,0,0,0,1,3,11,14,0,14,30,0,45,43,0,1,8,21,12,46,0,8,3,0,78,33,20,48,32,14,47,1,0,0,3,2,80,49,9,7,7,0,4,1,3,3,2,0,0,3,8,41,31,302
381,2,27,1,18,6,21,9,4,1,54,1,46,12,6,3,2,5,4,26,2,23,49,27,2,28,60,35,11,22,26,49,16,53,21,23,0,0,43,10,3,11,1,0,2,23,4,14,16,0,11,9,22,38,46,0,8,3,0,58,27,1,54,29,28,47,10,55,22,2,1,0,0,8,6,8,0,1,3,3,2,17,9,0,4,8,91,2,71
382,22,26,8,34,7,10,3,17,1,11,1,9,8,6,5,3,5,3,3,22,23,49,2,30,26,53,39,5,12,45,33,12,46,23,2,5,37,0,0,30,0,53,31,48,30,0,45,43,0,0,6,31,31,57,0,3,5,3,74,32,1,51,0,40,51,0,0,22,3,2,80,0,10,10,10,0,4,4,4,4,50,13,9,3,8,84,2,26
383,19,25,0,42,7,10,6,2,74,33,1,50,7,4,1,2,4,3,15,34,31,49,24,7,30,36,41,9,16,27,53,9,34,21,0,3,0,0,0,30,0,53,31,48,30,0,45,43,0,0,0,44,24,46,0,8,2,2,74,33,1,47,43,43,51,0,55,7,3,2,80,0,8,8,1,0,3,1,0,1,50,8,9,2,8,63,2,34
384,19,30,8,35,7,13,9,5,1,33,1,50,7,4,4,1,7,1,22,0,31,6,12,17,28,7,49,2,16,12,33,1,8,23,15,35,0,0,1,10,16,43,0,39,30,0,45,43,0,1,0,17,5,46,0,14,0,5,85,52,49,54,44,51,51,20,55,3,3,2,80,0,10,10,10,0,3,3,4,3,50,9,9,3,8,32,50,214
385,19,33,1,39,7,4,2,11,1,15,1,50,6,4,3,2,4,1,3,0,23,49,33,47,40,7,52,11,1,33,33,57,8,23,0,3,0,0,0,30,0,53,31,48,30,0,45,43,0,0,15,48,57,46,0,14,0,5,85,44,49,54,44,51,51,20,0,0,3,2,80,0,10,10,10,0,6,3,2,3,50,9,3,2,8,32,50,2
386,19,23,1,25,7,6,3,55,1,23,1,50,8,5,1,1,4,3,22,13,10,49,33,24,28,36,42,9,1,39,53,8,34,21,0,0,3,0,10,3,11,50,0,45,29,5,25,0,0,11,0,27,24,46,0,9,2,0,83,34,31,54,16,14,51,10,55,10,4,3,0,48,8,5,8,0,3,1,1,2,50,0,10,3,50,63,43,180
387,1,52,1,41,6,46,41,34,2,8,1,8,9,7,5,3,7,5,31,13,10,49,20,30,28,60,20,7,1,33,22,32,53,23,8,2,7,1,10,0,22,10,2,4,3,11,14,0,0,11,15,48,57,39,30,1,0,5,83,15,15,54,5,43,13,10,0,22,2,1,7,0,10,10,10,0,3,3,3,2,50,10,8,2,54,91,24,50
388,18,36,0,25,7,10,7,8,2,55,0,50,6,4,3,3,5,3,31,2,23,49,33,2,33,69,29,9,21,33,15,20,58,23,0,0,10,31,10,3,11,10,22,2,7,16,0,0,0,11,1,36,31,33,21,6,3,0,45,21,20,22,16,28,31,10,26,0,0,0,58,58,5,6,5,2,4,2,2,2,9,9,8,3,54,14,31,152
389,19,19,5,23,7,4,3,55,1,33,35,50,8,5,1,1,8,1,3,24,26,33,2,16,28,24,51,1,15,7,10,58,25,23,18,33,0,0,1,18,18,1,2,0,30,0,45,43,0,1,6,34,17,29,6,1,0,5,1,46,49,54,44,51,51,20,39,22,4,3,0,48,3,3,3,14,3,3,2,3,38,13,12,4,8,47,50,263
390,4,33,1,39,6,41,18,8,1,6,9,5,13,10,3,3,3,5,31,0,23,49,30,42,30,18,51,8,7,12,49,32,21,21,0,0,25,8,1,22,3,10,24,47,30,0,45,43,0,1,3,5,12,39,37,8,3,0,48,13,49,54,44,51,51,20,36,22,1,4,0,20,6,7,4,0,3,3,3,3,17,10,10,4,54,41,50,152
391,16,32,0,17,7,11,71,58,0,55,0,50,0,0,3,1,3,5,31,26,31,24,33,47,40,69,29,9,7,12,33,23,53,23,0,0,0,0,1,22,3,43,1,32,30,0,45,43,0,1,6,11,38,5,21,9,3,3,6,21,49,54,44,51,51,20,36,15,4,3,0,6,7,5,5,18,0,3,3,3,17,9,10,3,54,14,50,246
392,6,42,1,46,6,44,42,14,1,11,1,9,13,10,5,4,7,3,22,13,24,49,18,25,33,45,25,9,1,0,10,10,42,23,0,8,39,0,10,10,16,43,0,39,19,14,14,16,0,11,6,34,28,51,0,14,0,5,31,34,5,15,1,10,8,10,64,13,4,3,54,0,3,4,5,5,3,4,3,4,17,11,9,4,8,68,15,245
393,17,8,0,16,7,45,23,58,0,55,0,50,6,1,1,1,3,1,15,12,13,29,30,24,28,36,52,9,22,26,42,57,34,21,0,3,0,0,11,21,5,43,0,39,23,4,25,15,4,14,10,14,24,40,0,8,1,0,32,44,5,49,23,36,38,13,0,3,3,2,7,49,5,5,1,13,4,4,4,4,50,8,9,4,8,63,15,104
394,18,57,3,15,7,9,5,35,2,55,0,50,7,4,0,3,3,5,31,2,25,49,33,24,28,53,29,0,7,12,42,23,46,21,0,0,0,2,0,30,0,53,31,48,30,0,45,43,0,0,6,45,31,42,8,12,3,3,57,52,40,32,1,14,38,0,0,22,1,4,7,0,7,6,6,0,3,2,2,2,50,10,9,35,54,84,8,89
395,22,19,5,22,6,16,13,5,1,2,1,36,8,6,4,2,7,2,22,22,31,36,5,18,28,55,44,9,17,33,53,6,50,21,0,0,3,0,14,0,22,1,0,2,3,11,1,2,16,17,8,5,33,42,0,1,0,5,32,36,21,45,1,14,51,16,40,22,1,4,0,0,10,10,10,0,3,3,2,3,27,11,12,34,8,87,38,181
396,20,57,5,35,7,10,9,10,1,8,1,5,8,6,6,1,7,5,22,26,31,36,29,35,28,75,29,9,35,39,53,23,62,21,2,8,25,8,0,30,0,53,31,48,30,0,45,43,0,0,9,22,48,42,0,1,0,5,32,21,45,25,0,28,31,0,0,22,2,1,0,0,10,10,10,0,3,3,2,3,50,15,9,35,8,21,13,5
397,19,24,0,25,7,2,65,42,1,12,1,50,8,5,1,1,3,2,22,0,21,49,33,47,40,39,54,9,35,17,53,6,36,21,0,0,3,0,12,0,22,45,0,41,11,15,34,32,3,15,6,39,25,42,0,1,0,5,43,43,1,44,43,17,51,14,0,22,3,2,0,34,1,5,8,1,3,3,2,3,17,8,9,35,8,75,2,172
398,22,38,0,38,7,18,15,9,1,3,45,15,6,4,6,3,6,5,22,26,23,49,33,38,28,83,29,9,16,26,53,23,65,21,0,0,0,2,10,3,11,17,0,16,29,5,14,16,0,11,10,33,15,42,0,8,3,2,42,21,9,32,23,28,51,10,0,22,3,2,0,34,1,2,5,1,2,3,3,3,23,12,9,35,8,28,26,269
399,18,5,2,46,3,4,2,47,1,55,0,50,7,5,1,1,3,3,30,6,36,49,24,20,28,69,50,1,1,39,53,25,58,21,2,2,0,0,12,0,22,16,0,15,3,11,44,42,16,15,13,21,43,42,4,1,0,5,42,19,5,43,0,40,51,14,0,21,0,0,0,0,10,10,10,0,4,3,2,3,50,11,9,34,8,14,15,227
400,20,28,5,28,14,68,59,4,52,50,3,12,8,5,1,2,7,2,22,0,49,49,33,47,40,36,47,0,12,12,47,3,34,21,0,0,3,0,10,19,15,17,2,2,29,5,25,0,0,15,15,48,57,46,0,1,0,5,1,52,9,40,15,14,44,14,56,2,2,1,0,0,8,9,7,0,4,4,4,4,26,12,9,6,50,63,26,182
401,18,32,5,30,7,6,44,13,32,55,0,50,7,4,1,1,5,2,15,1,23,49,20,47,40,36,45,1,22,33,50,5,34,21,2,13,28,0,13,11,20,1,2,0,18,18,1,0,15,3,15,48,57,31,0,2,2,3,56,52,21,38,43,46,37,3,0,22,3,2,15,43,7,1,5,5,3,1,2,1,46,0,9,6,8,63,38,148
402,17,26,5,34,7,23,23,58,0,55,0,50,6,0,1,1,0,4,19,0,25,1,33,47,40,9,37,1,1,12,48,14,10,21,0,0,0,2,1,10,16,48,0,43,30,0,39,38,0,15,15,48,57,46,28,3,3,0,56,52,20,30,43,40,48,14,18,0,1,4,7,49,5,8,8,5,3,4,2,0,50,9,1,6,8,34,31,148
403,18,30,5,19,7,2,53,0,1,55,0,50,7,4,1,1,5,3,26,0,21,22,33,47,40,75,40,1,1,12,12,10,53,21,26,2,40,0,17,6,24,33,19,0,25,17,1,0,21,20,15,48,57,1,0,2,3,2,80,52,9,54,22,43,44,19,32,0,2,1,7,48,8,7,6,0,3,3,1,1,17,8,9,6,52,21,26,16
404,11,55,0,73,16,81,71,58,0,55,0,50,0,0,1,1,3,5,12,0,49,49,33,47,40,39,18,10,16,12,47,35,34,21,26,0,0,0,12,10,16,4,25,40,17,2,25,23,15,6,15,48,57,16,38,3,3,1,7,51,31,11,23,28,44,6,65,0,3,2,0,48,6,4,3,13,3,2,2,3,50,13,9,7,8,75,43,3
405,17,42,0,55,7,10,2,58,0,55,0,50,1,1,3,1,5,2,31,0,11,25,9,12,16,60,46,0,12,39,48,4,36,18,0,10,37,0,3,25,17,43,0,39,1,23,9,0,20,7,0,31,24,56,0,3,3,3,17,52,36,46,14,29,13,7,26,2,4,3,7,48,5,5,4,14,3,3,4,3,0,14,10,6,54,91,48,126
406,19,51,5,52,7,19,10,13,2,1,1,50,6,0,3,2,6,4,15,0,49,19,33,17,3,69,31,10,21,12,32,13,34,17,0,0,0,2,12,6,24,18,15,0,1,23,42,0,15,19,15,48,57,55,36,1,0,5,80,50,40,26,0,28,44,18,5,0,0,0,0,48,9,8,9,5,3,1,2,2,50,10,9,6,8,14,8,267
407,18,18,0,22,7,7,4,47,2,55,0,50,7,5,3,1,4,4,13,0,49,49,33,1,33,3,52,10,16,43,12,13,4,21,0,0,24,42,1,10,16,0,1,1,30,0,45,43,0,16,3,0,50,32,26,2,3,3,61,52,2,43,9,10,8,15,0,22,1,4,7,0,8,5,1,21,3,3,3,3,46,10,9,6,23,4,3,148
408,20,31,5,34,1,56,18,52,1,12,54,1,7,1,1,3,5,2,15,0,49,49,33,47,40,60,42,10,13,12,28,5,36,17,0,0,3,0,12,1,23,43,20,1,18,18,25,23,15,15,15,48,57,1,0,8,3,2,58,52,45,35,23,14,28,14,0,22,0,0,12,34,8,10,2,0,3,1,1,1,38,8,8,22,8,91,13,182
409,19,23,5,23,10,68,31,5,51,12,2,50,6,1,1,3,6,5,15,0,49,49,15,47,40,36,29,0,28,33,27,23,34,21,0,5,25,14,10,19,15,43,0,39,29,5,0,0,0,11,15,48,57,17,17,2,6,1,31,21,1,22,0,36,25,10,33,0,1,4,7,0,8,10,7,2,3,1,2,1,50,9,9,22,8,63,2,267
410,18,29,5,68,6,29,69,13,50,55,0,50,6,1,1,2,7,2,31,0,31,11,33,17,35,55,45,1,1,26,14,5,36,21,0,0,3,0,13,1,23,0,0,1,2,22,13,15,16,16,6,17,25,46,0,8,3,3,34,52,5,49,23,14,12,15,22,11,3,2,17,42,5,7,6,14,3,2,2,3,0,9,9,21,54,87,15,83
411,18,40,5,40,15,6,11,13,5,55,0,50,6,1,3,1,0,5,1,0,49,49,17,17,31,53,5,1,22,12,33,49,46,17,2,0,0,39,11,18,18,50,27,1,19,14,31,29,4,15,15,48,57,46,10,1,0,5,1,52,9,13,9,14,27,14,0,21,1,4,54,48,5,5,6,1,3,1,1,2,50,8,8,21,8,84,26,3
412,18,38,5,53,7,21,34,13,2,55,0,50,6,0,1,2,2,3,26,0,49,49,33,47,40,60,59,10,1,39,34,12,53,21,2,0,0,39,10,10,16,27,0,25,19,14,1,2,0,11,15,48,57,57,0,2,2,4,58,51,49,54,44,51,51,20,32,23,0,0,71,48,9,9,8,0,3,4,4,4,50,10,3,21,8,91,50,16
413,19,22,0,35,7,7,4,52,2,23,2,50,8,5,1,2,5,0,31,2,26,37,5,20,28,36,52,9,21,39,48,57,34,18,27,21,0,0,0,30,0,53,31,48,30,0,45,43,0,0,2,21,24,42,27,8,3,1,31,44,5,54,23,14,38,0,46,2,0,0,7,43,6,6,6,0,4,2,2,2,50,9,9,17,54,63,15,246
414,1,8,0,33,7,16,10,10,1,8,69,7,10,8,6,2,5,4,15,0,31,49,2,24,3,77,44,5,1,26,41,14,58,21,0,8,18,17,16,25,17,0,0,1,1,23,31,29,20,19,3,36,43,46,0,1,0,5,1,29,49,54,44,51,51,20,28,15,2,1,7,49,1,1,9,5,4,4,4,3,17,10,9,18,8,23,50,79
415,18,48,3,84,9,4,7,7,1,55,0,50,8,6,0,2,6,5,15,0,31,19,33,47,40,55,20,7,12,45,50,32,46,21,0,0,0,0,16,6,24,43,22,0,25,17,25,23,21,19,15,48,57,1,49,1,0,5,1,52,1,54,23,14,6,18,18,15,4,3,15,42,1,1,1,4,3,2,3,3,34,11,9,17,50,87,2,64
416,3,47,0,62,7,40,13,12,1,4,1,46,11,7,3,3,6,5,15,29,31,36,24,30,20,77,30,9,12,45,50,21,54,21,15,10,0,21,4,6,24,37,18,2,1,23,14,16,20,6,15,48,57,57,0,2,1,4,1,22,45,25,15,44,44,6,17,22,4,3,58,52,7,8,7,3,1,2,3,3,2,15,9,17,50,23,13,177
417,6,21,1,73,6,28,24,9,1,4,1,4,2,10,4,3,5,5,19,0,31,49,33,47,40,80,49,1,1,45,8,34,53,21,13,8,21,1,11,19,15,1,0,2,27,9,14,16,4,14,15,48,57,43,0,2,1,3,1,12,5,42,0,46,0,13,0,2,4,3,12,49,2,3,1,26,0,2,4,4,0,11,9,17,50,26,15,122
418,21,60,1,57,6,32,24,14,1,18,1,7,1,1,7,2,5,5,15,38,49,49,33,7,31,60,29,9,12,39,48,23,53,17,0,0,0,0,13,10,16,1,0,2,18,18,34,32,15,17,6,17,38,42,0,8,7,4,53,52,44,42,28,48,0,16,0,0,1,4,0,0,1,1,1,16,4,3,3,3,0,11,9,17,8,91,12,163
419,17,30,3,25,7,2,5,58,0,55,0,50,6,4,1,1,6,5,12,0,19,3,11,30,20,60,44,1,1,45,50,23,53,21,13,8,2,21,1,29,4,48,27,0,30,0,45,43,0,15,0,31,38,1,49,1,0,5,1,52,31,36,0,44,47,14,9,21,3,2,54,49,3,2,1,5,3,0,0,2,27,9,9,17,50,91,43,287
420,21,38,3,38,8,31,5,5,2,3,1,48,9,7,1,2,1,5,15,0,19,49,33,47,40,78,60,12,12,45,52,23,53,21,0,5,10,25,13,1,23,43,0,39,2,22,1,2,18,16,15,48,57,46,0,2,2,4,58,19,49,54,44,51,51,20,18,2,3,2,15,49,5,5,1,5,4,0,4,4,17,11,9,18,50,24,50,117
421,19,19,5,21,7,2,65,42,1,0,34,50,8,5,1,1,5,3,15,0,31,19,33,1,31,55,60,12,12,45,50,10,36,17,0,0,3,0,13,6,24,36,20,0,1,23,37,32,10,16,15,48,57,57,0,2,1,3,1,49,5,54,10,48,50,15,17,15,1,4,46,52,1,1,1,22,3,2,3,4,6,0,9,17,50,87,15,95
422,22,34,0,32,7,17,11,7,1,4,1,49,9,6,4,1,3,5,15,0,19,36,33,47,40,60,60,12,1,45,50,17,53,21,8,8,14,14,13,10,16,37,7,20,18,18,0,0,15,16,6,31,24,32,0,2,1,3,31,52,49,54,44,51,51,20,56,2,2,1,0,55,1,1,1,6,3,2,3,2,50,10,10,17,8,91,50,26
423,19,21,0,19,6,65,53,1,2,2,1,50,8,5,1,1,2,3,22,0,31,21,33,30,34,53,39,9,12,17,8,12,46,21,0,8,9,25,1,19,15,17,0,16,30,0,45,43,0,11,0,17,31,1,49,1,0,5,1,31,36,37,22,18,0,10,9,12,1,4,0,52,4,4,1,14,0,2,4,4,17,9,0,17,8,84,48,95
424,19,48,5,49,7,7,4,10,1,13,1,50,7,5,3,3,7,5,15,0,49,0,33,47,40,75,22,7,15,45,19,28,62,21,0,0,0,16,14,25,17,16,13,0,1,23,13,15,20,17,0,17,24,57,0,1,0,5,1,52,45,54,33,19,4,16,27,2,1,4,7,64,1,5,9,5,4,4,4,2,50,8,10,17,8,21,13,34
425,18,52,0,19,7,16,3,52,1,55,0,50,6,4,3,1,4,5,22,0,31,49,33,47,40,53,29,1,1,33,47,23,46,17,0,0,9,34,0,30,0,53,31,48,30,0,45,43,0,11,15,48,57,1,49,2,5,4,1,52,21,22,0,36,44,10,26,2,2,1,0,52,3,3,1,5,0,4,3,4,50,11,0,18,8,84,38,112
426,22,29,5,25,7,13,11,12,1,9,65,7,8,6,1,6,4,3,15,0,19,45,33,47,40,36,60,12,16,33,32,12,34,21,0,0,0,2,13,6,24,17,14,0,11,15,26,24,18,16,15,48,57,46,0,2,3,4,31,52,49,54,44,51,51,20,18,21,1,4,0,0,1,1,6,5,4,4,4,4,6,8,9,17,8,63,50,243
427,21,15,0,27,7,2,59,57,1,46,2,7,10,7,1,2,3,1,15,0,19,24,33,47,40,53,60,12,16,26,32,58,15,17,18,33,0,0,11,19,15,1,0,2,27,9,0,0,4,14,6,17,5,26,0,2,1,3,80,52,49,54,44,51,51,20,4,21,0,0,34,49,3,3,1,5,5,4,4,4,2,11,9,17,8,84,50,268
428,16,19,3,76,7,55,71,58,0,55,0,50,6,4,0,1,8,3,29,0,31,7,5,47,40,7,39,0,12,22,42,12,8,4,0,13,0,30,15,6,24,36,20,0,1,23,31,0,20,18,15,48,57,59,17,8,4,4,49,37,49,54,44,51,51,20,0,2,0,0,7,0,10,10,10,0,4,0,1,4,50,0,9,7,27,32,50,148
429,18,34,3,80,7,26,65,52,54,55,0,50,6,4,1,2,8,5,12,0,0,11,33,47,40,69,52,0,20,25,53,23,58,21,28,0,0,16,1,19,15,5,13,2,30,0,45,43,0,11,15,48,57,24,0,2,7,1,31,27,40,45,28,26,0,10,0,2,2,1,7,48,1,1,1,0,5,3,4,4,9,10,6,7,44,14,8,214
430,17,42,3,4,9,78,59,58,0,55,0,50,7,5,0,1,5,1,22,12,1,32,33,47,40,69,60,12,15,45,36,1,46,21,0,3,0,0,15,1,23,0,0,1,2,22,25,23,22,18,15,48,57,57,26,3,1,2,85,52,49,54,44,51,51,20,0,0,1,4,0,0,10,10,10,0,4,1,1,3,50,0,5,7,8,14,50,183
431,16,45,3,4,15,73,71,58,0,55,0,50,6,4,0,1,5,4,22,32,3,40,33,17,28,75,36,1,12,39,36,15,53,21,26,5,14,21,12,13,14,45,13,32,14,10,13,15,7,15,15,48,57,43,21,8,1,3,31,52,49,54,44,51,51,20,0,15,1,4,0,0,10,10,10,0,3,2,4,4,50,9,4,7,8,21,50,150
432,19,64,4,35,9,4,11,55,2,41,54,50,6,4,0,4,9,5,22,0,6,15,33,37,6,18,19,0,16,26,36,39,21,21,26,10,10,16,15,6,24,43,22,0,25,17,13,0,21,18,3,39,12,43,12,1,0,5,1,31,49,54,44,51,51,20,56,21,0,0,0,0,10,10,10,0,3,2,2,2,50,1,1,8,8,41,50,64
433,19,18,0,28,7,6,4,55,1,0,69,50,8,5,1,1,5,3,26,0,49,49,17,47,40,36,36,0,35,33,53,12,34,21,12,10,36,0,15,2,21,0,0,1,3,11,13,15,6,18,3,27,24,2,18,2,7,3,28,52,5,37,44,51,51,17,32,12,3,2,7,48,1,1,1,13,3,3,3,4,2,8,5,7,50,63,15,4
434,19,40,0,46,7,15,10,8,1,52,2,50,6,4,3,3,5,4,22,0,9,49,33,47,40,39,20,0,20,45,53,32,36,21,2,0,0,39,10,19,15,17,0,16,29,5,42,0,0,14,3,31,24,54,0,2,7,4,3,52,20,26,15,17,51,13,37,0,2,1,0,48,5,5,1,0,4,3,4,4,50,12,4,8,8,75,31,42
435,17,37,0,43,7,6,14,58,0,55,0,50,1,1,3,1,5,4,22,13,11,49,33,47,40,33,25,0,1,43,53,17,32,22,0,2,21,21,11,10,16,27,0,25,19,14,26,24,4,14,15,48,57,1,8,2,3,1,1,52,49,54,44,51,51,20,18,0,3,2,0,0,10,10,10,0,3,2,4,4,50,13,4,7,19,65,50,184
436,22,53,0,57,7,18,11,5,1,52,1,32,7,4,4,3,5,5,22,0,3,49,33,47,40,20,60,12,12,44,0,47,24,21,0,21,14,1,0,30,0,53,31,48,30,0,45,43,0,0,15,48,57,1,0,2,7,2,61,46,49,54,44,51,51,20,61,2,4,3,0,0,10,10,10,0,3,4,4,4,0,2,4,8,19,43,50,301
437,17,40,6,7,7,2,0,58,0,55,0,50,7,4,1,0,5,5,19,10,31,47,33,37,35,36,44,0,12,41,53,17,34,10,0,20,25,17,1,19,15,1,0,2,30,0,45,43,0,14,3,27,24,45,0,1,0,5,1,52,21,54,22,50,51,13,36,10,0,0,0,0,10,10,10,0,2,3,4,1,17,0,4,7,22,63,38,26
438,19,29,5,35,3,13,6,42,2,33,2,50,7,4,1,2,4,5,12,0,49,49,33,1,18,69,32,0,15,22,33,12,8,21,26,1,0,0,11,2,21,1,0,2,3,11,1,2,15,14,3,17,5,1,0,2,7,1,49,52,5,28,23,36,20,13,0,13,2,1,2,69,5,6,8,2,3,2,3,2,5,12,5,7,8,14,15,16
439,20,22,5,25,7,8,2,57,74,42,2,1,9,6,3,1,3,1,31,0,49,49,33,24,33,36,44,10,25,29,53,1,34,21,15,35,0,0,11,14,10,0,0,1,19,14,34,0,4,14,3,31,24,7,37,1,0,5,43,52,49,54,44,51,51,20,0,21,3,2,54,48,5,5,1,13,4,1,4,4,50,8,6,8,54,63,50,283
440,16,33,6,10,6,33,71,58,0,55,0,50,1,1,3,1,3,4,19,0,49,49,33,47,40,69,39,0,12,45,0,12,58,21,2,8,21,12,12,18,18,36,1,24,19,14,26,24,26,15,3,39,43,44,21,2,7,2,76,52,49,54,44,51,51,20,41,22,0,0,0,0,10,10,10,0,1,2,3,3,9,8,1,8,22,14,50,47
441,1,33,0,39,7,17,17,14,1,5,69,5,9,6,4,3,5,5,22,0,6,47,5,24,28,83,27,0,15,44,53,23,69,22,0,10,10,17,2,6,24,37,0,33,1,23,37,36,20,2,3,44,54,45,31,2,7,0,64,52,36,20,33,50,51,2,23,22,2,1,7,0,10,10,10,0,3,4,4,4,44,11,4,9,19,28,48,243
442,0,32,6,88,16,81,71,58,0,55,0,50,0,0,1,0,5,3,26,0,11,31,11,47,40,39,41,0,1,26,53,9,36,10,26,17,26,0,1,19,15,43,0,39,30,0,45,43,0,1,15,48,57,45,21,2,7,2,67,52,21,34,0,28,51,1,0,0,1,4,0,0,10,10,10,0,2,2,2,2,38,0,4,9,13,75,38,302
443,3,21,1,29,6,22,11,7,2,5,20,5,11,9,3,3,3,2,31,2,19,49,20,38,28,14,49,9,1,48,33,1,15,21,0,3,0,0,10,3,11,16,0,15,14,10,13,15,0,18,2,21,10,42,0,3,1,4,76,52,33,37,15,17,31,17,64,22,4,3,34,0,10,10,10,0,3,2,0,2,17,12,9,28,54,52,45,111
444,11,12,0,20,16,81,71,58,0,55,0,50,0,0,3,0,5,2,31,5,34,49,27,22,28,39,47,9,5,48,53,3,36,21,0,20,45,0,10,3,11,16,13,0,29,5,37,36,0,15,12,24,25,42,0,2,3,4,86,44,5,54,0,43,51,14,0,0,4,3,0,0,10,10,10,0,1,3,0,1,50,8,10,28,54,75,15,124
445,22,21,1,22,6,10,14,5,1,2,48,48,9,5,3,2,5,2,31,0,31,49,33,27,28,53,45,7,12,47,53,5,46,21,0,0,3,0,1,29,4,43,22,0,30,0,45,43,0,15,10,21,37,45,0,6,3,4,83,52,20,35,15,48,51,14,0,0,2,1,0,0,10,10,10,0,1,4,0,0,27,10,9,28,54,84,31,169
446,21,21,0,23,3,15,2,55,50,12,3,0,9,5,3,2,6,2,31,2,23,49,24,41,28,55,45,9,1,45,42,5,50,23,1,20,44,0,10,6,24,36,20,0,1,23,13,15,0,11,2,43,33,28,0,3,2,4,76,37,45,38,0,46,38,10,64,20,1,4,0,0,10,10,10,0,3,4,0,4,0,9,9,28,54,87,13,50
447,20,6,7,23,13,13,14,52,2,42,1,22,7,4,3,2,5,2,31,38,23,49,33,47,40,53,48,7,1,43,53,2,46,21,15,21,10,0,10,3,11,43,0,39,14,10,13,15,0,15,15,48,57,32,0,9,3,2,31,40,20,41,43,44,51,14,0,13,2,1,0,49,7,9,5,0,1,2,3,3,2,8,9,28,54,84,31,124
448,20,26,0,35,7,9,6,57,73,50,1,32,9,6,3,1,5,2,31,0,31,45,33,42,33,36,45,9,12,48,43,5,34,21,0,0,3,0,0,30,0,53,31,48,30,0,45,43,0,0,3,39,24,46,0,5,3,3,83,37,20,39,43,44,39,0,0,2,4,3,0,52,8,7,7,0,5,4,2,2,26,9,9,29,54,63,31,135
449,21,17,1,25,6,21,69,52,1,33,1,22,9,4,1,2,6,1,31,17,23,36,20,20,28,53,49,9,1,45,33,1,46,21,0,3,0,0,14,6,24,45,24,0,1,23,0,1,20,3,9,11,31,42,0,3,2,4,81,41,9,50,15,23,31,3,0,22,1,4,0,0,10,10,10,0,2,2,2,2,50,9,9,28,54,84,26,169
450,19,24,0,31,7,9,65,42,1,12,2,50,8,5,3,1,3,1,31,2,23,49,0,25,31,39,45,9,35,45,33,59,36,21,0,3,0,0,11,6,24,1,2,0,1,23,39,38,5,14,1,28,25,43,0,11,3,0,83,37,49,54,44,51,51,20,0,22,4,3,0,0,10,10,10,0,5,4,4,2,26,8,9,28,54,75,50,131
451,18,15,7,18,7,55,23,1,2,55,0,50,7,1,1,1,5,1,31,13,23,49,33,20,33,53,49,9,1,43,53,1,46,21,27,21,0,0,1,3,11,43,0,39,30,0,45,43,0,11,2,30,31,43,0,9,2,2,31,41,36,46,38,40,51,10,0,2,4,3,0,49,6,8,5,0,4,3,3,4,50,9,9,28,54,84,48,152
452,19,22,0,26,7,34,12,55,1,2,25,50,8,4,1,1,7,2,31,2,23,49,0,31,31,60,45,9,12,47,42,5,53,21,0,0,3,0,10,3,11,0,0,1,21,6,13,15,0,11,2,38,38,43,0,11,3,1,83,37,5,43,0,28,38,10,0,22,1,4,0,49,1,6,9,0,5,4,3,4,17,8,10,28,54,91,15,121
453,4,23,1,27,6,25,58,10,2,7,49,7,13,10,4,4,5,2,31,0,25,49,24,33,28,60,45,3,35,47,33,5,53,21,0,0,3,0,11,2,21,1,0,2,3,11,1,2,5,14,2,35,38,46,0,8,3,0,83,37,49,54,44,51,51,20,22,22,4,3,0,0,10,10,10,0,5,2,1,0,17,11,10,28,54,91,50,200
454,17,23,0,27,7,15,2,58,0,55,0,50,1,1,3,1,6,2,31,4,10,49,5,7,28,18,48,5,1,45,42,2,21,18,0,3,0,0,0,30,0,53,31,48,30,0,45,43,0,0,10,43,12,7,47,1,0,5,45,40,45,41,0,46,38,0,0,2,4,3,0,0,10,10,10,0,3,2,2,2,27,8,9,37,54,41,13,229
455,21,37,1,49,6,39,65,47,2,46,2,0,9,5,1,2,5,5,30,15,19,49,30,7,28,75,40,1,12,17,36,31,62,12,0,0,0,21,11,3,11,50,0,45,23,4,42,0,4,14,8,12,48,42,0,8,3,2,35,52,49,54,44,51,51,20,0,22,1,4,0,59,1,10,5,1,2,3,2,3,50,10,9,38,8,21,50,104
456,3,28,1,39,6,29,33,33,62,25,1,23,9,6,4,4,4,5,29,11,25,49,33,38,31,87,39,1,31,26,53,34,71,5,0,0,0,9,12,3,11,45,0,41,23,4,4,36,24,17,9,37,56,42,0,8,3,3,50,5,20,32,39,40,51,16,0,22,4,3,54,0,10,10,10,0,3,4,3,3,50,11,9,38,8,38,31,224
457,18,13,5,19,7,65,34,13,1,55,0,50,7,1,1,1,6,2,3,0,31,36,33,37,28,53,47,2,35,43,53,3,46,21,2,17,25,0,0,30,0,53,31,48,30,0,45,43,0,0,6,39,31,7,32,3,2,0,32,39,49,54,44,51,51,20,0,22,0,0,0,0,10,10,10,0,3,3,2,3,50,8,12,26,8,84,50,224
458,18,30,0,30,7,10,6,57,1,55,0,50,6,4,3,1,5,2,31,35,19,49,20,29,31,55,45,5,35,43,27,5,50,21,0,0,3,0,14,6,24,45,24,0,22,3,25,23,10,17,2,30,33,7,27,1,0,5,33,37,1,54,36,28,31,16,65,2,4,3,0,0,10,10,10,0,0,1,3,2,2,9,9,26,54,87,2,73
459,3,21,1,35,6,30,21,16,2,13,1,10,9,7,5,3,4,5,30,33,19,19,21,26,31,69,35,9,2,9,53,16,58,12,0,0,0,2,11,1,23,16,0,15,3,11,25,23,5,16,3,48,43,42,0,1,0,5,35,27,46,31,15,44,44,15,64,2,2,1,0,34,8,10,5,0,3,3,1,3,33,12,9,26,44,14,14,198
460,17,10,5,14,10,11,13,58,0,55,0,50,0,0,4,1,5,3,3,0,31,36,11,18,28,53,39,1,21,33,53,12,46,21,0,8,25,12,11,10,16,1,0,2,19,14,37,36,3,14,2,18,31,45,0,3,1,0,32,31,49,54,44,51,51,20,55,3,0,0,0,0,10,10,10,0,3,3,2,3,2,10,12,26,8,84,50,184
461,19,22,5,30,7,3,69,57,74,23,1,50,8,5,1,1,7,2,3,32,31,36,11,37,28,14,47,9,21,33,53,3,15,21,26,8,37,0,10,3,11,36,13,15,19,14,31,29,0,11,6,45,10,13,20,3,1,3,33,39,20,37,29,36,51,10,55,3,3,2,7,0,10,10,10,0,3,3,2,3,50,9,9,26,8,52,31,287
462,21,13,5,19,7,65,34,13,1,0,1,2,9,4,3,1,7,3,13,0,31,36,33,34,28,53,43,11,1,43,8,7,46,21,8,13,26,0,10,3,11,43,0,39,23,4,31,29,0,11,1,11,31,51,0,3,1,2,32,37,20,47,0,43,6,10,55,23,1,4,0,0,10,10,10,0,3,3,2,3,17,9,9,25,8,84,31,184
463,2,28,1,40,6,29,18,17,1,7,2,8,10,7,4,4,4,3,22,0,31,36,33,38,31,69,39,9,15,17,53,12,58,21,0,0,0,2,11,10,16,43,0,39,23,4,31,29,1,14,2,48,43,45,0,8,3,1,34,31,36,32,23,14,51,13,0,21,2,1,0,49,5,10,2,0,3,3,1,3,0,10,9,27,8,14,48,16
464,21,26,1,28,6,18,6,2,2,50,1,43,9,6,1,2,4,5,15,0,31,1,11,29,28,18,24,9,21,26,22,28,21,21,1,20,24,0,11,10,16,43,0,39,19,14,34,32,1,14,10,48,12,45,0,10,3,0,34,52,31,36,0,36,25,13,64,22,0,0,0,31,5,10,5,0,2,3,1,3,50,9,9,26,8,41,43,216
465,22,43,1,30,6,18,19,17,1,7,1,6,8,6,4,3,3,5,22,2,31,49,27,38,28,69,25,9,13,26,49,27,58,21,1,36,2,0,10,22,3,16,0,15,29,5,34,32,0,11,2,48,43,42,0,15,0,5,35,17,20,26,29,36,47,10,0,22,3,2,0,43,4,10,3,0,3,3,1,3,50,10,9,27,8,14,31,26
466,17,36,0,40,7,4,23,58,0,55,0,50,6,1,1,1,3,4,31,34,19,5,17,20,31,39,35,0,22,33,27,16,35,21,0,0,25,21,16,6,24,26,0,24,1,23,13,15,10,19,2,30,24,7,37,2,3,0,35,52,5,44,23,14,31,18,32,23,1,4,0,0,8,8,7,0,3,2,2,2,26,10,9,26,54,75,15,217
467,17,8,0,19,7,34,0,58,0,55,0,50,6,0,1,1,5,2,31,25,23,39,11,1,33,53,44,7,1,26,10,6,46,21,0,10,37,0,11,3,11,48,0,43,11,15,34,32,19,14,6,27,31,7,21,12,6,1,33,36,20,45,22,40,13,13,55,3,4,3,7,0,10,10,10,0,3,2,2,2,0,9,9,27,54,84,31,89
468,19,31,0,35,7,10,6,2,1,54,1,50,7,5,3,1,4,5,31,2,31,49,2,29,28,78,29,7,16,12,42,23,64,21,0,0,0,2,12,3,11,0,0,1,10,29,4,6,16,15,8,26,49,7,33,12,3,0,33,48,31,41,29,36,38,14,33,3,4,3,0,0,6,5,5,10,3,2,2,2,17,10,9,26,54,24,43,89
469,20,33,5,30,7,7,69,47,5,12,2,17,8,5,4,1,8,5,3,0,31,36,20,37,28,39,38,9,26,33,17,13,36,21,26,8,28,5,13,3,11,26,0,24,11,15,34,32,15,19,6,31,25,1,49,3,1,0,32,30,21,35,15,48,13,18,43,3,4,3,7,0,10,10,10,0,3,3,2,2,9,10,9,26,8,75,38,79
470,21,31,0,42,7,13,10,6,1,8,2,4,8,6,3,3,3,5,26,13,23,49,27,7,31,83,34,9,22,33,53,17,69,17,12,2,0,38,12,10,16,1,0,2,21,6,13,15,3,15,2,39,54,42,0,9,2,1,35,26,20,36,29,36,51,14,64,22,1,4,0,34,8,10,8,0,2,3,0,3,50,9,9,26,42,28,31,177
471,21,22,0,19,7,2,65,35,2,23,45,0,10,4,1,1,8,5,22,2,24,49,5,25,28,51,33,1,1,26,53,15,36,21,0,0,0,2,1,29,4,5,0,6,30,0,45,43,0,1,6,48,25,42,0,8,3,2,35,32,31,26,29,28,51,1,0,0,3,2,0,34,8,10,4,0,2,3,0,3,50,9,9,26,8,81,43,16
472,20,45,3,25,7,18,10,9,71,52,49,43,7,5,3,3,3,5,15,0,31,43,33,47,40,60,60,12,15,47,36,17,53,21,8,2,9,5,12,1,23,45,0,41,11,15,9,2,5,15,15,48,57,3,12,3,7,3,31,25,49,54,44,51,51,20,26,2,1,4,0,0,2,7,8,28,4,3,3,3,2,8,9,3,8,91,50,182
473,18,41,3,68,7,10,9,11,62,55,0,50,1,1,1,4,5,4,31,0,19,43,2,47,40,62,39,1,1,45,0,14,54,21,34,0,9,0,10,10,16,1,20,41,19,14,1,36,0,11,15,48,57,1,20,2,7,4,83,52,1,32,23,36,0,10,0,0,1,4,7,0,5,5,1,13,4,0,4,4,50,9,10,3,54,9,2,130
474,17,45,3,81,7,10,12,58,0,55,0,50,1,0,1,2,7,5,15,1,19,19,33,42,28,18,29,0,35,45,50,23,62,21,0,0,0,2,8,6,24,40,16,16,25,17,31,29,21,12,6,31,38,39,0,3,7,3,63,51,36,32,43,46,48,11,17,21,2,1,7,49,5,8,5,25,4,2,3,3,50,10,8,3,8,41,48,167
475,17,30,3,17,9,65,12,58,0,55,0,50,6,1,0,2,5,3,15,0,49,43,24,47,40,36,55,10,12,47,0,8,34,21,0,0,3,0,1,19,15,16,0,15,30,0,45,43,0,1,15,48,57,58,20,3,7,4,83,52,49,54,44,51,51,20,0,0,3,2,7,0,5,5,5,13,4,0,3,3,50,10,10,3,26,63,50,85
476,0,40,2,88,16,81,71,58,0,55,0,50,0,0,0,1,3,4,31,0,31,49,33,47,40,53,38,0,1,43,48,13,46,21,0,0,30,14,15,1,23,26,0,24,3,11,34,32,6,18,15,48,57,1,0,3,3,0,61,52,40,42,34,36,37,17,38,0,3,2,0,0,7,8,5,0,3,3,3,2,50,9,9,3,54,84,8,286
477,18,37,0,46,7,13,10,6,1,55,0,50,1,1,1,3,5,2,31,0,49,19,33,47,40,57,58,1,1,45,43,6,14,17,0,0,3,0,14,1,23,36,0,32,2,22,34,32,15,17,15,48,57,55,46,2,7,4,56,50,49,54,44,51,51,20,0,2,0,0,0,0,8,8,1,0,4,0,2,2,50,11,9,3,54,89,50,258
478,1,38,0,42,7,17,15,14,1,10,1,43,8,4,3,4,5,5,15,0,49,49,33,47,40,36,30,0,26,33,43,21,34,21,13,17,9,8,11,13,14,16,13,0,18,18,31,29,15,14,15,48,57,31,0,2,7,4,1,52,40,13,43,46,39,13,23,21,3,2,15,0,9,8,7,7,1,1,1,0,17,11,9,3,8,63,8,243
479,22,31,0,83,10,72,45,17,33,11,3,4,7,5,3,4,5,1,15,0,31,49,20,47,40,55,49,0,35,33,41,1,8,17,13,37,0,0,16,6,24,27,0,25,2,22,34,32,10,19,3,31,5,28,21,2,7,2,80,17,40,42,14,40,44,18,26,22,4,3,7,69,8,7,7,7,1,4,3,4,2,11,1,3,8,87,8,85
480,19,16,0,25,7,5,69,42,1,0,1,50,8,5,1,1,5,4,1,25,31,49,17,24,18,53,35,1,13,33,10,16,46,21,13,0,25,12,11,2,21,36,0,32,3,11,13,15,15,14,3,27,31,7,21,3,1,3,75,52,5,49,16,36,8,13,0,2,1,4,15,0,3,3,4,11,1,2,3,2,17,0,9,3,8,84,15,267
481,18,26,5,37,7,45,65,54,1,55,0,50,6,4,1,2,2,5,15,25,31,19,5,47,40,53,60,12,12,45,43,17,46,21,18,8,14,1,2,25,17,1,22,39,1,23,34,15,20,2,0,17,31,49,21,2,7,0,31,12,49,54,44,51,51,20,21,21,0,0,0,0,8,8,1,6,4,4,4,4,50,10,9,3,50,84,50,3
482,11,46,0,40,16,81,71,58,0,55,0,50,0,0,1,1,5,4,9,0,49,49,33,47,40,1,23,1,20,45,43,12,1,17,0,13,34,0,11,13,14,16,13,0,11,15,13,15,15,14,15,48,57,45,0,2,5,4,63,50,49,54,44,51,51,20,0,10,4,3,4,34,1,8,8,4,5,0,3,4,50,0,9,4,8,1,50,85
483,19,39,3,52,7,13,4,5,1,24,1,50,6,4,3,2,5,4,31,0,19,2,5,17,12,69,60,12,35,44,10,15,36,22,0,0,14,30,12,11,20,43,22,0,18,18,13,0,15,15,15,48,57,46,3,2,7,2,58,52,20,54,34,36,48,14,4,2,3,2,0,0,7,7,5,7,4,3,1,1,50,10,9,4,54,14,31,217
484,18,49,0,30,9,12,18,16,8,55,0,50,1,0,3,2,5,5,15,1,18,7,33,47,40,83,60,12,1,15,35,30,69,21,15,0,0,12,0,30,0,53,31,48,30,0,45,43,0,0,15,48,57,46,20,2,7,4,31,50,49,54,44,51,51,20,23,2,3,2,58,0,5,8,1,6,3,3,2,2,0,9,10,3,42,28,50,148
485,2,17,0,0,6,0,0,52,50,50,2,3,2,6,1,0,2,3,15,0,49,0,33,47,40,14,41,3,1,45,53,9,15,21,13,0,39,0,1,19,15,50,0,45,30,0,45,43,0,1,15,48,57,46,0,2,7,3,42,36,5,34,0,46,43,1,23,21,1,4,0,48,8,8,7,7,6,2,2,3,37,10,9,3,50,52,15,268
486,22,44,1,49,8,16,53,35,74,23,68,46,10,6,1,2,5,3,15,0,31,49,27,30,21,36,35,1,1,26,53,8,34,21,13,8,28,0,1,19,15,26,0,39,30,0,45,43,0,1,0,31,24,55,32,2,1,4,69,27,31,28,0,28,51,1,56,7,3,2,12,28,9,8,8,13,0,2,3,4,50,10,9,4,44,63,43,302
487,20,39,0,46,7,15,13,11,1,8,1,6,6,4,5,2,5,5,22,2,31,49,5,47,40,83,31,9,1,44,38,20,69,10,2,8,21,12,0,30,0,53,31,48,30,0,45,43,0,0,8,5,54,46,0,14,0,5,31,52,40,48,0,46,35,0,0,3,3,2,7,0,10,10,10,0,3,4,4,4,50,13,12,5,8,28,8,302
488,19,29,5,30,7,5,2,55,1,33,2,50,8,5,1,1,1,5,22,0,49,49,33,47,40,62,33,9,21,33,53,18,54,21,26,18,23,20,1,3,11,37,2,25,30,0,45,43,0,1,15,48,57,57,0,3,1,1,85,52,40,15,0,40,51,1,64,22,3,2,0,0,10,10,10,0,3,4,4,4,50,9,12,7,8,9,8,148
489,19,16,5,29,7,4,69,57,1,12,2,50,8,5,1,1,5,2,3,29,31,49,24,17,28,39,44,9,26,45,53,6,46,21,13,33,2,0,0,30,0,53,31,48,30,0,45,43,0,0,1,18,31,8,12,14,0,5,31,36,49,54,44,51,51,20,0,11,3,2,0,0,10,10,10,0,4,4,4,4,50,8,12,6,8,75,50,3
490,22,37,0,29,7,17,8,6,1,3,1,48,10,7,4,1,4,5,15,10,21,49,30,12,28,60,33,9,14,15,42,18,46,21,0,0,27,41,12,3,11,1,0,2,11,15,20,21,15,18,8,11,31,43,0,3,2,3,54,25,36,18,9,10,38,17,0,3,2,1,0,49,8,6,6,0,4,3,3,2,50,9,0,6,8,91,48,64
491,20,38,0,28,6,48,18,12,1,9,2,2,6,4,6,1,4,5,15,0,31,1,20,24,31,69,29,9,17,15,53,23,58,17,7,0,12,24,12,10,16,26,0,24,18,18,13,15,15,15,6,5,43,46,0,3,3,1,31,52,5,54,20,14,51,14,0,22,1,4,0,52,8,5,5,0,4,3,2,2,50,8,0,5,8,14,15,243
492,22,23,1,25,6,22,10,9,2,6,54,36,9,5,4,2,5,5,31,29,25,49,17,17,35,69,60,12,28,16,22,23,58,21,0,0,9,34,11,2,21,1,0,2,3,11,35,33,3,14,8,44,43,11,5,12,3,0,50,52,9,22,36,16,20,13,22,22,1,4,7,12,3,5,9,0,2,3,3,3,17,10,10,6,54,14,26,289
493,22,39,0,38,7,22,17,15,1,11,1,4,7,5,5,3,4,5,31,13,19,11,27,2,28,75,20,7,13,12,33,32,62,21,8,0,0,0,10,6,24,22,0,20,23,4,2,30,0,11,10,1,48,8,37,4,6,0,5,17,20,13,32,28,31,10,31,3,3,2,7,23,4,5,8,1,3,3,3,3,2,10,10,5,54,21,31,152
494,18,43,3,12,9,11,5,42,2,55,0,50,6,4,1,2,5,5,31,0,31,49,33,17,31,7,34,5,1,33,53,17,8,17,0,0,0,2,12,2,21,16,0,15,14,10,0,1,15,17,0,0,5,57,0,8,7,4,58,52,20,34,1,14,51,16,0,21,0,0,0,75,8,8,8,16,2,0,2,2,26,0,9,30,54,32,31,197
495,20,24,5,57,7,10,8,2,74,16,1,7,7,5,3,4,5,3,22,25,19,19,33,24,35,39,60,12,35,26,33,9,36,18,0,13,34,0,12,16,2,26,17,0,18,18,0,0,15,15,3,27,25,46,0,8,1,4,56,52,49,54,44,51,51,20,0,2,4,3,0,0,7,6,5,30,4,3,3,4,50,12,9,31,8,75,50,79
496,19,22,0,40,13,46,17,6,1,33,33,50,6,1,1,3,5,2,15,0,31,49,33,37,34,55,46,2,16,26,53,4,50,17,0,0,3,0,10,2,21,0,0,1,19,14,28,24,0,11,15,48,57,57,0,8,7,4,74,52,49,54,44,51,51,20,0,1,1,4,80,53,8,8,8,16,4,0,3,3,37,10,7,31,8,87,50,47
497,6,50,0,74,7,27,24,31,2,9,1,15,12,9,4,5,5,5,15,0,31,49,20,30,35,53,60,12,1,12,33,23,46,21,0,0,9,34,0,30,0,53,31,48,30,0,45,43,0,0,0,17,31,43,0,2,1,4,31,52,20,54,15,36,25,0,61,12,3,2,0,68,5,5,3,5,3,4,3,4,50,10,9,31,45,84,31,34
498,16,22,5,46,5,3,71,58,0,55,0,50,1,1,1,1,6,2,22,25,19,49,30,47,40,60,60,12,15,44,53,3,53,21,0,33,14,0,14,6,24,27,2,16,13,13,9,11,21,17,15,48,57,46,26,3,3,4,1,52,5,54,22,44,51,16,27,2,3,2,7,70,6,5,5,0,3,0,1,1,50,11,10,31,8,91,15,87
499,3,24,0,27,12,18,7,13,13,18,54,5,9,6,8,1,1,3,1,35,23,19,33,37,28,36,46,10,28,33,53,10,34,14,2,27,14,0,11,18,18,16,13,0,19,14,26,24,4,20,3,31,24,57,0,1,0,5,31,52,5,54,16,14,51,19,23,21,0,0,0,42,3,2,0,0,5,0,0,0,2,10,9,31,8,63,15,112
500,3,33,1,31,7,15,10,2,1,4,1,2,11,8,3,3,5,5,15,0,19,40,33,47,40,60,35,1,16,12,53,23,34,13,0,0,2,12,0,30,0,53,31,48,30,0,45,43,0,14,15,48,57,57,0,2,5,3,31,15,21,30,0,36,51,13,23,21,2,1,7,48,3,2,6,0,0,3,3,4,27,10,9,31,8,91,38,302
501,6,59,1,48,7,25,24,31,5,9,1,15,12,9,4,5,5,5,15,0,11,39,5,7,31,83,22,10,1,45,53,30,69,18,34,20,2,0,10,19,15,17,0,16,29,5,25,0,0,11,3,31,54,1,49,2,1,4,1,52,44,47,23,28,51,10,0,12,4,3,80,43,3,2,2,13,3,2,2,4,50,11,9,30,50,28,12,145
502,16,16,5,4,7,73,71,58,0,55,0,50,6,4,1,0,6,3,31,0,23,25,33,17,33,55,41,1,12,43,53,9,36,21,13,13,25,0,13,1,23,1,27,24,3,11,13,15,15,17,0,17,25,57,0,2,1,4,31,52,20,34,23,14,51,16,23,22,4,3,7,48,6,6,6,0,4,1,1,0,50,9,9,32,54,87,31,53
503,17,27,5,25,7,4,53,58,0,55,0,50,6,4,1,1,0,3,12,0,38,43,33,17,28,55,39,1,21,44,53,12,50,13,2,2,9,25,11,19,15,1,0,2,27,9,14,16,4,16,15,48,57,31,40,1,0,5,1,31,31,32,23,43,51,15,23,2,1,4,7,39,3,2,0,0,5,4,4,4,26,8,0,31,42,87,43,286
504,20,27,5,34,7,4,2,52,50,23,21,12,9,5,1,1,6,3,15,0,19,36,33,47,40,53,60,12,16,15,53,17,34,21,18,5,18,8,11,18,18,48,0,43,19,14,32,30,4,14,15,48,57,57,0,1,0,5,86,31,49,54,44,51,51,20,18,0,0,0,0,70,7,6,6,1,3,2,2,3,15,8,0,31,8,84,50,214
505,20,35,5,40,7,13,65,47,2,42,2,12,8,5,1,2,6,5,15,0,19,49,33,47,40,75,60,12,12,39,33,23,62,21,13,0,0,34,13,7,12,0,1,0,11,15,1,2,12,18,6,39,48,32,0,1,0,5,1,52,9,54,32,28,31,17,28,15,0,0,0,73,1,1,1,30,4,3,4,4,50,10,9,31,50,21,26,41
506,21,6,5,17,14,46,65,24,47,0,1,15,8,1,1,3,3,2,15,0,11,49,33,30,28,53,44,10,16,12,53,6,46,17,26,0,45,0,12,18,18,16,13,0,19,14,26,16,3,15,3,31,31,31,0,8,7,4,48,52,5,51,9,14,51,14,0,2,3,2,7,75,9,7,5,16,3,3,3,3,41,8,9,31,8,84,15,47
507,17,15,0,25,7,7,53,58,0,55,0,50,6,4,3,1,5,5,12,29,19,49,33,47,40,36,60,12,26,12,42,17,34,18,0,8,14,21,12,10,16,17,0,16,19,14,26,24,3,15,6,17,24,46,0,1,0,5,31,52,49,54,44,51,51,20,18,10,0,0,0,36,1,1,1,13,4,4,4,4,50,8,9,32,8,63,50,26
508,17,12,0,14,7,3,1,58,0,55,0,50,6,1,1,1,5,2,22,0,31,49,33,47,40,36,60,12,1,12,15,6,34,21,0,13,34,0,1,22,3,16,13,0,30,0,45,43,0,1,3,17,24,46,0,1,0,5,48,52,49,54,44,51,51,20,0,15,2,1,0,70,1,1,5,23,4,4,4,4,50,8,9,32,8,63,50,286
509,21,39,5,50,7,16,15,9,1,54,2,43,8,5,3,3,0,2,15,0,49,49,33,47,40,60,47,1,12,45,47,3,53,21,18,0,34,0,12,6,24,17,14,0,1,23,31,0,20,15,15,48,57,1,0,1,0,5,50,41,20,46,29,36,8,14,56,2,4,3,66,51,0,1,1,5,3,4,4,4,41,11,9,14,42,91,31,149
510,11,41,0,64,16,81,71,58,0,55,0,50,0,0,1,1,6,4,22,0,49,49,2,47,40,45,32,1,22,12,53,13,15,18,26,2,0,37,14,6,24,17,14,0,1,23,7,5,2,17,0,0,5,1,0,8,1,3,49,52,49,54,44,51,51,20,0,3,1,4,12,42,1,6,7,14,3,1,2,3,50,0,9,14,8,68,50,214
511,20,27,5,21,7,3,4,55,41,2,65,12,9,6,0,2,5,5,15,0,49,49,33,47,40,53,34,2,35,34,10,61,73,0,37,43,48,46,0,30,0,53,31,48,30,0,45,43,0,1,15,48,57,0,49,0,0,5,0,50,5,27,43,37,8,1,0,2,0,0,80,0,1,1,1,5,3,4,4,4,0,9,9,15,44,84,15,243
512,20,26,3,19,7,15,11,12,1,4,2,46,6,4,3,3,0,1,12,12,16,49,33,17,3,1,49,1,12,22,10,1,1,17,13,37,0,0,0,30,0,53,31,48,30,0,45,43,0,0,3,17,5,57,0,2,3,0,34,52,9,41,0,44,8,0,0,2,1,4,7,75,0,0,1,5,3,4,4,4,2,11,9,15,8,1,26,214
513,19,24,2,16,9,78,34,0,1,0,1,50,8,1,0,2,2,1,31,0,49,49,33,47,40,39,49,1,12,12,46,58,34,21,0,3,0,0,0,30,0,53,31,48,30,0,45,43,0,0,15,48,57,46,1,1,0,5,1,41,49,54,44,51,51,20,0,0,3,2,7,0,1,1,10,0,3,4,1,1,50,10,10,14,54,75,50,245
514,20,14,0,22,10,21,23,47,2,14,2,23,6,1,4,2,4,2,13,0,10,49,0,34,27,1,47,1,13,12,22,3,1,17,8,5,34,0,13,18,18,26,17,0,19,14,25,0,5,18,15,48,57,45,40,8,5,2,75,50,9,40,0,46,13,17,0,0,4,3,0,52,1,9,9,2,3,2,2,2,50,10,9,12,29,1,26,182
515,17,37,0,35,7,65,34,58,0,55,0,50,6,1,1,1,6,3,15,0,49,7,27,17,5,39,43,1,12,43,10,7,8,21,0,0,3,0,12,1,23,50,17,39,19,14,11,13,5,15,3,0,5,57,0,3,3,2,63,51,9,54,0,36,8,14,55,22,0,0,80,42,8,7,6,0,4,3,2,2,0,8,9,15,8,75,26,243
516,19,27,2,7,3,26,27,22,1,15,1,50,1,1,3,3,0,5,15,0,19,49,17,47,40,53,44,1,33,43,49,6,46,21,13,0,0,0,1,19,15,47,23,10,30,0,45,43,0,11,15,48,57,46,21,2,3,3,50,52,31,37,42,43,47,10,18,8,2,1,0,51,0,1,1,5,3,4,2,2,50,8,9,12,8,84,43,243
517,19,41,5,40,7,13,9,6,1,54,1,50,7,5,4,1,4,4,19,0,38,49,33,47,40,53,38,2,1,33,27,13,34,21,0,0,0,2,11,18,18,12,1,10,19,14,21,16,8,18,15,48,57,46,21,1,0,5,75,52,40,31,15,17,31,17,56,11,4,3,58,51,0,1,1,5,3,2,4,2,34,8,9,14,50,84,8,95
518,21,14,5,25,10,48,3,2,1,33,2,32,9,4,1,2,6,3,22,0,49,49,33,47,40,18,29,9,1,33,22,8,62,21,0,2,21,16,10,18,18,5,13,2,19,14,35,21,0,14,15,48,57,46,0,4,3,3,61,34,44,37,0,36,20,13,57,10,1,4,34,0,7,10,7,1,4,3,2,1,0,9,9,15,50,41,12,4
519,22,49,0,46,7,24,13,9,1,3,1,48,8,6,4,3,6,5,29,0,49,18,33,47,40,55,29,1,1,39,27,23,50,18,13,8,9,16,13,0,22,1,22,39,6,24,26,24,21,19,15,48,57,55,32,7,2,2,61,50,38,22,0,41,25,18,55,11,1,4,7,0,9,8,5,1,3,1,1,2,36,12,9,14,5,87,7,150
520,18,44,5,59,7,13,23,42,1,55,0,50,6,1,1,2,5,5,22,0,19,19,33,47,40,7,55,1,12,45,23,22,8,17,3,0,0,0,0,30,0,53,31,48,30,0,45,43,0,1,15,48,57,32,45,1,0,5,56,52,20,54,22,30,31,1,5,22,0,0,46,48,7,8,1,6,2,4,4,4,50,9,10,12,51,32,31,286
521,20,13,5,16,12,13,44,0,2,47,1,13,6,1,5,1,5,2,22,0,24,49,2,47,40,83,48,10,16,15,46,2,34,21,26,0,45,0,11,19,15,37,0,33,27,9,1,2,4,14,3,17,24,20,21,1,0,5,1,51,49,54,44,51,51,20,5,2,4,3,34,52,9,9,0,0,3,3,4,4,2,8,10,14,8,28,50,34
522,17,28,0,19,7,12,59,58,0,55,0,50,6,1,1,1,4,1,26,0,49,49,27,47,40,36,49,1,7,3,49,1,34,18,18,33,0,0,11,25,17,16,0,15,1,23,1,36,15,14,15,48,57,14,40,1,0,5,1,50,49,54,44,51,51,20,56,10,2,1,15,75,8,8,6,3,3,0,2,3,17,12,9,15,13,63,50,215
523,17,24,5,25,7,5,53,58,0,55,0,50,6,4,1,1,0,0,15,21,19,36,5,1,11,53,52,1,12,17,10,57,46,17,18,33,0,0,11,6,24,1,0,2,2,22,34,32,5,14,15,48,57,57,0,2,1,2,83,43,45,45,23,28,43,13,5,23,0,0,46,49,1,1,1,23,3,4,4,4,0,0,10,15,8,84,13,182
524,19,30,6,51,7,25,69,47,10,2,2,50,7,5,1,2,5,1,31,0,31,49,33,20,28,53,50,5,12,45,42,6,46,21,8,21,18,0,14,6,24,17,14,0,3,11,34,32,16,17,2,21,25,51,8,1,0,5,7,46,21,34,0,36,16,16,23,21,2,1,15,0,10,10,10,0,3,2,2,2,38,11,4,29,54,84,38,37
525,20,16,1,29,6,20,12,41,1,17,1,10,1,0,3,4,5,3,31,2,25,38,2,30,33,55,41,0,1,44,42,9,50,21,0,0,3,0,13,6,24,44,16,20,0,30,11,2,20,19,6,31,33,1,21,1,0,5,33,52,21,43,39,46,38,18,28,11,0,0,7,0,10,10,10,0,4,3,2,3,9,9,9,28,54,87,38,152
526,1,30,5,35,6,19,5,55,2,50,58,46,11,9,1,2,6,5,3,0,31,36,20,34,28,55,29,9,21,26,53,12,50,21,0,21,25,0,0,30,0,53,31,48,30,0,45,43,0,0,3,36,33,45,0,3,1,2,32,52,5,42,29,28,51,0,0,10,1,4,0,0,10,10,10,0,3,3,2,3,5,11,12,28,8,87,15,3
527,17,7,1,19,12,17,1,58,0,55,0,50,1,0,3,1,4,3,22,13,25,49,2,45,28,72,41,9,1,39,53,9,61,21,0,0,3,0,12,3,11,17,0,16,23,4,34,32,24,15,14,46,45,42,0,8,3,1,33,33,20,44,22,50,51,14,0,22,0,0,0,0,10,10,10,0,3,3,1,3,50,8,9,28,8,19,31,26
528,1,33,1,31,6,24,19,25,1,7,1,3,8,4,6,2,4,5,22,22,25,49,33,45,28,75,34,9,22,43,8,17,62,21,0,0,0,2,11,3,11,10,0,10,23,4,25,23,24,18,14,46,48,42,0,8,3,1,35,26,20,34,0,44,10,17,0,21,3,2,0,49,1,10,8,0,3,3,1,3,3,12,9,28,8,21,31,161
529,16,35,0,34,7,8,71,58,0,55,0,50,1,1,3,1,5,5,31,13,27,49,19,34,21,53,33,5,2,12,15,18,46,21,0,0,25,21,0,30,0,53,31,48,30,0,45,43,0,0,6,31,31,55,17,12,6,1,62,52,40,40,0,36,10,0,33,22,3,2,7,0,10,10,10,0,3,2,2,2,2,10,9,28,54,84,8,124
530,21,19,0,21,10,17,19,2,1,5,54,46,8,5,4,1,5,2,31,13,23,11,24,17,33,39,47,5,35,47,42,3,36,21,0,5,40,0,14,6,24,27,18,0,2,22,1,2,10,17,3,1,25,27,37,8,7,1,35,43,20,41,43,48,38,16,51,0,3,2,7,0,10,10,10,0,3,2,3,2,42,10,10,29,54,75,31,152
531,22,27,1,25,6,25,21,21,1,3,1,49,8,5,4,2,5,4,31,22,25,4,33,14,32,55,35,5,1,33,20,16,50,21,0,0,7,37,13,6,24,50,0,45,3,11,14,16,6,16,8,18,33,1,13,8,6,1,33,27,20,44,32,28,38,15,26,1,2,1,7,0,10,10,10,0,4,2,2,2,14,10,9,28,54,87,31,186
532,22,35,5,30,7,9,6,55,30,12,1,26,9,5,3,3,4,3,3,29,31,36,24,30,28,60,32,9,21,26,15,19,53,21,0,0,0,2,11,18,18,26,17,0,19,14,1,2,3,16,9,31,38,42,0,3,1,0,32,24,33,25,0,36,6,15,55,3,2,1,7,0,10,10,10,0,3,3,2,3,0,13,12,28,8,91,45,140
533,1,26,5,37,7,14,10,7,1,54,1,32,8,5,6,2,5,4,3,0,31,36,27,18,28,60,36,9,21,12,17,15,53,21,0,0,0,2,12,3,11,45,0,41,21,6,1,2,3,18,9,8,38,45,0,3,1,0,32,28,20,30,0,36,15,17,46,22,4,3,0,0,10,10,10,0,3,3,2,3,17,10,12,28,8,91,31,64
534,17,35,1,18,7,23,0,58,0,55,0,50,6,0,1,1,3,5,29,2,22,49,17,38,28,55,34,9,21,33,53,17,50,21,0,0,0,2,11,3,11,1,0,2,21,6,34,32,3,14,2,40,33,42,0,13,2,1,35,26,1,27,29,36,51,13,0,21,3,2,0,49,1,10,8,0,3,3,1,3,17,8,9,28,8,87,2,286
535,17,35,4,40,13,35,12,58,0,55,0,50,1,0,1,2,4,4,14,0,49,49,17,47,40,53,36,1,12,45,53,4,34,17,13,0,39,0,11,1,23,26,0,24,11,15,34,0,4,14,0,0,24,39,0,3,1,2,48,50,49,54,44,51,51,20,0,0,0,0,0,0,5,5,4,0,3,1,2,2,2,9,9,4,8,84,50,268
536,20,46,8,6,9,5,5,55,1,2,3,12,10,7,0,1,0,5,15,0,0,0,33,47,40,7,29,1,12,43,53,23,8,21,0,0,0,2,10,22,3,0,1,0,27,9,0,0,0,16,0,17,5,1,49,2,1,3,53,52,5,22,22,48,51,15,23,2,2,1,83,0,1,1,1,22,3,4,4,4,50,10,9,5,31,32,15,148
537,19,12,5,20,7,73,34,18,1,16,56,50,6,1,4,1,0,3,19,0,0,11,2,1,15,69,39,1,25,30,46,12,53,18,2,8,34,0,1,27,9,26,0,24,30,0,45,43,0,1,15,48,57,54,0,8,2,2,32,31,36,45,0,40,43,1,0,0,2,1,8,0,8,8,8,18,3,3,3,3,50,10,9,4,8,14,48,112
538,17,55,0,57,7,28,18,58,0,55,0,50,0,0,3,2,4,5,22,0,34,49,33,47,40,17,21,1,21,33,0,34,19,17,0,8,0,8,10,1,23,0,0,0,2,22,13,15,0,14,15,48,57,39,2,14,0,5,1,49,37,28,0,44,0,13,55,22,2,1,0,49,3,3,7,0,1,1,1,2,50,8,9,4,48,62,6,209
539,17,27,5,27,7,9,34,58,0,55,0,50,6,1,1,2,4,4,15,21,38,30,11,47,40,38,41,1,1,47,46,9,49,18,0,0,3,0,13,1,23,26,0,24,2,22,13,15,16,20,3,17,31,24,13,8,3,1,1,52,6,44,9,29,43,19,56,3,4,3,31,0,5,5,5,1,3,2,4,4,22,0,4,4,44,70,16,16
540,11,35,5,46,16,81,71,58,0,55,0,50,0,0,1,1,8,2,15,0,49,49,1,47,40,36,45,10,22,45,53,5,34,21,0,0,3,0,0,30,0,53,31,48,30,0,45,43,0,1,15,48,57,45,31,1,0,5,1,37,44,38,32,46,51,1,56,26,4,3,60,49,1,5,1,30,0,4,4,4,50,9,1,5,37,63,12,148
541,1,60,3,44,7,32,7,29,1,10,1,5,8,4,3,5,5,5,22,0,49,49,33,17,8,83,35,0,15,45,53,16,53,17,0,0,28,16,12,1,23,26,17,0,2,22,37,0,22,16,6,31,38,39,0,3,1,3,48,52,5,27,43,43,51,15,23,0,0,0,0,0,3,3,2,13,3,1,1,1,50,11,9,4,8,28,15,3
542,17,26,5,39,7,15,10,58,0,55,0,50,0,0,3,2,5,2,31,0,49,49,33,47,40,83,37,1,1,15,50,4,58,17,0,21,25,0,17,6,24,45,24,0,1,23,31,0,20,20,15,48,57,57,0,3,3,3,7,50,49,54,44,51,51,20,0,10,2,1,0,43,7,5,6,13,3,2,2,3,50,9,9,5,54,28,50,270
543,17,37,5,43,7,7,4,58,0,55,0,50,6,4,3,1,3,4,19,0,49,35,24,47,40,75,59,10,22,9,53,61,62,21,0,0,21,25,11,10,16,52,22,32,19,14,37,36,3,14,6,44,48,24,27,2,1,4,57,51,49,54,44,51,51,20,23,2,4,3,0,0,4,4,5,1,3,0,2,4,50,8,9,4,43,21,50,3
544,20,36,5,40,2,35,24,1,50,46,9,8,7,4,3,3,5,3,15,0,49,3,33,4,3,60,15,10,1,48,33,38,53,21,0,0,14,0,12,1,23,26,17,0,2,22,31,29,10,15,0,17,38,57,26,15,0,5,1,52,49,54,44,51,51,20,0,13,3,2,0,33,7,8,7,2,3,1,2,3,2,12,8,4,8,91,50,286
545,11,35,4,5,16,81,71,58,0,55,0,50,1,1,0,1,5,5,16,0,19,49,33,47,40,36,30,1,12,33,46,21,34,21,0,0,0,2,10,19,15,26,0,24,21,6,37,36,0,11,3,17,24,55,1,1,0,5,58,52,24,18,28,25,43,10,0,22,0,0,7,48,5,7,4,2,3,3,0,1,50,9,8,4,8,63,33,3
546,21,39,0,27,10,35,15,19,2,3,2,17,6,4,3,4,2,5,15,0,49,49,20,47,40,60,60,12,2,33,0,20,46,17,2,2,2,30,10,4,25,26,17,32,11,15,13,29,0,17,15,48,57,39,12,15,0,5,31,52,36,32,23,17,0,16,51,11,2,1,7,50,6,5,5,1,1,1,1,1,50,10,9,5,26,91,48,34
547,18,25,5,25,7,10,7,55,54,55,0,50,6,4,3,2,5,2,13,0,49,19,33,47,40,83,45,1,35,33,46,5,34,21,0,13,34,0,10,10,16,50,29,0,19,14,37,36,0,11,0,0,24,46,16,3,5,3,42,7,49,54,44,51,51,20,52,0,0,0,8,48,8,8,8,13,3,1,3,3,50,9,5,5,53,28,50,286
548,17,36,0,42,7,6,9,58,0,55,0,50,6,4,1,2,5,3,19,0,49,49,20,34,6,83,37,10,1,22,46,12,58,21,13,0,39,0,10,19,15,1,13,45,29,5,32,30,0,11,6,44,31,57,48,8,3,3,56,52,49,54,44,51,51,20,38,10,1,4,7,0,8,7,2,10,4,4,2,2,27,11,6,5,8,28,50,161
549,22,51,3,34,7,30,37,41,30,21,2,25,6,1,3,5,5,5,15,0,6,36,33,47,40,53,34,1,3,45,10,17,15,21,18,13,9,8,10,10,16,35,16,9,19,14,19,2,0,11,15,48,57,1,49,2,3,3,35,50,49,54,44,51,51,20,65,0,4,3,80,0,5,6,7,13,3,3,3,3,46,11,9,51,8,84,50,286
550,17,49,3,11,9,9,6,58,0,55,0,50,6,4,3,1,2,5,31,0,6,49,33,47,40,60,32,0,35,44,12,19,46,18,18,17,9,1,10,19,15,27,22,20,29,5,13,0,0,11,15,48,57,1,2,2,2,3,57,51,49,54,44,51,51,20,18,2,2,1,7,0,10,10,10,0,4,2,2,3,50,10,3,5,54,91,50,286
551,21,26,2,15,7,78,53,47,1,33,35,32,10,6,3,0,7,5,26,26,31,0,15,7,31,30,33,1,15,48,50,18,69,21,0,0,28,16,12,1,23,36,0,32,2,22,25,23,15,15,3,44,54,46,6,8,3,2,48,52,5,54,23,28,50,14,28,21,0,0,7,70,7,0,5,5,3,2,2,3,50,11,4,24,8,59,15,5
552,21,21,0,26,7,6,3,57,1,50,1,12,10,7,1,1,5,3,31,0,49,49,18,2,3,59,39,0,1,33,53,61,46,21,0,0,0,0,1,29,4,36,20,0,30,0,45,43,0,14,15,48,57,45,0,2,3,4,59,52,12,32,15,40,51,13,0,22,1,4,15,49,1,1,1,1,3,4,4,3,3,8,9,18,54,86,21,169
553,21,21,0,32,7,10,7,5,1,52,1,10,8,5,4,2,1,1,26,0,27,3,2,47,40,60,49,1,16,12,32,1,34,13,32,13,0,0,10,19,15,0,1,0,29,5,13,0,0,11,15,48,57,45,0,1,0,5,1,52,49,54,44,51,51,20,18,13,1,4,54,49,3,2,1,5,5,4,3,0,9,9,9,22,8,91,50,26
554,17,28,2,57,3,26,11,58,0,55,0,50,0,0,4,1,2,2,31,0,49,49,20,17,35,35,45,0,12,45,0,5,53,21,15,10,6,9,10,18,18,36,20,0,23,4,39,0,0,11,3,17,38,10,13,1,0,5,46,52,49,54,44,51,51,20,0,3,4,3,7,67,7,10,9,13,3,3,3,2,50,12,9,26,54,67,50,236
555,19,46,0,19,5,6,69,2,1,23,2,50,8,5,0,2,7,5,22,32,19,36,33,30,28,60,59,0,7,9,53,23,53,21,26,2,7,30,13,6,24,10,7,0,5,7,13,15,9,16,6,27,38,25,6,1,0,5,1,52,49,54,44,51,51,20,55,2,1,4,0,0,10,10,10,0,4,4,2,4,50,9,2,13,19,91,50,3
556,18,22,5,19,7,4,65,7,2,55,0,50,7,5,1,1,2,5,22,35,23,39,33,24,21,55,60,12,21,26,50,20,50,21,2,10,9,17,12,11,20,48,27,0,19,14,29,20,3,18,0,39,33,46,0,2,1,4,31,52,20,54,0,36,48,17,0,12,4,3,0,35,7,7,5,5,4,4,4,4,50,2,9,29,53,87,31,41
557,19,6,5,17,12,24,65,42,50,23,2,50,7,4,3,1,0,2,1,0,23,49,11,47,40,7,38,1,12,43,53,2,8,21,27,21,0,0,10,3,11,16,0,15,14,10,0,1,0,14,15,48,57,46,0,9,3,0,33,30,5,46,35,8,0,13,0,2,1,4,10,49,2,3,3,0,3,0,2,4,50,9,9,16,2,32,15,182
558,18,33,0,35,7,34,12,1,1,55,0,50,7,0,1,1,4,3,26,2,31,1,2,2,33,53,41,9,16,12,53,10,46,4,0,0,3,0,13,0,22,43,0,39,3,11,4,6,15,16,6,1,31,42,0,8,2,2,42,33,45,33,0,43,51,15,0,22,1,4,54,49,1,10,1,1,3,3,1,3,5,9,9,33,8,84,13,3
559,19,21,5,17,7,7,53,42,19,0,56,50,8,5,1,2,0,3,31,12,31,49,28,17,33,53,52,10,1,33,15,57,34,22,15,35,0,0,1,29,4,26,17,0,30,0,45,43,0,1,6,17,10,28,0,8,2,0,76,52,1,44,24,16,20,1,0,22,1,4,7,52,2,2,0,0,0,0,0,1,27,9,9,48,54,84,2,254
560,1,25,1,32,6,17,26,15,1,9,1,6,9,6,4,3,3,4,22,25,25,3,20,14,31,53,37,9,21,15,41,14,46,21,12,0,0,45,12,0,22,10,0,10,3,11,31,29,15,18,13,12,31,42,0,1,0,5,35,29,20,44,43,46,18,17,65,22,2,1,0,34,8,10,2,1,0,3,0,3,18,10,9,23,8,84,31,34
561,20,26,5,35,7,10,3,24,2,23,2,49,8,4,3,1,2,3,15,0,19,49,33,1,18,69,42,10,13,10,53,8,46,21,0,13,34,0,12,1,23,43,0,39,2,22,34,32,15,15,6,0,10,31,47,2,3,1,58,49,49,54,44,51,51,20,18,2,2,1,46,49,8,5,5,13,2,3,3,3,50,10,10,38,8,14,50,149
562,21,17,7,23,7,9,7,21,2,6,1,46,9,7,4,2,9,2,1,26,25,24,5,11,28,75,44,1,26,26,0,6,62,21,18,27,2,0,1,3,11,1,0,2,30,0,45,43,0,1,2,10,48,42,0,9,1,1,61,52,44,34,34,28,0,1,0,13,0,0,54,49,4,10,8,0,4,4,0,4,50,10,9,12,8,21,12,54
563,7,51,5,59,8,19,11,5,1,10,1,23,11,6,7,4,5,5,15,12,11,36,24,24,35,36,24,1,1,39,53,28,34,21,0,0,0,25,1,19,15,17,0,16,30,0,45,43,0,1,0,17,24,57,30,1,0,5,1,52,31,17,0,36,51,1,0,22,2,1,7,48,9,10,5,0,3,4,4,4,50,13,10,19,8,63,43,26
564,21,26,1,21,6,10,7,2,55,5,1,46,9,7,3,2,0,4,31,0,34,49,20,30,28,60,37,7,32,39,53,14,53,21,21,18,0,8,1,22,3,16,13,0,30,0,45,43,0,1,2,35,38,31,21,9,2,2,33,52,31,49,41,40,51,1,0,0,1,4,76,0,10,10,10,0,1,4,3,1,22,9,10,12,54,91,43,49
565,17,14,5,30,7,3,59,58,0,55,0,50,6,4,1,1,5,1,31,38,31,49,33,7,33,39,52,0,16,12,53,58,36,21,27,21,0,0,10,3,11,26,0,24,21,6,0,1,0,11,2,14,25,29,0,9,2,2,32,52,20,41,9,6,51,10,0,2,0,0,49,0,0,5,0,0,1,4,2,4,50,9,10,25,54,75,31,118
566,18,49,0,54,7,35,20,17,1,55,0,50,0,0,4,2,3,0,31,12,11,49,20,24,16,77,60,12,1,40,27,44,64,17,3,0,0,0,0,30,0,53,31,48,30,0,45,43,0,0,3,27,49,55,0,8,1,4,83,49,38,54,43,44,31,0,0,2,2,1,7,49,1,1,1,0,3,4,4,4,50,9,2,37,54,23,7,210
567,17,42,0,39,7,22,18,58,0,55,0,50,0,0,3,2,5,1,26,0,31,49,30,14,31,36,13,1,16,12,53,1,34,21,0,3,0,0,1,3,11,12,0,12,30,0,45,43,0,1,3,5,24,42,0,8,4,2,57,52,20,6,32,28,51,1,0,21,0,0,7,30,1,5,5,1,3,3,3,3,50,9,9,44,13,63,31,243
568,17,17,0,20,7,45,1,58,0,55,0,50,6,1,1,1,4,4,31,0,23,49,24,30,28,53,41,7,28,44,27,9,15,21,0,0,3,0,1,10,16,44,22,36,30,0,45,43,0,1,8,31,5,7,30,9,3,1,35,33,49,54,44,51,51,20,32,21,0,0,0,43,8,7,6,0,1,2,1,1,3,8,10,13,54,84,50,217
569,16,39,5,26,3,6,71,58,0,55,0,50,1,1,1,1,7,5,15,0,27,45,33,24,33,60,34,0,16,26,53,17,53,10,0,0,14,30,4,6,24,22,16,0,25,17,0,0,21,13,6,27,38,46,46,8,5,3,31,52,20,48,23,28,51,12,55,17,2,1,0,0,10,10,10,0,4,2,2,2,50,10,5,12,8,91,31,86
570,21,6,2,57,10,35,4,9,30,6,2,7,9,6,3,3,8,1,22,0,31,36,24,24,28,7,53,0,22,26,53,52,8,21,0,3,0,0,0,30,0,53,31,48,30,0,45,43,0,0,6,27,5,45,0,2,1,2,32,52,49,54,44,51,51,20,0,3,2,1,0,48,8,10,10,0,3,3,2,3,41,15,12,45,8,32,50,148
571,17,36,0,43,7,17,10,58,0,55,0,50,0,0,1,3,6,4,31,0,31,5,1,17,34,11,37,0,35,48,26,14,11,23,0,4,14,24,10,18,18,36,0,32,19,14,37,36,0,11,3,17,5,42,0,3,1,4,64,52,8,33,23,36,31,10,18,7,1,4,7,2,9,5,6,0,0,2,1,2,50,10,2,17,54,49,25,304
572,18,42,0,47,7,7,53,47,73,55,0,50,7,5,1,2,5,5,22,0,49,49,33,47,40,14,39,1,13,6,49,17,15,4,0,2,2,34,12,25,17,16,13,0,1,23,0,0,6,6,15,48,57,57,0,1,0,5,1,50,20,42,23,14,48,6,0,22,0,0,7,0,10,10,10,0,4,4,3,2,17,9,9,24,8,52,31,243
573,21,35,5,27,7,4,6,35,1,44,25,27,8,5,3,2,2,2,31,0,49,49,33,17,31,69,60,12,1,33,22,1,50,21,15,35,0,0,12,10,16,5,0,6,19,14,3,5,5,15,15,48,57,28,17,1,0,5,83,52,40,26,0,40,13,14,28,10,0,0,54,0,7,8,8,1,4,4,3,1,50,9,9,34,54,14,8,22
574,2,47,1,47,6,48,13,12,62,13,1,3,6,4,5,5,5,5,1,0,19,7,33,47,40,39,8,2,26,39,50,46,36,18,18,8,2,1,12,1,23,1,0,2,11,15,34,32,18,2,15,48,57,45,1,1,0,5,74,52,31,53,34,40,37,2,0,23,0,0,7,44,9,10,9,6,1,1,1,1,50,1,9,25,47,75,43,302
575,18,37,0,46,7,29,15,11,2,55,0,50,0,0,5,1,6,5,31,0,31,11,33,1,6,7,22,0,32,33,36,30,8,21,5,26,20,9,14,0,22,1,0,2,11,15,39,38,15,3,15,48,57,45,0,8,1,3,35,52,5,54,10,17,31,3,18,10,1,4,83,2,1,1,1,0,4,0,4,4,50,11,2,17,54,32,15,228
576,18,22,5,30,7,5,4,24,1,55,0,50,7,4,1,1,5,2,13,0,31,47,33,47,40,39,33,0,16,26,53,3,36,18,2,33,9,0,1,19,15,10,0,10,30,0,45,43,0,1,3,31,24,55,31,2,2,3,69,52,49,54,44,51,51,20,5,22,3,2,0,0,10,10,10,0,3,0,4,4,22,15,5,13,29,75,50,95
577,18,41,0,73,7,48,9,1,2,55,0,50,6,1,3,2,7,5,31,12,49,49,33,47,40,60,59,1,35,34,22,45,34,20,8,2,0,0,11,3,11,16,13,0,23,4,13,0,4,14,15,48,57,51,40,2,7,4,71,48,40,16,32,14,51,13,0,11,1,4,7,0,10,10,10,0,3,3,1,0,50,8,1,22,54,91,8,221
578,17,46,0,61,12,64,29,58,0,55,0,50,0,0,3,2,3,5,13,0,49,49,33,17,28,80,60,12,10,25,53,34,50,23,0,0,0,0,12,18,18,36,20,0,19,14,34,0,3,15,0,17,33,1,49,8,1,0,8,52,49,54,44,51,51,20,23,0,3,2,0,2,1,1,1,20,3,3,3,4,50,13,2,36,23,26,50,148
579,18,27,0,39,7,2,59,13,2,55,0,50,7,4,1,1,4,3,31,0,19,47,33,47,40,69,43,1,35,43,53,7,34,21,26,0,45,0,13,1,23,27,0,25,2,22,9,11,18,16,3,0,24,57,0,8,3,3,43,50,49,54,44,51,51,20,23,0,2,1,7,48,7,6,7,0,3,2,2,2,50,10,9,26,54,14,50,151
580,0,36,2,88,16,81,71,58,0,55,0,50,0,0,0,1,3,4,15,0,16,2,33,47,40,7,38,10,1,26,53,13,8,21,0,0,3,0,10,1,23,0,0,1,21,6,0,1,0,14,0,17,5,1,49,2,3,4,78,48,5,20,16,14,51,13,8,10,2,1,80,0,8,10,0,0,3,4,0,1,50,9,10,29,8,32,15,286
581,19,30,5,42,7,8,7,5,15,46,30,50,8,6,4,1,0,1,31,12,33,1,33,47,40,36,49,1,2,9,8,1,34,21,0,3,0,0,15,6,24,45,0,41,11,15,31,29,9,18,15,48,57,42,0,8,5,2,78,52,36,42,23,14,29,17,32,22,2,1,54,43,0,10,0,14,0,2,0,2,50,9,0,26,54,63,48,293
582,18,5,0,15,7,78,44,24,2,55,0,50,7,4,1,1,5,2,31,2,23,49,0,37,28,7,44,9,1,26,53,6,8,21,0,0,3,0,0,30,0,53,31,48,30,0,45,43,0,0,10,39,5,43,0,11,1,0,83,36,49,54,44,51,51,20,0,10,2,1,0,0,10,10,10,0,4,4,2,4,2,8,10,13,54,32,50,6
583,17,21,5,36,7,3,26,58,0,55,0,50,1,1,3,1,7,0,13,1,31,36,1,1,28,7,53,2,1,12,53,52,8,21,0,3,0,0,10,10,16,43,0,39,19,14,34,32,0,11,3,17,5,52,0,8,1,2,31,52,1,49,0,14,51,10,64,11,2,1,7,0,10,10,10,0,3,2,2,3,0,9,9,14,8,32,2,2
584,21,17,7,30,7,73,53,24,1,1,9,6,10,6,1,1,2,2,31,38,31,49,17,47,40,36,46,0,16,12,53,4,34,21,15,10,25,0,1,2,21,17,0,16,30,0,45,43,0,1,15,48,57,32,0,9,3,3,56,52,1,43,34,16,51,1,0,10,4,3,49,49,0,5,0,0,3,1,2,1,50,9,10,49,54,63,2,113
585,11,46,5,64,16,81,71,58,0,55,0,50,0,0,1,1,2,1,31,0,31,49,33,24,21,78,50,1,1,17,46,59,8,21,0,3,0,0,10,10,16,23,0,21,23,4,0,0,0,11,3,17,5,45,0,1,0,5,6,52,49,54,44,51,51,20,0,0,3,2,0,0,10,10,10,0,0,0,0,0,50,9,2,35,54,24,50,217
586,18,31,5,25,7,9,23,5,1,55,0,50,7,4,3,1,2,3,22,29,31,49,2,2,28,69,34,0,1,44,22,17,58,21,26,20,2,34,11,10,16,26,17,0,19,14,29,24,4,19,6,36,43,7,17,2,3,1,42,5,36,36,29,40,25,18,25,10,0,0,15,49,8,5,8,1,3,3,2,1,26,9,10,29,8,14,48,267
587,19,21,0,30,7,7,3,24,25,1,35,50,8,4,1,2,5,1,31,0,25,36,24,2,28,1,47,1,16,15,46,59,1,22,18,33,0,0,1,14,10,36,0,32,30,0,45,43,0,14,10,39,5,45,0,8,2,1,76,52,5,46,23,16,43,13,0,11,1,4,54,0,8,0,2,10,3,3,2,3,0,9,0,20,54,1,15,36
588,16,28,0,19,7,34,71,58,0,55,0,50,1,0,1,1,5,4,22,0,25,3,24,37,35,85,38,1,7,12,53,13,58,18,2,0,0,39,11,3,11,5,22,43,18,18,34,0,15,14,6,39,43,57,0,2,1,1,1,52,49,54,44,51,51,20,18,24,0,0,7,48,6,6,5,0,5,4,3,2,41,0,9,36,50,36,50,64
589,20,31,0,38,7,10,8,5,2,2,1,48,8,6,4,1,5,4,31,0,31,36,33,2,28,83,37,0,12,43,53,14,65,4,2,13,14,12,12,1,23,7,0,7,11,15,38,37,15,15,3,1,51,45,37,1,0,5,34,52,46,54,15,43,51,14,18,0,0,0,0,0,10,10,10,0,2,4,0,1,27,10,9,31,54,28,14,124
590,0,45,2,88,16,81,71,58,0,55,0,50,0,0,1,0,5,4,31,2,19,24,33,24,31,83,37,1,16,26,53,14,69,17,0,2,14,25,11,3,11,3,0,4,19,14,25,0,3,16,6,27,54,1,49,2,1,4,74,3,20,30,16,14,51,15,0,27,2,1,7,48,0,0,2,0,5,4,2,3,17,0,9,37,54,28,31,10
591,18,34,0,35,9,4,69,2,1,55,0,50,7,5,1,1,5,2,31,0,49,49,33,1,35,14,38,0,22,26,53,2,8,21,0,0,3,0,10,19,15,0,1,0,29,5,0,0,0,11,0,0,5,43,0,15,0,5,8,52,31,41,0,36,51,10,0,2,2,1,7,52,5,10,5,0,4,2,1,1,37,9,9,29,54,52,43,123
592,21,31,5,44,7,15,8,47,2,2,1,12,8,5,3,3,7,5,31,0,31,3,33,47,40,36,34,10,21,12,32,17,15,21,0,0,0,2,16,6,24,1,2,0,1,23,1,2,22,19,15,48,57,57,0,1,0,5,86,52,49,54,44,51,51,20,18,2,3,2,0,48,8,6,1,10,3,3,3,3,50,12,3,13,54,63,50,6
593,17,33,2,31,9,73,59,58,0,55,0,50,6,4,1,1,5,4,15,0,49,48,33,47,40,7,34,0,5,26,53,17,8,23,15,0,0,31,13,10,16,0,1,0,18,18,31,0,5,16,0,0,5,42,0,8,1,4,64,52,49,54,44,51,51,20,18,2,2,1,7,55,7,5,7,14,3,1,3,4,50,9,2,36,26,32,50,85
594,16,29,0,33,7,3,71,58,0,55,0,50,1,1,1,1,5,2,31,0,31,3,33,47,40,36,48,0,1,34,36,2,34,21,8,18,21,0,11,18,18,0,0,1,19,14,0,1,26,14,15,48,57,45,29,2,7,3,64,52,5,54,33,4,33,13,29,22,0,0,7,0,6,5,6,14,2,1,4,3,0,9,9,24,54,63,15,139
595,18,21,0,25,7,7,65,0,1,55,0,50,7,4,1,2,3,1,22,2,31,1,11,7,28,39,48,9,35,47,53,1,36,12,0,3,0,0,1,29,4,1,0,2,30,0,45,43,0,1,2,5,25,42,0,2,3,2,35,40,31,47,23,14,4,1,56,2,1,4,7,31,8,10,3,0,2,3,0,4,34,9,9,24,8,75,43,214
596,22,47,3,46,7,19,54,31,62,4,1,21,7,5,4,3,4,5,15,0,31,49,2,17,35,75,19,1,1,26,20,34,62,21,0,2,9,0,13,18,18,16,13,0,19,14,39,32,3,16,0,31,48,42,0,3,7,4,48,52,36,36,0,28,18,15,0,21,4,3,7,27,7,5,5,16,3,3,2,2,43,10,9,22,8,21,48,302
597,18,24,2,31,13,22,23,55,31,55,0,50,6,1,3,1,4,5,31,0,49,49,33,47,40,78,54,1,16,12,53,23,62,22,0,0,0,2,11,6,24,44,23,0,21,6,39,0,3,14,15,48,57,57,0,8,3,0,7,21,49,54,44,51,51,20,0,2,1,4,75,0,10,10,10,0,1,4,0,4,50,14,6,31,54,24,50,304
598,19,25,0,27,7,10,3,55,1,12,1,50,7,4,3,1,4,3,31,12,11,49,20,17,28,75,37,0,13,12,17,14,62,23,8,10,9,16,11,21,5,10,0,10,23,4,42,32,4,14,15,48,57,28,0,8,1,0,53,52,20,46,16,14,15,13,29,2,1,4,0,2,5,5,1,0,3,4,2,2,0,9,2,28,54,21,31,114
599,18,46,5,72,9,7,69,35,59,55,0,50,7,4,1,2,4,5,22,0,19,49,33,47,40,36,60,12,1,39,41,23,34,21,0,0,10,12,10,19,15,26,0,24,29,5,0,0,0,16,15,48,57,46,0,1,0,5,1,52,20,54,0,40,37,15,22,12,1,4,58,70,6,7,5,4,4,1,1,1,9,8,9,15,8,63,31,182
600,17,19,2,68,12,26,8,58,0,55,0,50,1,1,3,2,4,1,31,0,49,49,1,1,3,4,60,12,35,43,53,57,5,23,15,35,0,0,11,6,24,26,17,0,17,2,13,0,5,14,0,0,3,28,0,8,1,0,63,52,32,54,3,46,51,13,23,21,0,0,7,59,7,5,7,0,0,4,4,4,50,8,2,30,54,5,44,227
601,18,51,5,35,6,24,34,47,1,55,0,50,6,1,3,1,5,5,29,0,49,49,33,47,40,36,22,2,16,12,18,34,34,21,0,0,12,21,10,10,16,43,0,39,19,14,1,2,0,15,15,48,57,31,17,1,0,5,1,26,40,8,0,28,15,14,44,2,2,1,15,0,8,8,8,1,1,3,3,3,9,15,10,34,8,63,8,150
602,19,24,0,38,10,44,14,4,1,2,1,50,6,4,1,3,5,4,31,0,31,49,33,47,40,36,37,0,35,33,32,14,34,22,15,17,10,1,11,10,16,0,1,0,23,4,25,0,4,16,0,31,24,23,0,8,2,0,35,50,31,54,15,43,18,15,4,2,4,3,0,2,1,8,1,15,3,3,3,4,50,12,2,22,54,63,43,10
603,0,23,2,88,16,81,71,58,0,55,0,50,0,0,1,0,3,1,31,0,49,49,33,17,31,60,45,1,1,33,53,57,34,23,0,3,0,0,0,30,0,53,31,48,30,0,45,43,0,0,3,17,24,57,0,1,0,5,7,52,49,54,44,51,51,20,0,0,2,1,7,0,10,10,10,0,3,4,0,4,50,0,0,37,54,91,50,27
604,3,34,1,35,7,9,7,57,1,54,1,19,8,6,4,7,0,5,15,12,49,49,33,47,40,59,60,12,1,12,45,23,50,22,26,0,0,39,13,0,22,26,17,0,6,24,34,0,10,16,15,48,57,57,0,8,1,4,63,52,49,54,44,51,51,20,0,22,2,1,36,49,1,2,5,5,3,1,0,3,50,10,9,25,26,86,50,243
605,16,40,2,6,7,3,71,58,0,55,0,50,6,4,0,1,7,5,31,12,31,49,33,17,3,53,34,10,1,33,49,17,46,17,0,0,0,2,11,19,15,36,20,0,23,4,13,0,4,14,3,39,31,57,0,3,7,2,31,52,1,49,0,14,44,13,0,2,4,3,7,75,5,5,5,9,4,0,3,3,50,8,9,20,54,84,2,183
606,6,46,5,35,10,76,20,16,1,13,1,10,8,6,7,5,4,3,29,0,19,11,20,24,28,53,39,1,15,47,15,12,34,18,26,8,25,9,11,10,16,27,2,16,19,14,1,40,8,14,15,48,57,10,17,1,0,5,50,52,49,54,44,51,51,20,11,0,2,1,54,0,7,7,8,2,4,3,2,3,27,13,10,36,8,84,50,16
607,16,27,3,78,9,34,71,58,0,55,0,50,1,0,0,2,3,3,22,0,19,3,1,47,40,11,41,10,7,9,53,9,8,21,0,0,3,0,15,6,24,27,18,0,1,23,0,1,20,18,15,48,57,43,36,8,3,1,85,52,49,54,44,51,51,20,0,21,0,0,7,0,10,10,10,0,4,0,1,1,33,8,10,21,8,49,50,2
608,19,38,0,64,7,2,4,5,1,2,1,50,8,6,1,1,4,5,22,12,21,49,33,47,40,7,59,10,13,12,0,17,8,17,13,8,14,12,12,1,23,16,13,0,2,22,13,15,15,17,15,48,57,7,40,1,0,5,74,50,5,22,0,40,0,16,51,10,4,3,7,49,1,8,5,0,3,0,0,0,50,8,9,29,19,32,15,84
609,17,11,0,21,7,55,0,58,0,55,0,50,6,1,1,1,4,5,30,0,23,36,27,3,28,69,53,1,15,45,53,23,58,21,0,0,0,2,11,3,11,1,0,2,21,6,34,32,4,14,2,2,43,42,0,1,0,5,33,21,20,46,22,46,51,13,40,22,1,4,0,43,8,0,0,1,3,3,2,3,50,0,0,13,8,14,31,117
610,19,62,5,62,7,46,69,9,2,33,2,50,7,4,3,2,1,3,22,0,31,3,33,47,40,55,29,1,12,45,53,12,50,21,26,5,34,1,2,6,24,1,2,0,1,23,1,0,10,2,15,48,57,46,21,8,1,4,31,52,1,49,23,28,51,2,0,2,2,1,0,0,10,10,10,0,4,2,2,3,50,10,6,31,8,87,2,3
611,2,30,1,42,6,27,3,2,2,42,51,36,12,9,1,2,4,1,31,29,40,49,11,20,28,35,22,0,1,26,42,1,34,21,27,21,0,0,0,30,0,53,31,48,30,0,45,43,0,0,2,21,24,43,0,3,2,4,83,52,49,54,44,51,51,20,0,22,2,1,7,52,9,10,5,18,1,2,2,2,0,10,10,21,54,67,50,199
612,18,26,6,57,7,30,18,1,47,55,0,50,1,0,3,2,6,1,31,38,49,49,33,47,40,7,37,2,35,27,53,52,8,21,25,25,0,0,1,21,5,16,0,15,30,0,45,43,0,1,15,48,57,32,0,9,2,3,31,52,5,53,15,36,51,1,0,2,3,2,7,49,1,10,0,0,2,0,1,4,50,10,9,27,54,32,15,289
613,0,30,2,88,16,81,71,58,0,55,0,50,0,0,1,0,5,1,31,32,27,49,33,7,31,53,51,0,21,7,53,58,46,21,13,37,0,0,10,22,3,0,1,0,29,5,13,0,0,11,10,5,24,52,0,11,3,1,31,52,31,46,29,8,51,10,0,0,2,1,7,0,10,10,10,0,0,4,0,4,50,8,12,18,54,84,43,225
614,18,45,0,43,7,11,8,4,62,55,0,50,6,4,3,2,4,5,15,29,31,11,11,47,40,14,60,12,1,26,42,17,15,21,0,0,21,25,0,30,0,53,31,48,30,0,45,43,0,15,15,48,57,57,0,2,2,2,1,21,33,54,22,40,31,14,33,2,4,3,80,57,8,5,4,5,4,4,3,2,50,8,9,9,50,52,45,95
615,19,27,0,37,7,8,10,55,40,42,1,50,7,5,5,0,4,2,31,10,25,49,5,20,33,36,45,7,35,44,48,5,34,21,0,0,3,0,11,1,23,26,0,24,3,11,1,0,24,14,13,21,24,7,21,12,3,3,35,41,5,38,43,44,46,13,36,0,0,0,7,0,10,10,10,0,3,2,3,2,9,8,9,42,54,63,15,37
616,17,15,5,21,7,3,34,58,0,55,0,50,6,1,1,1,5,1,31,0,31,11,33,17,34,7,47,0,16,12,49,59,8,21,18,33,0,0,0,30,0,53,31,48,30,0,45,43,0,0,3,17,5,45,37,1,0,5,63,52,40,36,0,36,44,0,34,15,1,4,0,0,10,10,10,0,3,1,3,3,33,9,9,26,54,32,8,246
617,20,46,3,51,7,14,21,27,2,23,3,32,6,0,1,4,5,5,22,0,19,3,33,24,3,53,9,11,20,47,53,34,46,21,0,0,0,0,14,6,24,0,1,0,1,23,0,0,20,17,15,48,57,1,49,8,3,4,60,52,5,10,15,28,51,16,22,0,0,0,7,70,10,10,8,13,1,2,0,0,50,15,9,35,8,84,15,267
618,21,55,3,18,9,8,11,21,1,32,1,49,7,4,3,4,0,5,24,0,49,49,33,24,28,83,29,1,35,33,22,23,53,21,13,0,0,0,10,19,15,37,0,33,29,5,25,0,0,11,3,31,38,1,0,3,3,1,35,52,49,54,44,51,51,20,56,10,0,0,7,75,0,0,1,0,3,1,0,0,43,13,1,19,41,28,50,117
619,20,26,0,31,7,6,53,47,1,23,1,47,8,5,1,2,3,3,31,12,19,3,33,1,3,60,39,1,35,39,53,12,36,21,0,0,0,2,14,1,23,13,0,13,2,22,21,22,15,17,3,0,25,57,0,8,3,3,31,47,49,54,44,51,51,20,23,0,1,4,15,48,8,7,6,13,3,2,2,2,27,12,9,26,54,91,50,89
620,2,22,5,33,8,18,25,4,1,54,1,48,11,8,3,2,3,2,15,36,39,36,33,47,40,30,46,1,25,6,53,2,8,21,0,0,3,0,10,22,3,16,13,0,29,5,34,32,0,11,15,48,57,20,37,2,3,1,74,50,49,54,44,51,51,20,5,10,1,4,54,49,1,1,1,1,3,1,1,3,50,10,10,38,53,59,50,287
621,16,42,3,67,15,3,71,58,0,55,0,50,6,4,0,1,4,5,15,0,49,49,17,24,40,75,26,1,16,12,53,23,62,21,8,5,9,21,3,6,24,44,0,40,1,23,31,29,20,3,0,0,48,39,0,2,3,4,49,43,49,54,44,51,51,20,55,0,3,2,0,0,10,10,10,0,4,3,3,3,50,8,7,13,8,21,50,34
622,20,48,8,68,7,21,21,57,2,46,1,22,7,4,3,2,5,5,31,0,31,39,33,47,40,36,60,12,15,45,20,23,15,22,0,2,7,31,14,6,24,45,24,0,3,11,42,0,25,17,15,48,57,46,0,9,3,2,66,52,49,54,44,51,51,20,0,22,4,3,0,0,8,2,9,14,0,3,0,3,50,11,9,20,54,63,50,123
623,16,50,6,35,9,19,71,58,0,55,0,50,0,0,0,3,7,5,22,0,31,3,33,47,40,53,24,10,22,15,20,28,15,21,0,0,0,0,15,6,24,1,2,0,1,23,25,0,20,18,15,48,57,1,49,3,3,4,77,49,49,54,44,51,51,20,0,2,1,4,54,72,6,8,7,3,3,2,3,3,50,9,9,20,8,84,50,268
624,20,38,0,46,7,9,15,9,64,4,2,16,7,5,4,3,5,5,22,0,9,49,33,17,28,75,60,12,12,44,41,4,62,21,0,0,3,0,1,10,16,17,14,0,30,0,45,43,0,15,3,27,48,46,0,1,0,5,31,52,20,54,29,16,10,14,0,2,0,0,0,70,6,6,8,23,4,1,4,4,50,8,9,36,8,21,31,267
625,17,49,3,4,9,5,16,58,0,55,0,50,6,4,1,1,0,2,31,0,31,49,1,34,28,14,44,0,1,26,53,6,15,21,0,2,43,0,1,29,4,52,0,47,30,0,45,43,0,14,2,35,24,57,0,9,3,4,50,52,5,38,4,28,51,13,0,0,4,3,7,0,10,10,10,0,0,3,0,3,50,9,10,15,54,52,15,97
626,17,41,5,40,9,73,44,58,0,55,0,50,6,4,1,1,5,1,31,0,49,49,11,1,11,16,55,0,1,33,50,1,8,21,2,40,0,0,10,19,15,45,24,0,23,4,0,0,0,11,0,17,5,45,0,1,0,5,59,52,13,28,15,40,48,10,0,10,1,4,7,52,8,10,7,0,5,2,2,4,50,9,0,26,54,61,22,123
627,21,31,0,42,7,8,2,52,1,50,1,2,10,7,1,2,5,2,31,0,49,49,33,47,40,7,48,0,35,45,43,2,8,23,15,13,23,0,13,6,24,36,20,0,11,15,25,23,18,16,15,48,57,31,0,8,1,3,35,52,5,50,43,46,39,15,22,7,4,3,0,16,1,1,7,2,3,2,3,4,50,10,2,24,54,32,15,123
628,18,41,4,77,12,35,59,13,1,55,0,50,6,1,0,3,5,1,19,0,49,49,33,47,40,36,60,12,26,9,45,52,1,23,15,35,0,0,0,30,0,53,31,48,30,0,45,43,0,0,15,48,57,57,0,3,1,4,75,52,49,54,44,51,51,20,35,22,0,0,57,0,1,1,5,15,3,3,3,4,50,10,9,16,8,63,50,148
629,21,40,0,34,7,13,10,8,1,5,66,3,8,6,4,2,4,5,31,0,31,49,2,44,28,69,22,7,16,26,36,30,58,21,0,0,7,21,0,30,0,53,31,48,30,0,45,43,0,0,8,12,43,7,37,12,3,0,38,46,5,15,23,28,33,0,0,0,1,4,58,0,10,10,10,0,3,3,2,2,2,8,9,41,54,14,15,124
630,17,31,4,25,8,16,5,58,0,55,0,50,1,1,1,2,2,3,31,0,31,49,24,47,40,36,39,10,21,15,53,12,34,17,0,13,9,21,10,19,15,1,2,0,23,4,0,0,0,11,6,36,24,57,0,2,3,0,32,52,5,32,29,16,51,10,18,13,0,0,46,48,9,6,7,23,5,1,2,0,50,8,9,10,54,63,15,49
631,22,21,5,44,6,22,2,35,2,3,1,35,7,4,6,1,0,1,31,12,31,3,17,1,3,36,50,1,12,39,20,59,8,21,2,40,0,0,11,21,5,36,0,32,23,4,13,0,4,14,8,17,24,42,0,8,3,2,76,52,49,54,44,51,51,20,0,11,1,4,0,48,0,10,5,13,3,4,0,4,50,14,10,20,54,63,50,217
632,18,32,5,39,7,18,15,8,1,55,0,50,1,1,4,2,5,0,31,0,31,49,33,47,40,36,54,1,1,45,53,44,8,21,3,0,0,0,11,6,24,16,13,0,21,6,25,23,3,14,0,0,5,30,0,1,0,5,78,52,20,45,32,43,51,13,0,0,2,1,7,0,10,10,10,0,5,2,1,0,50,10,9,16,54,63,31,31
633,18,51,3,2,9,55,44,55,5,55,0,50,7,5,0,2,0,3,15,0,49,49,33,47,40,53,39,1,16,26,50,12,46,21,0,0,0,2,11,10,16,1,0,2,12,20,1,2,15,14,15,48,57,1,0,2,2,1,57,52,49,54,44,51,51,20,18,10,4,3,7,0,1,1,1,4,3,2,4,2,50,8,1,7,26,84,50,148
634,0,23,2,88,16,81,71,58,0,55,0,50,0,0,1,0,5,4,19,0,49,49,1,47,40,36,60,12,2,12,46,16,34,17,0,21,0,21,1,29,4,26,17,0,30,0,45,43,0,1,15,48,57,46,45,8,2,4,58,52,49,54,44,51,51,20,33,10,1,4,70,49,7,10,0,1,3,4,0,4,50,0,10,27,42,63,50,302
635,20,40,0,65,10,77,35,33,1,27,52,23,0,0,4,4,5,5,31,0,49,49,33,47,40,0,24,1,2,9,53,28,0,23,0,0,0,0,0,30,0,53,31,48,30,0,45,43,0,0,15,48,57,57,0,8,7,4,80,52,5,17,9,51,51,0,0,15,2,1,7,0,10,10,10,0,3,3,0,2,50,9,0,26,54,0,15,269
636,22,24,5,53,7,18,15,9,1,3,45,15,6,4,6,3,7,4,3,0,31,36,33,37,28,53,37,2,21,26,53,14,46,21,0,0,0,2,13,3,11,27,0,25,11,15,1,2,15,16,3,39,31,59,49,8,1,2,31,29,49,54,44,51,51,20,56,22,0,0,0,0,10,10,10,0,3,3,2,3,23,12,9,35,8,84,50,286
637,17,14,0,18,7,12,0,58,0,55,0,50,6,0,1,1,5,1,31,2,31,49,1,7,30,36,51,5,1,43,46,58,34,22,15,35,0,0,12,6,24,43,22,0,25,17,31,29,20,15,10,14,24,28,0,8,3,0,79,43,1,51,0,43,43,14,37,22,1,4,0,0,0,0,0,30,4,4,0,4,43,8,0,24,54,63,2,50
638,17,31,3,1,7,2,65,58,0,55,0,50,7,5,0,1,5,2,12,1,31,49,11,47,40,7,47,0,1,39,43,3,8,21,0,0,3,0,12,1,23,17,14,0,3,11,0,0,22,15,15,48,57,1,49,2,3,1,63,52,5,29,1,10,38,14,0,2,0,0,7,48,5,10,10,0,4,4,3,3,50,8,9,5,50,32,15,183
639,11,16,5,22,16,81,71,58,0,55,0,50,0,0,1,1,5,1,2,0,49,49,33,47,40,53,54,10,1,39,52,52,34,18,34,8,0,0,11,19,15,3,4,0,20,19,25,0,4,14,15,48,57,31,17,1,0,5,1,46,49,54,44,51,51,20,27,2,1,4,15,0,7,7,7,1,3,3,2,3,47,8,9,31,8,84,50,244
640,17,30,5,40,3,4,4,58,0,55,0,50,6,4,1,1,5,2,22,29,31,11,5,47,40,64,46,1,1,43,27,4,56,17,27,8,24,9,6,6,24,15,12,0,25,17,34,0,21,6,15,48,57,1,0,3,3,4,37,46,1,54,23,28,43,6,50,1,3,2,0,8,1,1,8,1,3,3,4,4,27,9,9,9,8,11,2,112
641,3,29,5,29,7,9,7,5,2,3,25,49,12,8,5,2,6,4,22,28,31,36,8,16,28,75,37,9,16,9,8,14,62,21,0,0,25,21,10,3,11,37,0,33,23,4,13,15,0,11,10,14,48,42,0,3,1,3,32,29,31,43,23,14,7,10,39,3,3,2,7,0,10,10,10,0,3,3,2,3,10,15,9,30,8,21,43,219
642,16,37,5,85,9,23,71,58,0,55,0,50,1,0,0,2,4,5,22,0,5,43,33,47,40,69,33,10,12,45,0,17,58,21,0,13,14,16,15,6,24,1,2,0,1,23,13,1,20,2,15,48,57,54,4,3,3,2,49,52,5,37,0,36,0,2,22,0,3,2,7,0,10,10,10,0,1,1,0,3,5,0,9,10,8,14,15,3
643,20,33,0,30,7,10,5,2,1,42,1,0,8,5,3,1,0,2,31,1,5,3,12,30,35,36,50,0,21,26,33,3,34,21,13,21,14,0,10,19,15,43,0,39,24,28,31,29,0,11,3,44,24,45,24,2,7,1,1,52,36,40,0,29,31,10,28,10,0,0,7,0,10,10,10,0,3,4,4,4,46,13,9,23,54,63,48,225
644,1,15,5,11,7,8,5,4,1,6,1,49,11,8,1,3,0,1,31,0,31,36,11,24,28,7,49,0,16,9,53,1,8,21,0,3,0,0,1,29,4,16,0,15,30,0,45,43,0,1,6,27,5,51,0,11,1,4,34,52,5,45,23,10,51,1,0,0,4,3,7,0,10,10,10,0,1,4,0,4,26,9,12,20,54,32,15,151
645,19,36,0,55,7,13,7,2,60,50,1,50,7,5,4,1,3,2,31,0,31,49,33,7,33,7,10,1,22,12,8,6,8,21,0,0,3,0,0,30,0,53,31,48,30,0,45,43,0,0,2,14,5,46,0,15,0,5,83,52,49,54,44,51,51,20,0,0,1,4,0,34,1,8,1,5,5,2,3,3,9,10,10,10,54,32,50,217
646,19,33,5,35,7,9,4,4,1,33,1,50,8,5,3,1,7,1,3,29,31,36,20,47,40,53,52,0,26,12,53,57,46,21,0,3,0,0,11,3,11,36,0,32,19,14,14,16,3,14,15,48,57,57,0,8,1,0,31,52,46,24,34,14,51,13,55,0,0,0,7,0,10,10,10,0,3,3,2,3,0,10,12,23,8,84,14,96
647,6,25,0,37,3,16,23,18,44,17,32,1,12,7,5,4,4,4,31,0,16,48,1,47,40,36,35,10,16,29,47,16,34,18,26,1,14,26,13,1,23,0,0,1,8,27,13,0,18,16,15,48,57,45,0,9,2,4,76,52,4,50,16,14,47,15,0,10,4,3,50,49,5,10,4,23,2,2,0,2,1,10,9,38,54,63,5,235
648,1,40,0,44,7,29,27,25,1,20,2,15,7,5,5,4,5,3,31,0,49,49,24,24,20,83,39,0,15,21,32,12,69,23,15,13,21,20,14,3,11,48,0,43,17,2,34,0,15,17,3,27,54,55,0,3,1,3,37,52,49,54,44,51,51,20,23,12,4,3,0,2,1,1,1,0,2,0,4,3,50,10,2,29,54,28,50,269
649,5,21,7,14,7,15,21,8,1,3,1,10,10,7,9,3,3,5,31,0,19,49,33,47,40,36,59,3,35,17,8,17,34,21,0,21,10,9,0,30,0,53,31,48,30,0,45,43,0,0,15,48,57,46,0,9,3,2,81,52,5,20,23,28,47,0,0,10,2,1,54,0,9,3,5,2,4,4,2,4,2,15,9,47,54,63,15,50
650,18,30,0,30,7,18,14,13,2,55,0,50,1,0,1,3,5,5,31,32,11,36,0,42,20,60,17,5,22,33,48,36,53,21,0,0,0,0,10,1,23,1,0,2,19,14,1,0,0,11,3,44,38,1,49,15,0,5,83,52,36,10,32,36,46,10,32,2,3,2,80,0,10,10,10,0,2,0,0,4,5,10,9,47,54,91,48,131
651,21,54,1,62,6,56,49,14,1,7,66,6,7,5,3,4,6,4,31,0,31,3,20,47,40,55,25,1,16,26,53,16,1,4,0,0,0,2,13,6,24,45,24,0,1,23,34,32,20,16,15,48,57,57,26,8,3,4,48,52,20,22,0,41,51,15,0,0,3,2,7,0,10,10,10,0,4,4,4,4,17,13,0,29,54,87,31,49
652,5,46,5,46,7,17,24,36,1,15,1,18,10,6,7,3,7,5,3,21,31,36,20,44,28,39,17,9,7,9,8,36,36,21,0,0,0,0,10,2,21,43,0,39,21,6,31,29,0,11,6,45,24,43,0,3,1,0,32,42,20,32,9,10,6,10,64,22,2,1,7,0,10,10,10,0,3,3,2,4,50,1,9,18,8,75,31,47
653,11,42,3,13,16,81,71,58,0,55,0,50,1,0,0,1,0,2,15,0,25,49,33,47,40,1,45,1,1,15,15,5,1,21,13,0,39,0,10,10,16,1,0,2,19,14,1,2,0,11,15,48,57,1,0,1,0,5,49,52,49,54,44,51,51,20,52,2,0,0,83,0,1,1,1,5,3,2,3,4,50,9,9,7,18,1,50,84
654,19,29,5,40,13,16,6,55,1,1,1,50,7,4,3,1,7,2,15,0,31,3,33,24,35,42,44,10,13,12,33,6,48,17,0,0,3,0,15,6,24,17,14,0,25,17,13,15,21,18,0,17,32,1,49,2,3,4,60,52,22,35,22,48,35,17,23,0,3,2,54,40,10,8,9,5,0,3,3,0,50,10,5,35,8,78,39,64
655,17,48,5,55,7,44,3,58,0,55,0,50,1,1,3,1,0,5,31,0,49,31,33,1,8,36,15,1,1,45,41,38,34,21,0,0,0,0,10,6,24,43,22,0,18,18,0,0,0,11,0,0,24,45,0,1,0,5,7,52,20,42,23,36,8,10,0,0,0,0,7,0,10,10,10,0,1,3,0,4,0,9,10,33,54,63,31,5
656,16,10,5,19,7,1,71,58,0,55,0,50,1,0,1,1,4,1,31,0,49,49,33,47,40,7,51,0,1,28,53,59,8,21,15,35,0,0,0,30,0,53,31,48,30,0,45,43,0,0,15,48,57,46,0,8,3,2,32,52,5,39,1,11,0,0,0,10,4,3,7,43,6,3,7,0,1,3,2,4,50,9,9,15,54,32,15,228
657,20,46,0,54,7,31,4,57,2,23,2,12,8,4,1,2,5,3,31,0,0,39,2,37,31,83,21,0,35,44,33,7,69,17,0,0,3,0,12,10,16,46,18,25,19,14,29,24,5,15,6,39,54,39,0,8,3,4,26,26,28,14,43,44,31,14,0,2,3,2,7,66,1,1,5,13,5,4,4,4,38,9,6,14,54,28,37,29
658,20,35,5,49,7,21,24,27,55,8,1,17,1,1,4,4,5,4,31,0,49,49,17,17,34,60,25,1,16,26,53,16,34,22,0,10,0,31,11,18,18,43,22,0,23,4,13,0,4,14,3,17,24,45,0,1,0,5,7,52,49,54,44,51,51,20,0,0,1,4,46,0,10,10,10,0,1,2,0,4,50,8,0,37,54,91,50,164
659,16,24,5,30,7,55,71,58,0,55,0,50,1,1,1,1,4,1,13,0,31,3,17,47,40,55,53,1,12,44,17,52,36,21,21,29,0,0,10,3,11,0,1,0,23,4,0,0,0,11,15,48,57,57,2,8,2,1,78,52,49,54,44,51,51,20,0,10,2,1,80,48,3,10,2,0,4,2,0,3,50,0,9,2,34,87,50,148
660,20,8,5,33,6,20,9,6,1,50,1,0,8,5,3,2,5,5,29,0,25,40,5,47,40,78,43,1,12,22,2,39,58,21,2,10,23,5,0,30,0,53,31,48,30,0,45,43,0,0,15,48,57,36,17,3,3,1,43,8,49,54,44,51,51,20,26,0,0,0,51,0,8,8,8,2,4,1,1,1,34,10,9,35,8,24,50,86
661,17,45,5,38,7,3,53,58,0,55,0,50,6,4,1,1,5,5,15,0,31,19,33,42,31,36,20,1,12,47,33,32,34,17,13,0,9,16,11,3,11,16,0,15,19,14,25,0,4,2,0,0,24,1,49,8,7,4,31,50,33,34,15,48,31,2,18,2,0,0,7,42,2,3,0,0,5,3,3,3,38,13,5,35,50,63,45,281
662,17,3,0,16,7,23,0,58,0,55,0,50,6,0,1,1,5,0,31,0,31,3,1,7,28,39,54,0,16,12,53,44,8,21,3,0,0,0,0,30,0,53,31,48,30,0,45,43,0,0,2,5,5,46,0,3,2,4,83,52,49,54,44,51,51,20,0,15,3,2,77,52,1,10,0,10,5,4,2,4,2,8,10,16,54,75,50,65
663,16,14,0,19,7,55,71,58,0,55,0,50,1,1,1,1,5,5,22,12,31,3,30,1,34,60,53,1,13,12,53,61,53,10,1,16,24,8,12,6,24,27,18,0,1,23,1,2,20,15,0,17,38,43,15,8,2,4,31,21,49,54,44,51,51,20,0,22,4,3,7,0,8,6,5,12,4,4,4,4,17,8,10,17,19,91,50,214
664,17,31,5,53,3,13,2,58,0,55,0,50,1,1,1,2,2,1,9,0,49,49,33,17,35,60,29,10,1,33,53,23,53,21,2,2,9,25,12,2,21,45,0,41,11,15,1,2,19,15,3,31,38,32,38,8,6,4,58,49,49,54,44,51,51,20,18,15,2,1,7,48,8,2,5,4,3,3,3,3,50,0,10,32,50,91,50,302
665,17,36,5,37,7,6,34,58,0,55,0,50,6,1,1,1,3,4,31,35,14,23,33,30,33,11,43,1,22,43,25,7,11,21,2,17,25,0,13,6,24,52,13,43,1,23,13,1,16,9,3,0,5,50,0,1,0,5,62,52,10,44,10,19,12,9,0,2,4,3,76,0,5,10,10,14,4,3,0,4,46,0,4,4,54,49,30,169
666,16,30,0,35,9,1,71,58,0,55,0,50,1,0,1,1,4,0,31,21,34,40,0,37,18,35,39,0,1,15,46,44,34,21,3,0,0,0,0,30,0,53,31,48,30,0,45,43,0,0,6,39,24,57,0,11,1,0,83,52,46,32,23,10,43,0,0,22,1,4,7,52,1,10,5,0,5,1,2,4,50,9,9,25,54,67,14,285
667,17,13,5,25,7,55,12,58,0,55,0,50,6,1,1,1,7,2,15,0,31,20,12,47,40,53,45,1,21,45,28,5,46,21,2,0,43,0,10,11,20,16,13,0,19,14,1,0,0,11,9,36,31,32,38,1,0,5,58,52,9,51,43,43,24,10,0,23,1,4,80,42,9,5,5,1,3,4,3,4,0,0,9,17,8,84,26,71
668,18,16,5,35,7,4,65,24,2,55,0,50,7,4,1,1,0,2,22,0,6,3,33,47,40,55,60,12,16,26,33,5,15,17,18,21,9,0,10,1,23,26,17,0,19,14,34,0,0,11,15,48,57,57,40,12,3,3,56,52,49,54,44,51,51,20,19,2,0,0,7,48,1,1,1,20,3,4,4,4,50,0,9,7,8,87,50,1
669,9,42,0,63,9,55,65,57,1,2,1,3,12,9,6,3,5,5,31,0,31,49,33,24,25,18,22,1,12,21,41,24,65,23,13,8,14,8,11,13,14,1,2,0,3,11,15,17,16,14,6,31,51,49,0,15,0,5,43,52,49,54,44,51,51,20,0,0,3,2,54,0,10,10,10,0,2,2,1,3,17,13,4,28,54,41,50,308
670,20,55,0,48,3,8,8,9,1,13,1,46,8,6,3,4,5,1,12,12,31,49,24,47,40,14,60,12,12,26,45,57,15,20,2,40,0,0,1,29,4,43,0,39,30,0,45,43,0,1,6,39,20,31,0,9,2,4,69,52,21,54,15,28,42,1,0,11,2,1,7,48,7,0,1,0,3,1,0,3,0,11,9,5,8,52,38,214
671,20,40,0,71,1,68,51,11,50,13,45,10,0,0,6,2,5,5,31,0,49,49,12,1,3,7,15,10,32,33,53,27,8,21,1,1,1,7,10,22,3,26,0,24,29,5,13,0,0,11,15,48,57,57,0,14,0,5,1,52,31,8,29,28,51,10,0,3,4,3,7,0,10,10,10,0,2,0,0,0,50,10,1,36,54,32,43,288
672,20,54,0,66,7,22,15,9,1,54,1,12,7,4,4,2,5,5,31,0,49,49,24,47,40,72,18,6,25,22,10,35,15,21,0,0,0,0,0,30,0,53,31,48,30,0,45,43,0,1,15,48,57,7,6,1,0,5,11,52,44,53,22,50,20,1,0,2,0,0,12,67,1,10,9,25,1,2,2,4,43,11,9,26,54,19,12,151
673,3,49,5,57,2,51,33,55,2,12,2,23,9,5,6,2,5,0,31,0,19,39,33,30,31,14,15,1,1,45,12,44,15,23,3,0,0,0,10,22,3,26,1,15,29,5,25,0,0,11,3,31,5,57,0,1,0,5,1,52,21,8,23,36,15,10,0,25,0,0,15,0,10,10,10,0,4,4,0,4,0,12,4,9,54,52,38,256
674,19,35,0,37,7,3,59,2,1,54,1,50,8,6,1,1,5,1,31,13,23,49,28,41,28,83,58,3,2,6,46,52,62,21,32,13,0,0,0,30,0,53,31,48,30,0,45,43,0,0,2,43,48,46,0,3,2,4,83,50,49,54,44,51,51,20,0,10,0,0,0,52,5,10,1,5,3,4,2,2,9,9,10,19,54,28,50,273
675,18,61,3,8,9,5,5,11,1,55,0,50,7,5,1,2,8,3,22,0,31,3,33,47,40,83,39,1,12,43,53,7,34,21,0,8,39,0,16,6,24,11,0,11,1,23,1,32,22,19,15,48,57,57,1,8,3,4,31,52,9,32,23,10,51,18,0,0,2,1,7,0,8,5,5,31,4,2,2,2,50,9,4,31,8,28,26,148
676,11,41,3,5,16,81,71,58,0,55,0,50,1,1,0,1,4,1,12,0,49,49,17,47,40,69,49,1,1,26,53,52,8,21,0,3,0,0,12,1,23,0,1,0,2,22,13,0,15,15,15,48,57,46,0,2,3,3,50,45,49,54,44,51,51,20,23,10,3,2,7,48,7,6,6,0,3,2,2,2,0,0,9,39,8,14,50,84
677,1,31,0,41,7,11,10,5,1,4,48,49,10,8,3,2,5,1,31,2,31,49,33,35,18,87,52,7,12,17,10,57,62,23,0,3,0,0,1,29,4,10,7,0,30,0,45,43,0,1,3,37,48,1,49,1,0,5,1,52,49,54,44,51,51,20,17,21,0,0,7,49,1,1,1,0,2,0,4,4,50,8,2,48,54,38,50,7
678,19,41,5,50,7,22,13,14,1,9,1,50,1,1,5,2,0,5,22,29,36,49,33,47,40,53,60,12,1,26,6,28,46,21,0,0,0,12,1,24,30,48,27,0,30,0,45,43,0,1,15,48,57,46,0,8,1,0,33,52,49,54,44,51,51,20,0,10,3,2,7,70,1,1,1,6,4,4,4,4,50,12,9,23,42,84,50,3
679,17,34,0,35,7,4,2,58,0,55,0,50,6,4,1,1,3,5,31,2,23,49,2,18,28,53,29,9,35,45,36,23,46,15,0,2,9,30,13,6,24,1,17,43,3,11,34,29,19,16,15,48,57,7,35,9,3,0,33,21,20,34,43,46,33,15,36,22,0,0,0,49,7,5,5,0,3,3,2,3,2,8,10,12,54,84,31,50
680,22,50,5,51,7,44,30,25,1,19,1,2,7,5,6,1,0,5,31,0,49,49,33,47,40,53,26,0,16,26,20,32,46,23,0,0,0,0,11,6,24,46,25,0,17,2,1,0,4,14,15,48,57,45,0,8,6,0,78,52,36,3,34,36,48,13,0,0,0,0,7,52,0,10,0,10,1,0,0,4,0,12,9,18,54,84,48,217
681,0,49,0,88,16,81,71,58,0,55,0,50,0,0,1,0,5,4,12,0,49,36,33,17,35,53,37,10,1,45,0,14,46,18,0,0,25,21,12,1,23,0,0,1,3,11,13,0,15,15,3,17,31,39,21,12,3,3,31,52,49,54,44,51,51,20,0,7,0,0,0,75,9,6,6,18,1,3,2,3,50,0,0,19,25,84,50,243
682,22,41,3,11,9,7,44,7,58,11,1,13,9,7,4,2,6,2,31,0,49,49,33,47,40,21,59,1,15,50,53,6,34,23,0,0,3,0,1,29,4,45,24,0,30,0,45,43,0,1,0,0,24,1,49,8,7,4,76,49,49,54,44,51,51,20,0,0,2,1,39,0,10,10,10,0,2,0,0,0,50,12,1,24,54,44,50,63
683,18,24,5,29,7,3,44,10,32,55,0,50,7,5,3,1,7,2,31,1,41,3,20,17,28,14,41,10,16,26,42,1,15,22,13,37,0,0,10,19,15,22,0,20,29,5,34,32,0,11,0,17,10,28,0,8,2,4,76,52,49,54,44,51,51,20,0,22,0,0,81,0,10,10,10,0,4,2,1,3,0,10,10,48,54,52,50,185
684,19,32,1,46,9,78,59,5,2,17,2,50,7,5,3,1,5,5,26,35,19,1,33,47,40,31,30,10,22,45,27,18,69,15,26,5,7,27,4,0,22,0,1,0,6,24,1,0,21,4,3,5,54,28,49,3,7,4,80,52,49,54,44,51,51,20,0,0,1,4,0,70,1,5,5,16,3,1,2,3,50,11,9,12,43,60,50,86
685,20,21,0,32,12,22,17,9,1,5,49,12,7,4,4,2,6,3,31,22,23,26,33,34,31,75,43,7,11,12,33,7,62,21,2,10,30,0,10,28,26,16,13,0,29,5,13,0,0,11,3,1,48,7,0,8,3,3,75,52,9,45,24,28,31,10,1,3,0,0,0,0,0,10,0,5,3,4,0,2,4,11,10,8,54,21,26,12
686,19,29,0,27,14,58,49,15,1,12,69,50,1,0,1,4,6,3,22,12,42,36,18,47,40,53,41,10,15,31,0,9,46,18,0,17,28,0,10,11,20,26,0,24,19,14,8,10,0,11,15,48,57,59,21,8,2,3,80,33,49,54,44,51,51,20,56,19,3,2,7,50,9,8,0,0,1,2,2,3,34,8,9,28,3,84,50,134
687,16,31,3,22,7,8,71,58,0,55,0,50,1,1,3,1,3,1,31,35,31,49,30,20,31,36,52,9,22,33,17,57,34,21,0,0,0,2,11,3,11,48,0,43,11,15,9,9,15,14,13,12,24,7,13,8,6,1,35,52,49,54,44,51,51,20,0,2,0,0,0,49,8,6,5,0,2,3,2,1,50,8,9,14,54,63,50,98
688,20,41,1,51,6,51,5,7,1,54,1,32,8,5,1,2,5,3,31,0,41,49,1,17,28,47,41,0,15,6,8,9,15,23,0,0,3,0,12,3,11,10,0,10,11,15,1,2,15,15,9,36,10,42,0,8,1,3,74,37,49,54,44,51,51,20,33,2,1,4,7,49,1,5,1,0,1,4,2,4,50,8,2,49,54,72,50,185
689,16,14,6,77,7,65,71,58,0,55,0,50,1,1,0,2,3,2,12,1,49,49,11,47,40,7,49,10,12,43,0,4,8,21,2,2,39,0,13,6,24,48,27,0,1,23,13,15,6,16,15,48,57,37,0,3,5,4,48,52,49,54,44,51,51,20,65,16,3,2,7,0,10,10,10,0,2,4,3,4,37,10,6,17,8,32,50,2
690,22,33,0,40,10,68,14,25,1,15,1,7,7,5,5,3,5,5,29,0,19,49,33,24,6,60,59,1,12,44,33,34,53,17,2,8,9,8,12,1,23,1,0,2,2,22,26,21,16,15,15,48,57,42,40,2,3,1,33,23,49,54,44,51,51,20,55,10,3,2,7,49,9,6,8,0,3,2,0,2,50,13,9,35,9,91,50,267
691,18,46,2,35,9,10,26,36,1,55,0,50,0,0,4,2,5,2,15,32,10,11,33,37,28,60,17,1,20,22,3,36,53,21,0,0,3,0,10,13,14,10,0,10,1,23,37,36,0,11,8,39,24,25,49,2,3,4,56,52,20,42,0,44,44,10,0,2,0,0,0,52,9,10,3,0,3,2,0,0,50,9,8,31,8,91,31,318
692,16,14,7,18,7,1,71,58,0,55,0,50,1,0,1,1,9,4,31,0,31,49,33,37,31,39,53,5,21,15,53,52,36,21,15,35,0,0,1,3,11,26,1,15,30,0,45,43,0,1,3,39,24,46,0,9,3,4,32,52,49,54,44,51,51,20,22,2,4,3,73,41,1,5,6,0,4,3,2,4,41,8,0,18,54,75,50,132
693,19,46,5,32,6,26,66,57,2,50,2,50,6,4,1,3,0,1,31,12,19,17,33,17,33,69,20,1,1,43,33,58,58,21,28,17,0,0,10,6,24,26,17,0,23,4,9,0,0,11,3,27,24,57,0,9,3,4,76,52,36,13,0,43,31,10,0,0,2,1,7,0,10,10,10,0,3,4,0,4,17,10,9,22,54,14,48,151
694,4,45,1,62,7,18,5,4,1,17,1,24,10,7,7,1,5,5,15,25,31,3,24,47,40,60,39,0,22,33,19,17,53,21,26,13,14,14,12,2,21,43,0,39,18,18,34,32,15,15,3,0,38,51,37,2,7,3,1,52,49,54,44,51,51,20,19,7,0,0,0,0,10,10,10,0,3,4,4,4,9,1,9,19,26,91,50,26
695,5,39,6,20,7,24,10,13,73,1,22,0,9,4,5,6,8,5,26,12,31,48,33,47,40,60,34,0,12,47,10,17,53,19,5,32,13,33,0,30,0,53,31,48,30,0,45,43,0,11,3,44,38,16,5,8,3,1,74,52,20,42,15,48,47,10,0,10,1,4,12,28,9,10,8,0,4,1,0,3,50,14,9,2,8,91,31,122
696,22,26,0,37,14,24,15,30,1,16,1,11,6,1,7,1,5,2,31,26,21,49,12,20,25,18,46,0,16,26,42,4,21,21,0,0,3,0,10,6,24,44,7,30,3,11,9,2,0,15,8,32,12,7,37,9,3,2,35,15,11,30,15,44,38,14,32,2,3,2,7,0,10,10,10,0,3,2,1,2,3,9,9,38,54,41,20,186
697,3,42,5,54,6,44,29,20,1,14,1,13,7,4,4,6,5,5,29,0,19,11,20,30,34,20,60,12,15,19,41,23,69,21,8,8,0,27,12,18,18,16,13,0,19,14,13,0,26,15,6,31,54,46,0,2,1,3,1,52,49,54,44,51,51,20,33,13,1,4,7,70,1,1,1,23,4,4,4,4,50,11,9,36,8,43,50,157
698,3,41,0,48,7,24,18,15,63,15,58,48,10,6,4,4,7,3,31,2,31,41,20,8,28,60,43,9,2,9,42,7,53,21,5,10,29,0,1,22,3,10,0,10,30,0,45,43,0,1,2,7,38,43,0,7,2,4,83,35,49,54,44,51,51,20,33,22,1,4,80,0,10,10,10,0,3,3,2,3,37,10,10,9,54,91,50,77
699,22,24,5,19,6,28,53,42,1,33,1,12,10,4,1,2,5,5,3,13,25,49,18,47,40,55,33,9,1,34,53,18,50,21,13,8,14,12,0,30,0,53,31,48,30,0,45,43,0,0,1,1,31,43,0,1,0,5,85,25,33,40,16,14,51,0,0,22,1,4,0,0,9,9,9,0,3,3,3,3,39,11,12,8,8,87,45,172
700,6,34,1,49,6,28,70,56,9,37,7,31,9,5,6,5,5,5,31,0,38,43,24,24,31,29,46,0,25,9,20,27,53,22,0,0,14,16,1,10,16,27,0,25,30,0,45,43,0,1,9,36,38,28,0,8,1,0,35,52,49,54,44,51,51,20,23,21,3,2,15,49,1,5,1,2,3,4,3,3,0,10,2,47,54,58,50,73
701,3,39,0,46,7,16,8,22,1,52,25,36,11,8,4,4,0,1,31,0,31,49,33,47,40,80,25,0,21,12,53,57,15,21,18,33,0,0,0,30,0,53,31,48,30,0,45,43,0,0,15,48,57,46,0,3,1,3,1,52,11,27,0,36,38,0,0,0,0,0,7,52,7,10,3,18,2,0,2,3,33,10,9,20,54,26,20,36
702,19,27,5,7,7,13,23,13,2,49,2,50,7,1,3,1,5,3,15,0,49,49,33,17,28,36,40,1,12,33,50,10,34,18,18,0,34,0,11,4,25,26,17,0,18,18,25,0,15,14,3,17,24,57,0,1,0,5,1,52,49,54,44,51,51,20,0,10,1,4,80,75,6,5,5,11,4,0,2,2,50,8,9,24,8,63,50,182
703,17,47,5,42,7,20,14,58,0,55,0,50,0,0,3,2,2,1,31,0,49,49,24,24,33,39,25,1,1,33,53,1,34,22,0,3,0,0,0,30,0,53,31,48,30,0,45,43,0,0,6,27,24,1,49,1,0,5,76,52,31,48,28,43,51,0,0,0,3,2,7,0,10,10,10,0,3,4,0,4,50,8,0,37,54,75,43,250
704,0,38,5,88,16,81,71,58,0,55,0,50,0,0,1,0,2,1,31,0,23,49,33,47,40,7,52,10,16,12,0,58,8,21,15,35,0,0,1,21,5,43,0,39,30,0,45,43,0,1,15,48,57,46,0,12,1,4,31,52,5,40,23,14,0,1,63,10,2,1,7,0,2,5,0,30,1,1,2,1,50,8,0,20,54,32,15,36
705,4,28,0,35,7,18,10,9,1,6,1,4,13,10,4,2,3,1,31,35,31,10,17,24,35,39,52,6,28,33,8,8,36,7,0,0,3,0,10,6,24,1,0,2,3,11,37,29,0,11,10,5,24,7,21,9,3,1,48,39,5,54,23,14,6,10,0,1,1,4,0,43,8,5,5,0,3,3,3,2,2,9,9,18,54,75,15,246
706,20,32,0,39,7,17,13,11,1,5,2,1,6,1,4,2,5,4,31,0,49,49,33,17,3,15,37,0,32,43,53,14,16,23,0,8,25,12,11,19,15,0,1,0,23,4,13,0,4,14,0,17,11,42,0,3,1,3,67,52,5,54,16,28,51,13,23,2,1,4,7,55,1,1,1,14,3,2,2,3,50,0,2,31,54,53,15,67
707,21,51,0,40,7,11,9,6,2,4,48,46,9,6,1,3,4,1,31,2,31,49,20,2,31,36,50,9,1,43,53,59,34,21,8,38,0,0,0,30,0,53,31,48,30,0,45,43,0,0,10,21,24,28,0,8,3,0,78,46,49,54,44,51,51,20,1,3,1,4,82,49,0,0,6,0,3,0,0,0,50,8,10,8,54,63,50,168
708,20,28,0,34,7,17,5,2,62,54,2,2,8,6,1,2,6,3,31,0,0,36,2,37,28,53,41,9,15,32,53,9,46,21,0,0,3,0,12,10,16,45,0,41,19,14,37,36,3,15,6,39,31,21,46,1,0,5,23,33,47,50,43,17,51,14,0,0,3,2,7,48,4,9,9,1,4,4,4,3,34,10,4,31,54,84,18,200
709,21,48,3,43,7,24,17,4,1,46,9,49,7,5,4,2,5,4,26,1,31,49,11,17,35,14,59,1,15,50,53,16,15,23,13,0,21,16,1,29,4,0,1,0,30,0,45,43,0,1,15,48,57,45,0,2,7,0,52,50,49,54,44,51,51,20,0,22,2,1,4,0,10,10,10,0,2,0,0,4,50,11,9,14,8,52,50,286
710,1,45,4,28,9,4,69,47,1,23,62,18,9,6,3,3,8,3,30,0,31,49,33,47,40,75,39,1,16,50,53,12,53,18,0,0,0,2,1,22,3,0,1,0,30,0,45,43,0,1,15,48,57,1,49,2,7,4,31,52,49,54,44,51,51,20,23,2,4,3,12,49,7,6,9,5,0,0,0,0,33,12,4,25,42,21,50,54
711,11,50,0,55,16,81,71,58,0,55,0,50,0,0,1,1,5,0,31,32,11,49,33,37,31,53,44,1,15,33,15,44,46,23,3,0,0,0,0,30,0,53,31,48,30,0,45,43,0,0,3,39,31,1,49,8,3,3,81,52,1,45,15,28,13,0,0,0,3,2,15,0,5,0,0,10,0,1,0,3,0,10,9,33,54,84,2,28
712,17,36,2,77,0,71,56,58,0,55,0,50,0,0,3,2,6,2,15,0,49,49,20,47,40,87,59,0,28,33,44,3,65,18,27,19,13,0,0,30,0,53,31,48,30,0,45,43,0,0,15,48,57,2,17,1,0,5,53,49,1,41,15,4,39,0,56,0,2,1,13,28,5,5,5,1,1,3,2,3,27,5,8,20,8,38,2,85
713,18,40,5,53,7,15,8,57,1,55,0,50,6,4,3,2,5,3,31,0,49,49,33,17,31,53,42,1,9,21,47,8,46,23,0,13,34,0,14,10,16,43,22,0,19,14,25,0,5,17,3,31,31,42,0,1,0,5,28,51,20,39,13,22,44,16,0,7,3,2,15,0,10,10,10,0,1,4,0,3,17,9,10,25,54,84,31,6
714,16,43,4,20,9,4,71,58,0,55,0,50,1,1,1,1,7,4,22,12,49,19,33,47,40,83,33,0,16,26,53,15,53,10,26,20,14,25,2,6,24,44,23,0,25,17,34,0,21,2,15,48,57,32,21,15,0,5,60,52,49,54,44,51,51,20,0,0,0,0,7,0,10,10,10,0,3,2,2,2,47,9,4,14,19,28,50,214
715,18,30,0,38,7,6,13,2,1,55,0,50,6,4,1,2,3,5,22,0,31,24,5,37,18,24,34,0,1,39,0,17,25,21,2,17,9,12,17,6,24,51,0,46,1,23,42,15,22,20,3,39,31,57,4,2,7,3,70,52,49,54,44,51,51,20,53,0,4,3,0,0,10,10,10,0,3,2,3,3,9,14,9,10,19,47,50,286
716,18,10,2,85,10,35,10,2,1,55,0,50,1,1,3,2,5,2,31,0,25,1,24,47,40,36,46,0,26,45,27,4,34,23,2,2,39,0,12,6,24,1,2,0,3,11,1,2,5,15,0,0,24,24,1,8,2,3,50,52,38,41,34,46,25,14,4,21,1,4,7,2,5,6,5,5,3,2,3,2,50,10,2,24,54,63,7,49
717,20,22,5,14,6,22,4,57,1,42,2,1,8,5,3,1,8,2,22,0,25,49,11,47,40,60,44,9,22,34,53,6,53,21,0,21,25,0,0,30,0,53,31,48,30,0,45,43,0,0,15,48,57,46,3,9,3,4,74,36,49,54,44,51,51,20,0,10,0,0,0,0,8,10,1,0,4,0,0,0,2,8,9,8,45,91,50,269
718,17,13,0,17,7,73,12,58,0,55,0,50,6,1,1,1,5,1,31,25,31,49,24,39,2,36,53,0,1,33,53,52,34,21,8,38,0,0,10,3,11,43,0,39,29,5,13,15,0,11,3,41,24,51,0,15,0,5,76,52,20,50,26,10,51,10,42,3,3,2,7,0,10,10,10,0,3,2,0,1,41,8,10,18,54,63,31,176
719,18,15,5,23,7,2,65,47,64,55,0,50,7,5,1,1,3,2,15,12,31,36,11,24,28,7,45,1,1,44,53,5,8,21,0,0,3,0,10,10,16,10,0,10,19,14,1,2,0,11,9,36,5,43,0,3,1,2,32,37,20,37,32,43,51,10,55,11,2,1,7,0,10,10,10,0,3,4,4,4,50,9,12,14,8,32,31,268
720,4,31,0,40,7,19,10,7,1,42,1,46,13,9,5,2,3,5,13,2,25,49,33,2,31,60,60,12,15,43,42,17,53,18,0,0,14,30,1,19,15,48,27,0,30,0,45,43,0,1,3,17,38,46,0,1,0,5,1,52,49,54,44,51,51,20,0,10,1,4,0,53,1,1,1,23,4,4,4,4,50,10,9,37,8,91,50,34
721,17,29,5,35,7,9,4,58,0,55,0,50,6,4,3,1,4,2,31,0,25,33,33,47,40,78,48,1,1,43,53,2,15,23,26,20,43,0,15,6,24,36,20,0,1,23,13,15,10,18,15,48,57,38,0,8,2,4,8,52,49,54,44,51,51,20,0,12,1,4,76,70,0,0,0,4,4,2,1,3,2,11,9,31,54,24,50,5
722,20,36,0,25,7,11,65,4,1,33,2,12,8,4,3,1,4,5,31,7,31,49,33,24,3,60,30,7,16,26,42,21,50,21,0,0,10,31,13,6,24,16,0,15,1,23,13,15,20,16,10,30,33,42,21,9,3,1,64,22,49,54,44,51,51,20,33,10,4,3,0,0,10,10,10,0,3,2,2,2,50,9,0,32,54,91,50,6
723,11,33,0,37,16,81,71,58,0,55,0,50,0,0,1,1,0,2,31,29,24,49,20,8,28,75,46,0,16,26,53,4,62,21,2,21,21,0,11,3,11,26,0,24,28,26,25,23,4,14,2,1,48,7,21,9,3,0,40,52,31,26,24,28,51,13,0,0,4,3,7,0,0,0,0,0,4,2,0,4,17,9,10,14,54,21,43,81
724,6,37,1,42,6,24,22,6,1,4,1,3,3,9,1,3,4,4,31,13,27,49,18,2,28,53,40,5,35,43,18,13,34,21,0,0,25,21,1,19,15,48,0,43,30,0,45,43,0,14,8,44,24,31,37,1,0,5,34,32,31,30,15,44,16,13,46,22,0,0,0,0,10,10,10,0,3,3,1,1,17,13,9,23,54,84,43,89
725,20,51,3,53,3,29,15,7,2,4,58,22,7,4,3,2,7,5,18,0,49,26,33,17,35,18,26,0,22,33,53,23,72,10,15,10,10,9,4,6,24,7,6,0,25,17,25,23,21,4,8,31,12,46,21,11,3,1,60,52,49,54,44,51,51,20,0,0,4,3,7,0,10,10,10,0,4,0,0,2,50,1,9,15,8,41,50,214
726,1,42,5,52,7,32,33,12,55,16,58,14,6,4,7,2,4,5,31,0,25,3,2,17,9,39,34,1,16,27,0,17,36,17,0,0,0,2,11,19,15,43,22,0,21,6,34,32,3,14,3,0,24,1,0,2,3,3,1,52,9,27,0,40,0,13,0,2,3,2,7,66,0,0,0,13,4,2,0,2,50,12,2,3,54,75,26,6
727,16,35,5,35,7,3,71,58,0,55,0,50,1,1,1,1,0,2,22,0,11,19,33,47,40,54,26,1,13,9,53,26,47,18,0,0,0,2,0,30,0,53,31,48,30,0,45,43,0,14,6,45,31,1,49,8,3,2,48,52,20,28,0,16,51,13,26,0,0,0,7,49,1,10,1,0,2,4,4,4,17,8,10,19,8,85,31,71
728,20,24,0,25,7,8,5,57,1,50,48,32,9,6,3,1,5,5,19,7,19,1,7,20,28,39,38,1,1,39,10,26,36,21,0,0,0,0,1,29,4,10,7,0,30,0,45,43,0,11,8,12,25,42,0,12,3,2,34,18,21,34,0,36,8,10,56,2,1,4,7,34,5,10,8,0,0,3,1,1,50,9,9,23,8,75,38,47
729,5,39,0,49,12,47,45,39,2,40,7,34,10,8,8,3,2,5,31,0,49,49,33,34,31,69,21,0,16,17,53,31,34,22,0,36,5,12,12,10,16,1,0,2,19,14,34,32,5,15,6,36,24,42,0,8,1,0,64,52,49,54,44,51,51,20,4,21,2,1,7,2,1,1,1,14,2,0,4,4,50,10,2,36,54,14,50,224
730,20,45,0,60,7,29,22,10,1,5,48,15,6,4,4,3,5,3,31,0,19,27,5,47,40,34,39,0,12,18,31,12,29,21,0,2,25,16,1,29,4,44,0,40,30,0,45,43,0,1,8,21,20,55,37,8,7,3,71,41,49,54,44,51,51,20,24,22,4,3,0,0,10,10,10,0,3,2,3,3,3,10,4,15,54,66,50,3
731,18,13,0,18,7,23,19,0,2,55,0,50,6,0,1,2,4,1,31,0,19,36,11,30,28,39,52,0,21,12,46,52,8,21,27,21,0,0,10,3,11,1,0,2,29,5,9,11,0,11,8,31,5,46,0,3,2,4,1,52,49,54,44,51,51,20,0,2,1,4,83,52,9,10,8,10,2,4,2,3,33,9,9,16,54,75,50,133
732,16,22,5,10,7,2,71,58,0,55,0,50,6,4,1,1,6,5,31,0,10,9,14,39,33,75,43,1,28,33,32,7,53,14,2,8,34,0,11,10,16,0,1,0,19,14,2,35,4,16,3,1,38,32,8,1,0,5,24,52,5,36,0,36,29,15,23,10,4,3,7,43,1,9,8,5,5,4,2,2,50,8,9,13,54,21,15,89
733,19,22,5,27,3,26,20,17,54,0,1,50,1,0,4,2,0,1,31,0,49,49,27,47,40,36,36,0,7,12,53,44,15,21,3,0,0,0,10,3,11,48,27,0,21,6,0,1,0,11,15,48,57,31,0,3,1,2,35,52,31,29,1,10,51,10,0,0,0,0,7,0,10,10,10,0,0,4,4,4,50,8,10,25,54,63,43,270
734,20,10,5,25,7,4,9,47,1,2,1,10,8,6,1,3,5,1,31,0,49,49,33,47,40,7,37,0,2,12,33,57,8,21,0,3,0,0,1,10,16,1,0,2,30,0,45,43,0,1,0,0,5,42,0,1,0,5,80,52,20,30,23,28,38,1,0,0,2,1,7,0,0,10,5,13,1,2,0,2,50,9,9,22,54,32,31,49
735,21,12,7,16,14,18,15,21,59,42,25,16,1,1,7,1,5,2,31,25,31,49,33,17,33,36,46,9,13,8,53,4,34,21,15,10,25,0,12,2,21,26,0,24,3,11,25,23,9,15,3,17,24,43,0,9,3,3,31,44,49,54,44,51,51,20,2,15,0,0,80,49,3,5,4,0,3,4,2,3,50,14,9,24,54,63,50,151
736,19,17,0,30,3,7,7,7,1,9,1,50,8,6,3,3,5,1,22,0,31,11,11,17,34,7,41,0,16,12,48,52,8,21,27,21,0,0,1,10,16,36,0,32,30,0,45,43,0,1,3,17,5,45,24,8,7,3,62,52,5,33,0,44,48,1,19,22,0,0,7,52,1,5,3,6,3,3,1,4,50,13,9,26,19,32,15,148
737,3,36,0,42,7,14,9,55,1,6,1,7,10,8,8,2,5,5,31,31,31,49,21,28,28,69,48,9,7,12,53,61,73,0,37,43,48,46,0,30,0,53,31,48,30,0,45,43,0,19,15,48,57,0,49,0,0,5,0,40,40,38,15,17,51,18,0,2,0,0,0,0,10,10,10,0,4,3,3,3,50,12,9,42,54,14,8,207
738,18,53,0,50,7,24,16,57,1,55,0,50,1,1,3,2,3,5,15,0,11,49,33,47,40,87,60,12,12,45,8,34,71,18,0,0,7,9,12,2,21,48,0,43,3,11,0,1,3,15,15,48,57,46,0,8,1,4,75,8,49,54,44,51,51,20,26,21,3,2,0,4,5,5,4,6,4,1,2,4,50,9,9,20,8,38,50,167
739,17,6,0,15,7,45,23,58,0,55,0,50,6,1,1,1,4,5,31,2,35,49,12,25,28,53,51,1,1,45,49,34,46,4,0,17,0,0,12,0,22,50,0,45,3,11,4,6,16,15,10,21,31,42,0,1,0,5,33,21,5,44,0,46,47,14,0,22,3,2,0,31,1,10,2,1,3,3,3,3,50,8,9,40,54,84,15,89
740,18,32,0,39,7,5,59,57,1,55,0,50,7,5,1,1,7,1,31,0,34,49,1,42,28,83,43,0,7,9,53,58,8,21,27,21,0,0,0,30,0,53,31,48,30,0,45,43,0,0,8,44,5,46,0,8,3,1,1,52,49,54,44,51,51,20,0,0,2,1,54,45,1,10,5,18,3,4,2,4,0,10,10,21,54,28,50,185
741,4,31,1,40,6,35,6,6,1,52,1,46,2,9,1,2,2,4,13,29,31,36,12,24,3,60,37,2,1,26,10,14,53,21,2,13,25,1,1,19,15,16,0,15,30,0,45,43,0,1,3,1,38,45,31,2,7,2,61,52,49,54,44,51,51,20,34,22,1,4,7,0,1,5,6,14,2,4,2,3,46,10,9,19,29,91,50,26
742,22,11,1,20,6,13,54,57,65,4,1,1,9,5,1,3,2,2,31,15,31,11,2,2,28,53,47,0,35,44,22,3,46,21,0,0,0,0,10,21,5,1,0,2,28,26,35,33,0,18,1,28,31,1,8,8,6,1,33,52,31,48,0,36,31,17,0,3,0,0,0,0,6,5,5,0,3,2,2,2,2,11,10,30,54,84,43,289
743,21,36,7,35,2,37,8,7,1,2,2,43,9,7,3,3,3,0,31,25,31,49,5,14,28,14,54,1,7,12,53,44,15,21,3,0,0,0,0,30,0,53,31,48,30,0,45,43,0,0,13,12,5,52,3,8,1,2,74,52,33,29,32,40,0,0,0,2,1,4,7,49,7,10,10,0,1,2,0,3,50,9,9,9,54,52,45,217
744,3,24,0,34,11,69,8,6,50,4,1,3,13,11,3,2,4,1,31,0,23,36,20,12,28,7,34,1,1,43,46,58,8,21,27,21,0,0,12,6,24,36,20,32,25,17,0,0,20,6,10,39,5,31,0,8,3,3,81,52,5,27,0,43,43,6,47,11,0,0,12,48,5,0,0,30,4,4,0,4,50,9,10,18,54,32,15,270
745,21,41,0,50,7,26,17,16,1,13,1,10,1,1,5,3,5,3,31,0,31,3,2,47,40,73,39,0,1,43,47,12,8,21,2,18,14,5,1,29,4,1,2,0,30,0,45,43,0,1,3,17,5,42,37,1,0,5,1,52,49,54,44,51,51,20,21,15,4,3,7,49,1,5,5,18,3,4,4,4,50,11,9,26,54,16,50,27
746,18,32,0,42,7,2,53,42,1,55,0,50,7,5,1,1,6,3,13,0,19,3,33,47,40,7,40,0,1,33,0,10,8,4,26,20,43,0,12,1,23,26,0,24,2,22,42,40,6,15,15,48,57,46,0,1,0,5,1,52,5,30,15,43,0,14,0,10,1,4,7,0,10,10,10,0,3,4,4,4,0,9,0,28,8,32,15,182
747,20,25,0,33,13,31,15,11,1,10,1,43,1,1,3,4,5,3,31,0,11,36,24,47,40,53,41,0,16,12,10,9,46,21,0,0,3,0,10,10,16,1,0,2,19,14,9,11,0,11,15,48,57,42,0,2,5,2,81,52,20,54,23,14,8,10,56,13,1,4,7,69,5,4,5,13,3,2,3,2,50,9,2,2,54,84,31,217
748,1,36,3,27,7,24,16,14,1,11,2,9,8,1,4,4,2,1,15,0,49,11,33,47,40,14,60,12,13,9,15,1,15,17,16,34,0,0,10,10,16,16,13,0,19,14,1,32,0,11,15,48,57,11,4,1,0,5,1,41,5,54,16,10,13,10,23,0,1,4,7,0,8,10,8,1,4,4,2,4,43,8,10,27,50,52,15,243
749,19,9,0,19,7,78,23,0,1,53,69,50,7,1,3,1,4,5,22,13,21,49,33,38,31,45,51,1,1,39,53,23,42,21,26,0,0,42,12,3,11,50,0,45,19,14,1,2,3,15,6,40,28,42,0,1,0,5,42,27,31,44,23,28,51,14,0,22,4,3,0,34,1,10,6,0,3,3,2,3,42,11,9,35,8,68,43,277
750,17,26,0,44,7,19,7,58,0,55,0,50,1,1,1,3,5,0,31,0,38,5,33,47,40,39,54,0,20,24,6,44,36,21,3,0,0,0,0,30,0,53,31,48,30,0,45,43,0,0,15,48,57,45,0,3,7,3,85,52,49,54,44,51,51,20,0,10,2,1,7,11,9,7,7,0,4,4,3,4,50,9,2,10,54,75,50,154
751,9,37,5,46,9,2,44,1,74,6,1,3,5,2,1,1,5,5,31,0,31,3,33,47,40,53,22,1,12,22,8,23,46,21,0,5,10,25,16,6,24,2,3,0,1,23,9,11,20,4,15,48,57,57,0,3,3,1,81,52,20,12,0,46,47,4,0,0,0,0,0,0,10,10,10,0,4,3,0,1,42,11,10,32,54,84,31,89
752,17,19,0,20,7,12,53,58,0,55,0,50,6,1,1,1,2,0,31,1,31,27,5,17,28,36,56,5,7,12,46,22,34,21,3,0,0,0,1,3,11,36,0,32,30,0,45,43,0,1,6,31,24,28,0,1,0,5,76,48,1,52,16,16,43,1,37,7,4,3,70,0,10,10,10,0,3,4,2,4,2,0,10,26,54,63,2,269
753,16,19,3,45,7,34,71,58,0,55,0,50,6,1,1,0,0,0,31,0,49,49,33,47,40,1,26,10,16,4,33,44,1,22,3,0,0,0,11,6,24,43,22,0,3,11,31,0,16,14,15,48,57,45,0,1,0,5,83,52,1,22,9,3,31,13,0,21,2,1,7,49,5,10,1,18,1,4,0,4,1,8,0,26,54,1,2,71
754,17,19,0,29,7,45,0,58,0,55,0,50,6,1,1,1,6,4,31,0,49,49,33,17,20,55,37,10,20,0,53,14,50,21,26,2,2,31,11,1,23,43,0,39,19,14,34,0,4,14,3,31,31,45,0,2,3,3,5,52,5,44,15,46,51,13,0,13,3,2,0,0,8,1,1,16,3,1,1,4,43,8,9,11,54,87,15,239
755,2,27,1,33,7,11,4,5,1,20,49,7,11,7,3,3,4,0,31,0,31,49,33,44,33,78,54,3,22,26,46,44,62,21,3,0,0,0,0,30,0,53,31,48,30,0,45,43,0,0,6,45,31,46,0,11,1,2,83,46,49,54,44,51,51,20,0,0,0,0,0,52,8,10,5,0,5,3,2,3,20,9,0,26,54,24,50,246
756,17,31,5,42,7,4,2,58,0,55,0,50,6,4,1,1,7,5,31,0,49,49,12,42,18,22,29,0,1,47,0,23,46,21,15,10,0,21,11,1,23,1,2,0,19,14,25,0,3,14,3,39,31,17,4,8,5,4,16,52,20,38,23,36,44,13,0,2,1,4,15,52,8,10,3,16,3,2,0,2,46,9,9,22,54,45,31,143
757,3,33,1,43,6,40,16,12,1,8,1,6,11,9,3,4,3,2,31,1,26,3,11,1,33,7,32,1,16,15,53,5,5,21,2,5,37,0,14,25,17,0,1,0,2,22,0,1,10,17,3,17,5,43,6,1,0,5,1,52,5,18,23,28,51,16,0,21,3,2,7,0,10,10,10,0,4,4,4,4,41,10,0,29,54,32,15,27
758,11,51,3,10,16,81,71,58,0,55,0,50,1,1,1,1,5,5,22,0,27,3,33,47,40,36,51,2,15,44,5,34,8,10,0,0,0,0,15,6,24,51,0,46,25,17,13,0,21,18,15,48,57,57,0,1,0,5,1,52,31,47,15,36,29,17,0,21,4,3,7,0,10,10,10,0,4,4,0,1,50,8,9,26,8,63,43,85
759,11,39,4,13,16,81,71,58,0,55,0,50,1,0,0,1,7,5,22,0,31,3,33,47,40,39,33,1,1,33,53,16,36,21,0,0,0,2,3,6,24,44,23,0,1,23,13,15,20,8,15,48,57,46,36,8,1,4,31,52,5,42,0,37,51,8,55,3,0,0,0,0,8,9,5,19,4,2,2,2,50,0,9,31,8,75,15,214
760,4,31,0,39,7,18,15,2,1,54,1,48,12,6,3,3,0,0,31,0,31,49,20,47,40,36,54,0,13,6,53,44,34,21,3,0,0,0,0,30,0,53,31,48,30,0,45,43,0,0,15,48,57,45,0,13,2,4,86,52,20,48,1,7,51,0,0,0,2,1,7,0,10,10,10,0,1,0,0,4,2,11,9,16,54,63,31,167
761,19,22,5,37,10,50,2,52,74,12,45,50,7,4,1,2,1,4,31,0,25,4,20,47,40,75,35,1,16,15,53,16,1,10,0,0,0,2,7,6,24,45,0,41,25,17,25,23,21,7,15,48,57,43,13,3,1,4,31,52,49,54,44,51,51,20,0,2,2,1,7,0,10,10,10,0,4,1,4,2,14,15,9,22,54,21,50,88
762,16,30,3,12,7,5,71,58,0,55,0,50,1,1,1,1,5,4,31,1,31,49,33,47,40,39,51,0,12,44,53,15,34,21,0,0,25,21,0,30,0,53,31,48,30,0,45,43,0,0,15,48,57,46,0,8,2,0,83,52,49,54,44,51,51,20,0,22,4,3,0,0,10,10,10,0,5,0,0,0,0,0,9,3,54,75,50,82
763,1,46,1,55,7,35,30,26,1,2,1,48,8,5,4,3,5,5,19,2,19,49,27,47,40,36,31,3,16,27,0,20,34,17,0,0,0,2,1,27,9,1,2,0,30,0,45,43,0,16,15,48,57,1,49,12,7,4,31,21,9,27,1,4,2,15,0,10,0,0,15,49,3,2,1,5,1,1,1,1,2,14,3,22,44,63,26,34
764,16,38,4,31,7,55,71,58,0,55,0,50,1,1,1,1,5,2,31,0,31,43,11,47,40,14,46,0,28,43,33,4,15,21,24,13,14,0,11,10,16,16,13,0,19,14,25,0,4,14,15,48,57,31,0,8,3,0,49,52,20,54,36,43,31,13,23,2,3,2,0,2,1,1,1,0,3,2,1,2,50,0,2,16,54,52,31,21
765,17,44,7,47,7,18,4,58,0,55,0,50,1,1,3,1,3,1,31,1,31,49,33,47,40,4,59,2,21,26,53,1,5,21,27,21,0,0,1,2,21,43,0,39,30,0,45,43,0,1,15,48,57,43,0,9,3,3,31,52,5,46,16,14,51,1,0,2,4,3,26,49,6,3,5,0,1,4,2,4,2,8,9,49,54,5,15,142
766,1,12,0,19,7,65,44,24,1,0,1,37,8,4,5,2,3,1,30,0,31,1,33,2,34,14,52,1,22,33,53,57,15,12,0,3,0,0,10,3,11,45,0,41,21,6,25,23,0,11,1,1,10,42,0,8,4,0,31,52,21,45,23,28,51,10,0,0,0,0,0,49,1,1,5,1,3,3,3,3,50,10,0,45,8,52,38,148
767,18,52,0,33,15,16,69,38,1,55,0,50,1,1,3,2,5,2,31,38,49,49,33,47,40,62,60,12,12,19,53,3,54,21,0,0,3,0,0,30,0,53,31,48,30,0,45,43,0,1,15,48,57,1,0,2,1,4,1,52,36,36,15,17,51,1,32,10,4,3,0,7,1,1,1,13,4,4,4,4,38,12,5,10,54,9,48,226
768,17,50,1,25,7,45,35,58,0,55,0,50,1,1,1,2,5,5,31,0,41,49,33,17,33,31,60,12,21,26,45,45,34,23,0,0,0,12,1,23,28,26,17,0,30,0,45,43,0,1,3,31,24,57,0,1,0,5,71,52,49,54,44,51,51,20,0,0,3,2,7,48,1,0,0,5,4,4,1,4,50,9,9,48,54,60,50,51
769,17,18,5,23,10,56,8,58,0,55,0,50,1,1,3,2,5,3,29,0,49,39,30,37,10,39,42,1,25,12,53,5,15,21,18,17,14,0,0,30,0,53,31,48,30,0,45,43,0,0,0,0,10,42,2,1,0,5,83,52,49,54,44,51,51,20,0,0,0,0,54,48,5,10,2,0,3,1,0,3,50,0,10,28,8,75,50,64
770,18,51,3,25,7,35,29,19,2,55,0,50,0,0,1,4,4,3,31,0,25,49,33,47,40,55,39,0,13,7,42,12,34,21,0,21,0,21,1,19,15,52,30,0,30,0,45,43,0,1,15,48,57,46,0,8,3,1,83,52,49,54,44,51,51,20,32,2,4,3,80,52,8,10,4,0,4,3,0,2,50,10,10,49,54,87,50,18
771,19,31,5,34,7,65,9,14,1,0,2,50,7,4,3,2,5,5,31,12,7,49,20,24,28,36,19,1,16,26,53,31,34,23,13,0,0,0,1,29,4,36,20,0,30,0,45,43,0,1,0,17,24,57,0,1,0,5,81,52,38,12,23,28,51,1,15,10,2,1,7,0,10,10,10,0,3,4,1,4,50,9,0,37,54,63,7,189
772,17,30,0,44,7,24,69,58,0,55,0,50,1,1,3,1,5,2,31,0,49,49,30,17,38,61,60,12,16,9,26,5,14,23,0,0,3,0,10,3,11,26,0,24,23,4,0,0,0,11,3,17,9,1,49,8,1,0,64,52,49,54,44,51,51,20,0,2,3,2,7,3,1,5,1,0,3,2,2,3,50,10,0,37,54,7,50,69
773,20,14,5,21,7,73,69,52,74,33,2,12,9,5,1,1,6,0,22,21,31,36,1,19,28,77,54,1,14,12,53,44,34,21,3,0,0,0,0,30,0,53,31,48,30,0,45,43,0,0,2,20,24,42,0,8,1,1,32,52,5,34,1,8,51,0,0,15,0,0,0,0,10,10,10,0,3,3,2,3,17,9,12,45,8,23,15,243
774,17,18,0,25,7,55,23,58,0,55,0,50,6,1,1,1,3,2,31,0,24,5,24,20,28,36,44,5,28,45,42,31,34,21,13,0,0,0,10,6,24,1,0,2,3,11,31,0,0,11,2,21,24,7,8,1,0,5,56,36,5,38,36,46,38,10,32,2,1,4,0,49,7,7,6,0,3,3,2,2,50,8,9,14,54,63,15,37
775,18,22,0,25,7,2,59,35,2,55,0,50,7,4,1,1,0,5,31,12,31,49,33,47,40,7,60,12,13,26,22,23,8,21,0,2,23,12,16,6,24,1,2,0,25,17,31,0,21,19,0,0,5,43,0,2,7,3,74,8,49,54,44,51,51,20,17,10,2,1,15,55,7,6,9,13,1,2,2,3,2,0,9,9,54,32,50,38
776,19,37,0,30,11,66,2,16,74,8,1,50,6,4,3,3,0,3,31,0,49,49,17,17,28,26,34,1,20,7,46,16,34,23,0,0,0,2,1,10,16,45,0,41,30,0,45,43,0,1,6,44,24,1,0,11,7,3,30,52,49,54,44,51,51,20,0,22,3,2,54,0,10,10,10,0,3,4,0,4,0,11,0,37,54,55,50,151
777,0,40,3,88,16,81,71,58,0,55,0,50,0,0,0,1,6,2,15,0,31,11,17,47,40,53,44,1,12,33,53,6,36,21,13,0,39,0,12,6,24,10,7,0,1,23,1,0,6,15,15,48,57,57,0,2,3,3,1,51,49,54,44,51,51,20,51,21,1,4,80,56,10,10,2,0,0,3,0,4,50,0,9,10,8,84,50,149
778,8,38,5,25,6,18,7,4,1,33,69,2,4,11,3,3,1,5,22,0,38,36,25,2,28,30,34,1,13,12,48,17,29,18,0,0,0,20,1,19,15,43,22,0,30,0,45,43,0,11,3,36,20,45,47,2,3,3,1,51,11,32,29,28,47,10,22,2,2,1,40,48,1,8,2,30,3,3,3,3,2,1,9,39,8,59,20,205
779,17,23,5,6,7,73,34,58,0,55,0,50,7,4,0,1,4,0,3,29,31,49,1,17,28,60,34,9,12,33,53,17,53,21,8,13,14,9,1,3,11,27,0,25,30,0,45,43,0,1,0,27,31,39,0,3,2,0,31,26,49,54,44,51,51,20,0,7,2,1,0,0,10,10,10,0,3,4,4,4,50,8,12,10,8,91,50,183
780,19,34,0,75,6,41,64,4,2,52,2,50,6,4,1,3,5,2,31,1,25,49,24,17,31,36,48,0,3,45,0,2,34,23,15,5,28,0,12,6,24,44,23,0,3,11,14,0,5,18,0,17,24,28,0,1,0,5,35,52,31,43,42,43,0,17,4,21,3,2,0,2,1,1,1,5,4,1,2,2,50,10,2,20,54,63,43,242
781,18,31,7,43,7,78,4,52,1,55,0,50,7,5,1,1,2,3,22,0,31,11,2,35,28,78,25,1,22,39,0,9,65,21,13,13,25,0,1,3,11,10,0,10,30,0,45,43,0,1,2,37,43,29,21,8,3,3,61,52,31,36,32,40,0,1,0,21,3,2,54,49,5,10,5,0,2,1,0,4,50,12,0,10,8,24,43,41
782,20,21,2,57,12,10,8,55,1,33,1,12,8,4,4,1,2,3,29,21,19,3,27,17,35,69,33,1,35,48,14,7,53,18,27,0,25,0,10,10,16,43,22,0,19,14,9,0,0,11,0,17,24,29,38,2,3,2,49,8,49,54,44,51,51,20,5,3,4,3,0,0,8,5,5,1,2,4,3,3,50,8,10,34,8,14,50,286
783,22,26,5,37,7,11,4,55,1,33,1,33,7,4,1,5,1,2,31,21,19,11,33,34,28,66,44,1,12,47,53,6,57,21,0,21,25,0,1,29,4,0,1,0,30,0,45,43,0,1,6,31,42,54,0,14,0,5,50,52,49,54,44,51,51,20,0,2,2,1,54,0,10,10,10,0,3,0,0,2,21,10,9,12,54,13,50,6
784,11,35,3,63,16,81,71,58,0,55,0,50,0,0,3,0,1,5,15,0,9,39,33,47,40,7,9,0,12,26,0,23,8,21,15,10,10,9,10,2,21,16,0,15,21,6,31,29,0,11,15,48,57,35,0,1,0,5,1,52,36,18,15,28,0,10,0,2,4,3,7,52,1,5,8,0,3,4,2,4,50,9,9,22,44,32,48,302
785,18,41,0,46,7,7,5,4,1,55,0,50,7,5,3,1,3,5,31,0,49,49,33,47,40,7,18,0,28,12,22,35,8,22,15,0,0,0,14,3,11,48,0,43,11,15,37,36,18,17,0,17,5,28,0,1,0,5,83,52,5,45,36,14,20,16,6,2,3,2,7,13,9,9,9,0,3,2,2,2,50,9,2,26,54,32,15,123
786,17,28,0,38,3,2,23,58,0,55,0,50,6,1,1,1,7,5,29,0,34,0,30,42,33,36,60,12,35,45,49,61,73,0,37,43,48,46,0,30,0,53,31,48,30,0,45,43,0,14,15,48,57,0,49,0,0,5,0,32,31,54,16,29,33,13,64,0,4,3,15,0,10,10,10,0,3,3,2,3,50,8,9,12,42,63,43,26
787,18,56,3,30,9,8,13,0,73,55,0,50,6,1,3,2,4,5,15,0,49,49,33,37,35,69,29,1,35,44,10,23,58,17,0,0,0,2,12,25,17,16,0,15,18,18,13,15,15,15,3,39,43,57,0,8,7,4,48,52,40,42,16,14,10,14,0,15,1,4,7,75,10,10,10,19,5,4,1,1,50,10,9,38,7,14,8,34
788,19,41,0,57,7,19,17,14,1,15,1,50,0,0,4,3,9,5,31,0,31,1,33,1,3,7,33,10,35,45,53,18,8,21,12,0,38,0,13,16,2,43,0,39,18,18,25,0,15,16,3,0,5,45,0,1,0,5,7,52,5,26,15,17,51,15,0,3,0,0,7,0,10,10,10,0,3,2,0,3,0,11,2,36,54,32,15,82
789,18,44,0,62,7,10,53,17,1,55,0,50,1,1,1,3,5,2,15,0,19,3,33,47,40,67,45,0,21,27,53,5,1,9,8,13,26,0,0,30,0,53,31,48,30,0,45,43,0,0,15,48,57,45,42,1,0,5,70,52,39,31,0,40,51,0,28,10,4,3,7,43,8,0,8,5,3,4,0,2,9,10,9,29,26,92,49,148
790,17,12,7,28,7,34,12,58,0,55,0,50,6,0,1,1,2,1,31,38,23,49,33,47,40,36,50,3,16,27,53,57,34,21,27,21,0,0,10,1,23,48,0,43,3,11,26,24,0,15,15,48,57,43,0,8,3,4,31,52,9,46,0,44,51,14,0,10,0,0,80,49,6,5,4,0,3,4,1,4,27,10,9,25,54,63,26,114
791,20,25,8,51,7,25,44,13,2,0,1,0,8,1,1,2,3,5,31,0,19,49,17,47,40,60,44,1,13,12,48,6,53,21,15,21,10,0,13,25,17,16,0,15,1,23,0,1,10,18,15,48,57,46,0,9,3,3,31,52,5,21,23,16,47,17,0,27,2,1,54,49,1,5,1,5,4,4,2,3,2,12,9,38,54,91,15,305
792,22,16,5,20,10,54,18,2,1,46,1,36,9,5,3,2,2,3,15,32,19,25,4,34,31,60,39,1,1,43,52,12,53,18,2,8,9,21,11,10,16,26,0,24,19,14,1,2,26,15,8,39,48,28,37,1,0,5,1,22,20,32,37,27,51,14,22,2,2,1,7,48,2,10,2,1,3,3,1,3,3,9,3,34,8,91,31,41
793,21,30,0,38,10,19,13,2,1,42,2,22,8,4,3,2,6,4,31,0,31,43,33,47,40,14,33,0,1,33,12,14,15,21,0,0,0,2,14,0,22,0,1,0,11,15,13,0,18,17,3,17,5,42,0,8,3,0,35,52,5,39,0,36,10,16,5,21,0,0,0,2,5,5,8,5,3,2,3,3,50,9,2,20,54,52,15,67
794,20,26,5,30,7,7,5,2,2,42,25,30,8,6,3,2,5,4,22,0,25,3,33,34,28,87,37,0,12,45,53,14,53,6,2,13,21,8,13,6,24,10,0,10,1,23,13,15,20,16,15,48,57,45,37,15,0,5,61,52,49,54,44,51,51,20,18,13,0,0,0,34,8,0,2,6,3,4,0,3,50,11,9,32,19,38,50,150
795,19,23,0,31,7,9,6,4,55,54,45,50,8,6,1,2,7,1,31,0,27,43,33,17,25,7,50,1,16,9,46,59,8,21,27,21,0,0,13,6,24,40,18,10,1,23,0,1,20,17,0,0,5,45,0,3,3,3,76,52,5,50,20,10,43,16,64,11,3,2,54,0,8,6,0,10,4,4,4,4,50,9,9,20,54,32,15,21
796,5,36,1,37,6,29,26,8,1,4,1,48,2,8,3,3,5,5,31,0,49,49,24,47,40,78,29,1,1,0,36,17,8,21,0,0,0,2,1,3,11,10,0,10,30,0,45,43,0,1,15,48,57,55,0,8,7,0,63,52,20,53,33,3,33,1,0,2,2,1,7,0,10,10,10,0,3,3,0,3,50,9,9,48,54,24,31,123
797,5,46,5,55,7,33,21,17,1,19,1,46,11,6,5,3,2,5,31,0,49,49,33,47,40,1,19,0,2,9,49,34,1,21,0,0,0,0,1,3,11,26,17,0,30,0,45,43,0,16,15,48,57,45,0,1,0,5,1,52,5,30,23,14,48,15,0,21,3,2,7,0,10,10,10,0,0,0,0,0,50,11,0,26,54,1,15,88
798,16,32,0,58,12,37,71,58,0,55,0,50,0,0,1,2,5,5,22,0,9,27,33,47,40,18,42,0,16,12,8,8,21,21,0,0,10,31,15,1,23,43,22,0,2,22,25,0,16,6,15,48,57,46,0,8,2,3,58,52,11,54,0,43,18,6,0,21,2,1,0,0,2,2,1,5,3,0,2,2,17,12,9,21,50,41,20,177
799,0,19,0,88,16,81,71,58,0,55,0,50,0,0,1,0,3,5,31,0,11,49,33,1,20,78,56,10,1,39,48,34,8,21,0,0,0,0,1,19,15,26,0,24,30,0,45,43,0,1,0,0,5,46,0,8,3,1,83,52,49,54,44,51,51,20,32,22,1,4,0,0,10,10,10,0,5,0,0,4,37,8,10,47,54,24,50,185
800,21,34,5,44,7,10,6,5,1,54,25,49,9,7,1,2,5,4,31,0,49,49,33,47,40,6,35,1,1,12,53,16,7,18,0,2,7,31,10,19,15,1,17,43,29,5,0,0,0,15,15,48,57,1,49,8,3,0,31,52,20,36,7,36,51,14,23,2,0,0,0,0,2,2,0,0,5,4,2,4,50,9,0,28,54,31,31,211
801,17,38,0,52,9,45,24,58,0,55,0,50,1,1,1,2,7,5,15,29,6,7,33,34,18,36,24,1,16,15,53,27,34,18,0,0,0,0,12,16,2,45,24,0,18,18,31,0,15,19,6,27,24,1,49,8,1,3,61,52,5,16,23,16,51,18,23,21,2,1,7,49,3,2,0,0,5,3,2,1,17,10,9,29,8,63,15,161
802,20,37,3,6,9,45,10,7,1,9,2,13,8,6,3,2,5,2,15,12,31,49,33,17,3,60,44,5,20,18,11,6,53,17,0,0,3,0,15,6,24,26,0,24,25,17,25,23,21,18,3,17,38,57,0,3,5,4,31,52,1,37,28,18,9,17,0,2,0,0,7,0,5,5,3,16,4,3,2,2,0,11,9,17,26,91,2,26
803,21,22,5,25,7,6,4,5,1,54,1,49,10,8,1,1,6,5,31,5,23,49,12,47,40,53,60,12,1,26,49,23,46,18,0,2,10,12,1,19,15,16,13,0,30,0,45,43,0,15,0,36,31,46,0,2,1,4,31,11,36,54,10,40,13,14,23,7,4,3,34,70,8,8,1,6,4,1,3,3,38,0,6,20,54,84,48,165
804,20,13,0,25,7,3,69,42,1,12,2,0,9,5,1,1,5,2,31,0,0,49,28,30,33,36,54,5,35,45,53,3,8,17,0,21,25,0,1,19,15,11,0,11,30,0,45,43,0,1,9,31,5,31,0,2,1,4,31,46,20,54,31,36,51,1,0,7,2,1,0,48,1,1,1,0,4,4,4,4,50,8,9,17,54,63,31,278
805,21,41,3,4,9,65,3,7,55,54,1,49,11,9,0,1,4,3,31,0,49,49,33,47,40,53,27,10,15,19,53,12,15,23,13,13,25,0,0,30,0,53,31,48,30,0,45,43,0,0,15,48,57,1,0,8,1,3,58,52,49,54,44,51,51,20,0,0,2,1,54,0,10,10,10,0,3,0,1,3,50,9,9,33,54,84,50,216
806,19,32,5,37,7,5,3,52,1,12,2,50,8,5,1,1,7,3,22,12,31,3,20,47,40,39,40,1,1,26,53,10,8,21,0,8,39,0,15,6,24,1,2,0,1,23,13,1,20,20,15,48,57,39,13,2,3,0,1,50,5,48,29,14,51,19,33,3,0,0,0,69,3,2,2,0,1,0,0,0,50,9,9,9,50,75,15,34
807,18,31,0,30,7,45,19,51,59,55,0,50,1,1,1,3,3,0,31,0,23,49,24,7,32,83,55,0,1,33,42,33,46,21,3,0,0,0,0,30,0,53,31,48,30,0,45,43,0,0,2,14,31,46,0,1,0,5,1,52,49,54,44,51,51,20,0,10,3,2,7,52,5,10,10,0,5,4,2,4,17,10,9,19,54,28,50,130
808,19,52,0,61,7,20,16,12,1,23,1,50,1,0,3,3,3,3,31,25,19,3,33,47,40,60,60,12,16,33,42,6,53,17,0,35,10,0,10,10,16,43,0,39,19,14,31,32,0,11,15,48,57,51,0,8,1,3,75,52,49,54,44,51,51,20,56,13,3,2,0,13,1,1,1,18,2,1,1,1,50,8,2,6,54,91,50,152
809,17,10,0,16,7,34,1,58,0,55,0,50,6,0,1,1,6,1,31,25,23,49,11,37,31,36,53,7,35,43,53,52,34,21,0,3,0,0,0,30,0,53,31,48,30,0,45,43,0,0,14,39,24,52,0,6,3,4,31,52,49,54,44,51,51,20,0,0,3,2,83,0,10,10,10,0,0,4,2,4,33,8,9,29,54,63,50,56
810,21,25,5,29,7,24,18,2,1,42,1,22,7,4,5,1,7,5,19,9,31,36,33,7,28,75,34,9,16,26,53,17,62,21,2,0,0,39,13,3,11,48,17,32,11,15,14,16,15,2,6,44,48,42,0,8,1,1,61,26,36,35,22,25,51,2,40,3,0,0,0,49,1,10,8,1,3,3,2,3,0,13,9,32,8,21,48,140
811,2,38,0,46,10,56,49,14,1,0,1,15,9,5,4,3,3,3,31,0,49,49,11,30,3,50,41,0,1,39,33,9,56,17,11,2,35,0,1,19,15,45,24,0,30,0,45,43,0,1,0,31,40,10,40,14,0,5,16,52,11,34,0,40,31,1,0,7,4,3,7,52,8,10,2,1,4,3,3,3,50,15,9,24,54,80,20,206
812,21,39,0,35,7,65,44,5,1,12,67,23,8,5,4,1,7,5,31,13,31,49,10,26,31,83,30,7,22,33,42,21,69,21,0,0,0,2,11,6,24,20,10,39,19,14,29,26,3,14,8,28,38,42,2,9,3,3,45,22,5,39,9,14,38,13,0,22,3,2,58,0,10,10,10,0,3,3,1,1,40,10,9,38,54,28,15,143
813,17,25,0,33,7,14,9,58,0,55,0,50,1,1,1,3,5,2,31,0,23,49,33,30,28,77,55,1,21,26,42,6,15,21,0,13,34,0,1,19,15,1,2,0,30,0,45,43,0,1,3,31,10,46,0,8,3,1,83,35,49,54,44,51,51,20,32,10,3,2,1,52,8,10,5,0,1,3,2,3,33,8,9,49,54,23,50,217
814,6,13,3,56,9,12,48,38,2,31,1,10,2,10,5,1,3,5,31,38,23,49,33,47,40,18,59,9,1,39,49,17,21,21,15,10,7,14,0,30,0,53,31,48,30,0,45,43,0,1,15,48,57,46,0,9,3,3,74,52,20,53,23,28,29,1,0,7,0,0,54,49,1,10,6,18,4,2,1,3,38,1,9,47,54,41,31,124
815,22,38,5,46,7,16,9,6,50,2,2,48,10,6,3,2,5,1,31,0,31,39,33,47,40,7,43,10,12,47,22,14,8,23,12,13,0,29,12,10,16,36,20,0,18,18,31,0,23,15,0,0,5,57,0,2,7,3,71,52,20,45,23,28,25,14,39,10,1,4,54,0,10,10,10,0,3,0,0,3,50,0,0,36,54,32,31,269
816,19,23,0,25,7,5,2,52,5,12,2,50,8,5,1,1,9,5,15,12,31,36,33,47,40,63,49,1,1,44,53,31,34,21,0,0,0,0,1,28,26,26,0,24,30,0,45,43,0,1,6,31,24,57,0,2,1,2,32,41,49,54,44,51,51,20,55,3,4,3,7,0,10,10,10,0,3,4,3,3,41,8,9,12,8,10,50,303
817,17,33,7,41,7,14,23,58,0,55,0,50,1,0,1,2,6,5,31,0,19,5,20,47,40,53,29,9,18,33,50,17,46,21,15,10,18,5,1,3,11,1,2,0,30,0,45,43,0,1,15,48,57,43,0,4,2,2,31,52,20,22,18,28,48,1,0,2,4,3,54,0,0,10,0,5,3,4,0,4,9,9,8,38,54,84,31,228
818,11,40,4,60,16,81,71,58,0,55,0,50,0,0,3,0,6,4,15,0,19,49,20,47,40,75,39,1,16,27,53,16,15,5,26,2,39,20,3,6,24,27,18,0,25,17,34,0,21,3,3,17,10,46,0,1,0,5,42,52,49,54,44,51,51,20,64,0,1,4,7,0,10,10,10,0,3,4,4,4,0,0,0,29,8,21,50,3
819,22,42,5,37,7,10,3,57,1,50,1,36,10,6,4,0,5,5,31,0,41,49,33,47,40,83,20,1,21,27,46,32,34,23,10,10,25,11,11,19,15,1,0,2,23,4,13,15,4,14,0,27,24,45,0,2,3,1,83,52,49,54,44,51,51,20,0,2,3,2,7,0,10,10,10,0,1,1,0,2,46,9,0,2,54,28,50,6
820,20,32,0,37,10,75,17,6,1,54,2,32,7,4,1,3,5,2,15,0,31,3,24,17,35,33,30,0,16,26,15,5,50,22,13,21,14,0,12,1,23,5,0,6,2,22,25,23,5,15,6,45,33,55,37,2,7,4,61,52,49,54,44,51,51,20,19,22,2,1,7,0,1,5,0,1,2,0,0,0,50,11,9,24,26,65,50,34
821,16,24,5,34,7,1,71,58,0,55,0,50,1,0,1,1,0,1,22,0,49,49,27,1,16,53,53,1,16,26,53,52,46,21,13,37,0,0,10,6,24,43,22,0,11,15,37,0,0,11,3,39,31,32,38,8,1,1,48,8,49,54,44,51,51,20,22,22,1,4,80,48,5,10,0,25,3,3,2,3,50,11,0,35,44,84,50,214
822,0,41,7,88,16,81,71,58,0,55,0,50,0,0,0,1,0,0,31,0,31,39,33,47,40,53,46,0,35,33,53,33,46,21,3,0,0,0,11,3,11,50,0,45,14,10,31,29,5,14,15,48,57,32,0,9,2,3,31,52,5,44,33,6,51,13,1,2,2,1,12,49,10,5,0,0,1,4,2,4,50,8,9,27,54,84,15,168
823,2,43,5,54,7,27,24,18,62,11,2,8,9,5,3,5,3,5,31,0,31,1,33,47,40,24,17,1,35,44,50,37,53,22,0,8,24,8,12,6,24,22,16,0,11,15,31,0,18,15,0,27,24,51,0,8,2,3,56,52,49,54,44,51,51,20,0,17,1,4,7,0,10,10,10,0,0,2,0,2,50,11,10,28,54,47,50,28
824,19,42,4,44,3,21,21,16,1,24,1,50,0,0,4,3,2,4,1,0,49,49,33,47,40,55,36,10,22,12,0,15,50,17,24,8,9,8,0,30,0,53,31,48,30,0,45,43,0,0,15,48,57,46,0,3,2,3,49,47,20,30,0,28,0,0,0,30,3,2,0,0,10,10,10,0,6,4,4,4,50,0,0,19,8,87,31,267
825,17,33,5,39,3,3,2,58,0,55,0,50,6,4,1,1,7,3,3,0,31,36,27,2,28,60,39,2,1,44,0,12,53,21,15,10,21,1,10,22,3,6,2,5,28,26,35,33,0,11,8,5,38,11,1,3,1,2,32,31,5,34,15,19,8,10,56,10,4,3,0,34,5,3,8,14,3,2,1,3,50,9,12,17,8,91,15,95
826,16,32,0,37,7,3,71,58,0,55,0,50,1,1,1,1,4,1,31,0,27,49,33,17,39,36,60,12,21,26,15,1,34,21,0,3,0,0,10,6,24,26,17,0,3,11,13,15,0,15,8,5,24,31,37,1,0,5,38,52,20,45,16,14,38,14,26,0,4,3,0,0,10,10,10,0,3,2,1,2,1,9,0,23,54,63,31,50
827,21,28,0,31,7,17,14,5,56,3,65,6,8,6,4,1,8,5,31,0,31,42,2,8,28,29,28,7,1,26,52,24,28,18,0,0,10,16,14,6,24,17,14,0,2,22,42,40,10,17,2,40,19,7,47,8,3,1,35,20,9,37,0,28,50,16,0,0,0,0,7,0,10,10,10,0,3,2,1,2,2,8,0,32,54,58,26,73
828,20,29,5,37,7,15,8,7,1,46,1,0,8,5,4,1,5,5,22,0,31,36,24,29,28,36,20,1,12,39,53,43,34,21,0,0,0,0,10,22,3,1,0,2,28,26,1,2,0,11,2,30,24,1,49,3,1,0,32,35,20,37,15,40,51,10,55,3,2,1,7,0,10,10,10,0,3,1,2,1,50,10,12,19,8,63,31,303
829,22,38,5,46,7,24,27,11,1,5,1,4,8,5,4,2,2,3,22,32,11,3,33,24,3,33,59,1,15,45,22,61,27,18,0,10,25,9,11,10,16,44,0,40,19,14,35,31,8,14,0,27,22,10,17,6,3,3,31,48,31,40,35,34,6,13,28,0,2,1,7,70,7,5,8,1,4,3,2,1,50,11,10,31,50,65,43,86
830,12,37,5,53,7,28,5,57,2,50,1,46,2,11,3,4,5,5,31,0,49,36,5,47,40,53,24,1,0,0,53,23,46,22,0,0,0,2,12,1,23,16,0,15,3,11,9,11,9,15,15,48,57,45,0,8,2,4,76,51,19,17,1,10,51,14,0,0,2,1,7,0,10,10,10,0,0,3,0,3,50,1,9,47,54,84,32,50
831,17,8,5,14,7,45,59,58,0,55,0,50,6,4,1,1,5,2,31,0,49,49,1,47,40,69,47,0,1,26,53,3,53,21,26,32,42,0,16,1,23,16,13,0,11,15,39,38,18,19,15,48,57,10,19,8,3,1,31,52,49,54,44,51,51,20,32,7,0,0,15,0,1,10,1,1,5,1,2,4,33,8,9,12,54,14,50,102
832,17,17,0,26,7,73,53,58,0,55,0,50,6,4,1,1,5,2,22,0,31,3,33,47,40,60,45,0,1,43,15,5,53,10,2,27,14,0,0,30,0,53,31,48,30,0,45,43,0,0,15,48,57,45,31,8,7,2,63,52,49,54,44,51,51,20,0,2,2,1,0,0,8,10,1,14,3,4,3,4,37,9,9,22,19,91,50,286
833,20,27,5,39,7,11,9,5,2,8,1,14,7,5,4,3,4,1,22,21,31,33,24,24,25,75,42,1,15,43,41,58,15,21,32,13,0,0,10,21,5,26,0,24,28,26,13,0,0,11,6,27,5,42,0,8,3,3,76,52,49,54,44,51,51,20,0,3,2,1,0,70,2,10,3,0,1,1,0,2,2,12,4,8,50,21,50,267
834,17,5,5,18,7,55,0,58,0,55,0,50,6,1,1,1,7,1,22,0,31,36,24,37,28,7,51,0,14,12,53,58,8,21,0,3,0,0,0,30,0,53,31,48,30,0,45,43,0,0,6,27,5,45,0,8,1,2,32,52,5,44,15,44,51,0,0,13,3,2,7,48,8,10,4,0,3,3,2,3,50,10,12,45,8,32,15,149
835,21,31,5,49,7,9,23,25,1,1,1,1,9,1,4,1,7,3,28,21,7,11,33,47,40,36,40,1,15,24,46,10,34,23,13,2,34,0,13,3,11,1,0,2,12,20,42,40,2,16,15,48,57,54,28,1,0,5,81,52,49,54,44,51,51,20,0,11,2,1,7,49,2,0,0,1,3,2,0,2,50,1,1,6,8,63,50,268
836,22,29,0,39,7,18,11,11,1,8,1,4,8,5,3,4,2,5,30,34,27,49,24,10,32,36,33,9,21,26,41,31,34,21,0,0,0,0,0,30,0,53,31,48,30,0,45,43,0,0,12,9,24,42,0,9,3,2,50,52,20,27,29,28,37,0,0,0,4,3,7,34,6,10,1,0,1,3,2,3,17,10,9,18,8,63,31,182
837,16,58,0,61,3,4,71,58,0,55,0,50,1,1,1,1,7,2,22,0,49,49,33,47,40,60,40,10,16,12,53,2,46,21,12,11,34,0,0,30,0,53,31,48,30,0,45,43,0,0,0,17,31,1,0,2,3,4,85,52,49,54,44,51,51,20,65,15,3,2,6,0,10,10,10,0,0,0,0,2,1,8,9,14,19,91,50,286
838,1,38,5,50,7,15,65,52,1,2,1,32,10,5,3,2,3,5,31,0,0,49,33,47,40,55,30,0,1,43,53,21,50,21,2,20,0,37,15,6,24,1,2,0,25,17,25,23,21,2,0,17,31,54,0,8,3,3,31,52,20,32,0,43,51,2,26,21,4,3,7,0,8,10,8,13,5,1,4,4,17,12,9,12,54,87,31,127
839,19,34,1,21,3,7,2,52,36,0,1,50,8,5,1,2,4,5,29,27,21,49,21,29,28,69,33,9,12,48,22,18,58,21,0,0,21,25,15,0,22,1,0,2,2,22,34,32,10,2,10,21,43,42,0,9,3,0,33,31,21,26,43,43,12,2,56,7,4,3,0,29,8,10,5,0,4,3,2,4,50,9,9,16,8,14,38,134
840,17,34,2,5,9,45,1,58,0,55,0,50,7,4,0,1,4,5,15,0,38,49,24,47,40,14,29,10,12,39,53,61,15,17,0,0,0,2,12,2,21,16,0,15,18,18,13,0,15,15,15,48,57,57,0,3,7,2,58,52,5,22,15,40,51,14,0,3,0,0,7,75,7,7,5,16,4,4,4,4,37,8,9,28,8,52,15,182
841,22,37,0,39,4,19,16,9,1,52,1,9,8,5,4,4,0,1,31,0,31,36,33,47,40,60,53,0,7,6,53,52,53,21,0,3,0,0,0,30,0,53,31,48,30,0,45,43,0,0,15,48,38,1,49,8,1,4,86,45,9,51,0,14,51,0,0,0,4,3,0,0,10,10,10,0,3,3,1,4,50,12,12,18,54,91,26,254
842,18,47,5,40,7,11,3,17,1,55,0,50,1,1,3,2,7,5,23,2,31,36,24,18,28,75,23,9,35,43,53,29,58,21,0,0,9,8,12,3,11,8,0,8,11,15,1,2,15,15,9,18,43,52,0,3,1,2,32,15,40,16,43,43,51,14,40,22,0,0,7,0,10,10,10,0,3,3,2,3,0,10,12,43,1,21,8,86
843,20,38,0,47,7,28,26,25,1,14,1,9,1,1,4,4,3,5,31,0,19,47,33,47,40,53,27,0,12,20,32,25,46,21,0,0,0,17,13,1,23,0,1,0,12,20,0,0,18,16,15,48,57,45,0,8,3,0,64,52,49,54,44,51,51,20,4,12,1,4,0,14,9,3,9,0,0,1,1,2,50,9,2,12,54,84,50,20
844,19,7,8,49,7,7,2,52,1,0,1,50,8,5,1,2,7,0,13,0,31,49,33,47,40,53,56,2,12,45,53,22,46,21,3,0,0,0,10,19,15,1,0,2,23,4,1,2,0,11,15,48,57,39,0,1,0,5,1,48,49,54,44,51,51,20,56,3,2,1,84,0,10,10,10,0,3,4,4,3,50,10,9,16,8,84,50,0
845,17,10,5,40,12,33,16,58,0,55,0,50,0,0,3,2,7,1,22,0,49,49,27,7,28,30,52,10,15,45,33,61,53,18,2,5,7,13,10,10,16,18,3,27,19,14,5,3,0,11,10,39,38,36,17,12,6,3,32,27,49,54,44,51,51,20,26,0,4,3,15,49,6,7,6,2,3,3,2,3,50,10,10,32,8,59,50,215
846,20,27,2,40,7,8,5,57,68,54,1,45,8,6,1,3,0,4,31,0,49,49,33,47,40,53,58,10,15,33,47,15,46,23,0,0,0,2,10,6,24,2,3,0,29,5,1,2,0,14,15,48,57,55,0,8,1,0,84,52,9,29,40,48,6,13,0,12,2,1,7,0,10,10,10,0,3,0,1,4,50,9,9,18,54,84,26,294
847,21,10,5,14,7,0,46,11,1,8,1,20,6,1,3,5,7,5,3,0,31,36,11,44,28,53,34,1,8,48,53,17,46,21,0,2,2,34,11,3,11,1,0,2,11,15,1,2,15,14,6,45,31,45,0,8,1,2,32,26,49,54,44,51,51,20,0,22,3,2,0,0,10,10,10,0,3,3,2,2,17,12,9,44,8,84,50,26
848,20,25,5,38,7,18,69,55,1,42,2,1,8,5,1,2,4,5,22,0,47,49,5,47,40,53,54,0,28,26,17,23,8,21,13,0,0,34,11,10,16,43,22,0,19,14,34,0,4,14,0,0,5,46,0,8,2,0,78,46,49,54,44,51,51,20,0,21,0,0,7,50,7,7,1,21,3,0,4,4,50,9,9,38,8,84,50,84
849,3,27,5,32,6,21,29,11,1,7,1,5,11,7,3,4,6,2,22,7,31,19,12,3,38,53,41,9,1,43,33,1,34,18,18,33,0,0,10,10,16,1,20,41,29,5,34,32,0,11,15,48,57,44,2,1,0,5,1,50,40,44,0,43,44,10,23,15,0,0,63,0,7,8,8,1,1,3,2,3,17,9,9,29,8,84,8,167
850,21,24,5,32,7,9,4,55,2,46,45,11,9,6,1,3,3,1,13,0,23,49,33,47,40,14,49,10,1,33,53,1,15,21,27,21,0,0,10,3,11,0,1,0,29,5,13,0,0,11,3,17,5,45,0,8,3,0,64,51,9,35,0,36,51,10,0,15,3,2,7,0,10,10,10,0,1,2,0,2,0,9,10,15,50,52,26,214
851,11,23,5,35,16,81,71,58,0,55,0,50,0,0,1,1,5,0,31,0,49,49,33,47,40,55,25,0,20,45,53,33,50,21,3,0,0,0,0,30,0,53,31,48,30,0,45,43,0,0,15,48,57,1,0,1,0,5,1,52,38,18,15,29,51,0,0,0,4,3,7,0,10,10,10,0,0,2,1,0,2,10,12,27,54,87,7,130
852,19,18,2,20,14,13,15,1,50,46,1,50,6,1,3,2,5,0,31,32,31,49,17,20,33,36,53,7,1,34,53,52,34,21,0,3,0,0,0,30,0,53,31,48,30,0,45,43,0,11,2,30,24,42,0,1,0,5,1,45,31,38,32,36,51,10,0,0,0,0,0,0,10,10,10,0,2,4,2,2,50,9,10,9,54,63,43,246
853,21,45,5,64,6,36,9,52,1,23,2,1,9,5,3,2,2,5,19,0,19,49,7,12,20,68,3,1,12,44,12,27,69,18,2,8,14,16,12,18,18,26,17,0,19,14,14,0,26,15,3,36,54,24,32,1,0,5,48,2,5,54,0,40,18,14,19,3,0,0,54,49,3,10,0,0,2,3,3,3,50,9,10,34,50,8,15,150
854,18,29,5,31,7,13,7,52,2,55,0,50,6,4,3,2,7,5,22,2,31,36,17,18,28,72,28,9,21,26,53,24,61,21,0,2,2,1,12,3,11,2,0,3,11,15,1,2,15,15,9,18,45,42,0,3,1,2,32,20,49,54,44,51,51,20,0,22,4,3,0,0,10,10,10,0,3,3,2,3,50,11,12,43,8,19,50,303
855,5,30,7,62,7,26,13,16,1,10,2,6,12,9,4,3,5,1,31,38,39,49,27,47,40,36,53,7,17,12,53,57,34,21,27,21,0,0,0,30,0,53,31,48,30,0,45,43,0,0,15,48,57,46,0,8,3,3,31,45,31,43,16,10,51,0,0,10,2,1,54,49,5,5,6,0,6,3,2,3,50,13,9,24,54,63,43,123
856,17,41,0,35,7,29,24,58,0,55,0,50,0,0,4,1,4,4,31,2,31,49,5,2,28,75,39,7,1,26,33,12,62,21,0,0,25,21,12,2,21,5,22,43,11,15,11,11,18,15,2,35,48,7,21,9,3,1,38,52,9,48,0,36,31,14,32,22,3,2,0,0,7,6,6,0,3,2,3,2,2,9,0,30,54,21,26,135
857,17,29,5,39,7,15,69,58,0,55,0,50,1,1,3,1,5,3,22,0,19,49,2,34,3,34,55,1,1,33,9,38,58,21,8,10,14,9,13,10,16,17,22,10,19,14,14,2,5,16,10,39,43,7,17,1,0,5,83,51,49,54,44,51,51,20,18,10,1,4,54,49,8,5,8,1,1,3,2,4,50,8,9,34,8,66,50,16
858,16,37,0,48,7,4,71,58,0,55,0,50,1,1,1,1,0,2,0,0,49,5,33,47,40,36,60,12,15,43,45,2,11,22,0,0,3,0,1,29,4,1,2,0,30,0,45,43,0,1,15,48,57,43,0,9,2,1,70,52,9,54,28,31,42,1,12,0,1,4,7,0,1,0,5,5,0,0,0,0,50,12,9,35,8,63,26,1
859,17,41,0,40,7,7,10,58,0,55,0,50,1,1,3,2,6,4,31,0,23,49,33,47,40,69,35,1,7,9,12,16,58,21,0,0,0,2,12,16,2,10,0,10,19,14,11,13,26,17,15,48,57,1,49,1,0,5,80,47,20,40,0,16,13,16,18,2,2,1,20,34,7,7,9,8,5,4,4,4,18,8,5,38,54,14,31,317
860,19,19,7,16,3,16,28,13,26,21,61,50,1,0,5,1,5,2,3,38,23,49,33,47,40,53,46,9,16,26,53,4,46,21,15,21,10,0,0,30,0,53,31,48,30,0,45,43,0,0,15,48,57,46,0,9,3,1,61,38,5,50,0,36,51,0,0,2,0,0,0,49,1,5,8,0,4,3,2,3,50,13,0,15,8,84,15,243
861,22,49,0,49,7,33,30,28,1,24,1,13,6,4,5,4,8,2,31,0,7,47,33,47,40,36,44,0,12,48,42,0,34,21,0,21,25,0,11,4,25,16,13,0,5,7,35,33,13,14,15,48,57,31,0,1,0,5,1,52,49,54,44,51,51,20,59,21,4,3,7,0,10,10,10,0,0,1,2,2,50,10,2,4,54,63,50,37
862,22,36,0,46,7,26,20,19,1,13,1,8,6,4,6,3,5,0,31,0,4,1,27,47,40,7,50,2,1,33,46,22,8,21,3,0,0,0,1,3,11,26,17,0,30,0,45,43,0,1,15,48,57,45,0,3,1,2,78,52,31,36,0,36,43,1,0,2,0,0,12,0,2,2,3,0,3,4,2,4,43,10,9,13,54,32,43,34
863,18,14,8,64,7,26,26,22,2,55,0,50,0,0,3,3,4,5,22,0,19,49,33,17,35,39,15,1,1,19,27,34,36,21,8,5,9,12,13,2,21,16,0,15,3,11,25,0,22,19,3,27,24,54,0,8,3,3,67,52,33,18,0,19,25,18,0,2,0,0,7,0,10,10,10,0,3,0,0,2,50,9,9,13,51,75,45,26
864,18,28,0,33,7,78,53,55,2,55,0,50,7,5,1,1,3,3,31,0,49,5,20,47,40,64,43,0,12,17,49,7,34,21,2,0,43,0,10,18,18,16,13,0,29,5,13,0,0,11,15,48,57,17,40,15,0,5,16,52,9,36,15,18,44,10,0,2,3,2,7,49,8,10,3,2,3,2,2,2,43,9,9,24,54,11,26,270
865,19,34,0,30,7,20,18,16,74,52,1,50,1,1,5,1,5,3,31,35,31,49,33,47,40,53,60,12,35,33,12,4,46,21,0,10,37,0,12,13,14,16,13,0,11,15,42,0,15,15,15,48,57,42,0,2,5,0,83,52,49,54,44,51,51,20,22,10,0,0,7,17,5,8,8,25,1,2,2,3,5,10,2,1,54,84,50,169
866,22,15,7,19,6,19,65,52,6,46,6,43,10,6,1,2,5,0,31,0,23,36,33,47,40,55,57,6,6,12,53,33,50,21,3,0,0,0,11,2,21,50,0,45,3,11,4,23,5,14,15,48,57,32,0,9,2,2,31,52,5,51,11,14,0,13,0,2,3,2,0,48,3,10,5,0,1,3,0,1,50,8,9,27,54,87,15,168
867,17,35,5,50,7,16,8,58,0,55,0,50,1,1,4,1,2,1,31,0,49,49,33,1,18,14,35,1,12,45,53,1,15,23,0,3,0,0,0,30,0,53,31,48,30,0,45,43,0,0,0,0,10,45,0,8,3,4,76,52,20,54,23,14,51,0,0,0,2,1,7,0,10,10,10,0,3,3,0,4,50,10,9,30,54,52,31,5
868,3,40,3,30,7,27,18,16,1,29,1,48,8,1,7,2,8,5,1,0,31,49,20,17,7,78,32,2,16,26,20,38,65,17,2,2,0,1,11,22,3,36,20,0,28,26,13,15,4,14,0,17,51,55,40,1,0,5,61,52,36,40,23,28,18,13,28,2,0,0,12,49,4,3,1,5,0,4,3,3,2,12,9,23,42,24,48,145
869,20,18,5,29,7,5,2,47,2,1,2,1,9,5,1,1,0,2,31,0,49,49,33,47,40,36,25,0,16,12,49,6,34,21,15,21,10,0,10,18,18,43,22,0,21,6,25,23,0,11,15,48,57,46,0,9,3,3,31,52,21,40,23,14,47,10,0,21,2,1,7,49,1,5,0,22,2,0,2,0,50,9,0,39,54,63,38,217
870,0,37,2,88,16,81,71,58,0,55,0,50,0,0,1,0,2,3,15,0,19,49,33,47,40,14,24,10,7,12,22,28,15,21,8,10,12,13,10,18,18,43,22,0,29,5,13,0,0,11,15,48,57,39,17,1,0,5,34,52,49,54,44,51,51,20,45,9,1,4,7,49,6,6,7,2,1,4,1,1,50,8,10,37,8,52,50,268
871,18,24,2,23,10,59,2,55,2,55,0,50,6,4,3,1,5,5,31,0,31,49,20,47,40,55,35,1,7,10,49,31,15,21,0,0,0,0,0,30,0,53,31,48,30,0,45,43,0,0,15,48,57,46,0,1,0,5,83,52,49,54,44,51,51,20,0,2,1,4,7,49,7,10,5,0,5,2,2,3,17,9,9,39,54,87,50,270
872,17,18,0,30,7,7,2,58,0,55,0,50,6,4,1,2,4,2,30,34,31,49,33,33,28,39,44,9,22,26,53,6,36,4,0,0,3,0,12,0,22,43,0,39,1,23,31,29,20,15,2,48,25,42,0,8,3,2,38,36,1,37,23,28,51,14,0,21,0,0,0,34,1,5,5,1,3,3,1,2,50,8,9,43,8,75,2,3
873,4,46,0,55,7,29,24,22,1,18,1,10,10,7,5,4,5,5,31,0,19,43,33,47,40,36,60,12,12,45,49,31,34,21,2,25,2,5,12,16,2,16,13,0,19,14,13,0,26,15,3,39,24,31,0,8,7,4,76,50,49,54,44,51,51,20,56,10,1,4,7,11,5,5,3,0,3,4,4,4,50,1,2,10,54,63,50,123
874,20,42,0,41,7,15,4,42,2,12,1,1,8,4,1,2,0,1,31,0,49,49,11,47,40,1,60,12,25,6,45,1,1,23,13,37,0,0,12,6,24,1,2,0,3,11,34,32,5,15,15,48,57,46,0,8,3,0,63,52,1,18,16,10,42,14,0,22,1,4,7,49,1,10,10,14,0,3,0,3,50,9,9,26,54,1,2,167
875,21,25,5,39,7,15,14,4,1,52,46,46,8,5,1,3,5,4,20,0,23,36,33,1,3,78,51,1,16,12,46,15,34,21,13,8,9,16,12,16,2,43,13,24,19,14,34,0,26,15,3,17,24,31,0,2,3,3,81,52,49,54,44,51,51,20,0,18,0,0,7,0,5,10,10,14,1,2,0,3,4,9,9,2,8,24,50,214
876,16,45,5,40,7,78,71,58,0,55,0,50,1,1,1,1,3,5,15,0,31,3,11,47,40,60,60,12,21,12,33,30,36,21,8,8,0,9,12,10,16,0,1,0,18,18,0,0,15,15,15,48,57,46,0,8,1,4,1,52,49,54,44,51,51,20,33,2,1,4,0,70,8,8,5,23,4,4,4,3,50,10,9,39,50,91,50,302
877,22,30,5,21,12,4,3,47,2,4,2,36,11,8,1,1,2,5,30,0,49,49,2,7,35,18,29,1,21,26,52,23,58,21,2,2,14,21,12,6,24,2,3,0,2,22,42,40,10,15,6,45,43,31,45,1,0,5,57,21,49,54,44,51,51,20,38,21,3,2,0,48,8,8,5,1,2,3,3,3,50,11,10,34,8,41,50,54
878,0,18,5,88,16,81,71,58,0,55,0,50,0,0,1,0,0,2,15,0,19,49,1,47,40,60,48,1,12,47,53,2,36,21,0,0,3,0,12,6,24,5,5,0,11,15,25,0,15,15,0,17,25,46,38,1,0,5,1,8,49,54,44,51,51,20,18,10,2,1,7,48,7,10,5,1,3,3,3,2,50,0,10,38,8,91,50,84
879,21,50,1,65,14,67,47,17,55,18,2,32,6,0,3,4,5,5,31,0,49,49,33,47,40,43,27,1,20,24,46,25,40,21,0,0,25,16,10,20,19,16,13,0,29,5,31,0,0,11,15,48,57,54,0,9,2,0,86,52,0,26,22,19,43,10,65,15,4,3,82,49,5,0,4,0,3,2,3,2,50,10,9,3,54,79,0,45
880,18,13,5,27,7,65,59,13,1,55,0,50,7,4,1,1,4,1,13,0,9,49,15,34,35,14,50,0,7,12,53,59,15,22,24,27,0,0,10,18,18,26,17,0,19,14,9,11,0,11,6,39,5,54,31,2,1,3,64,52,49,54,44,51,51,20,19,22,2,1,0,0,10,10,10,0,3,2,2,2,9,10,5,13,29,52,50,26
881,17,25,0,49,12,32,24,58,0,55,0,50,0,0,4,1,5,5,31,0,49,36,33,39,31,7,34,0,26,33,33,17,8,21,0,0,0,2,0,30,0,53,31,48,30,0,45,43,0,14,15,48,57,55,0,8,3,0,76,52,36,38,22,23,18,13,0,0,4,3,80,2,4,6,3,2,3,2,2,2,50,12,2,7,54,32,48,98
882,20,39,0,39,10,42,60,11,69,7,35,36,6,4,4,3,4,5,31,0,31,49,33,42,31,39,25,7,22,33,33,27,36,21,0,0,0,21,12,6,24,50,20,32,3,11,11,11,15,15,8,44,25,7,30,12,6,3,45,52,20,28,0,36,38,14,55,22,1,4,7,0,10,10,10,0,3,1,1,1,2,10,9,43,54,75,31,298
883,19,50,5,46,7,35,23,13,2,14,1,50,6,0,3,2,5,1,31,32,23,49,33,34,31,32,16,1,1,43,53,57,15,22,0,3,0,0,12,17,6,0,1,0,17,2,34,32,15,15,9,36,10,46,0,8,3,3,76,52,49,54,44,51,51,20,0,21,1,4,7,0,10,10,10,0,5,3,1,3,27,11,9,48,54,64,50,217
884,21,32,0,36,12,49,20,14,1,15,1,40,1,1,6,2,0,5,26,0,31,43,33,47,40,39,60,12,15,36,45,28,34,23,2,2,2,1,11,22,3,26,17,0,24,28,13,0,4,14,15,48,57,1,49,8,3,4,76,52,49,54,44,51,51,20,0,0,1,4,7,48,1,0,0,5,3,3,0,4,50,9,9,32,8,75,50,182
885,19,35,0,35,7,23,12,1,74,18,3,50,7,0,1,2,3,3,31,0,49,49,1,1,33,14,40,0,1,26,42,10,15,10,0,0,0,2,0,30,0,53,31,48,30,0,45,43,0,0,6,13,5,7,30,4,3,2,74,52,49,54,44,51,51,20,0,23,3,2,0,43,8,8,4,20,2,1,3,3,50,9,10,8,54,52,50,88
886,19,19,5,30,7,5,69,47,30,23,25,50,8,5,1,1,7,2,3,0,31,36,33,29,28,55,47,2,1,33,53,3,46,21,0,0,3,0,0,30,0,53,31,48,30,0,45,43,0,0,2,30,31,45,0,8,1,2,32,39,49,54,44,51,51,20,0,22,3,2,0,0,10,10,10,0,3,3,2,3,17,10,12,42,8,87,50,64
887,22,31,0,30,6,25,65,47,2,33,25,22,10,4,1,2,5,2,6,0,19,45,1,7,31,83,35,1,12,4,45,3,8,18,26,5,39,0,0,30,0,53,31,48,30,0,45,43,0,0,2,5,5,43,0,1,0,5,27,52,49,54,44,51,51,20,0,0,0,0,7,0,1,0,0,14,3,3,0,3,50,11,9,49,35,28,50,149
888,20,19,5,42,7,14,11,9,2,5,2,3,7,5,3,3,5,3,31,0,19,49,17,24,35,7,40,10,21,26,36,10,8,17,17,0,46,0,14,2,21,16,0,15,4,25,25,0,16,17,6,27,5,42,0,3,7,4,31,52,49,54,44,51,51,20,0,2,4,3,80,75,8,8,8,15,4,4,4,4,50,8,9,28,54,32,50,13
889,20,31,5,35,7,16,10,8,1,2,5,48,7,5,3,3,0,2,31,29,23,49,11,47,40,14,40,1,13,12,53,6,15,21,15,10,25,0,10,3,11,36,0,32,21,6,25,23,0,11,15,48,57,29,0,9,3,3,31,52,21,25,16,14,51,10,0,2,0,0,7,49,5,5,0,0,1,4,4,4,50,9,9,29,54,52,38,305
890,1,25,7,49,7,55,65,2,2,8,15,14,9,6,5,2,5,2,13,21,24,49,24,1,28,7,47,2,15,44,0,3,8,21,2,37,2,0,0,30,0,53,31,48,30,0,45,43,0,0,0,0,5,43,0,8,3,2,31,52,5,39,22,44,51,0,0,2,2,1,46,49,1,10,1,0,4,4,0,4,50,10,9,12,8,32,15,267
891,17,44,3,46,9,31,10,58,0,55,0,50,0,0,0,4,4,5,22,12,31,45,33,17,29,60,18,0,12,45,53,34,46,17,0,0,14,25,1,19,15,1,0,2,30,0,45,43,0,1,0,17,41,1,49,2,1,4,80,52,49,54,44,51,51,20,33,21,1,4,0,48,2,0,2,0,0,0,0,0,50,12,9,36,42,91,50,54
892,2,45,7,35,7,18,21,23,54,13,1,14,6,0,5,5,0,2,31,0,49,49,33,47,40,53,44,0,2,9,53,6,46,21,15,21,10,0,0,30,0,53,31,48,30,0,45,43,0,0,15,48,57,46,0,9,1,3,31,52,5,31,33,6,51,0,0,2,4,3,46,49,5,5,7,0,1,4,2,2,50,12,9,22,54,84,15,65
893,19,32,5,40,7,4,65,35,2,1,56,50,8,4,1,1,2,4,15,0,49,24,24,47,40,53,38,10,25,4,15,13,46,21,8,10,10,8,11,10,16,16,13,0,18,18,13,0,24,16,15,48,57,7,17,6,3,4,6,52,5,31,23,14,20,15,46,10,4,3,4,43,7,7,8,13,3,1,1,1,50,9,10,37,8,84,15,286
894,22,21,1,19,7,17,11,11,40,50,36,43,8,5,5,1,4,3,31,19,27,23,24,20,33,72,43,5,1,33,22,7,61,21,0,0,3,0,13,6,24,26,17,0,2,22,34,32,10,18,2,3,45,42,0,8,3,1,76,35,46,42,9,14,15,17,0,22,0,0,70,48,0,0,0,10,3,4,4,4,27,10,9,22,54,19,14,119
895,17,26,0,35,7,2,59,58,0,55,0,50,6,4,1,1,4,3,29,2,25,1,27,2,28,60,41,9,7,12,53,9,53,21,0,0,3,0,0,30,0,53,31,48,30,0,45,43,0,0,0,48,38,46,0,8,3,0,59,33,1,54,23,28,51,0,64,22,1,4,0,49,8,0,5,0,4,4,4,3,50,8,9,7,8,91,2,41
896,1,17,5,34,7,7,10,6,62,50,2,1,8,5,5,3,5,4,15,1,31,49,1,1,31,7,60,12,1,33,53,14,8,17,0,0,0,2,12,10,16,0,1,0,18,18,0,0,15,15,3,0,5,42,0,3,7,2,58,52,49,54,44,51,51,20,0,11,0,0,7,0,5,5,5,9,4,4,2,2,22,8,9,22,8,32,50,148
897,1,29,0,37,5,20,19,15,1,5,2,48,9,5,4,2,7,5,29,0,10,23,33,2,21,71,28,10,1,12,53,24,59,21,26,27,9,20,10,19,15,44,0,40,29,5,34,32,0,15,6,36,44,29,26,1,0,5,31,52,42,34,15,28,51,14,28,21,2,1,0,49,3,4,0,0,5,1,2,4,27,14,9,28,8,18,11,86
898,20,23,1,27,7,4,69,24,2,7,25,0,9,5,3,1,3,2,31,35,25,49,28,2,25,36,45,5,31,48,47,5,34,3,0,3,0,0,14,6,24,43,17,15,1,23,25,23,20,3,9,11,24,7,21,8,3,0,34,52,31,47,15,17,18,3,0,10,2,1,0,0,8,8,8,1,3,2,2,2,12,9,10,31,54,63,43,28
899,21,31,0,35,7,15,8,5,1,52,2,14,8,6,3,3,2,3,15,0,9,49,33,47,40,83,60,12,1,26,8,7,69,18,26,10,34,0,15,25,17,1,2,0,1,23,31,0,6,18,6,27,54,45,0,1,0,5,1,51,31,54,0,28,29,17,21,21,4,3,0,59,1,1,1,5,3,4,4,4,50,13,9,13,8,28,43,16
900,22,18,0,19,7,6,5,6,54,46,1,12,9,6,4,1,3,3,22,0,24,1,33,29,31,78,53,11,1,33,49,12,65,4,0,0,0,2,12,14,10,0,0,1,21,6,25,23,3,15,6,48,51,45,0,1,0,5,51,41,1,46,0,36,47,14,0,0,2,1,0,0,10,10,10,0,0,2,1,3,50,10,0,19,8,24,2,95
901,11,49,0,59,16,81,71,58,0,55,0,50,0,0,1,1,5,4,22,0,49,36,20,30,16,60,60,12,25,0,22,16,53,23,26,2,7,30,0,30,0,53,31,48,30,0,45,43,0,0,0,48,5,19,21,4,3,0,75,52,31,26,23,14,32,0,0,0,1,4,7,48,8,0,9,5,3,0,0,1,50,12,7,7,50,91,43,190
902,19,23,0,30,14,14,3,55,4,23,2,50,7,4,1,2,5,2,31,0,31,27,17,29,28,75,41,0,16,26,53,6,46,21,0,30,17,0,0,30,0,53,31,48,30,0,45,43,0,0,2,30,31,46,0,8,3,0,58,52,44,34,20,16,51,0,69,3,3,2,7,52,7,10,10,0,5,2,2,3,9,9,9,13,54,21,12,199
903,19,36,0,41,7,15,11,52,1,33,2,50,6,1,3,2,4,5,31,12,23,49,24,47,40,36,21,0,12,43,42,31,34,21,2,10,10,9,10,22,3,16,13,0,29,5,25,0,0,11,15,48,57,28,0,8,3,0,76,52,49,54,44,51,51,20,56,12,0,0,7,11,9,9,8,0,3,2,3,4,50,10,2,7,54,63,50,170
904,6,34,1,30,7,24,20,22,1,18,1,4,9,5,6,5,5,3,22,2,19,49,24,2,28,60,33,9,16,12,53,18,53,21,0,10,10,21,11,0,22,45,0,41,3,11,39,38,16,18,8,21,38,43,0,8,4,0,54,25,31,26,1,4,51,17,0,22,0,0,80,0,10,10,10,0,3,2,0,2,50,11,9,8,42,91,43,302
905,21,31,0,37,7,9,6,5,1,50,69,9,9,7,4,2,5,2,31,0,49,49,11,47,40,1,47,10,25,0,49,3,1,21,0,0,3,0,0,30,0,53,31,48,30,0,45,43,0,0,0,0,1,45,0,1,0,5,40,52,14,45,32,28,47,0,0,15,4,3,7,0,8,10,9,1,3,4,2,4,27,10,9,27,54,1,23,259
906,19,43,0,44,7,18,13,8,1,4,2,50,6,4,3,3,0,5,31,0,19,11,33,30,30,53,34,0,20,21,20,17,36,21,0,0,0,2,13,1,23,0,0,1,21,6,37,36,3,16,3,39,31,55,33,1,0,5,70,52,49,54,44,51,51,20,0,0,0,0,0,0,10,10,10,0,1,0,0,4,50,8,9,10,54,84,50,274
907,18,21,0,25,7,6,7,57,74,55,0,50,7,5,3,1,2,0,31,21,31,49,33,7,32,14,60,12,21,26,53,44,15,21,3,0,0,0,12,6,24,16,0,15,3,11,31,29,3,15,2,14,24,46,0,11,3,1,61,52,49,54,44,51,51,20,0,0,3,2,66,0,10,10,10,0,3,4,3,4,50,8,10,9,54,2,50,217
908,18,42,0,61,10,75,10,42,1,55,0,50,1,1,1,3,7,1,31,0,31,49,11,30,31,55,51,0,1,33,42,58,50,21,0,3,0,0,0,30,0,53,31,48,30,0,45,43,0,0,10,14,33,17,30,12,3,3,35,50,20,41,9,14,38,0,0,0,2,1,7,0,8,7,5,0,4,3,2,2,38,10,9,45,54,87,31,89
909,18,37,2,23,1,62,27,57,1,55,0,50,1,1,3,2,2,1,31,0,49,49,33,47,40,53,43,1,12,34,53,57,8,21,0,3,0,0,1,29,4,1,2,0,30,0,45,43,0,1,15,48,57,1,0,14,0,5,76,52,43,54,0,28,51,1,0,0,0,0,7,0,10,10,10,0,3,0,0,2,50,12,9,30,54,84,9,234
910,1,49,0,25,7,28,55,11,43,18,63,23,7,4,5,3,0,5,9,12,19,49,33,47,40,36,25,0,16,12,53,23,34,21,0,0,0,2,10,6,24,48,0,43,29,5,11,13,0,11,15,48,57,42,0,9,3,2,32,52,45,18,23,14,51,10,0,0,4,3,83,0,10,10,10,0,0,4,3,4,0,9,10,11,17,63,13,148
911,17,37,0,40,7,6,4,58,0,55,0,50,6,4,1,1,5,5,31,32,16,49,2,2,28,60,42,0,22,26,42,20,53,7,0,10,10,21,11,6,24,52,30,0,3,11,37,36,16,14,10,33,38,4,17,2,6,1,34,52,20,24,1,14,18,13,59,0,3,2,7,59,6,5,6,0,3,2,1,3,43,10,10,16,54,91,31,169
912,19,21,5,25,7,7,4,57,1,46,26,50,8,6,1,2,5,3,13,2,31,36,33,7,28,36,41,2,15,44,53,9,34,21,0,0,3,0,10,3,11,10,22,2,11,15,14,16,0,11,1,9,24,43,0,3,1,2,33,33,49,54,44,51,51,20,39,16,0,0,0,0,10,10,10,0,3,3,2,3,50,8,12,17,8,63,50,86
913,17,40,0,46,7,73,7,58,0,55,0,50,6,4,1,2,5,5,15,0,0,49,33,47,40,36,16,1,16,33,53,37,34,21,2,8,9,8,1,29,4,43,22,0,30,0,45,43,0,1,15,48,57,45,13,1,0,5,83,48,49,54,44,51,51,20,0,10,1,4,19,49,1,10,10,3,1,1,1,2,27,12,9,25,20,63,50,148
914,16,15,0,16,7,45,71,58,0,55,0,50,1,1,1,1,7,0,31,25,24,5,0,20,31,78,54,3,16,12,43,44,34,21,3,0,0,0,0,30,0,53,31,48,30,0,45,43,0,0,2,21,24,46,0,15,0,5,83,52,49,54,44,51,51,20,0,0,0,0,80,0,10,10,10,0,1,4,2,3,34,0,9,23,54,24,50,151
915,17,21,1,27,7,78,53,58,0,55,0,50,6,4,1,1,5,1,31,0,34,49,0,42,28,36,53,9,14,26,53,52,34,21,0,3,0,0,0,30,0,53,31,48,30,0,45,43,0,0,8,44,24,46,0,8,3,0,62,51,49,54,44,51,51,20,68,3,0,0,0,52,1,10,1,10,1,4,2,4,42,8,0,13,54,63,50,164
916,19,23,1,10,7,8,53,18,1,24,1,50,7,5,4,2,0,0,31,0,31,49,33,42,28,39,54,0,13,12,53,44,36,21,3,0,0,0,0,30,0,53,31,48,30,0,45,43,0,0,13,44,5,45,0,10,3,1,33,52,9,37,35,7,51,0,0,0,0,0,0,0,10,10,10,0,2,0,0,0,50,12,12,16,54,75,26,185
917,20,26,0,16,7,4,2,52,30,33,2,32,9,5,1,1,5,2,22,0,49,48,27,47,40,11,46,1,13,12,53,4,11,10,26,5,39,0,15,6,24,45,24,0,25,17,0,0,21,18,15,48,57,46,26,8,3,2,86,52,49,54,44,51,51,20,33,0,1,4,7,0,10,10,10,0,3,1,1,4,17,10,0,18,19,49,50,85
918,19,31,2,21,7,17,7,4,1,23,2,50,7,4,3,2,4,5,31,0,31,49,11,17,28,69,28,1,16,26,41,19,58,17,2,2,0,34,13,25,17,0,0,1,2,22,13,15,15,16,0,17,43,31,20,3,7,4,31,52,5,21,23,28,37,15,52,21,4,3,7,0,3,3,3,16,5,3,0,0,27,9,9,20,54,14,15,94
919,22,23,5,46,7,10,65,1,35,17,1,13,7,1,4,3,6,3,31,0,31,3,17,47,40,7,49,2,26,12,4,12,8,21,0,0,25,21,11,4,25,16,0,15,5,7,14,16,18,14,15,48,57,46,40,2,3,4,1,52,1,54,33,4,3,13,22,22,3,2,7,70,7,7,7,22,3,2,3,3,50,8,9,22,54,32,2,144
920,17,14,5,19,7,6,34,58,0,55,0,50,6,1,1,1,5,0,29,0,19,43,33,1,21,36,54,1,17,27,27,22,15,21,13,13,25,0,11,16,2,16,13,0,18,18,13,0,4,14,6,17,10,28,17,1,0,5,1,52,49,54,44,51,51,20,28,0,2,1,80,70,7,7,7,1,4,1,2,1,9,8,10,35,8,63,50,3
921,21,31,0,29,7,19,11,10,1,3,1,48,8,5,1,4,5,2,31,0,38,3,33,1,3,5,60,12,35,33,42,3,6,23,18,21,9,0,12,25,17,36,0,32,17,2,13,15,5,15,0,0,4,28,0,8,1,4,53,52,5,54,22,46,33,14,28,10,3,2,7,55,1,9,1,5,3,1,2,3,50,9,2,36,54,6,15,269
922,18,14,5,26,7,6,3,52,2,55,0,50,7,5,1,1,0,0,31,0,49,49,25,47,40,36,46,9,1,33,53,44,34,21,3,0,0,0,1,19,15,0,1,0,30,0,45,43,0,1,15,48,57,32,0,8,1,1,31,52,9,37,15,44,51,1,0,2,1,4,7,49,1,10,0,0,1,4,1,4,50,9,9,49,54,63,26,171
923,20,32,0,43,7,21,6,4,1,8,1,13,7,5,5,1,7,3,15,29,31,49,33,30,31,14,60,12,22,12,27,14,15,21,0,0,0,2,10,10,16,45,0,41,19,14,37,36,0,17,0,0,10,46,0,1,0,5,83,29,41,54,1,10,4,16,0,13,3,2,58,26,7,1,1,5,4,4,3,4,17,1,9,22,8,52,10,150
924,20,25,0,34,7,15,15,5,1,2,49,46,7,5,3,2,6,5,31,0,49,49,1,30,33,36,34,0,12,0,53,17,34,21,0,10,10,21,11,19,15,17,0,16,27,9,1,2,4,14,3,17,24,54,0,2,1,4,35,52,36,48,23,14,51,13,15,7,3,2,7,48,6,6,10,25,5,1,2,3,2,10,9,13,54,63,48,298
925,17,2,8,7,9,4,61,58,0,55,0,50,6,4,1,1,6,4,22,12,9,49,33,34,17,60,37,1,12,44,0,14,53,15,13,8,14,12,1,29,4,45,24,0,30,0,45,43,0,1,15,48,57,39,12,8,4,2,62,52,49,54,44,51,51,20,50,2,3,2,7,49,9,9,8,0,3,0,0,0,50,9,9,31,19,91,50,26
926,20,29,0,38,7,11,5,4,1,42,1,8,8,6,3,2,5,4,31,0,49,49,30,47,40,39,60,12,12,17,53,16,36,14,0,0,25,21,15,1,23,26,0,24,2,22,34,32,16,2,3,17,25,17,40,1,0,5,16,52,11,54,10,23,51,2,0,0,2,1,54,49,8,8,1,13,4,1,3,2,2,8,9,31,54,75,20,18
927,17,53,5,61,9,55,6,58,0,55,0,50,6,4,1,1,5,5,31,0,49,49,2,47,40,30,12,0,1,39,53,41,46,21,15,10,0,0,11,10,16,36,20,0,26,1,25,0,4,14,15,48,57,14,19,8,7,3,46,52,31,5,0,40,51,13,0,7,2,1,7,0,10,10,10,0,2,2,3,4,17,11,9,17,54,59,43,168
928,22,41,3,22,7,27,59,42,30,52,3,23,9,7,4,1,6,3,31,0,27,7,33,2,28,53,40,0,7,9,48,10,46,21,0,0,3,0,0,30,0,53,31,48,30,0,45,43,0,0,3,39,31,1,49,14,0,5,83,52,20,37,23,16,44,0,0,0,0,0,80,52,9,10,2,0,4,3,2,3,17,12,9,47,54,84,31,186
929,11,40,0,23,16,81,71,58,0,55,0,50,0,0,3,0,5,2,31,0,24,49,33,20,33,36,44,7,35,39,43,6,34,21,0,0,3,0,0,30,0,53,31,48,30,0,45,43,0,0,10,25,24,46,0,3,3,4,83,36,49,54,44,51,51,20,0,3,1,4,0,52,1,10,1,10,5,2,2,2,9,8,10,14,54,63,50,70
930,2,35,1,48,6,36,18,2,1,2,1,49,11,8,1,3,5,2,31,0,49,49,33,17,20,72,41,0,1,33,53,3,1,21,0,0,3,0,0,30,0,53,31,48,30,0,45,43,0,0,3,0,1,19,40,1,0,5,59,52,12,30,15,44,51,0,0,10,4,3,7,0,1,10,1,31,3,4,1,4,2,12,5,29,54,19,21,257
931,18,14,0,17,7,55,34,0,1,55,0,50,7,1,1,1,5,5,15,3,31,1,15,20,31,20,45,1,1,33,41,23,24,12,0,0,0,0,11,3,11,17,0,16,11,15,34,32,1,14,13,21,16,42,0,1,0,5,35,21,44,39,0,36,51,13,55,22,4,3,54,31,8,10,3,0,4,3,1,3,17,10,9,23,16,43,12,86
932,17,43,0,50,7,11,6,58,0,55,0,50,1,1,1,2,5,3,31,29,36,11,17,17,34,36,40,5,16,26,32,10,34,18,0,0,3,0,11,6,24,26,0,24,3,11,4,6,3,14,3,27,24,22,21,1,0,5,12,32,5,38,23,28,29,13,14,0,4,3,7,0,10,10,10,0,3,2,2,2,42,10,10,32,54,63,15,66
933,1,35,1,48,6,26,18,8,50,5,2,5,10,8,1,4,4,4,31,6,5,27,33,10,35,46,37,0,12,45,27,14,71,23,0,36,0,40,15,9,29,36,20,0,11,15,31,0,19,18,3,19,56,51,0,8,1,4,35,52,49,54,44,51,51,20,18,10,3,2,15,14,7,7,7,13,1,2,1,2,0,14,4,50,54,71,50,213
934,19,30,5,36,7,14,69,52,30,33,2,50,7,4,1,2,5,3,31,0,49,11,33,17,3,79,28,0,12,33,0,12,8,21,0,0,0,2,10,18,18,45,24,0,19,14,31,0,0,11,3,17,5,17,40,15,0,5,59,52,49,54,44,51,51,20,0,2,1,4,7,49,1,1,1,0,5,4,4,2,0,11,9,21,54,25,50,217
935,18,30,2,7,7,78,59,35,1,55,0,50,8,5,1,0,4,3,31,0,49,49,11,47,40,39,42,0,24,39,47,8,36,21,26,2,40,0,1,29,4,26,17,0,30,0,45,43,0,1,15,48,57,45,0,3,3,2,76,52,9,35,16,14,9,1,0,0,2,1,54,0,10,10,10,0,1,2,0,4,50,8,2,19,54,75,26,187
936,20,32,3,15,7,6,4,55,1,10,1,39,7,5,3,2,5,3,31,0,43,27,5,7,33,69,34,0,1,34,53,17,58,21,26,10,23,9,11,10,16,10,0,10,18,18,1,2,4,14,15,48,57,45,37,2,1,3,61,16,31,22,15,48,51,13,5,3,0,0,0,0,10,10,10,0,2,3,2,3,13,1,5,14,54,14,43,149
937,20,21,0,32,12,16,4,6,30,50,1,22,8,5,3,1,5,2,31,21,27,3,32,33,28,53,44,9,4,9,46,5,46,21,0,10,37,0,1,29,4,0,1,0,30,0,45,43,0,14,2,35,31,45,0,9,3,0,76,36,1,48,23,28,43,13,59,10,2,1,69,0,0,0,0,2,4,1,0,4,0,8,10,10,54,84,2,162
938,17,5,5,14,7,23,1,58,0,55,0,50,6,0,1,1,0,1,31,0,49,49,33,47,40,1,58,0,1,26,53,61,73,0,37,43,48,46,0,30,0,53,31,48,30,0,45,43,0,0,15,48,57,0,49,0,0,5,0,52,9,45,43,28,51,0,0,10,4,3,76,0,1,5,5,0,1,0,2,4,50,9,0,14,54,1,26,72
939,20,39,3,12,7,8,6,5,1,50,58,2,9,7,1,2,5,5,15,25,24,49,27,39,16,7,34,10,12,33,53,61,8,17,0,0,0,2,0,30,0,53,31,48,30,0,45,43,0,16,15,48,57,45,0,9,7,3,53,52,31,27,0,28,51,15,0,2,2,1,54,75,7,7,5,16,4,4,4,4,50,10,9,29,8,32,43,267
940,17,43,3,35,7,26,13,58,0,55,0,50,0,0,3,2,5,5,17,0,19,1,33,47,40,36,60,12,15,45,49,36,34,21,8,13,26,0,13,10,16,0,1,0,19,14,0,0,5,16,15,48,57,31,0,8,5,0,63,52,5,54,0,14,6,15,40,2,3,2,7,1,1,1,7,0,3,1,2,3,50,9,2,10,19,63,15,182
941,19,15,0,31,7,2,34,13,1,6,1,50,8,4,1,1,5,3,31,32,31,45,17,24,31,36,40,0,26,15,12,10,34,21,0,0,3,0,12,6,24,0,1,0,2,22,0,1,10,17,0,17,24,1,21,1,0,5,35,52,5,54,32,14,9,16,55,3,2,1,0,34,6,7,6,1,3,2,1,3,50,9,10,33,54,63,15,14
942,16,26,2,9,7,65,71,58,0,55,0,50,6,4,1,1,0,1,19,1,13,49,33,47,40,36,20,1,35,39,27,58,15,21,29,15,0,0,10,22,3,16,13,0,28,26,13,0,0,11,15,48,57,51,0,1,0,5,83,52,49,54,44,51,51,20,0,3,0,0,0,49,0,10,0,30,3,1,0,0,17,0,9,8,17,63,50,214
943,5,18,7,19,12,14,11,10,49,14,50,7,11,5,6,4,5,1,31,0,10,49,33,47,40,39,48,1,16,27,32,1,36,21,27,21,0,0,1,19,15,17,0,16,30,0,45,43,0,11,15,48,57,46,0,9,3,2,83,52,20,41,0,40,29,10,0,2,4,3,54,52,7,5,5,14,2,3,2,3,50,15,9,47,54,75,31,98
944,16,24,0,36,7,34,71,58,0,55,0,50,1,0,1,1,5,1,31,0,49,36,17,1,28,39,53,0,21,15,53,59,8,21,0,3,0,0,1,29,4,0,1,0,30,0,45,43,0,1,3,0,1,46,0,1,0,5,32,52,5,54,43,40,51,1,0,10,2,1,7,49,9,10,9,0,3,3,1,3,0,9,0,30,54,75,15,97
945,22,49,5,55,7,24,8,6,1,46,1,6,10,8,3,3,5,5,22,0,19,19,33,37,33,30,21,0,35,43,33,31,27,21,0,8,0,0,15,10,16,17,0,16,17,2,26,24,18,20,15,48,57,1,49,8,3,1,60,52,36,20,15,46,31,19,0,21,4,3,7,34,8,9,8,18,0,2,3,2,50,12,9,36,8,59,48,194
946,6,47,1,63,6,44,22,9,2,7,1,9,2,10,4,6,7,2,31,0,31,49,33,7,28,30,59,1,13,12,53,2,46,12,0,0,3,0,11,3,11,43,0,39,23,4,31,0,24,14,3,5,37,46,0,3,3,3,1,52,49,54,44,51,51,20,64,10,3,2,7,52,1,10,1,11,5,3,2,4,22,15,9,13,54,59,50,22
947,11,7,6,46,16,81,71,58,0,55,0,50,0,0,1,1,6,5,13,2,31,3,8,20,28,87,53,1,16,12,0,23,71,21,15,35,0,0,10,3,11,36,0,32,23,4,25,23,0,11,10,21,56,43,0,3,1,3,33,21,36,46,23,28,51,10,65,3,2,1,7,0,10,10,10,0,3,4,2,2,50,11,12,19,8,38,48,177
948,20,35,1,49,14,47,16,15,2,17,68,5,1,1,4,3,5,5,31,0,48,43,33,47,40,13,28,0,16,12,9,24,46,23,0,0,0,0,10,18,18,0,1,0,29,5,34,0,0,11,3,31,31,45,0,1,0,5,1,52,36,47,15,40,44,10,0,10,4,3,0,0,2,3,2,2,3,2,1,1,0,10,1,3,54,51,48,6
949,19,16,5,33,7,13,15,14,1,1,2,50,1,0,4,2,0,1,31,0,49,49,33,47,40,7,51,0,35,44,53,1,1,23,0,3,0,0,1,22,3,16,0,15,30,0,45,43,0,1,6,27,5,45,0,2,2,3,81,52,5,44,16,14,51,1,0,21,2,1,7,0,10,10,10,0,3,2,0,4,0,9,10,17,54,32,15,151
950,21,36,8,41,13,53,69,52,1,3,1,32,9,6,3,2,5,0,15,0,19,3,33,47,40,75,37,1,12,23,46,44,62,15,3,0,0,0,1,22,3,12,24,2,30,0,45,43,0,1,15,48,57,1,49,8,5,1,80,52,49,54,44,51,51,20,0,2,1,4,0,0,10,10,10,0,3,4,2,4,50,10,4,3,8,21,50,243
951,19,36,0,41,7,22,14,5,1,46,1,50,6,4,4,1,7,5,31,0,34,31,30,24,28,60,33,1,15,45,53,18,53,18,0,17,0,25,11,18,18,16,13,0,19,14,34,32,5,14,3,27,38,46,0,8,3,3,62,52,20,21,23,16,51,13,55,0,1,4,0,42,5,7,7,14,2,1,2,2,50,9,9,19,54,91,31,131
952,22,24,0,34,7,9,6,4,1,54,69,46,11,8,1,2,4,4,26,20,32,36,8,26,31,75,52,9,12,45,53,12,62,21,0,0,0,2,12,19,15,45,0,41,23,4,39,38,1,18,8,20,48,42,0,8,2,2,34,44,38,32,33,25,51,17,0,2,4,3,0,0,10,10,10,0,3,3,1,3,50,9,9,29,8,21,7,153
953,16,35,5,48,12,53,71,58,0,55,0,50,0,0,4,0,8,1,31,15,31,29,5,33,35,53,35,0,16,26,53,1,46,17,13,37,0,0,12,3,11,10,0,10,4,25,1,2,18,15,10,43,38,51,0,4,3,3,35,52,20,24,29,29,51,14,0,23,1,4,7,47,0,0,0,6,0,0,0,0,50,11,9,24,54,84,31,155
954,19,23,5,34,7,8,5,24,2,0,2,50,8,4,3,1,7,4,22,29,31,49,33,7,28,36,36,2,12,45,53,15,34,21,0,13,10,17,1,10,16,27,0,25,30,0,45,43,0,1,6,5,24,43,0,2,1,1,31,52,49,54,44,51,51,20,55,3,2,1,0,0,10,10,10,0,3,3,2,3,50,10,9,13,8,63,50,79
955,19,29,5,30,6,35,5,7,1,23,2,50,7,4,1,2,2,3,22,0,43,3,2,47,40,80,37,1,13,26,46,12,34,21,0,17,28,0,1,19,15,44,0,40,30,0,45,43,0,1,3,17,24,54,16,1,0,5,2,52,5,54,9,28,43,1,0,10,0,0,65,0,9,8,2,2,3,4,4,4,37,9,10,25,38,26,15,267
956,22,41,1,55,6,53,18,8,2,7,2,43,9,5,4,3,3,5,31,0,49,49,33,1,35,36,17,0,35,45,42,36,34,21,0,10,10,8,11,22,3,16,0,15,28,26,25,23,4,14,3,17,24,42,0,8,1,3,76,52,31,54,15,23,20,13,18,2,3,2,7,43,8,8,1,0,2,1,4,2,50,10,2,35,54,63,43,56
957,16,41,3,11,12,40,71,58,0,55,0,50,0,0,4,0,0,5,10,0,49,49,33,47,40,75,24,1,35,45,33,36,62,21,0,0,0,5,13,6,24,44,23,0,11,15,1,0,5,16,0,0,48,51,0,8,3,0,75,5,31,17,43,46,31,15,0,0,1,4,7,0,10,10,10,0,3,0,0,4,37,11,10,25,33,21,43,214
958,17,22,3,8,7,78,44,58,0,55,0,50,7,5,1,1,0,2,31,0,31,0,1,47,40,14,60,12,1,50,45,6,8,19,0,20,45,0,1,29,4,26,17,0,30,0,45,43,0,1,15,48,57,46,0,8,3,0,61,52,49,54,44,51,51,20,0,0,0,0,7,49,1,0,0,14,0,0,0,4,50,9,0,26,54,52,50,109
959,11,27,1,22,16,81,71,58,0,55,0,50,0,0,1,1,5,2,31,12,24,31,33,7,33,36,45,9,15,44,53,5,34,21,0,0,3,0,0,30,0,53,31,48,30,0,45,43,0,11,2,18,24,42,0,8,1,4,45,37,5,54,25,14,51,10,0,0,0,0,0,0,10,10,10,0,3,4,1,4,50,10,9,24,54,63,15,73
960,16,23,3,25,7,2,71,58,0,55,0,50,1,1,1,1,4,5,31,29,31,49,20,17,28,36,47,7,7,12,42,3,34,21,0,0,3,0,11,6,24,43,17,15,3,11,9,11,24,14,8,44,24,28,21,1,0,5,34,52,5,54,9,14,38,13,65,2,4,3,58,0,10,10,10,0,3,2,2,2,38,9,9,40,54,63,15,217
961,21,46,0,59,7,32,50,31,1,11,45,14,1,1,4,4,5,4,15,0,49,31,24,1,28,14,37,1,1,45,0,14,15,21,0,13,14,16,0,30,0,53,31,48,30,0,45,43,0,0,15,48,57,1,49,12,3,1,31,52,49,54,44,51,51,20,56,3,3,2,0,51,9,8,5,18,0,0,0,1,50,10,6,19,26,52,50,243
962,21,30,7,46,14,32,15,24,9,33,2,33,6,0,5,2,4,5,31,0,23,49,33,47,40,53,59,1,19,33,4,23,46,21,13,13,10,9,1,19,15,10,7,0,30,0,45,43,0,1,15,48,57,46,0,9,3,4,1,52,20,51,29,36,4,1,0,10,4,3,54,52,8,3,5,4,4,4,0,4,17,1,9,47,54,84,31,123
963,21,38,0,46,7,20,13,47,2,12,2,36,8,4,1,3,5,5,31,0,31,3,33,17,28,36,60,12,8,43,15,27,34,23,35,39,9,8,10,3,11,0,0,1,29,5,37,0,0,11,3,17,24,28,0,8,3,3,39,50,9,54,36,28,16,10,23,2,4,3,7,11,8,1,1,14,3,4,4,4,50,10,2,22,54,63,26,21
964,6,33,0,39,12,51,13,48,1,2,1,48,13,10,4,3,5,5,31,0,49,49,15,24,3,80,41,0,1,39,42,9,58,21,0,0,3,0,11,10,16,0,0,0,19,14,13,0,26,16,15,48,57,1,0,2,7,2,32,52,17,40,15,46,38,15,15,21,4,3,7,49,1,1,1,13,3,2,3,4,0,12,6,11,54,26,28,241
965,20,25,7,31,7,10,7,52,74,50,1,32,8,5,4,1,0,2,31,29,32,49,33,25,33,39,49,9,13,12,53,1,36,21,15,10,25,0,11,2,21,26,0,24,14,10,13,15,5,15,3,28,24,43,0,9,3,4,58,41,20,46,9,13,51,14,0,5,3,2,63,48,3,5,4,0,3,4,2,3,49,11,9,24,54,75,31,218
966,18,33,0,40,7,6,2,10,1,55,0,50,7,5,1,2,5,5,22,32,27,49,24,2,31,55,39,1,14,6,53,61,50,21,0,2,19,0,0,30,0,53,31,48,30,0,45,43,0,0,8,44,31,43,0,8,3,0,86,52,20,30,0,28,51,0,55,22,0,0,7,49,5,10,8,1,4,4,4,4,50,10,0,7,43,87,31,16
967,18,15,5,27,7,9,59,24,2,55,0,50,7,4,4,0,6,2,3,0,31,36,33,37,28,78,44,1,12,44,53,6,65,21,0,0,3,0,12,10,16,43,0,39,19,14,34,32,3,15,6,39,51,45,0,8,1,3,32,36,20,35,0,28,51,14,0,22,0,0,7,0,10,10,10,0,3,1,2,2,50,9,12,29,8,24,31,112
968,21,29,0,40,7,9,3,55,62,46,1,36,10,7,1,2,5,0,31,0,19,3,33,17,3,75,54,0,13,12,25,44,15,21,3,0,0,0,1,29,4,0,1,1,30,0,45,43,0,1,15,48,57,19,42,8,7,3,64,52,49,54,44,51,51,20,19,15,4,3,7,49,6,7,5,16,2,4,4,4,9,9,9,22,54,21,50,142
969,20,19,0,42,7,15,6,2,1,46,2,32,8,5,1,2,3,4,31,0,27,49,33,7,28,1,36,9,12,22,36,15,1,21,0,0,0,2,11,3,11,0,1,0,18,18,25,0,15,15,2,5,43,7,21,8,6,0,31,28,20,24,15,23,33,14,33,3,2,1,0,49,6,5,4,0,3,3,2,3,9,9,9,14,54,1,31,81
970,20,27,0,33,7,2,5,24,1,9,1,14,8,5,4,1,6,3,31,0,11,39,33,24,33,36,43,0,28,33,32,7,34,21,0,0,0,21,12,7,12,36,20,0,9,12,37,0,18,15,3,27,24,45,8,1,0,5,33,52,20,36,36,36,47,14,0,0,2,1,0,59,8,7,7,0,3,2,2,3,43,9,9,19,54,63,31,6
971,1,53,4,68,14,57,66,43,74,43,2,31,6,4,4,6,5,5,22,1,19,25,33,47,40,60,29,1,12,39,53,23,53,4,26,15,25,1,13,1,23,16,1,1,2,22,0,1,7,16,6,17,38,52,6,8,5,1,31,52,49,54,44,51,51,20,65,3,3,2,0,0,10,10,10,0,4,4,1,1,50,12,10,11,8,91,50,3
972,20,24,0,36,10,80,8,6,1,54,2,32,8,5,1,3,5,3,31,0,31,39,20,7,25,39,35,0,28,33,42,9,36,21,0,0,3,0,11,6,24,1,2,0,1,23,13,15,10,14,10,5,24,12,37,3,3,0,32,52,5,28,36,28,38,13,32,22,4,3,51,2,7,6,4,0,3,3,3,4,0,10,10,7,54,75,15,185
973,1,35,0,46,7,28,59,6,1,54,1,6,13,10,3,3,6,5,15,0,9,43,33,37,6,69,21,0,1,45,0,30,58,21,26,8,18,14,12,18,18,36,20,0,19,14,22,11,26,15,3,27,43,39,33,1,0,5,71,52,49,54,44,51,51,20,52,11,1,4,7,34,0,0,0,14,3,4,4,4,27,3,4,10,26,14,50,86
974,18,17,0,21,13,20,7,13,39,55,0,50,6,1,4,1,5,2,1,35,31,49,28,20,28,36,44,9,7,12,36,5,34,21,1,0,47,0,1,22,3,39,0,35,30,0,45,43,0,1,2,21,24,43,1,5,1,4,83,36,49,54,44,51,51,20,0,3,3,2,58,0,10,10,10,0,3,4,2,4,2,10,10,9,8,63,50,34
975,19,39,0,60,7,17,17,10,62,33,2,50,6,1,3,3,0,5,31,0,31,49,1,47,40,14,60,12,1,45,45,30,15,23,0,20,9,9,0,30,0,53,31,48,30,0,45,43,0,0,15,48,57,46,0,8,3,4,83,52,1,54,43,50,42,0,0,0,1,4,7,0,1,0,0,0,0,1,0,3,50,13,9,31,54,52,2,257
976,20,46,1,46,6,21,5,47,1,33,1,0,8,4,1,2,2,4,22,12,19,36,33,47,40,39,45,1,22,33,15,6,36,18,0,8,10,9,12,0,22,33,2,20,11,15,9,10,18,15,6,27,25,7,23,1,0,5,42,52,9,43,0,36,13,14,0,0,4,3,51,0,10,10,6,2,3,3,3,3,38,9,0,38,8,75,26,26
977,11,9,2,0,16,81,71,58,0,55,0,50,1,0,0,1,5,0,22,0,49,49,1,47,40,7,54,1,1,39,10,44,8,21,3,0,0,0,10,10,16,5,22,43,19,14,9,9,0,11,15,48,57,7,17,1,0,5,35,52,49,54,44,51,51,20,32,3,0,0,38,0,7,7,7,1,2,1,2,3,0,0,10,39,8,32,50,2
978,22,24,2,8,7,4,65,10,1,2,3,42,9,7,3,4,5,3,31,0,11,24,33,30,21,31,41,1,28,46,47,9,30,18,15,15,7,9,12,10,16,17,22,10,12,20,1,0,15,18,15,48,57,36,17,1,0,5,34,52,48,35,9,28,13,17,0,0,3,2,7,49,7,8,8,1,3,3,2,1,38,14,10,32,54,60,19,98
979,16,17,2,7,3,6,71,58,0,55,0,50,6,4,0,1,5,1,15,0,49,49,24,47,40,87,52,1,7,26,20,57,58,17,15,35,0,0,0,30,0,53,31,48,30,0,45,43,0,0,15,48,57,46,17,1,0,5,1,52,5,50,33,10,29,0,0,0,3,2,56,0,7,7,8,2,3,3,3,3,50,8,10,38,8,38,15,182
980,19,43,3,37,7,28,28,8,1,13,1,50,1,1,4,3,6,2,22,21,19,49,24,47,40,18,44,2,12,39,53,6,62,21,12,6,39,0,15,6,24,27,18,0,1,23,34,32,20,18,15,48,57,43,21,1,0,5,1,52,49,54,44,51,51,20,0,2,4,3,7,0,10,10,10,0,4,2,2,3,50,8,10,20,8,41,50,86
981,16,53,0,55,9,45,71,58,0,55,0,50,1,1,1,1,2,3,15,0,6,36,33,17,28,36,60,12,12,44,35,61,73,0,37,43,48,46,0,30,0,53,31,48,30,0,45,43,0,0,15,48,57,0,49,0,0,5,0,52,49,54,44,51,51,20,0,2,1,4,0,10,1,0,1,5,3,2,0,3,50,9,9,7,8,63,50,182
982,17,14,0,26,7,2,12,58,0,55,0,50,6,1,1,1,5,2,22,29,31,11,11,47,40,78,49,0,22,26,22,6,8,21,8,29,9,0,1,19,15,0,1,0,30,0,45,43,0,14,15,48,57,19,37,8,7,3,70,52,33,37,16,10,22,13,29,15,4,3,7,0,10,10,10,0,3,1,4,4,49,9,9,22,19,24,45,268
983,19,23,5,27,7,3,65,47,5,0,56,50,8,5,1,1,5,0,31,0,27,49,20,47,40,36,55,2,22,39,53,33,34,21,3,0,0,0,0,30,0,53,31,48,30,0,45,43,0,0,15,48,57,46,0,9,1,2,32,52,5,49,32,40,0,0,0,18,1,4,80,49,4,5,1,20,4,2,2,3,29,9,0,18,54,63,15,184
984,16,19,5,35,7,23,71,58,0,55,0,50,1,0,1,1,6,3,31,0,49,49,27,47,40,75,39,10,16,12,32,12,34,18,0,20,39,5,15,1,23,1,22,39,2,22,13,15,15,18,0,0,5,45,0,3,3,2,57,52,49,54,44,51,51,20,23,23,4,3,0,42,8,8,7,14,3,2,2,3,50,0,9,38,54,21,50,176
985,20,24,0,28,7,3,69,52,26,50,2,32,9,6,1,1,3,2,31,7,31,49,33,12,28,7,44,3,12,47,42,6,8,8,0,0,3,0,10,3,11,16,13,0,23,4,0,0,0,11,1,11,5,7,37,12,3,3,35,46,5,54,23,36,33,10,0,2,3,2,0,0,10,10,10,0,3,2,1,1,34,10,9,42,54,32,15,265
986,16,38,0,51,7,24,71,58,0,55,0,50,0,0,3,1,4,1,31,0,49,49,33,47,40,14,51,0,5,26,22,58,15,22,15,35,0,0,10,21,5,26,17,0,23,4,25,1,0,11,0,0,10,42,0,3,1,1,35,52,1,54,7,28,20,10,0,21,3,2,0,2,1,5,5,0,2,2,2,3,50,8,2,22,54,52,2,11
987,21,45,1,44,7,19,14,8,1,7,1,49,8,6,4,3,3,5,31,2,23,49,24,18,28,53,22,8,21,26,33,31,46,21,0,0,0,0,0,30,0,53,31,48,30,0,45,43,0,16,6,31,31,18,21,9,6,0,56,27,40,17,29,28,33,15,33,3,0,0,7,23,8,6,9,1,1,3,3,2,2,10,10,6,54,84,8,50
988,6,25,1,28,6,28,10,8,5,7,27,9,3,11,3,5,4,2,31,0,23,49,5,29,28,7,45,1,21,33,46,5,5,21,2,0,43,0,11,3,11,45,20,15,4,25,25,23,4,14,2,14,5,45,0,4,3,0,78,52,5,33,1,6,43,13,0,22,1,4,48,48,1,0,0,0,3,3,2,3,50,10,10,12,54,32,15,298
989,3,35,0,46,7,16,15,6,5,7,1,7,10,7,6,4,5,0,31,0,25,7,24,37,30,36,36,1,16,12,46,33,34,21,3,0,0,0,12,6,24,43,22,0,3,11,34,32,16,15,6,39,24,24,0,4,2,4,76,52,44,34,23,14,43,14,15,22,3,2,30,0,5,10,0,6,0,3,0,4,0,10,5,25,54,63,12,160
990,1,42,1,52,6,31,10,9,2,6,49,4,9,7,4,3,5,5,15,13,31,1,24,45,28,55,19,2,13,7,42,30,50,23,0,0,20,0,13,3,11,48,13,39,14,10,25,23,15,19,1,28,31,39,0,1,0,5,59,26,31,35,29,28,38,18,56,22,4,3,54,52,9,0,4,0,4,3,2,2,50,9,9,6,8,87,43,104
991,19,23,5,22,7,78,44,13,35,27,1,50,7,4,3,1,7,3,22,13,31,36,5,38,28,36,40,9,35,43,53,10,34,21,0,0,3,0,0,30,0,53,31,48,30,0,45,43,0,1,1,18,24,42,0,8,1,2,32,32,40,45,43,43,51,1,56,22,0,0,0,0,10,10,10,0,3,3,2,3,17,12,9,43,8,63,8,184
992,11,33,0,41,16,81,71,58,0,55,0,50,0,0,1,1,4,1,31,25,27,49,28,33,33,36,51,2,16,9,46,57,34,21,15,35,0,0,11,3,11,48,27,0,4,25,31,29,9,14,2,43,24,42,0,3,3,4,1,52,49,54,44,51,51,20,0,2,3,2,75,48,0,0,0,0,4,1,0,2,50,0,0,18,54,63,50,289
993,22,25,1,27,6,15,3,52,1,33,1,32,10,4,1,2,5,4,31,0,21,5,20,37,28,53,40,0,1,39,22,10,46,21,13,17,21,0,0,30,0,53,31,48,30,0,45,43,0,0,6,14,31,45,17,1,0,5,34,52,9,35,20,14,25,0,0,0,2,1,0,31,7,6,6,0,4,2,1,1,50,9,9,19,54,84,26,289
994,21,26,3,27,7,4,65,18,2,12,36,36,9,6,1,2,5,3,31,0,49,49,33,47,40,69,29,1,1,26,53,23,34,23,0,0,14,30,11,3,11,33,22,25,23,4,0,0,4,14,15,48,57,51,0,14,0,5,81,49,49,54,44,51,51,20,0,3,3,2,39,0,10,10,10,0,3,2,1,4,0,10,9,26,54,14,50,88
995,1,31,0,35,7,16,7,4,1,6,1,4,10,6,4,2,1,5,22,29,19,19,33,2,33,75,39,1,22,26,20,29,62,18,0,8,34,0,11,19,15,1,0,2,28,26,25,23,4,16,0,39,48,1,49,1,0,5,31,52,48,23,16,10,4,15,23,10,0,0,35,49,2,3,1,22,5,4,4,4,2,8,9,23,8,21,19,64
996,16,41,0,48,7,28,71,58,0,55,0,50,0,0,3,1,5,5,31,0,49,23,2,17,28,69,60,12,12,26,10,34,36,23,31,10,10,12,0,30,0,53,31,48,30,0,45,43,0,0,15,48,57,28,0,8,1,4,35,52,49,54,44,51,51,20,0,2,4,3,7,49,8,8,7,0,2,0,1,4,0,10,2,33,54,14,50,270
997,18,7,5,18,7,55,44,13,1,55,0,50,7,4,1,1,2,1,9,38,34,49,20,47,40,14,50,1,7,9,0,59,15,21,13,37,0,0,1,3,11,36,1,24,30,0,45,43,0,1,15,48,57,46,0,9,1,1,32,52,5,49,12,10,51,1,0,21,3,2,68,49,3,0,2,0,4,0,2,4,41,10,0,16,42,52,15,214
998,4,32,5,29,6,32,18,15,5,5,1,4,10,6,6,2,7,3,15,13,31,36,23,18,28,53,42,9,1,26,47,8,46,21,2,13,28,0,12,3,11,2,0,3,19,14,1,2,3,15,9,18,31,42,0,3,1,1,32,34,20,38,23,14,18,14,39,22,2,1,7,0,10,10,10,0,3,3,2,3,16,14,12,30,8,84,31,87
999,17,27,0,30,7,78,5,58,0,55,0,50,6,4,1,1,4,3,31,21,8,3,27,29,33,35,37,0,16,9,53,9,62,15,0,0,3,0,10,3,11,17,0,16,29,5,37,0,0,11,2,38,48,1,49,3,1,3,83,52,9,44,34,16,51,10,0,22,0,0,7,52,1,10,1,0,5,0,2,4,15,9,9,15,54,67,26,314
1000,19,41,0,33,7,8,7,57,1,12,1,50,8,5,4,1,6,1,22,38,49,49,33,34,31,60,22,10,1,26,42,1,53,21,15,35,0,0,11,1,23,36,0,32,11,15,25,15,15,14,6,39,38,9,21,2,5,4,10,52,20,15,0,28,38,13,33,21,1,4,8,48,9,10,1,13,1,2,2,2,50,8,9,10,19,91,31,16
1001,11,25,0,41,16,81,71,58,0,55,0,50,0,0,1,1,6,1,31,0,23,49,5,20,28,36,34,0,1,26,27,52,34,21,0,3,0,0,0,30,0,53,31,48,30,0,45,43,0,0,2,21,24,57,0,3,3,4,1,52,20,38,23,14,25,0,0,15,4,3,7,49,7,10,1,0,3,1,2,0,17,0,9,11,54,63,31,217
1002,16,29,5,19,7,23,71,58,0,55,0,50,1,0,1,1,0,2,15,0,19,49,30,47,40,39,58,1,21,33,42,0,36,18,24,0,28,0,10,2,21,12,20,6,19,14,26,24,0,11,15,48,57,40,38,14,0,5,74,11,5,54,16,28,43,10,0,22,3,2,7,33,8,10,8,2,3,3,0,3,0,0,10,28,51,75,15,54
1003,20,19,0,19,7,4,65,13,1,8,1,6,9,6,3,1,2,3,31,2,25,24,2,19,34,36,41,7,5,45,33,9,34,18,0,0,3,0,0,30,0,53,31,48,30,0,45,43,0,0,4,18,24,52,21,9,3,0,35,33,20,34,15,46,31,0,32,0,2,1,7,0,10,10,10,0,2,2,2,2,34,12,0,32,54,63,31,28
1004,22,30,5,28,7,4,19,47,49,0,1,15,8,5,5,1,5,0,31,5,31,25,5,47,40,36,55,0,2,6,53,33,34,21,3,0,0,0,1,3,11,45,24,0,30,0,45,43,0,1,15,48,57,43,0,9,3,4,31,52,40,28,33,4,51,1,0,2,1,4,53,49,5,4,5,4,1,2,2,3,26,10,5,23,54,63,8,305
1005,21,34,1,36,6,30,14,6,10,54,1,36,8,5,3,2,7,3,31,15,25,49,2,25,31,69,35,7,22,26,42,16,58,21,0,0,0,2,14,0,22,36,20,0,6,24,4,2,21,17,10,14,31,42,17,12,3,3,35,52,5,49,23,14,38,16,26,22,3,2,0,0,10,10,10,0,3,3,3,2,38,10,9,39,54,14,15,152
1006,20,46,3,53,10,44,9,6,1,3,1,3,8,6,1,3,4,1,9,0,49,36,33,17,28,7,50,0,25,50,53,57,8,8,26,21,9,8,15,6,24,36,20,0,1,23,0,1,10,18,3,17,5,1,0,1,0,5,32,52,49,54,44,51,51,20,0,22,1,4,6,0,10,10,10,0,3,0,4,4,50,10,4,31,8,32,50,84
1007,18,23,5,36,7,9,7,2,55,55,0,50,7,5,4,1,5,3,29,29,31,3,33,47,40,53,40,1,16,12,0,10,46,14,13,21,14,0,15,0,22,1,0,2,17,2,1,2,15,18,3,31,31,54,0,1,0,5,1,52,49,54,44,51,51,20,23,2,4,3,0,49,3,3,9,5,0,4,3,4,50,0,0,20,8,84,50,267
1008,20,21,0,26,7,78,59,42,1,0,18,2,9,6,1,1,5,0,31,1,9,47,1,17,28,39,48,1,26,15,46,33,36,21,3,0,0,0,13,6,24,36,20,0,3,11,13,1,16,16,0,17,24,45,0,3,2,4,77,52,31,39,34,16,43,15,0,13,2,1,75,0,2,0,0,24,3,4,4,4,11,8,9,25,54,75,43,249
1009,18,33,0,27,10,74,65,24,2,55,0,50,6,1,1,2,3,5,31,26,31,49,15,38,28,60,39,1,20,23,53,23,53,21,0,0,0,2,12,1,23,36,0,32,3,11,1,2,5,15,2,40,38,42,0,8,3,1,38,21,20,32,28,24,51,14,0,22,3,2,0,0,10,10,10,0,3,3,3,3,50,8,9,42,54,91,31,200
1010,2,29,1,40,6,24,30,6,2,33,36,20,7,4,7,2,8,5,1,37,19,49,31,32,28,33,38,1,15,19,53,31,32,21,0,0,0,21,11,3,11,51,0,46,28,26,9,0,4,5,11,23,22,42,0,1,0,5,35,52,36,38,16,14,51,5,0,22,4,3,0,0,10,10,10,0,3,4,2,1,50,10,5,38,8,65,48,80
1011,21,36,4,87,7,35,20,6,62,54,57,46,7,5,4,2,7,2,22,0,49,3,33,47,40,53,45,0,12,39,53,4,34,10,26,5,39,0,15,6,24,27,18,0,25,17,0,1,21,18,15,48,57,43,15,14,0,5,31,52,49,54,44,51,51,20,0,0,4,3,7,0,10,10,10,0,4,2,2,3,50,10,9,20,8,84,50,148
1012,18,30,0,44,7,11,8,7,1,55,0,50,6,4,3,2,4,3,31,0,49,49,33,47,40,7,39,0,35,15,53,12,8,18,26,0,0,42,13,1,23,26,13,1,2,22,1,32,18,16,0,0,5,57,0,8,3,2,49,52,49,54,44,51,51,20,0,0,2,1,7,0,6,8,6,0,3,1,1,2,50,8,9,19,54,32,50,123
1013,21,41,0,44,7,8,69,47,1,46,1,8,9,7,4,2,7,5,22,33,31,36,19,29,28,53,25,9,21,39,33,27,46,21,0,0,0,0,0,30,0,53,31,48,30,0,45,43,0,11,6,5,31,42,0,1,0,5,32,17,31,21,29,40,31,10,40,22,4,3,7,0,10,10,10,0,3,2,2,3,3,12,9,38,8,84,43,204
1014,18,18,0,34,7,5,59,47,2,55,0,50,7,5,1,1,3,5,13,0,49,49,33,47,40,7,60,12,21,12,45,19,8,19,2,13,25,1,0,30,0,53,31,48,30,0,45,43,0,0,15,48,57,57,0,9,3,4,63,52,1,54,0,14,42,0,0,0,3,2,0,0,1,0,5,14,0,0,0,2,50,9,0,26,8,32,2,267
1015,21,41,1,53,6,33,33,20,1,4,1,46,7,5,3,3,5,3,31,0,49,49,5,47,40,55,60,12,15,22,47,12,50,23,0,0,0,2,11,18,18,26,17,0,23,4,39,0,4,14,15,48,57,42,0,8,1,0,53,52,49,54,44,51,51,20,5,13,4,3,0,2,8,9,1,0,2,3,2,3,50,11,2,28,54,87,50,73
1016,20,10,1,18,6,16,69,52,2,42,1,36,8,6,1,2,3,5,30,0,25,49,11,37,33,14,54,1,2,9,53,28,15,21,6,2,2,0,10,22,3,26,17,0,29,5,0,0,0,11,10,39,10,42,0,12,2,2,33,27,5,47,16,8,51,10,0,0,3,2,0,0,10,10,10,0,3,3,1,3,50,8,9,29,8,52,15,148
1017,17,40,5,43,7,4,44,58,0,55,0,50,6,4,1,1,2,1,22,0,49,1,33,24,33,53,60,12,21,12,53,52,46,21,0,3,0,0,0,30,0,53,31,48,30,0,45,43,0,0,3,0,24,31,37,1,0,5,31,52,49,54,44,51,51,20,0,0,4,3,0,48,8,10,3,0,3,3,1,3,50,9,10,35,8,84,50,47
1018,18,31,1,62,7,6,3,55,1,55,0,50,7,5,1,1,4,1,31,1,31,49,11,24,28,7,53,4,2,9,42,52,8,21,3,0,0,0,12,6,24,10,7,0,3,11,14,16,18,15,6,27,5,7,21,1,0,5,38,52,9,47,1,10,38,14,0,2,1,4,58,0,10,10,10,0,3,2,1,1,37,10,9,40,54,32,26,88
1019,20,13,0,23,12,26,21,8,1,54,1,32,7,4,1,4,8,5,31,0,31,49,11,24,33,75,60,12,16,12,49,37,62,20,31,7,27,9,13,10,16,50,0,45,18,18,39,38,15,16,3,27,48,42,0,8,3,1,18,52,49,54,44,51,51,20,5,10,0,0,0,2,9,8,8,14,2,4,4,4,50,12,2,21,54,21,50,295
1020,17,39,5,39,7,10,59,58,0,55,0,50,1,1,3,1,0,3,31,0,49,49,33,47,40,39,55,0,35,39,45,12,34,22,27,0,25,0,0,30,0,53,31,48,30,0,45,43,0,0,15,48,57,57,0,8,3,2,64,52,49,54,44,51,51,20,0,0,0,0,66,0,1,0,1,5,0,0,0,1,50,8,0,37,54,75,50,21
1021,21,30,5,43,10,74,22,14,2,16,2,9,6,4,4,4,5,1,31,0,29,49,33,47,40,53,60,12,21,33,45,59,1,23,26,41,0,0,0,30,0,53,31,48,30,0,45,43,0,19,15,48,57,1,0,9,6,4,81,52,21,54,0,40,42,18,0,0,0,0,7,0,4,0,0,14,0,2,0,2,50,13,9,30,54,84,38,277
1022,1,44,0,47,7,37,33,14,1,8,1,3,9,6,3,4,6,5,31,0,23,45,33,47,40,53,21,0,1,45,15,31,46,12,0,0,10,21,15,1,23,36,0,32,5,7,2,3,7,18,15,48,57,57,0,2,1,4,50,52,20,54,32,40,16,17,9,7,3,2,7,11,8,8,1,1,2,2,4,4,50,9,2,14,54,84,31,37
1023,20,17,5,25,12,11,6,5,1,4,1,7,8,6,3,2,5,2,22,12,19,3,33,34,3,55,39,9,16,33,22,6,36,21,2,13,28,0,11,1,23,36,1,24,19,14,31,0,4,14,15,48,57,54,0,1,0,5,83,31,21,37,0,46,47,13,4,2,0,0,15,0,8,10,3,0,3,4,0,4,5,8,10,29,8,87,38,47
1024,17,9,5,22,7,34,12,58,0,55,0,50,6,0,1,1,5,0,13,12,3,48,27,47,40,53,54,1,22,26,46,44,34,17,17,37,5,20,12,10,16,18,23,11,18,18,25,0,15,15,15,48,57,1,38,8,6,3,76,51,49,54,44,51,51,20,18,15,4,3,31,49,5,8,7,26,3,4,3,1,50,0,10,37,8,84,50,3
1025,0,51,0,88,16,81,71,58,0,55,0,50,0,0,1,0,6,5,13,0,11,49,33,37,21,69,20,3,1,43,0,32,58,21,26,8,18,12,0,30,0,53,31,48,30,0,45,43,0,11,0,36,24,59,16,2,7,0,71,52,31,38,0,44,51,10,18,10,1,4,0,0,10,10,10,0,3,2,2,2,17,8,9,11,29,14,43,286
1026,17,31,0,25,7,1,34,58,0,55,0,50,6,0,1,1,5,2,31,29,11,39,1,2,28,53,44,1,13,12,22,6,46,22,0,0,3,0,1,6,24,0,1,0,30,0,45,43,0,1,3,1,31,42,0,8,6,4,1,52,20,37,16,14,25,1,64,21,1,4,7,52,0,0,0,10,2,0,0,1,50,0,9,27,54,84,31,266
1027,19,18,5,38,7,8,4,57,2,15,1,50,7,5,4,1,5,3,15,0,31,36,24,30,35,53,43,6,12,45,27,7,46,17,0,2,43,0,12,2,21,36,0,32,11,15,37,36,18,15,3,31,31,46,0,8,6,2,19,52,49,54,44,51,51,20,0,12,3,2,7,75,7,5,5,19,1,4,3,4,17,8,9,35,8,84,50,267
1028,19,61,0,59,8,28,22,19,1,19,1,50,0,0,4,3,0,5,3,21,38,49,20,30,16,7,59,1,1,33,53,23,8,4,13,0,24,31,13,6,24,1,22,39,1,23,31,0,2,16,15,48,57,32,0,2,2,3,20,52,49,54,44,51,51,20,0,15,4,3,7,0,10,10,10,0,4,0,2,3,50,12,10,22,50,32,50,183
1029,3,14,1,14,6,14,69,52,37,50,1,32,12,7,4,2,5,2,31,13,25,49,33,8,25,7,46,3,21,33,42,4,8,22,0,0,3,0,10,3,11,0,1,0,23,4,0,0,0,16,9,1,5,42,0,3,3,4,77,43,20,42,16,28,38,15,15,22,4,3,0,0,10,10,10,0,3,4,2,4,50,9,9,24,54,32,31,186
1030,17,46,3,67,9,65,53,58,0,55,0,50,7,5,0,1,2,2,15,0,49,11,33,34,30,36,59,1,12,19,0,6,34,4,0,20,45,0,0,30,0,53,31,48,30,0,45,43,0,0,6,36,24,1,49,1,0,5,32,52,9,53,15,19,0,0,0,0,0,0,7,0,10,10,10,0,3,4,4,4,50,10,9,24,8,63,26,182
1031,18,29,1,38,7,19,16,7,2,55,0,50,1,1,3,2,6,5,22,29,31,26,33,47,40,14,29,7,12,45,19,23,15,17,8,8,10,16,14,0,22,43,0,39,1,23,31,0,20,5,15,48,57,29,40,1,0,5,32,21,21,53,15,46,17,5,55,2,0,0,15,49,1,4,9,4,2,2,1,2,38,8,9,35,19,52,38,122
1032,17,52,0,70,6,50,24,58,0,55,0,50,0,0,3,2,5,2,31,0,49,39,33,17,18,8,45,0,34,39,27,5,2,23,0,13,34,0,1,21,5,5,0,6,30,0,45,43,0,1,3,17,2,57,0,8,1,4,76,52,49,54,44,51,51,20,4,21,2,1,7,49,1,1,1,13,3,4,4,4,50,11,3,31,54,33,50,175
1033,6,43,2,82,1,66,30,30,74,31,1,25,9,5,7,4,5,5,15,0,31,49,33,47,40,60,55,1,16,12,46,44,8,23,0,0,0,0,11,3,11,43,0,39,19,14,9,2,4,14,15,48,57,45,0,15,0,5,83,52,49,54,44,51,51,20,0,3,0,0,7,0,10,10,10,0,3,3,1,4,37,10,0,26,8,91,50,214
1034,16,48,4,66,10,48,71,58,0,55,0,50,0,0,0,3,5,2,13,0,25,36,33,1,3,7,36,1,27,25,53,5,8,4,0,33,14,0,14,1,23,0,0,1,2,22,0,1,10,17,0,0,5,1,0,1,0,5,1,52,49,54,44,51,51,20,64,2,3,2,6,0,10,10,10,0,0,1,2,0,50,10,9,31,8,32,50,84
1035,16,41,5,46,7,8,71,58,0,55,0,50,1,1,3,1,2,5,15,21,19,31,11,17,13,36,1,9,15,43,26,56,34,21,13,13,0,21,0,30,0,53,31,48,30,0,45,43,0,0,3,0,24,57,38,2,3,1,31,52,9,0,10,46,26,0,31,2,4,3,0,0,5,5,5,0,3,4,4,4,2,14,8,16,42,63,26,16
1036,20,31,3,15,7,8,8,6,2,2,1,43,9,7,3,2,6,4,31,0,49,49,0,47,40,85,55,11,25,17,46,15,63,21,0,0,39,8,1,29,4,16,13,0,30,0,45,43,0,1,15,48,57,3,15,4,5,3,86,52,49,54,44,51,51,20,0,22,3,2,0,0,0,0,10,0,0,0,1,1,50,10,10,3,54,36,50,50
1037,19,61,0,82,7,28,11,55,5,12,2,50,6,1,4,1,4,0,31,0,31,49,33,42,31,36,56,0,16,12,42,22,34,21,3,0,0,0,0,30,0,53,31,48,30,0,45,43,0,0,6,44,24,7,37,1,0,5,45,52,11,37,0,36,38,0,0,10,4,3,7,0,8,7,6,1,3,3,3,3,50,10,9,46,54,63,20,28
1038,19,28,5,31,7,9,65,24,74,1,1,50,8,4,3,1,5,1,31,0,34,47,33,37,28,36,51,0,13,9,53,58,34,21,2,40,0,0,11,1,23,26,0,24,3,11,31,29,4,14,15,48,57,7,37,9,3,4,35,52,20,41,16,10,51,13,0,15,4,3,7,0,10,10,10,0,1,0,0,4,9,8,9,20,54,63,31,185
1039,18,14,5,21,7,6,65,0,18,55,0,50,7,4,1,1,6,1,22,0,31,36,28,30,28,36,52,0,14,12,53,57,34,21,0,3,0,0,0,30,0,53,31,48,30,0,45,43,0,0,3,17,24,45,0,8,1,2,32,52,5,45,33,4,51,0,0,22,3,2,7,70,8,10,10,0,3,3,2,3,50,11,12,45,8,63,15,26
1040,4,38,5,42,12,35,41,40,59,34,1,29,1,1,9,5,5,5,31,0,49,0,33,18,28,67,34,1,0,0,53,34,62,22,2,8,9,12,12,3,11,10,22,2,11,15,20,21,9,15,10,18,48,42,0,8,3,1,76,52,49,54,44,51,51,20,0,21,0,0,7,0,10,10,10,0,3,4,0,4,2,14,9,48,54,92,50,89
1041,19,16,5,27,7,55,53,47,2,17,1,50,7,5,3,1,5,2,31,38,49,0,12,34,11,53,51,0,1,39,53,61,36,17,26,41,0,0,14,10,16,17,0,16,18,18,1,2,15,19,3,4,31,10,15,2,5,3,3,52,5,40,33,0,51,18,10,2,3,2,7,48,1,1,1,2,3,2,1,3,2,8,9,13,54,84,15,107
1042,19,42,5,57,14,36,6,52,2,46,25,50,7,5,3,1,5,5,31,1,31,49,17,30,15,18,43,1,1,47,17,42,53,21,8,8,9,8,14,0,22,26,0,24,3,11,13,0,16,19,0,44,38,55,0,1,0,5,7,52,20,4,32,43,37,18,0,15,1,4,7,0,10,10,10,0,3,1,0,3,50,9,10,33,54,41,31,270
1043,0,26,4,88,16,81,71,58,0,55,0,50,0,0,1,0,4,1,31,0,24,49,33,1,28,7,49,10,17,12,42,1,1,21,0,3,0,0,0,30,0,53,31,48,30,0,45,43,0,0,0,0,1,46,0,8,2,1,83,52,20,42,16,10,38,0,0,0,0,0,7,52,8,10,5,0,5,3,0,4,8,9,10,49,54,32,31,217
1044,17,33,5,42,7,20,11,58,0,55,0,50,0,0,3,2,0,5,31,0,31,5,33,24,20,36,32,1,16,12,50,19,15,21,26,20,24,37,14,6,24,50,29,0,3,11,0,0,2,17,6,27,10,45,0,8,3,0,7,52,49,54,44,51,51,20,32,10,0,0,7,0,10,10,10,0,3,2,0,4,46,9,9,33,54,63,50,58
1045,19,33,5,34,7,17,9,57,2,42,2,50,7,5,4,1,5,1,31,12,49,43,33,17,28,62,53,7,22,26,22,52,36,21,27,21,0,0,10,21,5,16,13,0,29,5,4,6,0,11,0,17,38,7,6,9,3,3,67,45,9,37,20,10,22,10,0,0,2,1,80,0,10,10,10,0,3,1,0,2,33,9,4,10,54,9,26,151
1046,21,44,5,35,7,22,13,55,1,50,1,36,7,5,5,1,5,5,15,0,19,49,33,47,40,60,60,12,12,19,10,16,53,22,26,5,14,21,11,11,20,43,22,0,23,4,25,0,4,17,15,48,57,24,12,9,6,1,63,52,36,54,0,44,20,16,0,15,0,0,0,0,8,0,1,0,3,1,0,3,50,10,9,9,8,91,48,41
1047,20,25,0,29,7,7,5,57,1,50,3,32,9,6,1,2,3,5,31,12,31,49,27,30,31,62,44,1,16,12,4,34,54,22,0,0,0,12,13,6,24,44,23,0,2,22,25,0,10,16,0,31,39,50,0,1,0,5,64,52,20,41,23,14,3,15,49,21,0,0,54,0,10,10,10,0,3,4,1,3,11,12,8,47,54,9,31,280
1048,21,25,0,30,12,21,24,2,1,52,2,4,8,6,4,1,0,5,15,29,11,49,33,24,35,69,60,12,1,26,10,34,58,21,0,2,10,9,10,11,20,1,2,0,19,14,34,32,0,11,3,36,31,43,0,2,1,0,31,48,36,54,43,36,11,10,10,10,0,0,15,34,7,5,5,5,3,2,3,4,2,13,9,9,8,14,48,3
1049,18,7,5,15,7,65,3,35,16,55,0,50,7,4,1,1,2,0,31,0,31,30,33,47,40,14,46,1,15,22,8,44,1,21,3,0,0,0,10,10,16,32,20,0,19,14,1,2,0,11,15,48,57,31,0,8,1,0,7,52,5,54,33,4,13,10,0,12,2,1,7,0,10,10,10,0,0,0,0,3,50,9,0,34,54,52,15,304
1050,18,21,5,23,7,78,44,13,42,55,0,50,7,4,1,1,2,3,31,0,6,49,33,17,28,55,40,10,35,44,53,10,36,22,0,0,3,0,0,30,0,53,31,48,30,0,45,43,0,0,3,17,25,45,0,8,2,4,70,52,33,49,15,19,51,0,0,7,4,3,7,0,1,10,0,5,3,2,0,2,41,11,2,35,54,87,45,89
1051,21,24,5,60,6,32,29,11,54,5,69,6,7,5,3,3,3,2,22,0,41,49,33,47,40,60,33,0,22,39,10,18,53,21,15,10,18,5,12,10,16,1,0,2,19,14,37,36,3,15,15,48,57,11,4,8,6,4,61,52,36,54,23,28,13,14,23,0,0,0,49,0,7,10,8,1,1,4,2,4,37,12,10,26,8,91,48,286
1052,17,32,5,54,6,43,28,58,0,55,0,50,0,0,1,3,0,5,31,0,19,31,33,17,28,83,25,1,20,25,10,27,53,21,0,0,0,0,11,6,24,27,18,0,17,2,42,40,4,14,6,36,38,55,0,3,3,3,76,52,49,54,44,51,51,20,0,0,0,0,7,0,10,10,10,0,4,4,0,4,0,9,10,28,54,28,50,289
1053,17,10,5,12,7,12,53,58,0,55,0,50,6,1,1,1,2,1,12,0,31,49,33,30,35,39,53,1,35,48,22,52,8,21,0,33,0,12,0,30,0,53,31,48,30,0,45,43,0,1,3,0,10,28,31,2,3,4,78,8,9,42,23,28,31,1,0,2,2,1,0,49,8,10,0,0,3,4,0,0,50,0,10,29,8,75,26,3
1054,22,36,5,57,7,17,14,20,17,13,4,46,7,1,4,3,0,2,13,0,31,3,33,47,40,53,44,0,20,44,53,4,34,21,13,25,10,0,0,30,0,53,31,48,30,0,45,43,0,0,15,48,57,20,9,12,3,0,74,52,49,54,44,51,51,20,46,12,2,1,48,48,8,10,9,20,3,0,0,1,50,9,5,3,8,84,50,286
1055,11,30,5,10,16,81,71,58,0,55,0,50,1,1,3,0,3,0,31,38,31,49,33,42,33,7,54,3,13,12,53,44,8,21,3,0,0,0,0,30,0,53,31,48,30,0,45,43,0,1,3,5,5,46,0,9,1,2,31,52,5,48,33,6,51,1,0,22,2,1,70,0,5,5,7,0,1,4,2,4,17,0,0,26,54,32,15,123
1056,16,46,0,55,9,2,71,58,0,55,0,50,1,1,1,1,6,3,22,0,49,49,33,47,40,36,39,0,7,9,53,12,34,21,17,2,41,0,1,21,5,45,0,41,30,0,45,43,0,11,15,48,57,46,6,8,5,4,85,52,5,22,0,36,51,10,0,21,1,4,0,0,10,10,10,0,4,2,2,2,50,11,4,13,8,63,15,267
1057,19,22,1,30,3,8,65,47,1,12,2,50,8,5,3,1,5,2,31,14,31,49,2,20,33,39,46,9,16,26,46,4,36,21,0,0,3,0,12,5,7,10,0,10,18,18,3,0,5,15,10,19,25,46,0,11,3,0,83,38,20,48,1,10,43,14,32,22,4,3,0,52,9,10,5,30,5,4,2,4,6,9,3,24,54,75,31,169
1058,16,26,0,19,7,4,71,58,0,55,0,50,1,1,1,1,4,2,31,22,32,16,33,40,35,31,46,0,20,41,0,4,30,21,13,17,21,0,11,21,5,16,0,15,23,4,9,0,4,14,8,42,21,42,0,1,0,5,1,52,49,54,44,51,51,20,9,10,3,2,58,14,5,5,7,0,3,4,2,2,27,12,1,9,54,60,50,74
1059,18,29,5,19,7,10,6,5,1,55,0,50,6,4,1,2,0,1,31,0,49,49,33,47,40,53,51,1,7,12,49,57,8,21,0,3,0,0,10,10,16,50,0,45,23,4,39,38,0,11,0,0,5,42,0,1,0,5,78,52,49,54,44,51,51,20,32,0,0,0,7,0,10,10,10,0,3,1,0,1,50,8,0,26,54,84,50,43
1060,1,33,5,36,12,20,10,10,1,5,69,23,7,4,7,2,0,0,31,38,31,49,11,47,40,39,32,5,22,15,53,33,36,21,3,0,0,0,0,30,0,53,31,48,30,0,45,43,0,0,15,48,57,32,0,9,1,3,31,52,36,39,32,16,51,0,0,10,4,3,12,0,0,5,0,0,0,4,2,1,50,10,9,27,54,75,48,49
1061,18,28,5,19,12,20,65,1,62,55,0,50,6,1,3,1,3,2,1,2,25,36,33,47,40,62,47,9,21,26,0,3,54,21,15,21,10,0,1,3,11,45,17,24,30,0,45,43,0,1,15,48,57,43,0,8,3,1,32,39,49,54,44,51,51,20,0,2,1,4,0,52,4,10,0,2,3,0,0,4,27,9,9,13,8,9,50,112
1062,0,29,2,88,16,81,71,58,0,55,0,50,0,0,1,0,5,4,22,0,49,49,1,17,28,60,58,10,13,12,46,16,46,21,0,0,2,39,11,1,23,50,24,15,3,11,31,29,4,14,0,17,31,45,31,8,3,4,76,52,49,54,44,51,51,20,61,21,4,3,12,49,7,10,0,0,3,2,0,3,50,0,10,27,8,91,50,214
1063,3,33,1,48,6,40,17,16,1,13,2,2,7,4,6,4,5,5,22,29,10,3,24,37,33,62,24,0,1,33,42,28,54,21,26,2,14,9,12,18,18,10,0,10,19,14,39,38,8,16,3,44,38,45,31,2,7,1,72,52,41,23,0,36,35,15,24,10,2,1,0,0,10,10,10,0,3,2,0,4,50,13,9,20,19,9,10,3
1064,19,28,0,31,7,13,8,2,1,1,1,50,7,4,3,2,5,3,26,0,31,49,33,47,40,36,60,12,16,38,8,12,34,22,0,0,0,2,11,1,23,26,0,24,23,4,0,1,4,14,15,48,57,45,0,8,1,4,64,52,20,54,23,28,38,13,23,2,2,1,7,61,1,1,1,0,2,3,3,4,50,0,2,32,13,63,31,264
1065,11,51,5,46,16,81,71,58,0,55,0,50,0,0,1,1,2,5,1,0,19,3,11,47,40,60,8,1,26,39,46,46,53,17,12,0,0,0,0,30,0,53,31,48,30,0,45,43,0,0,15,48,57,46,6,1,0,5,74,52,9,54,15,19,43,0,0,21,0,0,58,34,8,10,3,10,3,4,4,4,0,11,10,26,50,91,26,267
1066,18,28,0,32,7,9,2,52,1,55,0,50,7,5,3,1,5,1,31,0,9,49,33,47,40,53,49,3,25,7,53,1,46,13,18,33,0,0,12,18,18,36,20,0,19,14,39,38,3,15,15,48,57,46,0,8,5,4,31,52,1,54,16,10,51,14,23,2,3,2,0,66,6,6,6,0,5,4,4,4,2,8,0,38,54,84,2,97
1067,20,24,0,25,12,24,18,2,1,13,1,49,6,4,3,3,5,1,22,0,31,11,33,47,40,60,49,1,15,39,53,1,46,17,8,38,0,0,11,1,23,36,20,0,2,22,34,32,4,14,3,31,31,59,40,1,0,5,1,52,49,54,44,51,51,20,52,2,0,0,7,49,9,7,8,1,3,1,1,3,2,9,9,34,11,91,50,86
1068,20,11,5,22,7,3,59,13,5,9,1,29,8,5,4,1,3,2,22,0,49,49,33,47,40,53,53,1,25,31,9,52,15,17,18,33,0,0,10,19,15,14,1,13,23,4,1,2,0,11,15,48,57,10,17,1,0,5,58,8,5,54,0,14,37,10,28,0,2,1,7,0,7,6,7,1,2,3,3,3,43,8,10,34,8,84,15,183
1069,6,37,1,40,6,35,18,17,1,14,1,11,12,7,3,6,6,1,31,0,21,49,33,2,32,77,52,9,0,0,6,57,34,23,0,3,0,0,13,3,11,50,0,45,11,15,25,23,15,16,6,1,24,42,0,8,1,3,35,52,49,54,44,51,51,20,21,7,4,3,7,49,8,8,1,0,3,3,3,4,50,14,2,48,54,23,50,107
1070,21,10,5,17,7,34,65,4,1,13,1,16,7,4,4,2,4,1,22,0,31,36,2,1,28,36,52,0,13,9,52,57,34,21,8,38,0,0,10,19,15,1,0,2,23,4,31,29,0,11,0,0,24,45,0,1,0,5,32,52,5,48,16,10,50,10,47,0,3,2,7,0,10,10,10,0,3,1,2,2,2,12,12,32,8,63,15,47
1071,19,39,0,46,7,15,23,2,2,52,1,50,7,4,3,1,5,4,15,0,23,49,33,47,40,53,35,1,1,43,0,16,36,18,0,0,25,21,11,1,23,26,0,24,2,22,25,23,15,18,15,48,57,39,40,8,3,1,61,52,31,28,0,44,51,17,56,27,3,2,0,43,9,9,9,0,3,2,1,1,50,8,9,31,20,84,43,86
1072,17,38,0,51,7,78,69,58,0,55,0,50,6,4,1,1,5,2,31,0,23,49,20,17,3,7,44,0,16,9,15,6,8,4,13,21,14,0,11,1,23,0,0,1,2,22,0,1,19,14,3,17,5,55,24,2,7,1,71,52,33,54,23,37,13,13,0,0,4,3,7,0,10,10,10,0,3,4,3,4,50,13,9,21,54,32,45,217
1073,18,40,0,32,7,20,16,57,10,55,0,50,1,1,4,1,4,3,31,0,25,3,24,37,33,78,43,3,21,15,29,6,36,21,0,0,3,0,0,30,0,53,31,48,30,0,45,43,0,0,3,45,25,46,0,11,3,0,71,52,49,54,44,51,51,20,55,3,1,4,7,52,8,10,5,0,5,4,2,4,30,9,9,22,54,24,50,37
1074,17,13,7,11,7,7,65,58,0,55,0,50,6,4,3,1,1,2,31,13,25,49,33,29,33,69,46,9,15,45,53,4,58,21,15,10,25,0,1,3,11,36,0,32,30,0,45,43,0,1,2,30,24,29,0,9,3,4,32,52,49,54,44,51,51,20,0,2,1,4,0,49,3,4,5,0,3,4,1,3,50,10,9,24,54,14,50,152
1075,19,42,0,79,0,52,13,52,26,42,36,50,6,4,3,2,0,2,31,0,31,49,11,1,28,7,56,0,1,12,53,22,8,21,3,0,0,0,0,30,0,53,31,48,30,0,45,43,0,0,0,0,5,55,0,8,1,4,85,52,5,47,32,14,51,0,0,0,1,4,0,0,10,10,10,0,1,4,0,4,50,10,10,16,54,32,15,269
1076,6,33,5,44,6,35,33,25,2,17,2,9,13,10,4,5,4,5,31,0,38,7,2,47,40,53,40,10,13,2,20,25,46,21,0,27,14,20,1,18,18,0,1,0,30,0,45,43,0,1,15,48,57,1,49,12,1,0,32,52,36,21,9,2,19,1,23,12,3,2,7,49,8,9,1,5,1,1,2,1,50,15,7,20,54,84,48,28
1077,18,32,5,16,7,34,23,0,1,55,0,50,7,0,1,1,2,0,5,0,19,23,11,47,40,16,51,10,35,45,46,33,5,16,3,0,0,0,0,30,0,53,31,48,30,0,45,43,0,0,15,48,57,28,0,15,0,5,84,52,49,54,44,51,51,20,0,21,4,3,54,0,10,10,10,0,3,1,0,2,50,14,9,7,8,61,50,1
1078,13,51,1,60,6,46,9,8,1,8,2,46,13,8,6,5,5,5,29,0,31,49,33,2,39,18,60,12,20,32,6,41,21,16,0,0,0,0,10,19,15,26,17,0,23,4,34,0,0,11,15,48,57,1,49,8,6,2,62,52,49,54,44,51,51,20,0,27,3,2,0,0,1,0,3,22,3,3,0,0,50,12,9,10,8,41,50,267
1079,2,35,0,52,7,25,7,6,57,5,54,4,12,8,5,1,4,5,15,12,5,49,33,1,28,36,59,1,2,0,0,17,34,21,0,20,7,34,15,1,23,45,0,41,2,22,31,29,10,20,15,48,57,31,21,3,5,3,1,51,1,50,15,51,0,19,0,22,3,2,54,0,10,10,10,0,1,0,0,4,27,0,9,12,8,63,2,149
1080,21,36,5,50,7,15,59,52,1,0,1,12,9,5,1,2,5,5,15,0,49,49,33,47,40,60,33,0,12,22,33,18,46,21,0,0,0,2,11,6,24,43,22,0,3,11,39,0,5,14,0,0,24,55,0,1,0,5,81,52,49,54,44,51,51,20,0,2,2,1,7,0,10,10,10,0,0,2,0,2,50,10,10,29,20,91,50,148
1081,1,31,5,28,7,10,4,52,9,46,25,32,10,6,4,2,7,3,22,2,31,36,2,18,28,19,20,1,21,26,53,32,69,21,0,5,14,12,13,3,11,1,0,2,11,15,1,2,15,16,6,18,54,7,32,8,1,3,32,13,49,54,44,51,51,20,56,22,2,1,0,0,9,10,10,0,3,3,2,3,50,13,12,40,8,42,50,190
1082,1,31,5,54,7,19,13,11,1,7,25,6,9,7,3,4,6,1,31,0,31,3,24,17,7,60,60,12,12,44,53,57,34,21,34,8,0,0,15,1,23,36,20,0,2,22,25,23,10,18,15,48,57,57,0,3,3,3,60,50,49,54,44,51,51,20,22,0,3,2,7,0,6,7,8,23,4,3,3,4,50,9,9,38,54,91,50,191
1083,17,32,0,39,7,20,6,58,0,55,0,50,1,1,1,2,5,5,19,0,31,3,20,30,21,69,34,0,16,26,53,17,58,22,26,8,25,9,1,29,4,26,0,24,30,0,45,43,0,1,6,5,43,45,31,2,7,3,61,52,49,54,44,51,51,20,18,22,2,1,0,0,10,10,10,0,3,2,3,4,2,10,9,12,22,14,50,79
1084,21,23,7,31,7,6,69,52,2,33,2,18,8,5,3,2,0,1,31,12,10,49,33,47,40,60,51,3,22,34,50,58,53,21,27,21,0,0,10,19,15,5,24,41,27,9,0,1,0,11,15,48,57,29,0,9,3,4,75,52,49,54,44,51,51,20,0,10,4,3,80,52,4,5,0,14,1,3,2,2,17,12,9,47,54,91,50,305
1085,19,5,1,15,6,13,59,24,1,12,1,50,7,1,1,2,3,5,22,11,31,49,12,25,31,69,57,1,16,12,8,14,58,21,0,0,0,2,10,22,3,43,0,39,28,26,0,1,0,11,6,18,43,42,0,8,2,3,35,29,20,50,0,14,6,10,0,10,3,2,54,0,1,5,8,0,4,3,3,3,34,9,9,31,8,14,31,167
1086,11,32,5,38,16,81,71,58,0,55,0,50,0,0,1,1,5,2,31,0,49,49,30,47,40,69,37,0,16,15,53,6,34,18,0,21,25,0,10,19,15,43,22,0,29,5,38,0,0,15,15,48,57,7,21,8,1,4,59,52,20,30,43,29,51,14,0,7,4,3,7,0,1,1,1,1,1,2,1,1,1,8,0,18,54,14,31,231
1087,2,28,1,30,6,21,17,7,1,5,1,2,11,9,3,2,4,5,31,2,31,49,6,39,33,78,39,5,12,44,8,12,65,15,0,0,28,16,0,30,0,53,31,48,30,0,45,43,0,0,8,31,51,43,17,1,0,5,33,31,40,21,15,46,6,0,0,21,0,0,0,31,7,5,5,0,3,2,1,2,0,11,9,20,54,24,8,50
1088,18,18,0,30,7,9,5,52,1,55,0,50,7,5,3,1,4,3,31,0,27,3,24,30,31,53,42,5,1,33,42,8,46,21,0,0,3,0,11,2,21,26,17,0,19,14,1,2,5,14,8,5,31,28,37,1,0,5,33,34,20,39,0,36,38,13,66,22,3,2,0,0,10,10,10,0,3,2,3,2,27,10,0,23,54,84,31,89
1089,20,11,0,23,7,65,34,1,50,54,2,49,9,5,1,1,4,1,31,0,27,49,20,20,28,36,43,1,7,15,46,52,34,21,15,35,0,0,11,3,11,25,0,23,11,15,25,0,4,14,2,21,24,45,0,1,0,5,78,52,5,36,33,10,43,13,0,22,2,1,7,0,5,10,1,2,4,3,2,4,50,9,9,14,54,63,15,62
1090,2,27,5,30,6,26,4,5,5,54,58,48,12,8,1,3,5,4,13,0,31,36,33,34,28,69,37,9,15,19,53,14,58,21,0,8,28,8,12,3,11,43,0,39,11,15,39,38,18,15,3,36,43,46,0,3,1,0,4,29,49,54,44,51,51,20,56,2,3,2,0,0,10,10,10,0,3,4,2,3,50,9,9,15,8,14,50,134
1091,19,36,3,77,7,26,20,52,5,12,69,50,6,1,1,3,7,2,22,0,49,36,24,24,18,7,39,1,12,39,9,12,8,4,0,13,0,30,13,6,24,10,7,0,25,17,31,0,21,16,15,48,57,57,0,2,1,4,48,52,31,44,15,40,7,15,0,0,1,4,56,0,10,10,10,0,3,3,4,3,50,8,9,26,8,32,43,26
1092,0,24,2,88,16,81,71,58,0,55,0,50,0,0,1,0,0,4,31,0,49,49,33,47,40,75,23,1,1,33,32,14,53,21,0,0,21,25,14,6,24,43,22,0,11,15,31,15,18,17,0,0,5,42,0,8,3,3,64,52,5,16,0,36,29,16,0,0,1,4,7,0,10,10,10,0,1,0,0,0,50,9,10,22,54,21,15,11
1093,17,37,0,44,7,3,69,58,0,55,0,50,6,4,1,1,5,3,31,0,49,49,33,47,40,14,29,0,25,5,33,23,15,22,0,0,0,2,1,29,4,43,22,0,30,0,45,43,0,1,15,48,57,42,0,8,3,0,76,51,1,54,33,5,31,1,18,2,1,4,0,3,1,8,1,6,3,0,4,4,50,9,2,26,54,52,2,299
1094,11,3,0,11,16,81,71,58,0,55,0,50,0,0,1,1,7,2,31,32,24,49,28,33,33,75,46,6,36,39,53,4,53,21,0,0,3,0,0,30,0,53,31,48,30,0,45,43,0,0,2,43,38,42,0,13,1,3,35,38,49,54,44,51,51,20,0,0,0,0,0,0,10,10,10,0,3,4,1,2,7,0,9,23,54,21,50,37
1095,1,41,0,46,8,14,15,19,1,54,1,46,9,5,3,3,4,4,31,0,49,49,33,7,28,18,28,0,1,45,53,25,69,21,27,0,0,21,10,19,15,10,7,0,29,5,34,0,0,11,3,44,54,17,27,9,3,2,46,9,49,54,44,51,51,20,32,10,2,1,7,43,1,1,1,13,4,4,4,4,2,11,9,20,54,41,50,124
1096,18,9,0,22,7,34,23,13,1,55,0,50,7,0,1,1,5,1,31,0,31,49,0,30,28,52,51,0,26,33,42,58,34,21,15,35,0,0,0,30,0,53,31,48,30,0,45,43,0,0,3,31,24,46,0,8,2,0,83,52,49,54,44,51,51,20,0,10,2,1,7,52,7,10,7,18,1,4,2,4,38,9,10,21,54,82,50,246
1097,2,30,5,17,6,26,17,10,1,8,1,46,11,8,5,2,7,5,3,0,31,36,33,18,28,36,30,9,1,39,15,21,34,21,0,21,0,21,0,30,0,53,31,48,30,0,45,43,0,0,3,36,24,45,0,3,1,0,32,22,44,23,22,23,44,0,0,3,2,1,54,0,10,10,10,0,3,3,2,3,50,10,9,32,8,63,12,134
1098,1,34,0,35,3,24,13,14,1,11,1,10,6,4,5,4,6,1,22,0,19,13,33,17,31,18,25,1,20,19,20,1,62,21,0,3,0,0,11,10,16,48,27,0,17,2,34,0,15,14,15,48,57,57,0,15,0,5,49,52,49,54,44,51,51,20,0,22,2,1,54,0,10,10,10,0,2,0,0,2,50,12,4,14,8,41,50,86
1099,11,40,0,55,16,81,71,58,0,55,0,50,0,0,1,1,0,4,22,0,34,34,1,34,33,69,35,0,1,39,12,16,58,21,0,2,25,16,10,19,15,1,0,2,29,5,1,2,0,11,6,31,47,16,37,12,7,3,61,35,49,54,44,51,51,20,19,2,2,1,0,0,10,10,10,0,3,1,1,1,42,0,9,15,19,14,50,104
1100,18,27,0,27,7,45,23,1,74,55,0,50,7,1,1,1,5,2,22,29,27,49,20,17,31,53,46,9,1,33,53,4,46,21,0,0,3,0,11,19,15,43,0,39,23,4,34,32,1,14,6,27,31,41,0,8,1,0,33,38,49,54,44,51,51,20,0,0,2,1,3,34,8,10,4,1,2,3,2,3,50,8,9,21,44,84,50,302
1101,19,24,5,23,7,5,65,42,35,52,28,50,8,6,3,0,0,2,13,0,49,49,33,30,28,39,44,1,35,45,13,6,36,21,0,21,25,0,11,11,20,26,17,0,19,14,9,11,4,14,3,31,24,54,0,3,3,1,35,52,5,37,0,46,23,13,56,7,1,4,80,0,0,0,1,5,3,4,4,4,2,8,9,11,29,75,15,268
1102,19,24,5,27,4,78,69,55,2,23,2,50,8,5,1,1,5,2,31,12,38,31,2,34,21,56,38,0,12,44,35,21,51,21,8,33,7,0,12,1,23,36,20,0,11,15,34,0,15,20,3,17,31,54,0,2,7,2,3,52,40,32,15,17,38,19,0,10,1,4,7,55,1,10,1,13,3,2,4,4,35,9,9,10,54,88,8,44
1103,11,23,0,76,16,81,71,58,0,55,0,50,1,1,0,1,2,5,22,0,31,1,33,47,40,53,54,1,17,26,53,23,46,21,0,0,0,2,1,29,4,10,0,10,30,0,45,43,0,1,15,48,57,57,0,8,3,0,53,21,20,46,1,4,51,1,0,0,2,1,0,57,1,6,2,0,0,3,3,3,50,9,9,45,19,84,31,286
1104,3,42,0,52,7,31,18,16,1,12,2,43,10,5,3,5,4,0,31,0,9,0,11,47,40,18,22,0,16,15,45,44,8,21,3,0,0,0,0,30,0,53,31,48,30,0,45,43,0,0,15,48,57,57,0,11,1,1,83,52,49,54,44,51,51,20,55,22,0,0,7,52,8,10,7,30,3,3,2,4,5,10,9,22,54,41,50,168
1105,18,19,5,40,7,3,69,42,18,55,0,50,7,5,1,1,7,2,1,0,31,24,33,47,40,39,44,9,12,33,53,6,36,21,0,0,3,0,15,6,24,1,20,41,25,17,13,15,21,6,15,48,57,43,0,2,3,3,79,50,21,37,36,36,51,6,0,21,2,1,80,0,6,6,6,0,4,1,3,4,50,8,9,7,44,75,38,214
1106,18,17,5,14,7,4,11,35,1,55,0,50,6,1,1,2,5,3,29,0,19,49,33,47,40,29,42,1,1,33,27,8,69,21,18,10,23,0,12,10,16,44,22,36,19,14,41,37,26,15,15,48,57,10,21,1,0,5,43,52,49,54,44,51,51,20,22,0,4,3,7,0,7,7,7,2,4,4,2,3,27,8,10,36,8,58,50,303
1107,18,22,7,26,7,3,53,24,30,55,0,50,7,4,1,1,3,2,31,38,31,49,33,18,28,36,44,3,35,45,53,6,34,21,24,13,14,0,12,2,21,0,0,1,3,11,13,15,9,15,1,18,24,32,0,9,2,3,31,52,5,51,43,46,51,14,0,10,2,1,58,0,1,1,1,0,4,4,2,1,2,9,9,28,54,63,15,6
1108,1,22,0,40,7,14,9,7,74,11,1,43,10,6,4,2,5,4,15,35,6,49,12,30,33,53,38,1,12,47,11,13,46,17,0,0,0,2,11,18,18,16,13,0,19,14,14,16,3,14,3,17,31,57,0,3,7,4,58,52,49,54,44,51,51,20,0,2,0,0,7,75,7,7,7,16,4,3,3,3,38,9,7,24,8,84,50,26
1109,20,15,2,75,12,40,28,19,1,2,1,46,6,4,1,4,5,0,19,0,19,3,24,47,40,1,54,0,21,26,27,44,1,21,3,0,0,0,10,19,15,26,17,0,29,5,0,0,0,15,3,0,1,10,17,1,0,5,1,52,21,47,22,32,33,14,23,10,2,1,15,0,8,5,8,1,3,3,2,3,39,11,9,28,8,1,38,84
1110,17,46,0,51,7,13,10,58,0,55,0,50,0,0,4,1,3,5,22,0,31,8,33,47,40,75,60,12,12,44,37,34,62,21,13,0,0,12,1,19,15,27,0,25,30,0,45,43,0,1,6,5,48,43,0,8,1,4,31,52,49,54,44,51,51,20,27,2,3,2,0,65,1,1,1,23,4,1,4,4,50,12,9,29,8,21,50,86
1111,21,30,0,30,7,3,65,52,1,0,53,46,10,7,1,2,6,3,31,25,31,49,2,42,28,36,41,0,21,15,49,9,34,21,0,0,3,0,0,30,0,53,31,48,30,0,45,43,0,14,8,44,24,7,21,1,0,5,76,50,5,34,9,10,47,13,32,22,4,3,0,0,10,10,10,0,3,1,2,2,17,10,9,42,54,63,15,114
1112,21,35,0,60,7,32,14,12,1,12,2,12,6,0,4,3,5,5,31,0,49,49,33,47,40,14,14,1,1,33,47,39,15,17,13,0,0,0,10,19,15,48,0,43,23,4,0,0,0,11,3,0,24,57,0,3,5,4,31,52,49,54,44,51,51,20,0,13,2,1,0,75,10,10,10,13,4,2,1,1,0,11,9,13,54,52,50,60
1113,17,29,2,7,3,65,65,58,0,55,0,50,7,5,1,0,2,1,31,1,31,49,20,17,18,18,52,0,7,12,0,57,46,21,36,0,0,0,14,11,20,43,22,0,17,2,13,0,18,17,15,48,57,7,44,9,3,4,46,52,49,54,44,51,51,20,0,13,0,0,7,48,1,1,1,13,4,3,2,3,2,8,9,22,54,41,50,257
1114,3,36,1,41,6,41,47,22,1,36,1,18,8,6,7,3,5,4,31,25,1,49,5,30,31,20,39,0,1,26,53,16,62,21,0,0,21,25,12,1,23,43,22,0,17,2,15,17,15,15,0,31,48,42,0,8,3,4,22,52,49,54,44,51,51,20,0,2,3,2,7,48,1,1,1,1,3,4,4,4,5,10,9,19,54,43,50,305
1115,19,40,5,40,7,28,24,10,1,50,1,50,6,4,3,3,3,2,22,34,19,49,33,47,40,78,39,1,12,39,22,12,46,21,0,15,23,8,10,19,15,36,20,0,29,5,0,0,0,11,0,17,31,18,17,1,0,5,1,31,49,54,44,51,51,20,30,0,4,3,35,0,7,8,7,2,4,4,4,4,2,8,10,35,8,24,50,302
1116,17,33,4,62,3,6,29,58,0,55,0,50,1,1,1,2,5,5,22,0,5,36,11,1,31,87,39,0,16,15,53,61,62,10,0,8,25,12,16,25,17,16,0,15,1,23,25,0,20,19,12,41,48,46,20,3,3,1,60,52,49,54,44,51,51,20,0,21,0,0,0,0,10,10,10,0,4,2,4,2,50,10,8,10,8,38,50,26
1117,18,34,5,68,1,61,40,35,74,55,0,50,1,0,1,3,5,5,12,0,49,49,33,30,31,60,44,1,1,44,0,6,53,21,0,21,25,0,12,6,24,17,14,0,3,11,34,0,16,19,3,31,38,45,0,8,3,0,80,52,12,8,32,28,37,18,0,0,1,4,7,70,0,10,5,5,1,0,0,2,50,11,9,18,28,91,21,244
1118,22,48,3,25,7,16,11,14,1,10,1,13,1,1,6,3,5,5,15,12,31,49,28,37,34,36,59,1,1,33,32,61,34,23,0,0,0,2,10,3,11,1,2,0,29,5,31,0,0,11,3,5,24,51,0,8,7,3,83,13,36,13,15,50,6,10,0,22,0,0,7,0,10,10,10,0,3,3,0,3,50,9,9,18,8,63,48,4
1119,6,19,5,35,6,44,13,9,2,3,2,2,12,9,8,3,5,2,31,2,11,9,33,47,40,53,45,1,35,45,15,5,46,21,0,13,34,0,11,10,16,44,0,40,19,14,20,21,4,14,15,48,57,57,0,8,3,1,1,50,45,44,23,40,9,13,0,22,2,1,11,0,10,10,10,0,3,1,0,3,50,9,4,15,54,84,13,114
1120,18,61,0,72,13,79,18,36,1,55,0,50,0,0,4,2,7,3,19,0,19,47,33,47,40,39,60,12,35,33,42,12,36,15,26,38,0,1,11,6,24,17,2,2,1,23,31,15,6,14,3,17,30,29,0,15,0,5,34,52,49,54,44,51,51,20,56,2,1,4,7,49,5,0,0,14,2,2,0,3,50,13,9,3,22,75,50,214
1121,22,45,5,20,6,37,21,5,1,52,69,43,8,5,3,3,7,3,31,0,19,49,7,17,35,20,39,0,2,15,15,12,65,17,2,10,30,0,13,10,16,50,17,39,18,18,31,0,15,16,3,17,51,42,13,15,0,5,31,52,49,54,44,51,51,20,21,0,2,1,34,0,6,7,4,1,4,4,2,4,27,12,10,27,54,43,50,89
1122,14,45,5,64,9,55,44,5,6,6,1,4,3,10,1,3,6,5,25,0,49,49,33,47,40,69,40,1,15,17,49,35,50,21,0,0,0,0,10,8,27,44,23,0,29,5,29,0,0,11,15,48,57,42,0,9,3,0,76,52,45,33,22,17,47,10,0,2,4,3,7,0,10,10,10,0,3,4,0,0,22,10,10,24,42,14,13,148
1123,21,47,5,50,6,35,18,12,1,9,2,5,7,5,5,2,6,5,22,0,31,5,18,37,3,69,25,7,16,9,48,27,54,17,0,10,10,21,11,10,16,17,13,14,19,14,14,11,4,14,6,39,43,7,17,2,3,3,35,32,45,54,0,40,8,13,32,0,2,1,28,0,8,8,8,2,1,1,3,3,0,14,10,38,8,14,13,71
1124,18,6,0,15,7,55,23,1,23,55,0,50,7,1,1,1,6,4,31,32,31,49,27,23,33,39,52,3,1,26,46,57,36,21,15,35,0,0,11,3,11,19,0,18,4,25,34,0,6,5,6,31,24,28,0,3,1,3,76,44,20,51,15,43,43,5,0,3,4,3,62,0,0,10,0,13,3,4,2,2,24,8,10,15,54,75,31,306
1125,18,16,0,17,7,55,34,1,1,55,0,50,7,1,1,1,8,2,31,29,31,49,0,20,33,36,48,3,1,33,53,2,34,21,0,0,3,0,1,7,12,26,17,0,30,0,45,43,0,1,2,21,24,46,0,1,0,5,83,52,5,49,29,28,51,1,0,22,0,0,0,52,1,10,1,0,5,4,2,4,37,8,9,27,54,63,15,89
1126,3,50,0,2,12,68,58,46,1,36,69,38,8,4,3,6,0,5,31,0,49,49,33,47,40,53,60,12,1,43,45,43,46,22,0,2,2,12,10,3,11,48,27,0,28,26,13,0,0,11,15,48,57,46,0,4,3,2,64,52,36,54,9,14,42,10,0,0,3,2,7,49,1,0,5,2,3,3,0,4,50,10,9,18,54,84,48,172
1127,17,47,3,27,9,73,53,58,0,55,0,50,6,4,1,1,3,2,22,29,31,49,33,1,39,55,60,12,1,33,6,12,15,21,0,0,14,30,10,19,15,5,13,2,21,6,0,1,0,11,15,48,57,43,0,1,0,5,1,52,49,54,44,51,51,20,0,10,2,1,0,0,1,1,1,5,4,4,4,4,50,9,10,22,8,87,50,286
1128,1,48,1,51,7,2,65,2,1,50,1,46,12,8,1,1,5,3,15,2,41,49,2,30,32,78,40,1,25,6,45,10,53,13,26,5,39,0,0,30,0,53,31,48,30,0,45,43,0,0,8,12,38,46,0,8,3,2,64,52,40,35,0,43,42,0,23,22,0,0,7,0,1,0,0,5,3,1,0,3,50,9,9,48,12,24,8,41
1129,2,33,0,18,7,11,9,9,1,52,1,49,12,9,4,2,5,5,22,0,23,49,33,37,3,75,60,12,35,47,50,23,62,21,2,8,14,16,14,0,22,26,17,0,3,11,4,6,19,17,6,5,48,46,0,1,0,5,31,52,44,54,15,50,8,16,27,22,3,2,54,70,5,1,1,5,4,4,4,4,50,12,9,24,50,21,12,64
1130,9,39,5,40,6,32,14,12,1,10,1,9,11,8,6,4,2,5,31,0,49,49,33,2,33,69,47,1,0,0,53,34,8,21,0,2,9,8,11,3,11,5,0,6,11,15,1,2,9,14,1,1,5,45,0,1,0,5,76,52,49,54,44,51,51,20,0,2,2,1,7,0,10,10,10,0,4,4,0,4,5,14,10,49,54,14,50,50
1131,16,32,0,25,7,20,71,58,0,55,0,50,0,0,4,0,5,5,31,12,25,36,33,17,28,36,25,0,21,26,20,23,34,21,0,0,0,21,1,19,15,33,0,30,30,0,45,43,0,1,3,27,24,43,0,3,3,4,83,52,49,54,44,51,51,20,32,15,4,3,1,0,10,10,10,0,4,2,2,2,27,10,9,47,54,63,50,57
1132,17,46,0,46,5,24,5,58,0,55,0,50,1,1,4,0,6,0,31,0,23,49,11,1,39,7,53,9,13,9,53,33,8,21,3,0,0,0,0,30,0,53,31,48,30,0,45,43,0,0,3,17,5,57,0,2,2,4,80,52,46,36,29,14,51,0,0,0,2,1,14,0,10,10,10,0,0,1,0,1,50,9,9,27,54,32,14,191
1133,18,7,5,15,7,2,12,8,52,55,0,50,7,4,3,1,0,1,31,1,27,49,33,24,28,60,52,4,2,6,53,58,53,21,27,21,0,0,1,3,11,16,13,0,30,0,45,43,0,1,6,27,31,43,0,9,3,2,80,44,49,54,44,51,51,20,0,22,1,4,0,49,4,5,10,0,4,4,2,4,2,9,10,22,54,91,50,81
1134,19,22,5,34,7,15,10,6,74,33,25,50,6,1,3,2,7,1,21,0,23,0,2,24,4,69,60,12,12,48,50,1,36,21,0,3,0,0,14,13,14,16,13,0,4,25,37,0,25,17,3,27,30,59,49,4,3,3,40,52,49,54,44,51,51,20,59,15,4,3,7,48,1,0,8,0,2,2,0,4,50,10,9,14,8,14,50,4
1135,17,23,0,34,7,12,0,58,0,55,0,50,6,0,1,1,3,2,22,2,19,49,20,20,32,39,45,7,1,44,0,5,36,21,0,0,3,0,12,1,23,16,0,15,3,11,9,11,9,15,3,48,24,42,0,15,0,5,36,37,5,51,43,46,50,14,0,23,4,3,0,31,8,0,8,0,3,4,1,4,50,8,0,19,8,75,15,54
1136,17,41,0,46,7,4,59,58,0,55,0,50,6,4,1,1,7,3,31,25,11,47,33,17,3,1,43,6,21,26,53,7,1,17,0,0,3,0,1,29,4,0,1,0,30,0,45,43,0,14,0,27,5,1,49,1,0,5,1,40,21,42,32,28,51,13,23,0,1,4,9,49,1,1,1,13,5,4,4,4,17,13,9,10,54,1,38,319
1137,22,30,1,40,7,11,8,9,1,23,25,6,10,7,4,3,0,3,22,0,31,3,17,47,40,75,39,1,1,33,53,10,34,10,26,5,39,0,14,6,24,28,0,26,1,23,34,0,20,17,15,48,57,43,21,8,3,1,31,52,49,54,44,51,51,20,0,2,1,4,0,0,10,10,10,0,4,4,4,4,50,10,0,28,8,21,50,243
1138,17,4,5,14,6,13,53,58,0,55,0,50,1,1,3,1,5,2,1,4,31,49,33,47,40,39,46,9,22,33,0,4,36,21,15,21,10,0,0,30,0,53,31,48,30,0,45,43,0,0,15,48,57,43,0,8,3,1,32,38,20,47,16,28,0,0,0,21,2,1,0,52,6,10,7,0,1,4,0,1,50,8,9,13,8,75,31,41
1139,16,27,5,71,9,1,71,58,0,55,0,50,1,0,1,1,0,1,31,0,49,49,2,2,28,78,59,2,27,22,20,44,46,23,3,0,0,0,1,29,4,1,2,0,30,0,45,43,0,1,0,31,31,1,49,1,0,5,83,52,49,54,44,51,51,20,0,3,3,2,7,0,10,10,10,0,3,4,1,4,3,10,9,28,54,24,50,235
1140,16,25,6,39,7,55,71,58,0,55,0,50,1,1,1,1,3,2,13,0,49,49,33,47,40,14,40,0,20,35,53,4,15,21,15,10,25,0,10,1,23,26,17,0,21,6,37,36,0,11,15,48,57,11,3,8,1,0,62,52,5,46,33,34,51,10,0,15,4,3,80,48,3,10,5,0,0,4,0,0,50,10,0,2,8,52,15,302
1141,19,37,0,57,7,21,13,16,1,42,2,50,1,1,3,3,5,5,31,25,11,11,33,17,3,60,23,0,12,23,33,29,46,23,0,10,9,16,16,6,24,1,2,0,1,23,0,1,16,19,3,17,31,50,0,2,5,3,57,52,49,54,44,51,51,20,8,2,2,1,0,61,1,5,1,14,0,4,4,2,50,10,2,50,54,91,50,217
1142,10,38,1,59,9,5,69,47,74,50,1,48,13,8,4,3,6,4,31,0,19,49,17,37,23,14,47,1,15,22,53,3,15,23,0,0,0,2,10,18,18,0,1,0,29,5,31,0,0,15,15,48,57,45,0,1,0,5,82,52,21,25,22,21,51,14,0,0,4,3,54,0,10,10,10,0,3,4,1,3,50,13,1,25,54,52,38,217
1143,19,26,0,32,7,7,2,42,5,12,1,50,8,5,3,1,4,1,31,0,19,3,17,47,40,18,52,0,12,44,53,57,8,4,18,33,0,0,12,18,18,26,17,0,19,14,34,0,26,15,15,48,57,45,42,1,0,5,61,52,49,54,44,51,51,20,29,10,0,0,66,22,8,0,5,15,3,4,0,4,2,15,9,29,54,41,50,8
1144,19,43,0,53,7,32,14,2,1,52,69,50,6,4,4,1,5,5,31,0,49,1,24,47,40,39,25,0,15,19,9,27,36,18,33,0,10,12,11,18,18,26,17,0,23,4,0,0,4,16,15,48,57,31,0,3,1,0,7,52,33,22,22,33,18,15,4,15,2,1,0,7,1,1,5,0,3,0,4,1,50,10,2,20,54,75,45,101
1145,17,22,5,37,7,6,6,58,0,55,0,50,6,4,1,1,3,5,17,0,49,49,17,47,40,39,46,1,26,45,23,34,36,21,0,0,0,0,14,10,16,36,20,0,17,2,13,0,18,17,0,0,25,45,0,8,3,0,76,52,31,39,34,46,21,16,0,2,3,2,7,0,10,10,10,0,3,2,0,2,0,0,9,24,24,75,43,148
1146,11,23,4,84,16,81,71,58,0,55,0,50,1,1,0,1,4,1,31,0,49,49,33,47,40,36,49,1,26,26,10,1,34,21,0,3,0,0,0,30,0,53,31,48,30,0,45,43,0,0,15,48,57,46,0,8,2,1,83,52,49,54,44,51,51,20,0,2,4,3,0,70,1,10,4,0,3,4,2,4,37,0,10,39,54,63,50,289
1147,5,13,1,19,6,15,2,55,62,50,1,46,2,9,3,2,7,4,31,13,25,49,5,7,31,60,37,6,1,39,42,14,50,21,0,5,7,30,12,6,24,45,24,0,2,22,37,36,10,15,8,12,33,1,37,1,0,5,34,50,20,48,0,36,38,14,0,22,1,4,0,0,10,10,10,0,3,2,2,2,17,11,9,23,54,91,31,200
1148,17,7,0,15,7,23,12,58,0,55,0,50,6,0,1,1,5,1,31,29,23,11,1,2,28,36,55,0,1,43,32,33,34,14,3,0,0,0,11,6,24,48,27,0,3,11,42,40,16,14,10,5,24,7,47,8,3,0,63,52,31,48,29,28,47,13,48,7,4,3,0,34,6,5,6,0,3,2,1,2,19,9,9,17,54,63,43,6
1149,21,46,5,62,7,33,32,29,52,6,1,2,7,5,3,3,2,2,22,0,19,3,20,17,22,14,13,1,12,23,46,6,15,16,2,8,34,0,11,3,11,16,13,0,12,20,13,0,3,14,0,48,5,57,0,2,1,1,80,52,9,32,15,24,43,13,0,10,4,3,54,0,10,10,10,0,3,0,0,4,50,8,9,6,8,52,26,214
1150,16,41,0,53,7,10,71,58,0,55,0,50,0,0,1,2,5,5,13,0,41,12,33,17,3,36,43,10,15,19,45,34,34,23,2,2,24,20,13,13,14,16,13,0,3,11,25,0,18,20,3,17,24,59,49,1,0,5,71,52,45,54,0,28,42,19,0,0,0,0,7,0,8,0,0,5,0,3,0,3,50,10,9,36,10,63,13,182
1151,18,36,0,42,7,16,14,16,1,55,0,50,0,0,5,1,8,4,7,0,49,49,33,47,40,36,60,12,12,33,45,13,34,23,0,0,0,2,0,30,0,53,31,48,30,0,45,43,0,0,3,17,24,57,0,9,3,2,63,52,31,31,15,36,42,0,0,2,2,1,7,9,1,0,0,5,3,4,0,4,50,8,9,22,21,63,43,183
1152,16,38,5,50,7,18,71,58,0,55,0,50,0,0,1,2,5,2,31,0,46,49,1,17,28,69,21,1,21,26,53,5,8,23,0,0,3,0,1,29,4,1,2,0,30,0,45,43,0,1,3,0,5,1,49,15,0,5,64,52,5,53,23,14,43,1,0,22,4,3,54,0,10,10,10,0,3,2,0,3,50,8,0,37,54,14,15,304
1153,21,43,0,39,8,13,13,14,1,8,1,10,6,1,3,5,8,4,12,12,2,0,33,47,40,69,37,1,1,43,0,14,58,17,13,13,14,8,1,19,15,1,0,2,30,0,45,43,0,14,15,48,57,39,32,1,0,5,1,52,5,46,15,19,10,13,56,0,3,2,0,49,9,9,8,3,3,0,2,2,50,13,1,31,28,14,15,182
1154,22,37,3,22,7,27,45,39,1,34,2,22,6,1,6,2,4,3,31,0,31,49,33,47,40,75,39,0,26,26,20,12,62,21,0,10,25,9,0,30,0,53,31,48,30,0,45,43,0,0,15,48,57,1,49,14,0,5,83,52,49,54,44,51,51,20,32,2,0,0,0,0,10,10,10,0,3,2,2,2,50,12,9,47,54,21,50,120
1155,1,17,0,22,4,9,8,6,2,3,3,48,12,9,1,3,5,0,31,0,25,49,20,47,40,14,40,1,35,39,46,44,15,21,3,0,0,0,1,29,4,0,1,0,30,0,45,43,0,1,15,48,57,55,0,8,2,1,78,52,41,33,43,40,43,1,64,2,3,2,54,0,10,10,10,0,0,3,2,2,27,10,9,29,54,52,10,217
1156,19,36,5,30,7,2,59,55,19,4,16,50,8,6,1,1,2,4,31,0,38,49,33,47,40,69,36,1,27,24,10,15,58,21,0,0,34,12,14,0,22,43,22,0,6,24,25,0,15,17,3,17,10,57,0,8,3,0,50,52,11,46,0,46,51,16,0,0,2,1,76,0,10,10,10,0,3,2,0,4,2,10,5,28,54,14,20,270
1157,16,40,5,55,7,6,71,58,0,55,0,50,1,1,1,1,4,5,22,0,49,40,33,25,39,53,31,1,35,43,53,20,46,18,0,0,0,2,11,10,16,36,20,0,18,18,25,0,4,14,3,5,31,1,49,2,6,1,32,52,20,24,2,44,51,13,18,2,1,4,54,33,0,2,0,0,0,4,3,4,33,8,9,36,8,84,31,243
1158,3,28,0,44,7,16,17,16,1,24,1,7,9,7,5,4,5,0,31,32,23,35,2,42,28,7,34,1,1,43,46,33,8,21,3,0,0,0,10,3,11,1,0,2,29,5,3,0,0,14,3,31,5,42,0,8,1,0,78,52,5,27,16,14,43,13,0,13,0,0,7,42,5,7,5,3,1,1,1,1,50,11,8,13,54,32,15,34
1159,19,18,5,21,7,2,59,24,1,13,1,50,7,4,3,1,6,1,22,34,31,36,24,2,28,60,49,1,12,44,20,1,50,21,2,40,0,0,11,3,11,1,0,2,19,14,1,2,24,14,6,1,33,7,32,8,1,3,32,52,49,54,44,51,51,20,56,22,2,1,0,0,10,10,10,0,3,3,2,3,2,10,12,40,8,91,50,112
1160,17,41,0,57,7,10,4,58,0,55,0,50,1,1,3,1,5,5,31,0,31,49,33,47,40,14,60,12,35,33,32,42,15,23,0,0,13,0,11,16,2,16,13,0,18,18,13,0,4,14,15,48,57,51,0,8,1,3,35,52,1,16,7,40,18,13,18,21,1,4,7,15,5,5,5,0,3,1,3,3,50,8,2,22,54,52,2,212
1161,20,30,5,30,7,65,44,24,1,8,1,15,8,5,4,1,5,2,22,29,19,49,2,18,33,69,19,1,15,23,47,2,58,21,0,0,3,0,1,19,15,11,0,11,30,0,45,43,0,14,3,39,43,57,0,1,0,5,1,52,31,54,23,28,37,13,32,10,1,4,0,48,8,10,2,1,3,3,2,3,50,11,10,35,8,14,43,117
1162,19,17,0,21,7,2,2,42,2,23,2,50,8,5,1,1,5,1,31,1,31,49,17,47,40,14,52,0,12,43,23,57,15,23,15,35,0,0,11,10,16,48,27,0,21,6,0,1,3,14,15,48,57,28,0,8,1,4,64,52,4,45,0,36,27,13,4,21,2,1,7,2,1,1,1,5,3,4,4,4,50,9,2,28,54,52,5,158
1163,16,29,0,31,7,73,71,58,0,55,0,50,1,1,1,1,6,1,26,29,11,49,33,30,16,31,0,1,1,33,0,1,53,17,18,33,0,0,15,1,23,1,2,0,2,22,12,11,10,18,3,17,24,59,12,2,2,2,48,23,49,54,44,51,51,20,0,2,4,3,7,46,9,9,0,4,0,0,0,0,50,8,9,27,13,60,50,302
1164,19,45,5,50,3,10,5,12,1,23,1,50,6,1,3,2,3,5,22,0,6,49,33,47,40,39,6,2,12,39,15,48,36,17,13,8,7,8,10,11,20,36,20,0,19,14,39,29,0,15,15,48,57,10,17,1,0,5,42,45,9,4,22,46,8,14,0,13,2,1,54,0,7,9,7,1,1,2,2,3,0,10,10,34,8,75,26,286
1165,17,48,0,49,7,25,6,58,0,55,0,50,1,1,3,1,4,2,15,0,49,0,33,47,40,16,45,2,17,12,0,5,18,18,13,13,25,0,12,6,24,43,22,0,12,20,31,0,15,15,15,48,57,10,13,2,3,3,74,52,49,54,44,51,51,20,55,3,0,0,0,45,9,0,0,0,1,0,0,0,50,0,9,27,26,61,50,243
1166,1,40,3,30,7,26,21,19,1,10,1,5,7,5,3,5,7,2,22,0,49,4,20,47,40,14,47,1,12,39,53,4,15,21,0,0,3,0,12,1,23,16,0,15,2,22,0,0,2,15,15,48,57,57,0,8,5,1,31,48,49,54,44,51,51,20,0,7,4,3,7,0,10,10,10,0,4,4,3,3,50,10,5,21,8,52,50,84
1167,22,34,7,57,7,24,35,42,6,1,9,43,7,4,4,3,3,5,31,0,49,3,33,47,40,18,59,0,35,48,11,17,21,21,15,10,10,9,1,19,15,1,2,0,30,0,45,43,0,1,15,48,57,43,0,9,3,4,31,52,31,53,23,36,4,1,32,2,0,0,56,49,7,5,6,21,4,4,2,4,27,1,9,47,54,41,43,103
1168,20,42,3,20,9,55,12,13,2,4,1,48,9,5,1,1,5,2,15,1,31,49,33,47,40,14,42,11,12,47,53,2,15,21,13,0,39,0,10,10,16,26,17,0,19,14,0,0,0,11,15,48,57,45,20,6,7,4,83,52,36,36,23,28,51,10,0,0,2,1,7,75,7,5,5,16,4,3,2,2,2,10,9,9,26,52,48,3
1169,6,37,5,38,7,11,8,52,1,34,49,28,10,7,7,4,4,5,22,0,31,36,12,18,28,87,17,1,1,39,53,36,65,21,26,2,21,8,12,3,11,10,0,10,11,15,1,2,15,15,8,18,51,31,0,1,0,5,32,10,9,49,0,40,51,14,40,22,2,1,0,0,10,10,10,0,3,3,2,3,17,1,12,39,8,38,26,198
1170,20,43,5,35,7,11,7,5,62,52,1,36,8,6,4,1,7,4,9,0,31,36,33,34,28,75,37,9,16,15,8,14,46,21,0,0,0,2,11,19,15,22,0,20,23,4,1,2,24,18,6,27,38,45,0,2,1,2,32,29,31,30,34,28,29,17,55,3,2,1,7,0,10,10,10,0,3,3,2,3,0,12,12,30,8,21,43,287
1171,18,13,0,23,7,73,34,1,1,55,0,50,7,1,1,1,5,1,31,0,31,7,30,42,25,36,60,12,16,26,46,59,34,21,18,33,0,0,1,10,16,27,0,25,30,0,45,43,0,1,0,0,5,31,0,1,0,5,80,52,49,54,44,51,51,20,0,10,2,1,15,31,6,7,9,0,1,4,4,4,0,8,2,3,54,63,50,151
1172,17,22,0,35,7,3,69,58,0,55,0,50,6,4,1,1,5,3,31,0,49,49,33,47,40,18,39,1,16,12,48,12,34,21,0,0,25,21,0,30,0,53,31,48,30,0,45,43,0,0,15,48,57,46,0,8,3,0,83,52,49,54,44,51,51,20,32,2,4,3,80,70,1,10,1,0,2,3,2,2,2,9,10,39,54,41,50,270
1173,19,22,0,29,7,7,5,5,19,46,18,50,8,6,1,2,7,5,31,2,19,49,5,33,33,36,45,2,35,39,33,4,34,21,2,27,14,0,10,22,3,5,0,6,28,26,7,9,0,14,6,21,24,49,0,3,3,0,76,52,5,51,43,40,31,13,48,22,0,0,43,0,8,0,7,18,3,2,0,3,50,11,9,9,54,63,15,107
1174,20,39,5,41,7,4,7,2,1,6,1,4,9,7,3,1,2,4,15,25,11,43,33,47,40,24,30,1,35,47,20,21,69,18,2,8,21,12,11,10,16,44,14,25,18,18,9,0,4,14,3,39,17,35,34,8,2,4,58,52,49,54,44,51,51,20,43,2,1,4,54,0,9,8,5,5,3,1,3,3,27,8,10,31,43,47,50,112
1175,20,26,0,37,7,8,4,55,1,12,40,0,9,5,1,2,4,4,31,29,19,49,17,29,33,83,35,0,22,12,53,16,50,21,2,8,18,14,0,30,0,53,31,48,30,0,45,43,0,0,2,30,31,43,0,11,3,0,83,52,45,53,0,29,51,0,0,13,3,2,0,0,10,10,10,0,5,4,2,0,33,10,9,10,54,28,13,24
1176,17,10,5,16,7,1,59,58,0,55,0,50,6,1,1,1,2,1,26,12,31,49,33,24,28,36,50,1,27,36,15,59,15,21,0,3,0,0,1,1,23,43,22,0,30,0,45,43,0,1,6,27,10,42,0,1,0,5,31,52,49,54,44,51,51,20,0,0,0,0,7,0,10,10,10,0,1,3,0,2,50,0,10,32,50,63,50,183
1177,18,41,0,59,3,29,6,3,1,55,0,50,1,1,3,2,0,3,31,0,49,49,33,47,40,1,45,10,25,26,53,5,1,23,2,0,0,0,0,30,0,53,31,48,30,0,45,43,0,0,3,17,1,42,0,1,0,5,83,52,9,53,35,40,46,0,0,3,1,4,54,0,10,10,10,0,3,3,1,4,50,13,9,22,54,1,26,304
1178,21,32,5,15,7,7,36,11,1,54,1,46,7,5,5,2,0,3,31,0,31,49,27,30,34,62,41,2,12,45,0,9,54,21,0,13,34,0,0,30,0,53,31,48,30,0,45,43,0,0,3,31,38,42,0,3,3,3,76,52,15,40,0,36,46,0,0,0,4,3,7,49,0,10,5,10,1,4,0,4,33,11,9,20,54,9,24,23
1179,16,47,0,60,7,14,71,58,0,55,0,50,0,0,3,1,5,5,31,0,31,1,17,30,33,53,60,12,15,21,14,6,46,21,0,13,34,0,10,21,5,16,0,15,23,4,0,0,0,11,3,31,31,57,0,8,1,1,50,52,49,54,44,51,51,20,17,13,1,4,7,49,7,8,1,0,1,2,2,4,50,9,2,14,54,84,50,25
1180,18,34,0,21,7,16,18,8,1,55,0,50,1,1,4,2,4,5,26,35,31,49,24,19,28,60,45,7,1,44,53,23,53,21,0,21,0,21,14,0,22,16,0,15,2,22,4,6,10,17,10,20,38,42,0,8,3,2,35,41,31,38,32,28,51,16,65,2,1,4,0,61,1,8,8,1,3,3,3,3,50,9,9,44,8,91,43,54
1181,18,43,0,26,7,20,16,15,2,55,0,50,0,0,5,1,3,5,1,0,26,1,20,30,28,83,18,9,12,43,53,35,46,21,0,0,0,0,12,10,16,43,0,39,23,4,31,29,24,15,3,48,31,42,0,1,0,5,42,11,5,11,15,43,51,14,56,0,0,0,0,31,7,10,8,5,3,2,1,3,2,10,9,17,44,28,15,64
1182,19,29,5,38,8,10,4,5,74,54,2,50,7,5,1,2,4,2,15,0,17,49,33,17,25,60,60,12,22,12,20,3,53,21,18,8,25,0,11,3,11,26,17,0,18,18,13,0,15,14,3,17,31,24,0,8,1,4,1,50,49,54,44,51,51,20,21,10,1,4,54,26,7,9,1,6,3,0,4,4,5,8,9,13,8,91,50,3
1183,16,15,5,23,7,23,71,58,0,55,0,50,1,0,1,1,6,1,12,21,49,23,11,1,16,69,49,1,22,26,20,1,53,23,15,35,0,0,1,3,11,43,13,24,30,0,45,43,0,1,15,48,57,12,21,2,5,3,0,37,40,42,43,43,4,1,55,3,2,1,49,75,9,8,1,0,3,2,3,3,19,10,4,0,50,14,8,304
1184,20,10,0,21,7,6,6,5,1,52,1,46,9,7,1,1,3,2,31,34,23,49,17,26,31,36,46,5,28,33,42,4,34,21,0,0,3,0,11,6,24,48,0,43,18,18,34,0,15,14,13,21,24,42,17,9,6,1,34,38,20,45,15,43,47,13,0,2,1,4,0,31,8,7,5,0,3,2,3,2,9,9,10,19,54,63,31,6
1185,17,10,2,73,7,8,12,58,0,55,0,50,6,1,3,1,5,3,15,1,3,26,18,24,31,60,34,9,17,12,41,12,34,18,0,0,43,1,13,1,23,1,0,2,2,22,1,2,15,19,3,17,24,1,0,2,3,1,7,52,31,44,9,14,48,18,23,0,4,3,12,48,8,8,6,14,3,2,2,2,17,0,9,39,8,91,43,267
1186,21,24,0,35,12,13,7,5,2,2,1,49,9,7,4,1,5,3,12,0,38,46,2,24,6,69,39,9,15,19,49,12,58,23,23,10,10,18,11,10,16,43,0,39,12,20,34,32,15,14,6,39,43,28,0,3,1,0,35,52,20,43,33,39,13,13,26,2,4,3,7,0,10,10,10,0,3,2,2,2,0,0,2,32,28,14,31,96
1187,22,39,5,40,6,26,6,5,41,54,2,46,10,7,1,2,5,5,31,0,49,49,11,37,31,35,59,1,1,0,53,17,8,21,1,8,14,19,11,3,11,10,0,10,14,10,38,37,5,14,6,39,5,46,0,1,0,5,71,52,49,54,44,51,51,20,0,21,4,3,7,0,10,10,10,0,2,3,1,2,50,8,1,48,54,67,50,270
1188,16,19,0,33,7,13,71,58,0,55,0,50,0,0,3,1,6,3,31,2,31,7,0,46,31,78,43,9,7,9,46,7,58,21,0,0,3,0,13,2,21,43,0,39,3,11,1,32,6,16,5,47,43,46,0,11,3,1,83,35,49,54,44,51,51,20,0,10,4,3,7,0,10,10,10,0,1,0,2,0,37,10,10,26,54,24,50,156
1189,1,60,0,48,7,26,21,20,1,16,1,14,7,0,5,3,5,5,31,0,33,24,33,47,40,69,3,0,20,47,33,54,58,21,0,0,0,0,0,30,0,53,31,48,30,0,45,43,0,1,15,48,57,57,0,3,1,0,80,52,36,8,23,10,35,1,0,10,1,4,0,7,7,3,5,0,0,4,1,2,50,10,2,3,54,14,48,89
1190,2,32,7,33,7,21,18,17,1,13,2,10,6,1,6,4,0,5,31,12,38,49,33,47,40,41,59,0,2,12,53,17,38,21,15,10,10,9,1,19,15,43,0,39,30,0,45,43,0,1,15,48,57,52,0,8,6,3,78,52,0,9,0,28,51,1,0,15,3,2,7,49,9,6,9,0,1,3,2,4,14,12,9,48,54,77,0,124
1191,18,29,5,38,6,42,6,52,2,55,0,50,6,4,3,1,5,3,19,0,19,36,5,18,31,60,39,0,7,15,26,12,37,18,0,0,3,0,10,18,18,26,17,0,19,14,14,16,0,16,6,39,26,44,17,12,3,4,32,52,20,38,32,28,31,15,22,0,1,4,7,0,7,5,7,1,3,3,2,4,0,8,10,28,50,91,31,54
1192,18,65,3,50,7,36,69,55,2,55,0,50,6,4,1,2,8,5,31,0,31,19,33,1,3,59,9,1,25,12,53,45,54,18,26,7,2,25,14,1,23,2,0,3,2,22,29,27,16,17,0,17,39,1,0,8,3,3,18,46,49,54,44,51,51,20,9,22,0,0,12,42,8,7,7,14,3,2,2,3,2,10,4,25,54,86,50,50
1193,17,32,3,12,7,8,69,58,0,55,0,50,6,4,3,1,5,2,31,0,31,31,33,47,40,18,46,1,12,48,46,4,53,21,13,27,9,0,17,6,24,46,25,0,1,23,25,23,9,20,3,0,38,45,0,1,0,5,83,52,49,54,44,51,51,20,0,22,4,3,7,0,0,10,5,18,4,4,0,4,27,8,9,5,54,41,50,91
1194,5,48,1,60,6,56,38,36,1,27,54,23,10,6,6,4,5,5,31,0,31,36,33,47,40,53,11,0,12,47,42,42,46,21,18,10,14,1,13,0,22,0,1,0,11,15,42,0,15,16,15,48,57,42,0,8,1,4,35,52,20,31,15,50,38,15,18,2,2,1,0,2,6,9,7,0,0,0,0,1,50,9,2,16,54,84,31,222
1195,21,33,0,35,7,8,6,5,1,54,1,43,10,7,1,2,5,5,26,33,23,49,12,11,31,60,33,7,1,45,53,17,53,21,0,2,0,39,1,29,4,10,7,0,30,0,45,43,0,15,10,21,38,42,0,9,2,1,53,21,31,32,0,46,51,14,0,22,3,2,0,0,10,10,10,0,3,3,1,3,50,10,9,37,8,91,43,297
1196,19,25,5,38,7,15,13,9,2,2,69,50,6,4,4,2,0,1,31,0,23,1,20,24,21,53,44,1,12,44,32,1,46,21,0,3,0,0,0,30,0,53,31,48,30,0,45,43,0,0,3,27,31,45,0,3,3,3,76,52,21,40,23,14,46,0,0,0,4,3,7,48,0,10,0,18,4,0,0,2,50,0,10,20,54,84,38,289
1197,17,36,0,46,7,45,7,58,0,55,0,50,6,4,3,1,5,1,31,0,23,49,1,7,31,30,39,0,12,39,27,1,8,21,0,3,0,0,0,30,0,53,31,48,30,0,45,43,0,0,2,5,5,1,49,11,3,1,1,52,49,54,44,51,51,20,55,10,3,2,7,52,8,10,1,0,1,0,2,2,22,9,10,19,54,59,50,185
1198,5,47,1,47,6,30,14,10,1,3,69,49,13,11,5,3,6,4,29,0,49,49,33,47,40,44,37,1,16,12,47,14,41,21,0,17,0,25,1,29,4,16,13,0,30,0,45,43,0,1,0,27,31,45,0,14,0,5,69,29,45,13,0,44,47,1,21,2,0,0,0,0,8,7,8,5,0,1,2,3,2,10,9,13,8,83,13,86
1199,21,30,0,37,7,15,10,8,1,33,25,13,7,1,4,3,3,3,31,12,31,49,11,37,28,14,36,1,1,39,53,14,15,21,0,0,0,2,12,2,21,16,0,15,3,11,34,32,3,15,6,39,10,42,0,8,2,0,48,52,20,29,29,16,51,14,0,21,1,4,7,0,10,10,10,0,2,2,2,3,0,9,0,45,54,52,31,174
1200,19,23,5,30,7,5,65,47,1,12,45,50,8,5,1,1,5,3,13,7,31,36,17,34,28,62,41,9,1,39,50,9,54,21,2,21,21,0,10,10,16,17,0,0,19,14,14,16,0,11,6,27,38,43,0,3,5,0,32,33,20,42,0,40,48,10,55,3,1,4,0,0,10,10,10,0,3,4,3,3,22,10,9,16,8,9,31,177
1201,20,18,0,22,7,78,53,35,1,12,2,8,9,5,3,1,2,1,22,0,31,3,12,30,31,39,49,5,16,12,43,1,36,21,24,27,0,0,0,30,0,53,31,48,30,0,45,43,0,0,3,31,24,42,31,2,7,0,61,41,49,54,44,51,51,20,0,22,4,3,0,0,10,10,10,0,3,4,3,3,27,9,9,17,19,75,50,54
1202,3,22,5,20,7,14,53,2,1,33,1,0,11,5,4,2,4,2,22,29,31,36,33,37,28,53,44,7,2,11,52,6,36,21,2,13,28,0,11,3,11,1,2,0,19,14,27,25,3,14,6,39,25,7,32,3,2,1,32,36,21,48,29,36,44,13,39,22,4,3,0,0,10,10,10,0,3,4,2,4,41,11,12,32,8,84,38,16
1203,3,43,0,40,7,30,21,20,1,19,1,16,8,6,4,6,5,1,31,0,19,1,33,47,40,36,49,0,1,26,27,1,34,21,0,3,0,0,13,0,22,43,22,0,1,23,0,1,5,16,15,48,57,45,0,8,5,3,57,52,49,54,44,51,51,20,58,2,0,0,0,11,8,7,3,0,0,0,0,0,50,12,2,14,54,63,50,261
1204,21,35,5,35,7,15,3,8,1,5,1,22,8,5,3,3,4,5,31,0,11,7,33,47,40,39,28,1,12,26,42,24,36,21,0,0,14,16,0,30,0,53,31,48,30,0,45,43,0,0,15,48,57,45,0,1,0,5,83,52,1,38,10,28,38,0,0,0,3,2,0,0,0,10,0,13,1,1,0,3,50,10,10,9,54,75,2,93
1205,19,45,0,51,7,6,3,2,59,24,1,50,7,5,3,1,5,3,31,0,31,36,11,24,28,36,40,0,32,17,22,10,34,17,0,0,3,0,0,30,0,53,31,48,30,0,45,43,0,0,0,27,24,42,0,8,3,4,50,52,49,54,44,51,51,20,59,21,0,0,0,2,9,7,1,0,2,0,0,0,50,8,2,15,54,63,50,312
1206,17,37,5,42,9,2,53,58,0,55,0,50,6,4,1,1,8,5,31,38,49,49,27,17,33,53,22,0,7,9,53,31,46,21,0,0,0,0,12,18,18,43,22,0,19,14,14,32,3,15,3,27,31,54,0,8,7,4,3,52,20,15,9,10,51,14,22,10,4,3,80,0,10,10,10,0,0,4,3,3,2,8,9,15,54,84,31,61
1207,0,51,3,88,16,81,71,58,0,55,0,50,0,0,0,1,5,2,31,0,31,36,33,17,18,36,45,1,12,44,46,5,18,15,27,10,10,0,0,30,0,53,31,48,30,0,45,43,0,0,15,48,57,50,0,1,0,5,1,52,49,54,44,51,51,20,59,15,2,1,5,0,0,0,2,18,4,4,4,4,50,10,8,2,54,63,50,185
1208,19,1,2,25,3,45,59,1,28,4,40,50,8,5,1,1,0,1,31,0,19,49,33,47,40,39,55,3,16,9,0,33,36,21,3,0,0,0,11,3,11,10,22,2,21,6,42,40,3,18,15,48,57,32,0,9,1,1,31,52,36,47,23,10,0,17,0,2,1,4,70,49,1,5,1,0,3,4,2,4,46,10,0,18,54,75,48,116
1209,21,17,6,26,7,3,59,35,2,12,2,12,10,5,1,1,5,5,31,0,31,3,16,17,3,83,33,0,1,39,23,18,69,21,0,0,14,30,11,1,23,1,0,2,19,14,37,36,4,14,3,39,54,1,49,2,7,3,1,52,44,34,16,28,21,13,33,7,3,2,15,49,5,5,5,5,5,1,2,3,17,13,9,9,54,28,12,28
1210,0,29,0,88,16,81,71,58,0,55,0,50,0,0,1,0,4,3,31,12,31,49,33,47,40,75,57,10,16,12,47,12,34,21,0,0,25,21,1,19,15,43,22,0,30,0,45,43,0,11,15,48,57,1,49,2,3,4,83,52,20,50,23,14,46,10,32,2,3,2,1,0,10,10,10,0,4,3,4,1,50,9,9,47,54,21,31,37
1211,3,36,5,28,7,11,68,56,5,51,8,7,8,5,6,4,2,5,22,0,6,49,20,47,40,57,52,0,17,33,18,12,20,18,0,10,18,16,12,18,18,9,29,41,19,14,42,40,3,15,15,48,57,31,17,1,0,5,1,52,49,54,44,51,51,20,23,2,1,4,7,0,4,5,7,2,1,4,2,4,50,11,9,26,44,89,50,34
1212,19,33,5,42,7,11,9,52,1,48,2,50,6,4,4,2,4,5,31,0,49,49,33,47,40,88,40,1,1,39,53,27,31,21,13,8,9,8,10,10,16,48,27,0,29,5,26,24,0,11,15,48,57,45,0,8,3,2,76,52,49,54,44,51,51,20,0,0,0,0,7,0,10,10,10,0,0,4,0,4,50,0,10,31,54,39,50,88
1213,4,28,1,33,6,30,26,11,1,8,2,6,12,8,3,4,4,5,22,16,27,49,2,7,28,36,33,9,1,15,20,18,34,12,0,0,0,2,12,3,11,37,0,33,23,4,37,29,1,19,3,39,24,42,0,8,2,2,34,25,20,36,40,17,51,18,0,21,0,0,0,0,1,10,8,0,4,3,3,3,9,10,9,31,8,63,31,47
1214,18,34,5,35,8,14,2,1,1,55,0,50,6,1,1,2,5,0,31,0,49,49,33,47,40,14,45,10,2,0,20,44,15,21,3,0,0,0,1,19,15,43,0,39,30,0,45,43,0,1,15,48,57,7,5,1,0,5,1,52,5,33,23,28,0,1,0,2,1,4,54,49,1,8,2,1,3,2,1,4,2,10,9,3,54,52,15,49
1215,19,18,5,32,7,4,53,47,2,0,58,50,8,5,1,1,6,3,22,0,31,36,27,9,28,75,41,1,35,39,48,9,58,21,0,0,3,0,12,3,11,10,0,10,11,15,1,2,15,15,3,8,43,10,36,8,1,2,32,52,49,54,44,51,51,20,56,22,4,3,0,0,10,10,10,0,3,3,2,3,31,10,12,40,8,21,50,54
1216,1,43,1,30,6,17,20,5,14,4,2,36,9,5,1,4,4,5,31,0,31,49,32,2,28,75,23,7,35,44,33,29,62,21,0,0,10,30,15,1,23,45,0,41,3,11,35,33,16,3,6,5,48,7,13,9,3,1,35,15,20,32,32,36,31,3,22,2,3,2,0,0,7,6,7,1,3,1,2,2,37,10,10,30,54,21,31,114
1217,21,13,5,26,6,18,4,55,1,33,1,22,9,4,1,2,7,4,3,29,31,36,33,37,28,39,40,9,1,33,53,10,36,21,0,0,3,0,1,19,15,1,0,2,30,0,45,43,0,1,6,45,25,49,49,3,1,0,31,32,49,54,44,51,51,20,64,22,4,3,0,0,10,10,10,0,3,3,2,3,50,9,9,23,8,75,50,243
1218,21,36,0,40,7,15,13,11,1,10,1,2,6,4,4,3,6,1,22,0,19,49,33,47,40,53,49,1,12,44,33,1,34,18,13,37,0,0,11,1,23,16,0,15,2,22,13,15,15,14,15,48,57,36,0,1,0,5,31,51,49,54,44,51,51,20,55,2,4,3,0,49,9,5,8,0,3,1,0,2,50,8,9,34,2,84,50,71
1219,19,24,5,61,7,5,3,47,50,1,2,50,8,5,1,1,5,5,15,0,31,7,17,47,40,7,60,12,1,33,10,23,8,21,2,0,0,16,0,30,0,53,31,48,30,0,45,43,0,0,15,48,57,29,0,2,4,2,1,25,9,54,22,43,6,0,0,10,1,4,0,14,1,6,7,5,4,3,4,3,50,9,10,8,8,32,26,26
1220,1,17,0,69,10,57,40,19,1,21,2,18,0,0,8,3,0,5,22,0,11,36,33,24,3,53,60,12,12,22,49,34,46,21,0,2,10,12,11,10,16,26,17,0,18,18,25,0,4,18,6,39,31,46,0,2,2,4,31,52,20,54,15,23,44,17,28,10,2,1,0,50,1,1,1,5,4,4,2,4,27,15,9,37,8,84,31,140
1221,19,51,7,46,7,36,24,19,1,14,1,50,0,0,6,1,5,5,31,0,31,49,24,47,40,36,59,0,13,26,49,17,34,21,15,10,10,9,12,1,23,0,0,1,3,11,1,2,18,17,15,48,57,46,0,9,3,3,31,52,20,13,9,14,37,16,0,2,1,4,7,49,6,10,4,4,1,2,0,2,9,10,9,38,54,63,31,289
1222,19,30,5,42,7,17,10,6,1,4,1,50,6,4,1,3,7,5,22,14,31,36,33,44,28,58,30,9,1,33,53,21,52,21,0,0,39,8,13,0,22,1,0,2,3,11,37,0,16,16,10,14,34,51,0,2,1,3,32,22,9,26,0,28,51,15,56,10,3,2,0,0,10,10,10,0,3,3,2,3,22,11,9,35,8,90,26,173
1223,21,21,0,20,12,13,2,47,30,23,3,22,9,4,3,1,0,2,31,25,31,49,27,20,31,53,48,7,1,43,53,2,34,21,2,0,43,0,10,3,11,17,0,16,23,4,25,23,0,15,2,35,24,28,12,9,3,4,33,40,20,44,19,42,51,14,0,3,2,1,0,0,10,10,10,0,3,4,2,3,0,9,10,10,54,84,31,300
1224,0,51,2,88,16,81,71,58,0,55,0,50,0,0,0,1,0,2,22,0,7,49,33,1,3,36,51,10,35,39,53,58,34,21,0,3,0,0,0,30,0,53,31,48,30,0,45,43,0,0,15,48,57,46,22,12,1,4,31,13,49,54,44,51,51,20,4,10,4,3,4,48,5,10,5,1,3,3,1,3,50,8,10,36,8,63,50,148
1225,18,33,5,13,12,37,12,36,1,55,0,50,6,0,1,2,4,2,27,35,12,24,33,47,40,36,47,10,8,45,46,3,34,15,7,23,16,0,10,19,15,52,1,45,29,5,13,15,0,11,15,48,57,55,0,11,1,0,80,52,49,54,44,51,51,20,0,7,3,2,0,0,10,10,10,0,3,3,2,2,8,3,1,4,8,63,50,149
1226,16,29,2,22,7,26,71,58,0,55,0,50,0,0,1,2,0,0,31,38,36,49,24,47,40,7,54,0,2,9,0,44,8,21,3,0,0,0,10,3,11,16,0,15,21,6,25,23,0,11,15,48,57,57,0,9,2,4,31,52,49,54,44,51,51,20,0,22,1,4,72,0,1,6,1,2,2,4,2,4,50,9,0,20,54,32,50,47
1227,18,15,7,30,7,78,23,1,47,55,0,50,7,1,1,1,0,0,31,35,31,49,33,1,28,36,56,1,1,15,53,22,34,21,3,0,0,0,0,30,0,53,31,48,30,0,45,43,0,0,0,0,5,46,0,1,0,5,61,52,49,54,44,51,51,20,0,2,1,4,58,0,5,10,8,0,3,3,0,1,6,8,9,11,54,63,50,288
1228,19,25,0,35,7,73,34,8,1,0,2,50,8,4,3,1,3,3,15,0,31,3,33,47,40,69,39,0,1,33,43,12,1,8,13,13,21,1,1,29,4,43,22,0,30,0,45,43,0,1,15,48,57,45,17,8,7,1,67,52,40,36,0,37,40,1,33,12,4,3,7,48,8,0,1,14,3,4,0,3,1,9,9,28,26,14,8,1
1229,5,36,0,54,7,19,28,14,48,6,42,10,11,6,5,3,5,5,31,0,23,49,33,47,40,53,18,1,16,26,15,35,46,21,0,21,14,1,1,29,4,26,17,0,30,0,45,43,0,11,15,48,57,54,0,8,3,4,76,52,20,19,16,16,15,10,0,10,4,3,49,45,0,10,0,10,4,0,0,2,50,10,9,38,54,84,31,18
1230,3,42,0,53,14,60,24,26,74,10,1,5,9,7,3,6,5,5,22,0,7,5,25,47,40,75,26,0,16,26,36,26,62,21,26,8,14,12,10,10,16,1,0,2,19,14,1,2,0,11,3,17,48,59,43,8,2,3,1,45,49,54,44,51,51,20,24,21,3,2,23,0,10,10,10,0,3,3,3,3,27,15,4,15,19,21,50,184
1231,19,34,0,41,13,16,69,5,1,4,1,50,7,5,1,2,5,4,29,0,21,49,33,47,40,18,37,0,16,12,49,14,21,14,0,0,0,2,12,10,16,43,22,0,18,18,31,0,15,15,15,48,57,1,49,1,0,5,1,52,40,30,23,14,47,14,26,12,1,4,15,0,3,2,1,5,0,3,4,3,50,12,4,24,42,41,8,3
1232,16,9,5,25,7,23,71,58,0,55,0,50,1,0,1,1,5,4,31,0,49,49,27,17,32,7,50,10,35,39,53,58,8,23,0,3,0,0,0,30,0,53,31,48,30,0,45,43,0,17,0,0,5,57,0,1,0,5,7,52,5,48,20,16,51,16,0,22,2,1,7,48,0,10,0,0,3,1,0,1,50,9,0,37,54,32,15,17
1233,22,34,0,48,7,16,18,14,10,9,5,22,8,4,3,4,5,0,31,21,40,49,17,47,40,36,30,0,2,6,0,44,34,21,3,0,0,0,10,3,11,0,0,1,21,6,31,29,0,11,15,48,57,43,0,9,3,4,31,52,20,43,1,6,0,10,0,22,4,3,49,49,1,5,0,3,2,1,2,4,50,10,9,20,54,63,31,185
1234,19,41,0,46,7,27,6,4,1,8,1,50,7,5,4,1,5,3,31,0,49,49,33,47,40,70,26,0,1,39,49,7,46,21,0,4,42,0,10,22,3,16,13,0,29,5,25,0,0,11,15,48,57,19,6,2,3,3,16,52,49,54,44,51,51,20,22,7,0,0,7,49,8,10,1,13,0,1,3,2,9,9,9,23,54,15,50,166
1235,18,26,5,37,7,7,3,0,1,55,0,50,7,4,3,1,5,1,22,0,49,3,33,47,40,39,51,10,1,39,22,58,34,18,2,40,0,0,10,19,15,47,19,25,29,5,34,0,0,11,3,0,24,46,37,8,1,4,35,52,1,54,0,40,20,10,0,2,3,2,7,33,0,0,1,5,4,4,4,4,37,8,9,20,50,75,2,303
1236,16,30,1,12,7,7,71,58,0,55,0,50,1,1,3,1,3,1,31,7,31,3,7,8,33,87,49,7,16,12,46,1,58,21,0,3,0,0,0,30,0,53,31,48,30,0,45,43,0,0,2,15,43,46,0,11,3,0,83,41,49,54,44,51,51,20,22,10,2,1,0,0,1,10,7,30,5,2,2,4,37,8,3,24,54,38,50,152
1237,20,31,0,40,7,3,59,47,1,46,2,17,8,6,1,2,4,5,29,0,25,36,33,24,28,39,30,1,35,43,10,34,36,21,26,20,24,20,10,22,3,36,0,32,28,26,34,32,0,11,8,39,24,28,0,1,0,5,50,12,31,23,43,44,8,10,56,3,1,4,0,31,8,10,8,5,4,3,2,3,34,9,9,17,50,75,43,26
1238,20,15,5,14,10,51,7,8,54,50,1,46,8,6,4,2,5,2,22,0,49,1,33,34,31,60,46,1,16,33,11,3,34,21,2,13,28,0,12,2,21,26,0,24,19,14,1,2,24,15,3,27,24,38,6,1,0,5,83,52,49,54,44,51,51,20,22,10,3,2,80,0,8,10,5,1,3,3,3,3,50,0,10,34,8,91,50,47
1239,20,59,0,35,7,18,16,10,1,7,1,4,7,5,4,3,5,3,31,0,31,49,1,30,28,39,39,9,17,12,49,12,36,21,0,0,0,2,10,3,11,36,0,32,29,5,31,0,0,11,3,31,10,59,0,9,3,4,70,52,5,32,15,40,11,10,0,3,1,4,7,0,10,10,10,0,0,2,1,2,17,9,10,38,54,75,15,202
1240,17,25,5,32,7,12,4,58,0,55,0,50,6,1,1,1,0,1,31,0,31,49,20,47,40,36,54,0,22,27,27,57,34,21,27,21,0,0,12,25,17,36,0,32,1,23,39,38,20,15,15,48,57,32,0,9,2,4,61,52,1,45,32,29,25,14,0,2,2,1,49,48,1,5,1,0,0,4,2,4,0,9,9,48,54,63,2,123
1241,18,45,0,50,7,19,14,35,2,55,0,50,1,0,4,1,5,5,31,0,49,47,33,1,33,78,20,0,35,43,24,32,8,23,27,0,10,4,13,6,24,43,22,0,3,11,34,32,6,16,0,0,5,28,0,8,1,0,71,52,49,54,44,51,51,20,4,2,0,0,7,2,6,8,8,0,2,0,0,0,0,10,2,30,54,24,50,217
1242,16,43,2,35,10,76,71,58,0,55,0,50,0,0,1,2,0,0,31,0,49,49,33,47,40,7,60,12,1,33,50,44,8,23,3,0,0,0,1,10,16,0,1,0,30,0,45,43,0,1,15,48,57,46,0,8,3,3,61,52,49,54,44,51,51,20,0,0,4,3,0,49,1,0,1,5,0,0,0,4,50,8,3,33,54,32,50,212
1243,22,17,5,25,6,29,8,9,73,54,2,46,10,6,3,3,0,2,31,12,31,49,12,20,28,36,46,1,25,9,0,5,34,21,15,21,10,0,1,3,11,1,0,2,30,0,45,43,0,1,2,21,24,43,0,9,3,4,32,52,20,43,33,10,0,1,0,10,2,1,21,34,1,5,0,0,1,0,2,4,2,12,0,16,54,63,31,36
1244,17,10,0,14,7,23,0,58,0,55,0,50,6,0,1,1,4,5,22,0,23,1,33,37,28,62,27,1,22,39,53,25,54,21,0,0,0,0,0,30,0,53,31,48,30,0,45,43,0,0,1,32,38,42,0,1,0,5,49,19,36,47,43,36,51,0,56,0,4,3,0,31,1,10,8,1,4,3,0,3,50,0,9,17,8,9,48,275
1245,18,41,0,52,7,26,16,52,1,55,0,50,1,1,4,1,3,5,31,0,49,49,33,47,40,30,60,12,32,45,45,34,15,23,0,0,0,0,10,22,3,26,17,0,29,5,1,0,0,11,15,48,57,46,0,4,3,3,65,52,49,54,44,51,51,20,0,0,1,4,7,49,1,0,0,15,3,4,2,4,50,10,10,24,54,59,50,49
1246,11,38,5,52,16,81,71,58,0,55,0,50,0,0,1,1,5,5,15,0,34,49,17,2,32,53,15,1,12,43,53,20,36,21,28,9,5,20,10,3,11,45,20,15,21,6,25,15,0,15,15,48,57,57,40,15,0,5,57,52,40,24,15,44,51,14,0,2,1,4,7,0,10,10,10,0,3,0,1,2,2,8,0,33,8,84,8,286
1247,2,30,1,38,6,27,20,18,74,15,1,9,9,5,5,3,4,5,22,29,31,36,2,37,28,62,32,9,35,39,41,19,34,21,0,0,0,2,10,3,11,2,0,3,23,4,1,2,0,11,9,39,24,42,0,3,2,1,32,24,21,42,23,14,6,10,55,3,1,4,7,0,10,10,10,0,3,3,2,3,50,12,12,31,8,9,38,267
1248,9,25,1,36,7,5,4,57,1,50,49,46,5,11,1,1,4,4,31,0,49,49,2,47,40,29,33,0,12,39,53,16,46,21,0,0,0,2,1,19,15,43,22,0,30,0,45,43,0,1,15,48,57,17,22,8,3,4,59,52,49,54,44,51,51,20,0,10,0,0,7,48,1,1,1,0,3,4,4,4,0,15,9,20,54,58,50,305
1249,19,37,1,36,10,77,69,8,5,11,3,50,6,4,4,2,5,3,31,0,49,16,17,24,39,27,25,0,22,43,43,10,53,18,22,13,16,0,11,18,18,0,1,0,19,14,9,36,3,14,3,36,38,17,40,8,3,4,4,52,40,38,32,36,39,13,26,2,1,4,7,0,8,10,6,1,4,4,4,4,50,9,9,24,54,56,8,78
1250,3,23,5,11,7,34,24,7,1,13,1,17,9,5,5,3,0,4,31,0,31,49,33,47,40,36,38,1,2,12,15,13,19,23,8,8,7,21,11,10,16,43,0,39,17,2,13,0,15,14,15,48,57,45,0,12,3,0,81,52,5,32,23,15,31,13,32,0,0,0,15,0,0,10,5,4,4,4,0,4,0,11,0,26,54,63,15,178
1251,4,27,0,20,12,19,15,7,1,6,1,4,13,7,4,1,4,5,31,22,25,49,12,2,32,72,57,1,1,45,11,23,61,12,0,0,0,2,11,3,11,10,0,10,21,6,42,40,3,3,6,11,45,42,0,8,2,2,35,21,33,50,16,10,47,3,0,22,1,4,0,0,10,10,10,0,0,3,3,3,3,11,9,40,54,19,45,218
1252,19,40,1,46,6,40,6,5,2,23,2,50,7,4,1,2,0,5,19,0,6,19,18,42,31,60,25,0,26,45,0,29,53,21,2,13,21,1,12,6,24,48,0,43,1,23,0,1,6,18,0,0,38,1,46,2,7,2,64,52,45,30,32,45,0,17,18,15,0,0,0,0,10,10,10,0,3,3,3,3,48,13,9,10,22,91,13,64
1253,19,30,0,37,7,4,69,52,1,23,1,50,8,5,1,1,5,0,31,0,49,49,17,47,40,7,54,0,2,6,15,44,8,21,3,0,0,0,12,0,22,26,0,24,11,15,34,32,15,15,3,17,5,45,0,3,1,3,74,52,49,54,44,51,51,20,56,21,2,1,7,32,8,7,1,2,3,1,2,3,50,10,2,3,54,32,50,217
1254,17,23,0,34,7,13,23,58,0,55,0,50,1,0,1,2,4,1,31,21,36,49,17,37,34,36,52,0,35,39,42,57,34,21,0,3,0,0,0,30,0,53,31,48,30,0,45,43,0,0,6,45,24,7,37,1,0,5,76,52,5,45,20,28,38,0,0,10,0,0,7,0,10,10,10,0,3,1,2,2,0,9,9,45,54,63,15,89
1255,18,33,5,29,7,11,4,47,30,55,0,50,6,4,3,1,6,5,3,25,31,36,17,34,28,36,50,1,1,33,53,38,34,21,15,10,0,0,1,18,18,43,22,0,30,0,45,43,0,1,3,41,24,52,0,3,1,3,32,42,31,26,0,36,51,1,39,3,0,0,7,0,10,10,10,0,3,3,2,4,50,9,12,20,8,63,43,3
1256,19,33,0,48,10,80,3,52,2,50,1,50,7,5,1,2,5,5,31,0,31,49,33,47,40,1,60,12,2,6,33,21,1,23,0,0,0,2,1,10,16,36,0,32,30,0,45,43,0,14,15,48,57,42,0,8,1,0,64,51,9,24,1,6,31,13,18,2,0,0,0,13,9,9,9,22,2,2,3,4,50,9,2,26,54,1,26,195
1257,6,31,1,42,6,40,67,22,1,19,1,8,12,8,5,5,5,5,31,0,31,13,24,47,40,69,32,0,12,48,33,19,58,4,26,10,14,16,1,19,15,9,0,9,30,0,45,43,0,1,0,36,43,42,24,2,7,3,67,52,36,42,15,50,33,1,19,15,3,2,7,0,10,10,10,0,3,4,3,3,34,7,9,24,54,14,48,124
1258,19,43,3,10,9,13,2,2,1,54,1,50,8,6,0,3,4,1,22,0,49,49,33,47,40,7,49,10,22,26,53,1,8,23,0,3,0,0,0,30,0,53,31,48,30,0,45,43,0,0,15,48,57,54,12,1,0,5,74,52,49,54,44,51,51,20,0,2,2,1,7,75,9,6,2,1,0,3,3,2,50,10,9,19,2,32,50,84
1259,21,49,3,4,9,7,10,2,2,6,2,3,10,8,1,2,5,5,15,0,31,49,33,34,31,39,19,6,15,45,53,61,36,17,0,2,0,0,12,2,21,43,0,39,18,18,13,0,15,15,3,36,25,57,0,8,7,4,48,52,21,42,22,46,51,14,0,12,2,1,7,75,7,7,5,16,4,4,3,3,2,8,9,35,8,75,38,243
1260,2,37,0,46,7,24,20,19,55,5,58,5,10,8,4,2,5,4,19,25,31,49,33,17,3,75,29,0,12,39,8,15,62,21,0,0,0,2,1,19,15,26,17,0,30,0,45,43,0,1,0,17,48,1,49,1,0,5,1,50,20,28,36,28,29,1,9,2,2,1,54,52,8,7,8,5,5,2,0,4,50,9,9,20,8,21,31,286
1261,22,33,5,34,7,26,10,14,1,13,1,2,7,4,6,1,5,2,31,0,49,49,20,1,18,25,33,0,1,39,20,4,1,21,0,0,3,0,1,1,23,36,0,32,30,0,45,43,0,1,3,0,1,45,40,1,0,5,74,52,0,51,15,44,8,1,0,21,1,4,17,70,7,10,9,2,3,3,2,4,0,9,9,26,54,54,0,142
1262,20,18,1,30,6,20,5,57,1,33,26,36,8,5,1,2,7,5,3,13,31,36,33,40,28,60,19,1,12,45,22,34,53,21,2,5,14,12,13,3,11,1,0,2,11,15,1,2,15,2,12,29,38,6,44,1,0,5,32,48,36,22,15,46,20,2,40,13,0,0,0,0,10,10,10,0,3,3,2,3,17,12,9,38,8,91,48,227
1263,22,13,0,22,12,24,4,2,50,52,44,1,8,5,4,2,4,2,31,35,31,14,8,8,28,33,19,0,12,47,33,3,65,21,24,0,28,0,0,30,0,53,31,48,30,0,45,43,0,0,2,6,51,43,0,11,3,3,83,52,48,12,23,14,31,0,0,0,2,1,7,49,8,10,5,5,5,4,2,4,46,12,9,12,54,65,19,6
1264,16,46,5,57,9,45,71,58,0,55,0,50,1,1,1,1,5,2,15,1,6,25,11,1,21,36,19,1,21,26,46,35,34,17,2,13,28,0,10,2,21,16,0,15,29,5,39,38,0,11,0,17,24,42,36,1,0,5,1,52,49,54,44,51,51,20,13,2,1,4,54,49,8,10,2,0,3,1,1,4,49,8,10,27,8,63,50,286
1265,18,19,1,21,7,55,34,13,22,55,0,50,7,1,1,1,2,0,31,12,23,49,17,7,33,78,54,9,21,12,53,44,65,21,3,0,0,0,10,3,11,26,0,24,21,6,13,15,0,11,2,21,24,42,0,2,1,2,80,52,20,54,23,14,51,10,0,0,1,4,0,0,10,10,10,0,3,2,0,4,17,8,12,27,54,24,31,210
1266,18,45,1,62,7,22,26,25,74,55,0,50,0,0,1,4,2,5,22,0,21,5,33,24,31,18,60,12,12,19,20,30,34,19,0,17,0,1,0,30,0,53,31,48,30,0,45,43,0,0,6,27,24,52,0,9,3,1,62,52,49,54,44,51,51,20,0,0,2,1,7,0,1,0,1,13,0,0,0,2,50,10,9,9,8,41,50,182
1267,17,33,0,40,7,4,29,58,0,55,0,50,1,1,3,1,5,4,31,0,31,49,11,44,32,29,31,0,1,33,33,18,34,21,0,0,0,2,0,30,0,53,31,48,30,0,45,43,0,0,8,8,24,46,0,3,2,3,1,52,49,54,44,51,51,20,0,0,4,3,7,49,3,10,3,10,5,2,2,2,50,9,10,12,54,58,50,185
1268,11,43,3,68,16,81,71,58,0,55,0,50,0,0,0,2,5,5,31,0,0,49,33,47,40,1,60,12,35,50,45,23,1,21,0,0,0,2,0,30,0,53,31,48,30,0,45,43,0,0,15,48,57,46,49,9,3,2,79,52,1,54,15,46,4,0,0,0,0,0,0,0,1,0,2,14,2,0,0,3,50,14,9,18,54,1,2,272
1269,19,18,5,25,7,2,53,55,1,12,1,50,8,5,1,1,5,1,1,1,19,49,17,1,16,77,60,12,16,15,46,1,46,17,27,21,0,0,10,19,15,36,20,0,27,9,37,36,0,11,3,0,5,45,31,1,0,5,1,52,20,54,0,40,43,10,0,21,2,1,21,36,8,10,2,0,2,4,1,2,17,8,10,26,42,23,31,267
1270,1,41,1,58,6,48,2,29,54,17,1,48,9,6,1,4,5,1,31,0,49,49,33,17,18,36,53,0,1,44,53,1,0,17,0,3,0,0,0,30,0,53,31,48,30,0,45,43,0,0,3,0,0,20,6,1,0,5,32,52,0,54,32,36,51,0,0,0,3,2,7,49,8,10,8,0,2,3,2,3,0,13,0,29,54,63,0,277
1271,6,49,5,57,6,56,39,27,1,13,1,29,11,8,4,6,6,5,15,0,23,43,24,42,20,75,19,1,16,26,47,34,62,18,0,0,14,14,11,16,2,36,20,0,18,18,37,0,4,2,15,48,57,1,49,12,7,4,31,52,33,5,0,43,7,2,18,2,3,2,54,49,2,4,1,14,3,3,4,4,27,2,4,21,50,21,45,238
1272,18,37,0,46,7,13,3,57,1,55,0,50,6,4,3,1,3,5,26,2,31,49,33,37,28,36,40,9,35,44,53,10,34,21,0,0,0,0,1,29,4,10,7,0,30,0,45,43,0,11,6,45,35,42,0,1,0,5,57,32,5,33,39,44,51,10,0,0,0,0,0,0,10,10,10,0,2,3,2,2,50,9,9,38,8,63,15,129
1273,18,13,5,18,7,73,34,18,1,55,0,50,6,1,3,1,6,5,3,0,31,36,11,2,28,39,34,1,16,26,53,17,36,21,26,0,14,27,11,3,11,43,13,24,11,15,1,2,15,14,9,1,25,10,20,3,1,0,32,25,5,35,23,14,51,13,22,22,0,0,7,0,10,10,10,0,3,3,2,4,9,11,12,23,8,75,15,54
1274,20,31,5,37,7,6,4,57,2,33,2,1,9,5,1,1,2,5,22,0,19,39,33,47,40,17,39,1,12,47,52,12,19,21,2,0,0,39,10,19,15,1,0,2,23,4,13,15,0,14,15,48,57,42,38,2,1,4,83,52,5,32,15,48,50,13,62,23,3,2,54,48,8,10,0,0,3,4,0,4,17,10,10,30,8,62,15,267
1275,17,40,0,50,7,6,53,58,0,55,0,50,6,4,1,1,7,5,31,0,27,49,11,47,40,76,25,0,7,9,33,27,9,17,15,35,0,0,11,21,5,36,0,32,23,4,31,0,4,14,0,27,6,28,0,1,0,5,83,52,49,54,44,51,51,20,37,10,2,1,7,0,10,10,10,0,2,4,0,4,50,8,0,37,54,22,50,276
1276,18,10,2,14,7,5,2,22,50,55,0,50,6,4,3,1,3,2,29,12,19,49,17,17,35,39,58,1,1,45,12,3,36,21,13,27,9,0,10,10,16,0,1,0,29,5,13,0,0,11,0,17,30,57,0,8,1,3,86,52,49,54,44,51,51,20,0,22,1,4,80,0,10,10,10,0,2,0,0,1,9,9,9,13,8,75,50,243
1277,4,35,5,39,6,24,21,16,62,13,58,5,11,8,4,3,7,5,3,12,31,36,30,17,28,62,31,7,12,43,33,20,54,21,0,0,0,2,10,3,11,1,0,2,19,14,34,32,0,15,15,48,57,1,49,3,1,2,31,23,31,32,15,44,31,14,22,22,1,4,7,0,10,10,10,0,3,3,2,3,8,13,9,23,8,9,43,47
1278,20,22,5,33,7,9,2,5,1,52,1,36,9,7,3,1,5,2,19,12,11,31,2,24,35,53,42,1,16,9,46,6,34,21,18,21,9,0,11,9,29,26,0,24,18,18,13,1,15,14,3,17,24,54,2,12,3,4,83,52,49,54,44,51,51,20,19,21,2,1,26,48,6,10,3,2,3,1,2,0,2,9,10,28,8,84,50,16
1279,20,7,5,12,7,55,11,57,3,52,69,32,8,5,3,1,3,1,31,13,27,3,33,44,33,36,49,7,25,6,53,1,34,21,0,3,0,0,14,3,11,43,0,39,4,25,25,23,7,20,2,28,24,42,0,10,3,2,38,41,31,47,23,14,51,19,0,0,0,0,0,0,10,10,10,0,0,1,0,1,8,10,10,22,54,63,43,37
1280,20,49,3,46,8,46,10,8,1,54,1,46,7,5,4,2,0,5,22,0,49,3,33,47,40,36,19,1,1,44,46,23,34,23,13,0,14,21,1,29,4,36,20,0,30,0,45,43,0,1,15,48,57,57,0,3,5,0,81,52,5,13,0,28,43,1,0,2,1,4,0,0,10,10,10,0,2,1,0,3,50,8,0,7,8,63,15,84
1281,21,47,0,50,7,24,17,12,1,6,1,5,7,5,1,4,3,5,31,0,38,49,33,1,33,52,25,1,0,0,41,43,1,23,0,0,0,0,10,18,18,16,13,0,19,14,39,0,0,11,0,0,1,42,0,1,0,5,74,52,49,54,44,51,51,20,22,2,2,1,7,49,1,1,1,13,2,2,4,4,50,10,6,48,54,82,50,246
1282,18,39,0,14,9,9,15,7,1,55,0,50,6,4,1,3,5,2,17,0,31,49,11,47,40,30,48,1,35,43,46,2,25,17,24,0,28,0,1,29,4,16,0,15,30,0,45,43,0,1,15,48,57,39,37,3,3,4,85,52,49,54,44,51,51,20,22,2,2,1,7,49,1,10,1,26,3,0,0,0,50,0,8,19,15,59,50,26
1283,22,34,0,30,7,13,54,11,54,8,2,4,8,5,6,1,6,2,31,0,31,49,27,21,21,18,47,1,12,45,46,3,62,15,15,8,9,20,10,10,16,45,24,0,29,5,31,0,0,14,0,31,48,1,0,3,5,0,80,52,31,45,29,36,43,13,65,0,3,2,0,0,0,0,0,14,3,4,2,2,2,14,8,2,54,41,43,6
1284,20,31,5,77,7,26,25,15,52,16,1,46,1,1,4,3,5,2,15,0,49,0,11,47,40,7,29,0,21,26,27,23,8,21,0,0,37,9,10,26,1,16,13,0,29,5,13,0,0,15,15,48,57,19,17,3,1,3,53,52,44,54,0,40,25,14,33,0,1,4,32,0,7,5,5,2,4,3,2,3,10,9,9,21,50,32,12,267
1285,11,58,2,86,16,81,71,58,0,55,0,50,0,0,0,2,7,4,22,0,19,25,33,24,28,69,35,10,12,33,53,16,58,21,0,13,14,16,13,6,24,43,22,0,1,23,34,0,20,16,6,36,43,57,0,8,1,3,31,52,49,54,44,51,51,20,0,10,3,2,0,0,10,10,10,0,4,2,2,2,50,9,9,11,19,14,50,41
1286,20,41,5,30,7,18,14,7,1,6,69,46,7,5,1,3,5,4,19,21,45,49,1,17,28,36,35,0,12,39,27,16,34,23,0,8,0,34,10,22,3,0,1,0,29,5,31,0,0,19,3,17,46,42,0,3,2,0,61,50,44,47,35,48,42,18,17,22,4,3,58,0,1,0,5,6,3,0,0,4,41,10,9,7,50,63,12,267
1287,17,12,0,14,7,23,11,58,0,55,0,50,1,0,3,1,5,1,31,0,32,5,33,33,28,60,51,9,1,39,46,57,53,21,2,40,0,0,10,14,10,16,0,15,21,6,25,23,0,11,2,35,38,20,8,11,3,0,83,44,49,54,44,51,51,20,64,22,1,4,80,52,9,10,5,0,3,0,2,4,33,8,0,25,54,91,50,155
1288,22,22,0,26,7,13,5,57,1,50,1,36,10,8,3,2,5,5,26,0,31,25,11,47,40,60,29,0,1,33,53,23,53,21,26,21,14,5,10,18,18,17,0,16,19,14,14,16,0,11,3,27,47,55,37,2,7,3,70,52,49,54,44,51,51,20,19,0,0,0,0,0,10,10,10,0,3,4,4,4,9,11,9,13,13,91,50,150
1289,20,6,0,15,12,4,34,1,74,45,69,43,8,4,1,2,6,0,31,0,19,49,20,1,21,89,48,1,1,26,53,44,34,21,3,0,0,0,0,30,0,53,31,48,30,0,45,43,0,0,0,0,5,57,0,8,1,3,83,52,49,54,44,51,51,20,0,2,2,1,7,0,1,10,8,0,5,1,2,3,37,9,10,19,54,40,50,151
1290,18,34,3,58,2,37,32,11,54,55,0,50,0,0,5,1,4,1,31,0,31,5,33,37,6,75,47,1,4,25,46,3,53,23,0,3,0,0,13,6,24,31,0,29,12,20,14,16,2,16,3,17,38,39,3,2,1,3,80,52,49,54,44,51,51,20,60,8,4,3,55,0,10,10,10,0,2,4,1,2,50,9,4,5,54,21,50,30
1291,18,30,0,85,12,47,17,15,1,55,0,50,0,0,3,3,5,2,31,1,43,39,33,17,25,14,48,0,22,43,14,2,15,12,0,3,0,0,10,10,16,36,20,0,21,6,25,23,0,11,3,17,10,42,0,8,1,4,64,52,20,54,32,43,12,10,18,10,4,3,7,59,1,1,1,5,1,3,4,4,0,10,2,31,54,52,31,9
1292,19,36,3,18,8,10,13,55,1,7,58,50,6,4,4,2,6,4,26,0,31,3,33,24,31,53,37,2,16,26,53,14,39,21,0,0,28,16,16,1,23,43,13,24,2,22,13,15,10,5,15,48,57,1,49,2,3,4,62,50,9,36,0,40,51,5,17,12,4,3,7,70,6,0,0,0,1,4,0,0,50,11,10,28,8,84,26,141
1293,18,30,0,21,7,4,12,1,60,55,0,50,7,1,1,1,5,0,31,0,49,49,33,24,28,78,40,0,32,34,43,44,8,21,3,0,0,0,0,30,0,53,31,48,30,0,45,43,0,0,3,27,5,46,30,15,0,5,1,52,49,54,44,51,51,20,0,0,2,1,7,52,1,10,1,0,1,4,2,4,50,9,9,27,54,24,50,158
1294,17,23,5,57,7,9,11,58,0,55,0,50,1,1,4,1,5,1,22,0,49,49,33,47,40,1,59,1,1,34,53,52,1,17,0,3,0,0,1,29,4,0,1,0,30,0,45,43,0,1,15,48,57,45,0,8,5,4,81,52,5,37,15,50,51,1,0,10,0,0,0,0,10,10,10,0,3,2,0,2,50,9,9,17,8,1,15,1
1295,4,41,0,48,7,26,19,11,1,8,1,6,12,7,5,2,5,4,22,0,31,39,2,17,33,55,38,1,22,26,22,55,8,17,32,8,0,0,10,1,23,36,0,32,2,22,25,23,0,16,0,17,31,52,0,1,0,5,1,50,5,44,24,16,20,15,33,2,4,3,47,49,1,8,1,4,3,4,4,4,43,12,9,9,8,87,15,149
1296,19,31,5,44,7,20,4,18,1,52,69,50,6,4,3,2,6,4,15,0,9,49,33,47,40,72,60,12,16,12,43,15,61,21,0,0,9,34,11,11,20,36,20,0,17,2,31,0,15,17,3,27,45,46,0,2,2,4,31,52,21,54,16,14,39,16,17,2,4,3,58,62,5,5,5,23,4,1,2,3,3,12,6,28,8,19,38,216
1297,4,53,5,48,6,57,35,21,1,18,1,17,8,6,5,6,7,4,31,0,25,33,33,17,28,75,37,0,35,17,22,14,53,22,15,0,0,31,10,27,9,36,20,0,29,5,34,0,0,16,0,0,38,55,0,8,3,2,76,52,20,30,15,19,20,15,0,3,0,0,7,0,10,10,10,0,3,2,0,2,50,10,4,14,54,21,31,310
1298,18,21,7,19,12,18,7,6,62,55,0,50,6,4,5,0,5,2,31,0,31,0,33,33,28,39,45,9,21,33,0,5,36,21,0,21,25,0,0,30,0,53,31,48,30,0,45,43,0,0,2,35,24,43,0,1,0,5,31,42,49,54,44,51,51,20,1,18,1,4,70,52,1,10,1,0,0,2,0,2,2,9,9,12,54,75,50,40
1299,18,57,0,57,7,19,21,11,59,55,0,50,0,0,5,1,3,5,22,0,31,11,33,47,40,60,60,12,1,26,33,34,53,21,26,8,9,9,11,18,18,1,0,2,19,14,1,2,24,14,15,48,57,46,0,8,2,3,48,52,49,54,44,51,51,20,0,2,0,0,0,49,8,6,8,5,4,4,4,4,50,9,12,28,8,91,50,26
1300,18,63,5,46,9,65,53,35,1,55,0,50,7,4,1,1,6,1,1,36,19,36,20,17,28,20,15,1,25,9,0,57,24,21,27,21,0,0,1,21,5,43,0,39,30,0,45,43,0,1,3,17,38,35,0,9,3,3,32,52,36,33,23,14,0,1,0,10,0,0,12,52,1,5,1,0,4,4,2,4,50,9,9,19,8,43,48,47
1301,17,21,0,22,7,55,23,58,0,55,0,50,6,1,1,1,4,5,15,13,21,1,33,2,28,53,33,9,1,43,50,18,46,21,0,0,0,2,10,3,11,48,0,43,28,26,0,0,0,16,3,31,31,42,0,8,3,0,49,33,36,42,43,44,10,15,56,2,4,3,80,31,1,10,1,14,4,3,0,3,44,8,9,17,8,84,48,112
1302,22,28,5,29,15,40,21,57,10,34,1,4,8,5,4,2,5,5,15,0,19,3,30,17,33,36,25,1,21,26,7,27,6,12,0,0,0,0,11,6,24,1,2,0,1,23,13,15,5,14,15,48,57,54,0,1,0,5,47,52,9,18,23,14,5,13,22,10,4,3,7,72,8,8,7,10,1,2,3,4,50,10,9,22,8,63,26,16
1303,17,33,2,62,9,12,59,58,0,55,0,50,6,1,0,2,3,1,31,0,31,49,33,47,40,53,56,11,1,15,53,52,46,21,27,21,0,0,10,3,11,26,0,24,21,6,0,1,0,11,15,48,57,57,0,9,3,3,31,52,5,49,0,16,51,10,0,2,1,4,7,49,9,5,9,21,3,3,1,4,43,10,9,38,54,84,15,289
1304,11,16,0,17,16,81,71,58,0,55,0,50,0,0,3,0,5,1,31,2,25,7,24,29,32,36,52,3,7,9,53,52,34,21,0,3,0,0,11,3,11,45,24,0,5,7,32,30,5,14,2,38,24,43,0,11,2,0,83,48,49,54,44,51,51,20,0,22,1,4,0,52,8,10,1,18,1,4,2,4,50,9,0,25,54,63,50,76
1305,20,55,3,26,7,20,15,12,1,9,1,46,6,4,3,4,5,3,31,0,30,49,33,47,40,75,60,12,1,12,47,12,62,23,31,10,14,15,11,21,5,17,0,16,23,4,37,0,24,14,15,48,57,31,0,8,1,4,38,52,36,54,41,16,47,13,12,21,4,3,7,49,7,8,8,0,2,1,1,2,38,11,2,33,54,21,48,108
1306,19,36,0,40,7,15,7,8,1,2,1,50,7,5,3,3,4,5,22,29,25,49,33,14,34,60,32,9,1,39,53,19,53,17,0,0,0,2,1,29,4,43,0,39,30,0,45,43,0,1,8,12,38,42,0,1,0,5,34,24,36,25,0,40,51,1,0,0,1,4,7,31,5,10,5,0,4,3,0,4,50,9,9,23,8,91,48,3
1307,17,23,5,29,7,4,59,58,0,55,0,50,6,4,1,1,3,0,12,1,31,36,11,24,28,14,54,2,12,45,24,44,15,21,3,0,0,0,0,30,0,53,31,48,30,0,45,43,0,0,8,27,10,42,0,1,0,5,31,52,49,54,44,51,51,20,0,3,3,2,0,0,10,10,10,0,3,4,2,4,50,0,12,24,8,52,50,2
1308,17,11,0,19,7,4,0,58,0,55,0,50,6,1,1,1,4,1,31,0,31,49,33,47,40,36,53,7,7,15,53,52,34,21,15,35,0,0,1,3,11,43,0,39,30,0,45,43,0,1,15,48,57,32,0,9,2,3,31,52,5,47,9,16,51,1,0,7,0,0,7,49,7,5,7,0,1,3,3,3,50,8,9,29,54,63,15,246
1309,19,30,0,42,7,16,13,6,1,50,1,50,6,4,4,1,0,2,31,0,31,3,33,47,40,53,30,0,15,17,10,10,46,17,0,0,3,0,12,0,22,16,0,15,11,15,13,0,18,15,15,48,57,45,0,1,0,5,76,52,49,54,44,51,51,20,18,10,1,4,41,2,1,1,1,14,3,0,3,4,50,0,2,8,54,84,50,6
1310,3,34,0,68,6,35,40,27,1,10,1,7,9,6,6,3,3,5,22,29,31,44,1,47,40,7,29,2,1,43,0,23,8,13,8,5,14,16,10,11,20,16,13,0,19,14,0,0,0,11,15,48,57,32,40,1,0,5,74,51,5,12,9,28,0,10,65,22,1,4,0,50,9,8,1,0,3,0,0,0,50,11,9,29,19,32,15,180
1311,22,34,2,49,12,49,63,43,9,5,2,2,8,6,3,3,0,5,31,0,38,49,33,47,40,36,60,12,1,43,45,29,8,22,0,0,0,0,13,0,22,16,13,0,6,24,13,0,14,16,15,48,57,1,49,9,3,1,41,52,49,54,44,51,51,20,0,10,1,4,80,0,8,0,5,14,6,0,0,3,50,12,9,20,54,63,50,47
1312,17,16,5,29,7,4,59,58,0,55,0,50,6,4,1,1,4,2,15,0,6,49,33,47,40,60,46,10,35,12,22,4,53,17,13,37,0,0,10,1,23,16,13,0,19,14,1,2,0,14,15,48,57,46,27,8,2,4,34,52,5,42,29,14,20,13,23,2,2,1,7,51,1,1,1,5,4,1,1,1,50,8,9,9,50,91,15,148
1313,18,27,5,41,7,11,8,57,5,55,0,50,6,4,3,2,6,4,19,0,23,49,33,47,40,83,33,0,12,48,22,20,62,18,8,10,28,0,11,10,16,1,13,45,19,14,42,29,4,14,15,48,57,7,17,12,2,4,34,52,49,54,44,51,51,20,23,0,0,0,44,38,7,5,7,1,2,1,2,1,41,12,1,31,8,28,50,238
1314,19,31,0,40,7,10,69,55,1,42,1,50,7,5,3,1,6,4,22,0,31,36,17,1,3,1,37,10,16,12,10,13,1,4,0,0,0,2,10,6,24,26,17,0,1,23,25,23,0,11,3,17,1,53,0,6,3,4,1,52,49,54,44,51,51,20,0,2,2,1,7,0,10,10,10,0,3,4,2,3,50,12,10,21,8,1,50,2
1315,20,26,0,28,7,7,2,55,1,46,2,32,9,6,3,1,3,3,22,0,31,49,24,24,28,53,40,9,16,26,20,10,46,12,0,0,3,0,13,0,22,26,0,24,3,11,26,24,5,16,6,27,31,45,0,8,2,2,34,32,4,54,16,14,18,15,0,22,3,2,0,0,10,10,10,0,0,3,3,3,50,9,9,30,8,84,5,267
1316,17,48,0,35,7,78,23,58,0,55,0,50,6,1,1,1,5,1,31,0,49,49,33,47,40,7,51,0,7,9,40,58,8,23,15,35,0,0,1,10,16,10,29,43,30,0,45,43,0,1,0,0,5,55,0,8,1,4,78,50,5,42,9,10,36,1,3,2,4,3,7,49,7,5,5,5,3,4,4,4,50,9,2,26,54,32,15,88
1317,19,16,0,25,7,3,53,13,2,15,1,50,7,4,3,1,4,2,31,0,31,49,33,7,31,36,45,7,1,39,53,5,34,17,0,0,3,0,12,1,23,16,0,15,2,22,25,23,10,15,10,5,24,42,0,8,3,1,35,44,5,54,23,28,51,14,0,22,2,1,0,0,10,10,10,0,3,3,3,3,50,8,9,42,54,63,15,89
1318,21,24,5,28,7,18,11,4,1,3,26,10,6,4,5,2,5,5,3,25,31,36,5,30,28,39,32,1,21,26,53,19,36,21,0,0,0,2,11,3,11,45,0,41,19,14,25,23,3,15,6,17,25,1,49,3,1,1,32,52,20,25,29,28,51,14,56,22,2,1,0,0,10,10,10,0,3,3,2,3,0,14,9,42,8,75,31,104
1319,11,46,3,7,16,81,71,58,0,55,0,50,1,1,0,1,2,5,19,0,25,49,33,47,40,53,23,1,12,17,15,29,46,21,0,0,0,21,11,10,16,1,0,2,12,20,1,2,15,14,15,48,57,1,4,1,0,5,42,52,20,16,15,44,20,13,23,22,1,4,54,0,1,1,1,5,4,3,4,4,33,11,9,6,17,84,31,268
1320,20,36,5,40,7,11,7,4,2,54,2,43,8,6,4,1,3,5,31,0,31,49,33,47,40,53,34,0,1,33,53,17,46,21,0,0,0,2,12,3,11,10,7,0,21,6,34,32,3,15,15,48,57,45,0,10,3,4,70,52,5,26,29,14,51,14,0,8,1,4,0,18,0,0,0,11,1,2,2,2,2,8,10,38,54,84,15,185
1321,19,47,0,46,7,24,21,30,74,20,58,50,0,0,5,2,0,3,12,0,19,49,33,47,40,36,60,12,15,43,53,12,34,21,0,0,0,2,14,13,14,36,20,0,1,23,34,0,20,17,15,48,57,46,0,1,0,5,74,20,49,54,44,51,51,20,0,2,3,2,0,25,5,5,2,5,4,1,2,4,50,9,9,10,50,63,50,182
1322,21,17,1,21,6,21,3,52,1,1,2,0,9,5,1,2,6,2,31,7,24,3,0,13,30,75,45,7,21,33,42,5,62,21,0,0,3,0,10,3,11,17,0,16,21,6,26,24,0,17,2,6,48,43,0,1,0,5,83,37,20,43,43,43,38,16,0,2,0,0,80,49,4,10,0,0,5,2,2,2,17,10,10,27,54,21,31,152
1323,18,23,5,33,7,12,5,5,1,55,0,50,7,4,1,1,2,3,22,0,31,49,33,47,40,75,40,1,21,12,21,10,46,18,8,18,21,0,11,10,16,16,13,0,23,4,13,0,8,14,3,27,31,7,17,3,3,2,13,25,49,54,44,51,51,20,0,10,2,1,26,70,8,8,8,2,3,4,3,4,41,9,10,38,8,21,50,267
1324,20,25,5,19,7,16,9,5,2,54,1,1,8,5,4,1,6,4,15,35,31,49,27,7,35,53,60,12,1,44,20,15,46,21,0,2,10,27,13,1,23,16,1,1,2,22,0,1,10,20,3,44,31,43,0,8,5,3,58,52,31,54,0,44,6,19,0,2,4,3,7,67,1,1,1,6,3,2,4,4,17,9,7,24,50,84,43,112
1325,17,38,0,49,7,22,69,58,0,55,0,50,1,1,3,1,6,5,31,0,15,49,33,47,40,36,60,12,21,15,36,32,34,23,15,0,0,0,11,21,5,48,0,43,23,4,31,0,26,14,0,0,24,42,0,8,1,3,35,52,20,54,29,16,33,13,26,10,1,4,0,11,8,8,1,0,2,3,3,3,50,0,2,17,54,63,31,237
1326,16,48,4,1,9,34,71,58,0,55,0,50,6,1,0,1,3,2,9,0,49,49,33,47,40,39,45,0,16,12,0,5,1,4,0,0,3,0,13,6,24,1,2,0,25,17,25,0,21,16,15,48,57,46,0,2,3,2,49,52,9,38,16,14,0,15,0,11,3,2,12,0,10,10,10,0,4,3,3,4,37,9,0,20,8,75,26,84
1327,17,14,0,29,7,65,23,58,0,55,0,50,6,1,1,1,4,1,31,0,31,3,17,47,40,29,50,0,21,33,49,59,46,21,18,33,0,0,10,10,16,26,17,0,19,14,13,0,0,11,3,27,31,41,24,1,0,5,1,52,17,43,9,10,45,10,19,22,1,4,7,52,1,1,1,0,3,0,2,3,26,11,9,26,54,58,28,122
1328,21,28,5,37,7,15,11,7,1,8,1,46,8,5,5,1,4,4,19,0,9,49,33,24,31,14,60,12,1,15,43,15,15,21,0,0,0,2,11,11,20,0,1,0,19,14,0,0,4,17,3,17,10,46,0,1,0,5,1,52,9,54,33,50,39,16,0,10,1,4,0,71,1,5,3,30,4,1,1,4,50,8,9,35,8,52,26,184
1329,1,18,0,16,7,10,5,2,1,54,1,23,8,6,6,1,7,5,15,0,31,36,33,7,28,86,30,9,35,44,53,21,68,21,0,0,0,2,13,0,22,10,0,10,3,11,14,16,16,16,6,5,53,45,0,1,0,5,32,22,49,54,44,51,51,20,40,22,0,0,0,0,10,10,10,0,3,3,2,3,47,14,9,35,8,37,50,198
1330,0,46,3,88,16,81,71,58,0,55,0,50,0,0,1,0,2,5,31,0,31,11,33,1,31,18,24,5,1,26,22,28,8,21,0,0,0,0,11,1,23,26,0,24,3,11,25,23,5,14,0,0,5,46,0,1,0,5,83,52,49,54,44,51,51,20,0,2,0,0,0,45,1,10,8,0,5,4,2,4,2,9,0,48,54,41,50,151
1331,3,28,5,25,7,2,69,55,1,5,1,4,13,10,4,1,4,0,22,0,19,49,33,47,40,18,60,12,16,12,49,44,21,21,24,27,0,0,10,18,18,36,20,0,19,14,0,0,0,14,15,48,57,46,34,2,3,4,31,52,20,54,23,36,8,13,33,0,4,3,0,49,8,5,7,1,3,3,3,3,50,10,10,38,8,41,31,41
1332,21,23,0,32,12,21,7,6,1,52,2,36,9,6,3,2,5,3,31,0,49,49,33,17,33,36,41,0,13,12,53,9,33,21,17,2,41,0,12,1,23,36,0,32,11,15,9,0,15,15,0,17,24,19,5,3,5,3,38,52,49,54,44,51,51,20,32,2,2,1,80,48,5,5,0,1,1,2,2,2,2,9,9,13,54,63,50,312
1333,22,26,0,27,7,55,44,25,54,46,60,4,9,6,3,2,0,4,31,22,11,49,33,2,28,77,32,7,15,50,53,19,64,21,0,24,0,18,0,30,0,53,31,48,30,0,45,43,0,0,15,48,57,42,0,9,6,4,1,24,20,42,22,51,51,0,0,0,2,1,76,0,10,10,10,0,1,3,2,3,17,8,0,12,54,23,31,240
1334,19,34,0,42,7,9,63,49,59,28,1,50,1,1,3,4,5,5,31,0,31,3,2,47,40,83,60,12,12,43,43,36,69,11,2,8,14,8,10,1,23,52,20,39,11,15,13,15,0,11,3,5,54,45,37,1,0,5,62,52,15,20,0,36,41,10,29,22,3,2,57,52,8,2,5,5,3,4,0,1,27,14,9,31,54,28,24,152
1335,20,21,5,41,7,8,6,55,41,3,1,12,9,6,1,2,0,2,31,0,16,49,17,30,33,12,29,1,1,39,8,5,13,23,0,0,3,0,11,2,21,0,0,1,14,10,13,15,4,14,3,31,8,55,0,14,0,5,76,52,20,53,16,14,43,13,0,0,2,1,54,0,10,10,10,0,3,3,0,3,50,10,1,30,54,50,31,217
1336,11,26,5,42,16,81,71,58,0,55,0,50,0,0,1,1,2,2,22,0,49,49,33,17,18,7,39,10,14,12,10,22,8,21,3,0,0,0,10,10,16,36,0,32,19,14,31,29,0,15,15,48,57,39,22,1,0,5,1,52,20,37,15,50,51,14,0,10,1,4,54,48,8,3,5,4,3,3,1,3,50,0,10,32,40,32,31,148
1337,18,52,0,35,7,24,3,55,1,55,0,50,6,4,3,1,5,5,31,25,31,3,18,1,28,36,29,9,7,15,26,61,73,0,37,43,48,46,0,30,0,53,31,48,30,0,45,43,0,14,15,48,57,0,49,0,0,5,0,52,36,35,29,36,24,13,23,2,3,2,7,48,1,10,9,22,0,2,2,2,2,11,9,9,54,63,48,289
1338,20,17,5,27,10,76,26,4,74,50,1,48,7,5,1,3,5,1,15,0,10,49,33,47,40,18,60,12,22,33,20,1,8,21,3,0,0,0,11,6,24,49,28,0,18,18,25,0,3,14,15,48,57,46,21,2,6,1,81,51,49,54,44,51,51,20,52,2,2,1,0,0,5,5,5,0,3,2,1,2,50,9,3,6,50,41,50,1
1339,17,44,4,30,15,13,23,58,0,55,0,50,1,0,1,2,6,5,22,0,49,49,33,47,40,36,59,1,1,33,11,23,34,4,0,0,0,0,12,4,25,1,2,0,15,8,34,32,15,15,15,48,57,1,49,12,3,0,48,52,20,53,0,36,20,14,0,22,1,4,0,49,1,6,1,1,4,3,1,3,50,8,7,3,8,63,31,302
1340,5,25,5,25,7,8,4,24,1,0,28,44,10,5,7,3,7,5,3,0,31,36,33,39,28,87,18,1,1,39,47,35,65,21,0,0,0,0,13,3,11,1,0,2,11,15,1,2,15,16,0,41,51,1,49,3,1,1,32,11,20,47,0,40,44,15,40,22,4,3,0,0,10,10,10,0,3,3,2,3,50,14,9,42,8,38,31,34
1341,4,29,0,30,12,29,24,8,1,4,1,49,11,7,5,3,7,3,13,22,31,36,33,43,28,89,39,1,35,39,53,12,69,21,8,5,25,8,14,0,22,17,0,16,3,11,1,2,16,3,1,40,54,7,44,8,1,0,32,43,21,42,15,46,51,3,40,22,0,0,7,0,10,10,10,0,3,3,2,3,0,1,9,38,8,40,38,184
1342,18,23,0,37,7,11,15,0,1,55,0,50,1,0,3,2,6,5,31,0,31,49,33,1,33,87,15,11,7,9,53,38,8,21,0,0,0,0,0,30,0,53,31,48,30,0,45,43,0,0,0,0,5,46,0,8,3,1,1,8,11,13,9,10,51,0,0,0,0,0,7,72,5,10,5,0,5,4,2,4,9,9,3,27,54,38,20,284
1343,17,40,0,37,7,7,7,58,0,55,0,50,6,4,3,2,5,3,31,0,31,36,33,17,28,39,39,0,16,12,52,12,36,23,2,0,10,27,10,21,5,26,0,24,29,5,0,0,0,11,3,27,25,28,0,3,1,4,76,52,31,54,37,6,49,10,4,21,0,0,7,2,1,5,6,15,2,4,3,4,50,10,2,33,54,75,43,178
1344,3,32,0,22,7,20,20,16,1,11,2,11,0,0,2,2,7,5,31,22,31,49,33,25,31,60,34,7,12,48,42,17,53,21,0,0,2,39,14,6,24,5,20,45,3,11,30,28,16,20,9,28,38,7,37,9,3,2,21,26,25,30,15,50,38,19,61,22,2,1,58,0,10,10,10,0,3,1,1,2,45,11,9,44,54,91,34,107
1345,20,14,0,14,10,15,18,5,1,54,1,12,7,4,4,1,4,4,31,0,31,3,2,18,28,69,36,7,28,27,33,15,58,21,0,0,25,21,12,3,11,27,13,23,11,15,9,2,15,15,9,11,43,7,30,9,6,1,56,28,20,34,23,14,31,14,0,1,0,0,7,0,6,5,5,1,3,2,1,1,2,10,9,31,54,14,31,114
1346,1,28,1,37,6,31,26,9,1,4,1,5,10,7,3,3,5,1,31,0,49,6,20,24,18,83,52,9,8,22,15,57,8,23,0,3,0,0,10,18,18,16,13,0,29,5,13,0,0,11,6,17,5,42,0,8,1,0,63,41,49,54,44,51,51,20,33,2,3,2,7,43,1,1,1,13,2,2,2,4,50,12,4,48,54,28,50,217
1347,16,41,2,56,9,73,71,58,0,55,0,50,6,4,0,1,4,5,15,12,11,39,33,30,33,7,59,1,1,43,0,17,26,21,26,20,43,0,14,6,24,17,0,16,1,23,34,1,20,4,3,31,5,39,49,14,0,5,75,47,5,53,0,43,0,4,0,0,3,2,0,0,10,10,10,0,4,0,0,0,50,0,9,14,8,32,15,198
1348,16,27,5,6,6,26,71,58,0,55,0,50,1,1,1,1,5,2,31,0,16,25,33,47,40,78,45,1,2,19,0,5,12,21,26,17,26,0,10,19,15,16,13,0,29,5,1,2,0,11,15,48,57,31,0,1,0,5,83,52,49,54,44,51,51,20,0,2,0,0,7,0,1,10,8,18,1,2,0,3,2,9,9,4,54,24,50,92
1349,17,16,5,17,12,16,23,58,0,55,0,50,1,0,3,1,4,5,22,12,34,49,33,47,40,7,60,12,16,12,6,28,8,21,26,0,0,9,10,2,21,16,0,15,18,18,13,15,0,11,3,17,5,32,0,1,0,5,1,52,5,54,29,14,4,10,61,22,4,3,54,0,3,3,5,6,4,1,1,3,50,8,9,22,8,32,15,286
1350,16,51,3,14,7,16,71,58,0,55,0,50,0,0,3,1,0,2,21,0,23,49,33,24,4,18,60,12,15,48,52,6,21,21,0,21,25,0,0,30,0,53,31,48,30,0,45,43,0,0,3,27,43,1,49,3,3,4,63,52,49,54,44,51,51,20,0,0,1,4,0,0,1,0,1,0,2,4,0,4,50,9,9,14,8,41,50,267
1351,21,41,5,50,7,26,22,21,1,18,1,10,1,0,6,2,5,3,31,0,49,49,33,47,40,56,39,1,8,44,6,12,51,23,2,17,25,0,13,3,11,48,27,0,11,15,13,0,18,16,0,0,24,57,0,15,0,5,83,52,8,53,32,28,51,15,0,10,1,4,7,0,10,10,10,0,2,3,0,3,50,11,1,22,54,88,25,11
1352,19,31,0,35,7,22,14,12,1,6,1,50,1,1,5,1,8,1,31,1,31,1,33,17,28,69,60,12,35,39,33,57,58,21,13,37,0,0,1,22,3,0,1,0,30,0,45,43,0,1,0,17,43,28,0,8,1,0,76,52,49,54,44,51,51,20,0,10,4,3,7,17,7,8,7,13,2,4,2,3,50,9,2,8,54,14,50,56
1353,19,14,0,20,7,73,59,24,1,1,1,50,8,4,1,1,5,2,26,32,27,49,33,17,33,7,53,9,1,43,53,7,8,21,28,0,21,0,10,3,11,45,0,41,11,15,0,1,0,11,10,5,5,42,0,8,2,1,48,45,1,47,43,46,51,10,0,22,0,0,80,43,1,10,5,0,3,3,0,3,41,9,9,32,8,32,2,148
1354,19,19,0,33,7,34,53,2,1,0,1,50,8,4,1,1,3,1,31,0,31,49,20,30,28,36,55,1,21,26,53,57,34,21,0,3,0,0,10,14,10,16,0,15,21,6,25,23,0,11,3,31,24,45,0,8,2,1,48,52,9,45,23,28,51,10,0,0,1,4,0,57,1,2,5,0,3,3,3,3,50,8,0,45,54,63,26,56
1355,18,48,3,34,9,3,65,42,1,55,0,50,7,5,1,1,8,2,3,0,49,49,33,47,40,36,59,10,22,26,15,12,34,18,2,15,18,8,1,19,15,36,20,0,30,0,45,43,0,1,15,48,57,31,19,2,3,4,35,50,9,53,28,46,13,1,33,0,3,2,52,34,8,5,8,1,3,2,2,3,50,9,10,31,8,63,26,148
1356,20,33,3,48,12,39,45,34,1,10,66,2,1,1,4,3,5,2,12,0,49,47,24,30,35,53,34,10,12,21,53,17,46,18,2,8,28,1,14,6,24,36,20,0,1,23,25,1,20,17,6,0,31,38,0,1,0,5,80,52,21,27,10,23,51,16,28,21,3,2,54,48,8,2,5,0,2,2,1,1,8,9,8,31,8,84,38,182
1357,17,35,3,68,7,36,20,58,0,55,0,50,0,0,0,4,4,5,22,0,27,4,33,47,40,36,53,2,1,26,53,34,34,21,26,20,2,8,16,6,24,2,3,0,1,23,14,11,20,19,15,48,57,46,40,8,1,4,85,52,5,47,32,16,51,18,0,2,0,0,7,0,10,10,10,0,4,4,3,4,50,8,9,26,8,63,15,148
1358,21,45,0,57,7,28,17,11,1,21,2,2,6,4,4,3,5,5,31,0,31,36,1,24,28,39,41,0,15,20,39,20,36,8,2,8,21,12,14,13,14,16,0,15,1,23,25,23,20,17,3,17,25,45,42,1,0,5,61,52,49,54,44,51,51,20,18,12,2,1,83,0,10,10,10,0,2,4,1,1,17,0,9,31,54,75,50,106
1359,20,10,0,25,7,5,69,52,1,33,69,12,9,5,1,1,5,2,31,0,31,5,33,47,40,69,47,0,12,26,33,3,58,21,18,15,18,0,1,10,16,1,2,0,30,0,45,43,0,1,15,48,57,31,0,8,1,2,50,52,49,54,44,51,51,20,23,21,2,1,0,2,5,1,1,0,2,2,4,4,50,8,2,13,54,14,50,257
1360,11,24,0,28,16,81,71,58,0,55,0,50,0,0,1,1,5,4,28,0,23,45,33,47,40,75,56,1,20,37,9,14,53,21,18,8,14,8,14,10,16,18,0,17,17,2,11,13,15,17,3,31,38,45,0,1,0,5,81,52,49,54,44,51,51,20,0,3,4,3,7,49,0,10,0,14,4,4,0,4,50,0,4,5,8,21,50,134
1361,22,29,5,35,7,21,18,55,61,42,45,22,9,5,3,2,5,1,31,0,31,49,1,47,40,39,53,0,1,26,50,52,36,21,0,0,0,0,12,3,11,10,0,10,18,18,37,0,3,15,15,48,57,45,0,9,3,2,64,52,20,46,0,28,18,14,0,0,4,3,0,0,10,10,10,0,1,4,4,4,4,9,9,38,54,75,31,164
1362,17,17,0,23,7,2,44,58,0,55,0,50,6,4,1,1,7,3,31,8,36,49,24,2,28,60,43,7,12,45,49,7,53,13,0,0,24,42,11,6,24,17,14,0,3,11,14,2,15,14,9,18,38,42,21,1,0,5,45,45,5,54,15,46,47,13,33,2,0,0,0,0,10,10,10,0,3,3,2,2,50,8,9,40,54,91,15,169
1363,19,24,0,20,10,16,5,52,1,12,1,50,7,4,3,1,8,1,31,4,23,49,33,47,40,53,46,5,21,39,42,4,46,21,0,3,0,0,13,6,24,17,14,0,3,11,26,23,16,16,2,30,31,7,15,12,3,2,35,52,1,39,29,40,38,15,33,22,2,1,0,49,7,6,5,1,3,2,2,2,27,11,9,34,54,84,2,50
1364,17,34,0,37,14,39,18,58,0,55,0,50,0,0,3,2,6,3,15,0,49,18,1,1,21,39,25,0,1,45,53,27,36,21,26,2,21,12,1,19,15,17,0,16,30,0,45,43,0,1,0,0,24,44,21,2,7,3,64,26,20,48,16,28,51,1,0,0,1,4,0,0,10,10,10,0,3,4,4,4,32,9,9,11,26,75,31,243
1365,18,32,6,35,7,9,65,5,36,55,0,50,7,5,3,1,4,4,22,0,38,0,1,1,35,55,60,12,12,26,46,14,50,14,26,5,10,23,10,1,23,43,22,0,5,7,14,16,0,11,0,17,31,29,0,3,3,3,70,52,1,54,15,28,43,10,0,3,4,3,7,0,1,5,0,25,3,2,2,3,50,10,0,2,8,87,2,182
1366,16,24,2,35,7,78,71,58,0,55,0,50,1,1,1,1,4,0,31,0,49,49,11,17,11,24,49,11,12,44,53,44,8,21,3,0,0,0,1,29,4,36,20,0,30,0,45,43,0,1,3,44,5,57,0,1,0,5,58,39,49,54,44,51,51,20,0,0,2,1,55,0,10,10,10,0,3,2,0,2,28,8,9,31,54,47,50,137
1367,19,31,1,41,7,3,59,47,1,0,69,50,8,5,1,1,3,4,15,0,31,3,20,24,18,7,59,1,16,33,22,16,8,23,26,20,38,35,11,6,24,17,14,0,1,23,34,32,20,20,3,17,5,46,0,8,5,3,32,52,5,53,0,44,27,19,0,10,4,3,34,0,10,10,10,0,3,2,3,3,9,0,12,24,8,32,15,3
1368,18,24,0,26,13,18,65,0,1,55,0,50,6,1,1,2,8,3,26,0,41,1,1,47,40,39,37,10,1,26,0,12,36,18,0,0,21,25,12,1,23,16,1,1,2,22,0,1,18,15,15,48,57,42,8,12,1,3,31,52,49,54,44,51,51,20,56,22,4,3,7,50,9,8,5,2,2,1,2,2,50,8,9,21,49,75,50,214
1369,16,34,5,37,7,0,71,58,0,55,0,50,1,0,1,1,5,5,15,0,49,49,20,17,3,78,32,1,13,12,41,19,58,18,0,0,0,2,13,10,16,1,20,41,18,18,25,0,15,16,15,48,57,54,0,2,3,1,31,52,5,54,0,14,6,15,0,22,4,3,7,48,8,8,0,1,2,3,3,3,50,8,10,38,8,24,15,150
1370,19,21,1,25,6,11,7,42,1,23,29,50,7,4,3,2,3,3,1,13,31,49,33,30,32,60,40,9,15,17,8,10,53,21,0,0,3,0,11,0,22,50,0,45,3,11,1,2,3,14,10,14,38,42,0,8,2,2,45,26,5,54,0,40,10,13,0,22,4,3,0,34,8,10,8,0,2,3,3,3,37,9,0,32,8,91,15,286
1371,17,30,0,39,7,4,65,58,0,55,0,50,6,4,1,1,3,0,31,0,19,3,33,47,40,18,15,0,1,43,53,44,1,8,3,0,0,0,0,30,0,53,31,48,30,0,45,43,0,0,15,48,57,45,37,1,0,5,63,52,11,8,0,43,51,0,20,10,1,4,7,0,10,10,10,0,2,4,0,4,9,9,9,30,54,41,20,5
1372,0,44,5,88,16,81,71,58,0,55,0,50,0,0,1,0,4,0,31,0,31,49,33,47,40,14,20,0,35,33,53,44,15,21,3,0,0,0,0,30,0,53,31,48,30,0,45,43,0,0,15,48,57,57,0,9,2,4,31,52,20,13,43,40,51,0,0,10,0,0,7,49,8,3,1,0,2,1,2,3,50,9,9,24,54,52,31,123
1373,20,26,5,30,10,70,4,2,1,2,1,49,8,6,1,2,5,2,31,0,49,49,33,47,40,14,47,0,35,19,53,3,15,17,15,0,37,0,14,25,17,26,17,0,1,23,0,0,16,17,15,48,57,19,40,1,0,5,59,52,4,54,23,46,51,16,55,3,3,2,7,48,5,7,5,0,4,2,2,2,50,11,9,31,54,52,5,270
1374,16,47,3,30,7,24,71,58,0,55,0,50,0,0,3,1,0,5,12,0,9,31,33,47,40,36,60,12,16,12,8,34,34,21,0,0,0,12,1,19,15,0,0,1,30,0,45,43,0,1,15,48,57,46,0,1,0,5,1,52,49,54,44,51,51,20,0,2,1,4,0,70,1,1,1,6,4,3,4,3,50,10,9,23,42,63,50,182
1375,18,22,5,26,7,3,65,24,27,55,0,50,7,4,1,1,7,3,13,2,23,36,27,42,28,36,42,9,1,45,53,8,34,21,0,21,25,0,1,3,11,3,20,43,30,0,45,43,0,1,8,44,24,43,0,3,1,0,32,34,49,54,44,51,51,20,0,11,2,1,0,0,10,10,10,0,3,2,2,2,34,9,12,17,8,63,50,129
1376,4,24,1,40,6,37,11,10,1,2,3,6,10,7,7,2,7,2,31,12,31,45,24,2,28,39,46,1,16,9,46,4,36,21,0,10,37,0,11,6,24,43,22,0,2,22,25,23,10,18,3,39,24,42,0,3,3,0,76,52,5,39,0,14,43,17,49,2,0,0,27,48,0,0,5,2,4,2,2,4,0,13,0,16,54,75,15,199
1377,18,29,0,36,7,10,2,52,1,55,0,50,6,4,1,2,4,3,31,2,31,49,33,42,33,60,41,3,1,43,42,9,53,21,0,0,3,0,13,6,24,17,27,7,3,11,29,24,16,16,2,5,38,7,30,12,3,0,53,33,1,54,9,14,38,15,59,2,3,2,0,0,10,10,10,0,3,3,1,1,50,11,9,43,54,91,2,50
1378,20,25,5,22,7,9,6,57,1,42,1,15,8,6,1,3,5,4,31,0,49,49,2,47,40,77,60,12,35,45,53,16,64,21,2,20,9,27,10,10,16,16,13,0,19,14,25,0,0,11,0,0,24,7,40,12,3,4,46,20,45,54,43,46,51,10,56,22,1,4,7,49,1,10,8,25,5,2,3,3,17,9,9,24,54,23,13,305
1379,3,33,1,21,6,29,24,9,1,8,1,4,12,8,3,4,5,2,31,2,38,49,2,30,33,69,42,9,13,12,53,5,58,21,0,0,3,0,0,30,0,53,31,48,30,0,45,43,0,0,9,28,43,1,49,8,3,0,83,52,27,18,23,14,51,0,0,3,3,2,54,0,10,10,10,0,3,2,2,2,25,10,9,22,54,14,36,37
1380,6,11,0,11,10,16,9,9,1,9,1,9,13,10,9,5,8,5,31,33,23,49,33,45,25,18,51,0,25,19,42,61,21,12,0,0,0,0,13,6,24,43,22,0,2,22,13,15,10,5,6,28,12,7,37,9,3,3,45,43,18,21,15,43,38,5,14,0,2,1,7,0,7,6,6,0,4,2,2,2,3,9,9,35,54,41,29,125
1381,19,30,5,27,7,11,2,55,2,12,2,50,7,4,1,2,2,5,15,0,23,11,15,47,40,53,60,12,7,12,16,18,46,18,0,8,14,21,11,19,15,17,14,0,24,28,0,0,8,15,10,14,31,46,0,8,2,3,1,52,5,54,16,14,14,14,4,2,2,1,7,67,8,7,8,1,4,1,2,3,50,10,9,29,8,84,15,184
1382,17,41,0,59,7,13,8,58,0,55,0,50,1,1,3,2,5,1,31,0,49,49,20,17,31,60,60,12,15,6,33,58,34,17,15,35,0,0,1,29,4,16,13,0,30,0,45,43,0,1,6,17,24,1,49,8,1,3,78,52,5,42,0,4,31,1,0,21,2,1,7,14,5,0,0,0,2,0,0,0,50,9,2,37,54,91,15,191
1383,17,36,3,20,7,11,8,58,0,55,0,50,1,1,1,3,0,5,31,0,49,49,33,47,40,7,60,12,5,43,45,30,8,21,0,0,0,0,1,29,4,26,17,0,30,0,45,43,0,1,15,48,57,1,0,8,2,0,63,52,5,54,43,51,42,1,0,10,4,3,0,49,1,0,0,14,0,0,0,0,50,8,10,28,54,32,15,100
1384,0,30,7,88,16,81,71,58,0,55,0,50,0,0,1,0,3,1,31,38,24,49,33,47,40,14,45,3,1,33,0,5,15,21,27,10,10,0,12,2,21,45,0,41,3,11,39,38,5,15,15,48,57,46,0,8,1,4,31,52,5,8,29,14,0,14,0,10,3,2,7,49,5,3,5,0,3,4,2,4,2,8,9,22,54,52,15,36
1385,21,51,3,34,7,31,9,6,34,5,41,11,8,6,5,1,0,1,31,0,31,25,17,17,28,1,45,1,16,26,46,57,1,21,0,3,0,0,10,3,11,26,0,24,8,27,13,0,0,11,3,17,5,45,0,3,3,4,76,52,1,38,15,28,43,10,60,22,0,0,49,0,1,8,0,0,3,2,3,4,50,10,9,16,54,1,2,167
1386,2,28,5,42,7,13,11,10,1,7,1,4,11,9,1,5,8,3,3,22,31,36,20,7,28,62,39,9,1,26,53,12,54,21,2,0,43,0,11,18,18,0,1,0,19,14,42,40,3,14,6,5,38,43,0,3,1,2,32,42,31,36,23,12,4,13,55,3,4,3,7,0,10,10,10,0,3,4,2,4,50,13,9,19,8,9,43,95
1387,19,41,0,47,7,9,7,57,1,4,1,50,8,6,4,1,5,3,31,29,31,24,27,44,31,53,41,9,1,33,42,9,46,21,18,8,25,0,11,0,22,1,2,0,18,18,34,0,15,14,9,28,31,20,21,3,3,2,48,31,36,34,0,14,38,13,33,22,2,1,7,23,6,1,7,0,3,1,1,1,17,9,10,7,54,84,48,182
1388,20,34,0,37,7,16,13,4,5,42,2,21,6,4,4,2,6,5,31,2,19,49,28,17,31,14,32,0,32,33,42,19,15,21,0,0,0,2,12,6,24,10,7,0,1,23,25,23,20,15,6,45,10,28,30,1,0,5,43,52,5,42,23,14,38,14,0,0,0,0,0,0,6,7,6,0,3,2,2,2,2,9,9,40,54,52,15,199
1389,18,21,5,18,7,4,69,47,2,55,0,50,7,5,1,1,7,1,13,32,31,36,33,42,28,60,50,9,20,22,53,59,53,21,0,3,0,0,12,3,11,45,0,41,11,15,34,32,15,15,3,44,38,42,0,8,1,2,32,42,49,54,44,51,51,20,40,22,0,0,0,0,10,10,10,0,3,3,2,3,50,9,9,44,8,91,50,196
1390,18,25,0,25,7,18,11,1,1,55,0,50,1,0,1,3,5,2,31,29,19,49,33,30,28,36,60,12,1,26,49,6,34,22,13,13,25,0,10,22,3,0,1,0,29,5,37,0,0,11,6,31,24,1,0,9,3,0,67,52,49,54,44,51,51,20,22,22,0,0,0,43,5,10,2,10,0,4,0,4,50,8,9,33,54,63,50,199
1391,16,48,0,8,9,3,71,58,0,55,0,50,6,4,3,0,4,0,31,38,31,49,33,47,40,36,54,0,12,15,0,44,34,21,3,0,0,0,10,3,11,43,0,39,21,6,0,1,0,11,15,48,57,46,0,9,3,2,31,52,20,46,15,16,0,10,0,2,4,3,12,49,1,6,1,13,1,4,2,4,50,9,4,21,54,63,31,72
1392,19,50,0,59,7,21,24,35,1,18,2,50,1,0,4,2,5,5,26,24,25,49,33,7,3,36,16,0,22,33,52,37,34,17,0,0,0,0,10,18,18,16,0,15,29,5,0,1,0,16,3,31,24,1,49,1,0,5,1,52,31,16,0,36,11,15,28,21,0,0,0,0,3,2,9,5,0,3,2,4,50,14,9,24,8,63,43,145
1393,21,15,0,20,12,24,20,35,1,1,40,43,8,1,3,2,6,5,31,13,31,49,30,12,33,75,33,5,22,33,18,18,62,21,0,0,7,37,13,1,23,45,1,39,11,15,34,32,15,16,8,16,48,7,47,12,6,2,35,25,49,54,44,51,51,20,33,13,1,4,0,0,6,5,5,0,3,3,2,2,2,8,9,35,54,21,50,192
1394,19,44,5,59,3,10,11,4,1,52,1,50,6,4,4,1,5,5,15,21,49,3,33,47,40,60,15,10,26,26,8,38,34,17,0,36,33,37,11,2,21,36,0,32,18,18,13,0,3,14,15,48,57,48,37,2,2,3,80,49,49,54,44,51,51,20,53,2,3,2,7,69,4,3,5,10,4,4,4,4,50,9,9,7,50,91,50,41
1395,19,34,0,16,3,65,44,47,54,1,1,50,8,5,1,1,3,5,31,29,31,49,33,20,28,77,34,1,20,47,53,40,64,12,0,0,0,0,17,17,6,2,0,2,25,17,34,32,21,20,8,21,49,42,0,1,0,5,34,43,9,26,28,48,51,19,0,22,4,3,0,0,10,10,10,0,2,2,1,2,38,8,9,41,54,23,26,179
1396,17,26,7,57,7,15,5,58,0,55,0,50,1,1,3,1,4,3,31,38,31,49,33,47,40,36,59,1,12,22,53,10,34,21,15,10,25,0,10,6,24,36,0,32,2,22,34,32,0,15,15,48,57,46,0,9,3,3,31,52,31,53,0,48,51,14,0,10,1,4,15,48,3,5,7,0,2,0,2,4,38,9,9,49,54,63,43,210
1397,22,32,0,30,7,20,11,10,1,7,2,5,9,7,5,2,5,5,31,0,19,36,17,17,34,14,19,0,22,33,22,23,15,21,8,0,0,37,0,30,0,53,31,48,30,0,45,43,0,11,15,48,57,31,0,8,1,0,64,52,9,17,9,14,22,10,18,10,3,2,0,11,5,1,1,13,3,4,3,2,50,9,2,15,54,52,26,46
1398,1,50,0,40,6,35,30,29,1,6,1,2,9,5,5,1,4,5,22,25,19,5,12,18,35,81,16,3,21,26,14,37,67,21,0,2,18,9,14,2,21,17,14,0,3,11,39,38,19,17,3,27,14,55,37,2,7,1,70,52,49,54,44,51,51,20,20,15,4,3,83,0,10,10,10,0,3,2,3,3,34,6,9,20,19,27,50,302
1399,6,46,1,46,6,40,9,4,1,52,1,2,4,3,3,3,7,5,22,18,31,49,2,34,32,24,29,7,16,12,53,23,25,21,2,13,14,12,10,3,11,37,0,33,11,15,35,33,0,11,9,41,17,52,0,14,0,5,31,21,33,37,32,28,51,10,39,11,3,2,7,0,10,10,10,0,1,3,4,3,34,11,9,6,8,47,45,227
1400,17,39,5,29,7,73,19,58,0,55,0,50,1,1,3,1,0,3,31,0,49,43,24,44,34,55,37,1,8,49,10,12,34,21,2,0,10,27,12,10,16,26,0,24,19,14,37,36,3,15,3,45,24,45,0,1,0,5,67,52,49,54,44,51,51,20,0,11,0,0,51,0,10,10,10,0,4,2,0,2,0,8,9,7,54,87,50,50
1401,18,35,0,63,7,14,11,7,2,55,0,50,1,1,4,1,3,1,31,0,49,49,1,47,40,1,58,11,21,12,53,58,1,21,0,3,0,0,0,30,0,53,31,48,30,0,45,43,0,0,15,48,57,46,0,8,1,0,74,52,38,53,23,10,51,0,0,22,0,0,7,49,1,10,0,0,5,4,2,4,50,9,10,15,54,1,7,288
1402,22,40,5,50,6,32,10,10,1,7,1,2,7,5,5,4,5,5,19,0,11,0,33,47,40,60,31,1,12,19,53,20,53,21,0,0,0,21,10,11,20,43,0,39,17,2,1,2,0,14,15,48,57,57,7,8,5,1,62,52,31,24,15,19,51,13,46,22,4,3,0,49,5,10,5,2,2,1,0,2,17,10,5,3,8,91,43,245
1403,20,25,5,33,7,7,44,4,1,1,2,0,9,5,1,2,2,1,15,29,49,49,33,47,40,53,55,1,13,26,33,34,46,21,0,8,9,25,0,30,0,53,31,48,30,0,45,43,0,0,3,27,31,57,0,1,0,5,83,52,5,47,36,48,13,0,0,21,0,0,80,48,8,10,5,0,3,4,0,4,50,0,10,29,8,84,15,16
1404,18,25,5,21,7,5,69,42,30,55,0,50,7,5,1,1,5,3,15,0,31,38,33,47,40,60,38,10,12,33,10,12,53,17,0,0,3,0,3,25,17,0,0,1,1,23,31,29,20,3,15,48,57,1,49,2,3,1,31,52,36,41,0,28,13,3,22,23,2,1,7,48,9,8,7,2,3,4,4,4,50,8,10,11,51,91,48,35
1405,2,33,2,62,12,21,8,9,62,5,1,49,12,9,3,3,3,1,31,0,31,7,33,47,40,36,60,12,1,40,53,52,34,21,27,21,0,0,10,18,18,0,1,0,23,4,0,0,0,11,0,17,24,39,0,8,1,4,80,52,1,52,20,14,51,10,0,10,4,3,0,48,6,5,6,0,5,0,0,2,50,9,9,39,54,63,2,291
1406,1,56,5,63,7,30,9,9,1,3,54,3,10,8,6,1,1,3,22,0,49,49,24,47,40,24,29,1,15,22,14,12,62,10,18,8,25,0,5,6,24,27,18,0,25,17,1,0,21,5,8,36,48,57,0,14,0,5,31,49,49,54,44,51,51,20,65,22,2,1,7,0,10,10,10,0,4,4,3,3,50,11,9,24,8,47,50,104
1407,19,24,0,34,7,10,3,57,55,46,1,50,7,5,3,1,3,2,31,36,31,49,33,6,32,55,46,7,21,12,0,4,50,21,0,20,45,0,0,30,0,53,31,48,30,0,45,43,0,0,10,9,38,42,0,1,0,5,1,52,49,54,44,51,51,20,60,3,1,4,0,0,10,10,10,0,3,1,2,0,50,8,12,8,54,87,50,124
1408,22,44,5,48,12,33,4,4,1,54,1,2,10,8,3,1,0,0,31,0,31,49,1,47,40,14,57,2,15,45,53,61,73,0,37,43,48,46,0,30,0,53,31,48,30,0,45,43,0,0,15,48,57,0,49,0,0,5,0,52,21,50,22,46,51,0,0,22,2,1,7,0,7,10,1,0,3,4,0,2,50,9,9,10,54,52,38,161
1409,21,43,3,17,14,79,57,1,1,15,1,23,6,1,1,5,8,5,15,0,11,15,27,47,40,36,60,12,1,26,33,23,34,21,0,0,0,16,1,19,15,26,17,0,30,0,45,43,0,1,15,48,57,57,44,2,7,0,58,1,49,54,44,51,51,20,18,2,4,3,7,0,9,8,8,6,4,4,4,3,50,10,9,5,44,63,50,267
1410,6,28,5,46,14,42,18,14,1,10,2,14,10,8,7,3,6,1,3,0,31,36,3,40,28,30,52,1,12,44,53,57,28,21,13,37,0,0,12,3,11,44,0,40,19,14,14,16,3,15,13,42,19,59,49,3,1,1,32,44,20,44,23,28,51,14,47,22,4,3,7,0,10,10,10,0,2,3,3,3,50,10,9,42,8,59,31,150
1411,19,13,0,19,7,2,53,35,2,12,2,50,8,4,1,1,5,1,31,21,28,30,20,2,33,39,49,0,35,45,49,1,36,21,0,3,0,0,1,22,3,26,0,24,30,0,45,43,0,1,9,36,24,43,0,5,2,3,1,52,49,54,44,51,51,20,64,22,1,4,0,0,1,1,1,10,3,4,4,4,50,9,9,8,54,75,50,195
1412,22,36,0,54,7,33,36,10,74,13,1,8,8,6,4,5,5,5,15,0,21,0,33,24,28,18,60,12,21,39,15,23,58,21,0,0,21,25,11,18,18,48,27,0,19,14,34,0,4,14,3,36,43,46,0,1,0,5,31,52,49,54,44,51,51,20,31,21,1,4,58,74,5,6,4,23,4,4,3,4,15,13,9,39,8,41,50,302
1413,21,27,5,27,6,21,7,2,1,46,1,22,9,5,1,3,5,3,29,0,49,49,33,47,40,29,44,2,1,39,22,6,46,18,0,2,43,0,12,10,16,27,22,20,19,14,26,16,8,15,15,48,57,45,17,1,0,5,43,37,49,54,44,51,51,20,28,0,1,4,29,0,8,8,8,13,4,4,4,4,17,10,10,35,8,58,50,47
1414,18,23,7,25,7,65,23,13,2,55,0,50,7,1,1,1,5,2,31,0,31,49,33,47,40,39,44,0,16,26,53,3,36,21,15,10,25,0,11,1,23,26,0,24,2,22,34,32,15,14,15,48,57,32,0,8,1,2,74,52,20,37,23,28,51,13,0,10,4,3,49,48,7,4,7,0,4,3,2,4,9,10,0,48,54,75,31,252
1415,17,55,3,11,9,8,3,58,0,55,0,50,6,4,3,1,4,5,22,0,41,3,33,17,3,87,15,1,16,33,53,38,71,22,0,2,0,0,1,29,4,10,7,0,30,0,45,43,0,1,0,17,56,1,49,3,1,1,81,52,49,54,44,51,51,20,0,0,1,4,0,17,7,7,0,0,3,2,0,1,50,12,8,2,8,38,50,71
1416,17,16,0,22,7,45,1,58,0,55,0,50,6,1,1,1,5,2,31,0,31,49,33,29,32,39,43,7,1,26,53,5,36,21,0,0,3,0,0,30,0,53,31,48,30,0,45,43,0,0,2,30,24,46,0,3,3,3,83,35,49,54,44,51,51,20,0,0,3,2,0,0,10,10,10,0,5,4,2,4,37,9,10,14,54,75,50,270
1417,17,38,0,35,7,16,7,58,0,55,0,50,1,1,4,1,8,5,13,0,19,31,33,24,25,69,37,1,27,35,46,14,53,21,0,0,0,2,14,6,24,2,25,33,11,15,31,29,5,5,3,17,38,1,49,1,0,5,61,52,40,2,15,47,0,5,0,22,3,2,0,0,0,10,10,14,4,1,0,2,27,10,2,5,8,14,8,129
1418,18,43,3,20,7,16,53,42,74,55,0,50,6,4,1,2,7,5,15,0,19,49,33,47,40,48,23,0,21,27,8,29,44,18,0,2,10,8,3,25,17,36,0,32,1,23,1,2,20,3,15,48,57,46,0,1,0,5,31,52,49,54,44,51,51,20,17,21,0,0,7,24,4,5,1,6,4,2,2,2,50,10,9,20,50,73,50,224
1419,19,37,1,35,6,18,2,57,55,42,28,50,7,5,1,2,0,2,31,0,49,7,20,30,28,53,47,9,2,9,17,3,46,21,12,1,46,0,1,3,11,43,0,39,30,0,45,43,0,17,6,27,31,42,0,3,3,4,1,47,20,48,1,10,25,16,0,0,0,0,75,0,10,10,10,0,2,0,0,4,2,8,10,27,54,84,31,50
1420,17,18,5,25,7,9,59,58,0,55,0,50,6,4,3,1,2,3,22,0,49,49,2,47,40,14,60,12,1,44,8,8,15,21,0,0,3,0,0,30,0,53,31,48,30,0,45,43,0,0,15,48,57,1,26,2,3,4,56,34,46,54,23,36,50,0,0,15,2,1,49,49,8,5,5,0,3,4,3,3,41,0,10,39,8,52,14,149
1421,17,22,0,16,7,3,53,58,0,55,0,50,6,4,1,1,6,5,31,13,31,49,5,29,31,60,33,1,12,48,42,18,53,18,0,0,7,37,12,6,24,30,2,18,2,22,4,6,10,15,2,30,38,7,30,9,3,1,38,25,20,25,15,50,38,14,55,22,1,4,7,0,10,10,10,0,3,2,1,1,17,9,9,44,54,91,31,152
1422,17,16,0,22,7,3,44,58,0,55,0,50,6,4,1,1,5,2,29,13,31,49,5,38,31,69,43,9,1,33,47,6,58,21,0,0,3,0,11,2,21,50,0,45,3,11,39,38,5,14,1,40,43,42,0,9,3,0,50,36,1,54,16,14,37,13,0,0,3,2,0,0,10,10,10,0,3,3,1,3,43,9,0,19,8,14,2,203
1423,17,57,3,21,9,78,0,58,0,55,0,50,6,1,0,2,8,5,31,32,31,49,33,47,40,18,4,1,1,33,53,50,71,21,0,0,0,0,11,19,15,10,7,0,23,4,37,0,4,16,15,48,57,1,49,1,0,5,31,51,48,18,0,28,51,15,0,7,0,0,7,0,8,8,8,1,3,3,3,3,50,1,6,20,54,41,19,271
1424,21,37,2,43,7,18,15,2,1,23,38,12,8,1,1,3,3,4,31,0,31,11,33,47,40,2,37,10,22,12,32,14,3,21,0,0,25,21,16,6,24,16,13,0,25,17,0,0,10,7,0,17,5,1,0,14,0,5,86,51,9,42,29,14,29,7,52,21,1,4,0,69,1,1,5,2,3,3,4,4,50,11,9,13,54,3,26,106
1425,1,42,4,38,8,26,52,7,1,46,26,32,9,6,1,4,0,0,1,0,0,49,20,17,31,87,60,12,12,43,45,44,53,21,2,40,0,0,0,30,0,53,31,48,30,0,45,43,0,0,6,17,31,1,49,8,5,1,80,52,49,54,44,51,51,20,54,12,3,2,7,0,1,5,5,4,2,4,4,4,50,11,9,16,50,38,50,215
1426,19,25,5,27,7,2,53,35,2,17,2,50,7,4,1,2,5,5,12,12,10,11,33,47,40,36,60,12,21,12,33,12,34,21,8,2,0,31,13,1,23,45,20,15,2,22,25,15,10,16,15,48,57,26,0,2,1,4,80,25,5,26,15,36,23,15,33,2,2,1,0,59,8,5,5,5,3,2,3,1,50,8,9,10,8,63,15,214
1427,20,36,0,35,7,6,3,55,2,13,1,10,7,5,3,2,5,2,31,0,49,49,33,47,40,55,60,12,12,47,45,5,50,22,0,21,25,0,1,10,16,52,30,0,30,0,45,43,0,1,3,31,36,52,0,1,0,5,74,52,5,54,15,40,42,1,0,0,0,0,7,0,4,0,0,0,3,3,0,3,50,12,9,22,54,87,15,312
1428,18,25,5,31,12,37,12,7,1,55,0,50,6,1,3,1,6,3,15,0,31,3,17,47,40,7,41,1,22,33,47,9,8,12,8,5,34,0,12,18,18,3,0,4,19,14,3,5,8,20,3,0,5,55,0,1,0,5,73,52,5,34,32,36,44,19,23,10,3,2,15,52,0,0,7,0,3,3,3,3,0,8,3,13,8,32,15,129
1429,11,29,0,39,16,81,71,58,0,55,0,50,0,0,1,1,5,1,9,0,49,49,33,47,40,7,49,1,13,26,53,1,8,12,28,17,0,0,1,19,15,0,0,1,30,0,45,43,0,1,0,0,5,54,0,8,7,4,1,52,5,42,16,28,51,1,23,2,2,1,54,49,2,0,0,0,5,2,2,2,33,9,5,38,50,32,15,84
1430,20,21,0,30,12,18,16,10,1,3,2,4,7,5,3,3,9,3,31,32,31,43,33,17,31,53,49,0,1,26,53,61,73,0,37,43,48,46,0,30,0,53,31,48,30,0,45,43,0,14,15,48,57,0,49,0,0,5,0,52,20,41,29,14,51,13,0,21,0,0,59,0,2,2,4,0,5,4,2,4,0,12,9,29,54,84,31,50
1431,17,35,5,47,7,4,53,58,0,55,0,50,6,4,1,1,5,2,15,25,19,49,33,17,35,36,47,9,26,39,22,3,34,17,18,0,34,0,11,25,17,26,0,24,23,4,13,0,4,16,3,41,24,59,0,1,0,5,80,52,9,35,0,46,15,15,0,16,0,0,22,48,8,10,5,16,3,2,0,4,3,13,10,29,50,63,26,302
1432,6,41,4,33,3,38,45,4,2,50,2,11,12,10,6,3,5,2,31,0,6,5,33,47,40,53,47,10,35,43,53,2,11,21,0,0,3,0,12,3,11,10,7,0,18,18,1,0,3,15,3,0,7,42,0,8,1,0,35,52,5,48,23,28,51,14,0,0,4,3,80,0,10,10,10,0,0,1,0,4,50,10,2,36,54,84,15,32
1433,20,23,5,38,7,4,2,55,1,52,1,49,9,7,1,1,6,4,3,0,31,36,27,7,28,69,37,2,12,43,22,14,58,21,0,0,0,2,0,30,0,53,31,48,30,0,45,43,0,0,1,5,43,45,0,8,1,2,32,29,5,35,15,43,20,0,0,22,1,4,7,0,10,10,10,0,3,3,2,3,38,10,12,29,8,14,15,86
1434,20,41,0,48,7,16,13,11,1,9,1,12,6,1,5,2,5,5,31,0,11,49,33,47,40,53,12,0,31,33,47,41,46,21,0,0,0,0,13,0,22,36,20,0,6,24,39,0,16,16,15,48,57,45,0,8,3,4,35,52,20,5,15,40,37,15,0,10,2,1,7,2,7,7,1,0,2,1,1,3,50,12,2,19,54,84,31,295
1435,18,10,5,25,7,73,34,1,2,55,0,50,7,1,1,1,0,2,31,0,23,49,33,47,40,7,49,1,25,4,0,2,8,21,15,21,10,0,0,30,0,53,31,48,30,0,45,43,0,11,15,48,57,46,0,8,3,4,83,52,5,47,9,14,0,10,0,22,1,4,7,49,1,5,9,0,3,3,2,4,2,8,0,16,54,32,15,21
1436,19,31,5,41,10,38,23,4,1,3,1,50,7,4,1,2,6,3,15,0,19,49,12,47,40,60,41,2,2,0,50,12,53,4,26,2,40,0,12,1,23,26,17,0,11,15,25,0,15,15,15,48,57,38,0,4,3,3,48,52,49,54,44,51,51,20,0,0,4,3,80,0,10,10,10,0,4,3,4,4,41,9,6,17,8,91,50,3
1437,21,40,0,50,7,16,13,11,1,46,1,3,7,5,4,2,3,5,22,0,19,0,33,47,40,36,60,12,28,12,12,27,34,21,0,0,9,12,0,30,0,53,31,48,30,0,45,43,0,16,15,48,57,46,0,15,0,5,61,52,15,54,36,14,11,15,0,12,4,3,7,71,6,8,4,30,4,3,3,2,50,10,9,38,8,63,24,104
1438,18,55,4,40,3,37,2,24,50,55,0,50,6,1,0,3,8,5,22,29,31,49,20,47,40,55,45,10,16,12,53,38,50,21,26,13,14,8,14,5,7,49,0,44,11,15,34,32,7,20,15,48,57,43,36,8,5,1,31,37,33,27,32,28,51,19,0,21,4,3,0,0,10,10,10,0,4,2,3,4,50,1,9,10,8,87,45,26
1439,19,26,0,28,7,11,7,6,1,52,2,50,7,5,3,2,6,3,15,29,31,49,33,47,40,36,40,1,29,45,0,10,34,18,13,8,28,0,11,6,24,1,2,0,1,23,9,2,20,16,3,17,24,34,12,2,3,1,31,52,5,33,9,28,0,15,56,21,3,2,15,49,9,7,10,1,1,2,2,3,38,12,9,26,26,63,15,34
1440,3,16,0,43,6,19,6,5,1,2,1,5,13,10,1,2,6,4,15,0,31,49,5,24,39,36,35,4,16,26,20,16,34,17,18,0,0,30,1,29,4,16,13,0,30,0,45,43,0,1,6,25,24,52,0,8,7,2,31,52,1,34,29,28,18,1,23,21,2,1,58,49,9,8,1,5,2,4,2,1,26,12,9,14,42,63,2,214
1441,21,29,0,25,7,18,19,17,59,11,69,8,6,1,4,4,2,1,31,0,31,1,33,47,40,11,49,0,1,26,48,1,11,21,0,3,0,0,11,19,15,26,17,0,23,4,25,23,24,14,15,48,57,45,0,8,1,0,76,52,4,42,0,28,46,13,0,21,2,1,0,11,8,1,1,0,2,1,1,3,50,11,2,18,54,49,5,151
1442,18,33,0,37,7,65,23,23,1,55,0,50,6,1,3,1,8,5,15,12,7,33,33,47,40,53,18,1,1,45,0,35,46,14,13,2,2,8,10,10,16,1,0,2,19,14,1,2,0,11,3,27,31,59,12,1,0,5,74,25,49,54,44,51,51,20,52,10,3,2,7,49,9,10,2,1,1,2,1,2,50,9,9,26,26,84,50,219
1443,21,38,2,47,6,54,32,30,1,20,1,46,6,4,4,3,5,5,12,0,49,49,33,47,40,14,22,1,35,48,53,30,15,23,0,0,0,0,1,29,4,17,14,0,30,0,45,43,0,1,15,48,57,45,0,8,7,0,76,52,20,15,0,40,51,1,0,2,4,3,7,0,10,10,10,0,3,4,0,4,50,12,9,18,8,52,31,149
1444,16,35,5,40,9,73,71,58,0,55,0,50,1,1,1,1,5,5,31,0,49,3,33,17,3,23,31,0,1,43,10,20,46,21,0,10,10,21,12,10,16,16,13,0,19,14,34,0,3,15,0,17,31,10,46,3,3,3,59,52,20,28,23,28,8,14,55,2,3,2,7,48,5,10,10,2,3,4,1,3,16,10,9,22,54,46,31,309
1445,17,38,4,3,9,0,8,58,0,55,0,50,6,1,3,1,8,3,22,0,31,3,17,47,40,69,39,1,16,12,15,12,53,21,0,0,37,9,13,1,23,1,0,2,3,11,31,29,6,16,15,48,57,57,0,9,3,4,82,52,20,43,15,40,51,15,33,21,4,3,54,0,5,7,7,23,1,1,2,4,50,9,9,38,8,14,31,182
1446,21,40,1,40,7,13,10,7,1,5,1,22,7,4,4,2,4,5,31,0,31,49,33,2,28,19,11,4,2,9,42,42,23,21,0,0,0,21,11,6,24,44,0,40,19,14,34,32,5,14,9,40,13,55,37,12,3,3,58,52,33,38,1,10,42,13,9,22,1,4,0,0,10,10,10,0,3,3,2,2,17,10,9,42,54,42,45,152
1447,0,6,2,88,16,81,71,58,0,55,0,50,0,0,1,0,6,0,31,34,31,49,20,37,28,60,54,3,17,33,53,44,53,21,3,0,0,0,0,30,0,53,31,48,30,0,45,43,0,0,6,39,38,43,0,1,0,5,83,46,49,54,44,51,51,20,0,3,1,4,0,0,10,10,10,0,3,4,2,4,2,0,9,9,54,91,50,305
1448,20,41,5,54,6,31,15,11,2,4,2,10,1,1,3,4,5,5,19,21,9,3,33,47,40,62,37,0,13,15,22,14,34,21,15,13,9,9,11,10,16,1,0,2,19,14,34,32,8,14,3,17,24,50,4,12,3,3,42,52,20,54,9,14,8,13,18,10,2,1,7,49,7,5,8,1,3,3,2,4,2,10,9,25,50,9,31,54
1449,11,17,5,29,16,81,71,58,0,55,0,50,0,0,1,1,8,4,1,29,11,49,33,24,28,69,38,1,2,9,32,13,34,21,0,0,34,12,2,6,24,43,22,0,13,13,34,32,17,2,0,27,24,1,49,8,1,4,31,13,49,54,44,51,51,20,17,10,4,3,12,34,1,5,5,14,3,4,2,3,50,0,9,22,8,14,50,134
1450,18,13,5,41,6,24,2,5,1,55,0,50,6,4,3,1,0,2,31,32,24,49,33,47,40,53,46,10,12,44,52,3,46,21,15,21,10,0,1,19,15,0,1,0,30,0,45,43,0,1,15,48,57,29,0,9,3,4,83,52,5,40,29,14,5,1,0,2,2,1,7,49,1,5,0,5,2,0,1,4,50,11,9,47,54,84,15,223
1451,16,40,4,82,3,7,71,58,0,55,0,50,1,1,0,3,7,1,31,1,24,49,33,24,33,36,51,0,35,39,53,58,34,21,0,3,0,0,12,3,11,48,27,0,14,10,34,0,5,15,6,27,24,1,49,8,2,4,1,52,9,43,41,37,51,14,0,0,4,3,7,52,8,10,5,0,0,3,2,3,50,8,9,27,54,63,26,289
1452,1,18,1,23,6,33,6,4,5,2,2,43,11,6,1,2,4,2,31,0,31,49,24,29,28,18,37,0,16,26,42,6,34,21,0,0,3,0,0,30,0,53,31,48,30,0,45,43,0,0,2,30,24,57,0,8,3,0,83,52,49,54,44,51,51,20,0,13,1,4,7,52,1,10,10,0,1,4,2,4,46,14,10,19,54,41,50,57
1453,18,36,3,10,7,19,11,55,47,55,0,50,6,4,3,2,5,5,31,0,49,49,9,37,6,87,2,10,12,26,53,53,71,17,0,0,0,0,12,2,21,36,0,32,11,15,25,0,2,20,3,31,56,57,0,8,7,4,62,52,36,27,23,14,51,19,0,0,3,2,80,75,5,5,5,16,5,4,4,4,3,9,9,38,54,38,48,95
1454,19,13,0,28,7,4,53,24,1,0,1,50,8,4,1,1,3,1,29,29,31,49,1,2,28,36,48,9,16,26,53,2,34,21,0,0,3,0,1,29,4,27,18,0,30,0,45,43,0,1,6,1,24,42,0,8,2,2,33,52,5,50,16,28,51,1,0,0,3,2,0,49,1,10,1,0,3,3,1,3,50,8,9,32,8,63,15,243
1455,19,62,3,20,8,18,3,35,1,12,2,50,7,1,1,2,5,2,31,0,49,49,33,17,25,14,46,0,15,17,53,1,8,21,15,10,25,0,0,30,0,53,31,48,30,0,45,43,0,0,3,17,5,46,0,8,3,1,78,38,49,54,44,51,51,20,0,22,3,2,7,0,10,10,10,0,3,2,0,2,2,12,9,2,54,52,50,168
1456,20,17,5,37,6,25,9,42,24,52,39,0,8,5,3,2,2,2,31,0,26,49,33,37,11,14,46,5,12,47,0,4,15,21,0,14,31,0,10,22,3,16,0,15,28,26,13,15,0,17,15,48,57,45,0,12,2,3,32,43,5,37,22,23,0,16,0,3,0,0,7,75,6,5,1,1,0,4,2,2,50,9,10,2,54,52,15,115
1457,11,49,5,57,16,81,71,58,0,55,0,50,0,0,1,1,8,5,12,0,49,49,33,47,40,14,59,1,37,50,46,61,1,23,0,0,0,0,1,29,4,36,20,0,30,0,45,43,0,1,15,48,57,45,0,2,7,3,81,52,49,54,44,51,51,20,0,2,1,4,7,0,10,10,10,0,3,3,0,0,50,0,0,16,8,52,50,85
1458,18,41,5,48,10,74,29,24,54,55,0,50,1,0,3,2,5,5,15,0,31,49,27,47,40,53,29,1,7,12,46,23,46,17,2,8,34,0,10,18,18,26,0,24,19,14,34,32,0,11,15,48,57,45,31,8,1,4,83,52,49,54,44,51,51,20,0,3,3,2,17,36,7,10,0,0,3,4,3,3,0,11,10,26,8,84,50,286
1459,0,23,5,88,16,81,71,58,0,55,0,50,0,0,1,0,5,5,26,29,35,49,27,42,35,78,43,0,16,12,0,51,65,18,0,7,0,0,11,11,20,36,20,0,18,18,0,0,4,14,3,44,54,55,0,12,5,4,31,52,20,36,23,14,1,13,18,12,1,4,41,43,7,7,1,5,5,2,4,4,33,0,0,22,8,24,31,34
1460,20,14,1,25,6,19,20,6,5,33,3,12,7,1,3,2,0,2,31,2,24,49,24,29,31,36,47,9,14,12,53,3,36,21,0,0,3,0,1,29,4,10,13,7,30,0,45,43,0,11,7,38,25,42,0,9,3,1,76,52,5,54,1,14,51,10,0,0,2,1,0,0,10,10,10,0,1,2,0,2,17,10,9,25,54,63,15,89
1461,19,27,5,37,7,4,2,55,2,46,2,50,8,6,1,1,5,5,15,2,31,49,2,30,34,53,60,12,1,33,48,23,46,21,0,10,0,12,1,19,15,1,0,2,30,0,45,43,0,17,3,31,31,52,0,1,0,5,32,52,20,54,0,36,44,16,0,2,1,4,7,67,3,5,1,14,3,1,1,2,50,13,6,24,44,84,31,41
1462,20,29,5,33,7,7,2,11,62,11,1,8,7,5,4,3,5,3,15,0,31,15,24,30,3,36,60,12,1,33,8,12,34,21,0,13,0,30,13,3,11,16,0,15,17,2,25,0,18,18,3,31,24,46,0,1,0,5,1,52,5,54,23,16,18,17,61,2,3,2,7,0,5,4,5,14,3,3,2,3,50,14,9,21,8,63,15,286
1463,1,47,1,35,6,32,21,19,1,15,1,4,8,6,5,2,4,5,31,2,23,49,33,12,31,69,29,9,1,44,47,23,58,4,14,9,0,22,11,0,22,26,0,24,2,22,13,15,10,14,6,11,46,42,0,1,0,5,33,21,20,22,0,40,51,13,0,22,4,3,0,31,1,2,4,1,3,3,3,3,50,10,9,40,54,14,31,131
1464,20,46,5,46,7,10,9,25,1,42,2,43,7,5,3,3,5,2,31,0,49,49,33,37,24,75,41,10,35,39,53,6,53,23,18,13,21,0,11,16,2,16,13,0,18,18,13,0,3,17,6,31,38,57,0,8,2,3,80,52,31,11,28,50,51,16,0,0,3,2,7,0,10,10,10,0,0,3,0,0,50,10,2,28,54,21,43,235
1465,16,32,3,56,9,0,71,58,0,55,0,50,6,1,0,1,5,4,22,0,31,49,33,17,28,39,37,11,12,44,46,14,34,21,0,0,28,16,13,1,23,17,14,0,2,22,1,2,16,16,15,48,57,1,49,3,3,4,68,52,5,53,22,46,51,15,0,0,0,0,0,0,8,8,8,0,3,4,3,3,46,0,9,5,50,75,15,214
1466,17,47,5,46,12,75,11,58,0,55,0,50,0,0,3,2,0,3,31,0,49,49,33,47,40,80,20,1,31,39,53,12,46,22,0,8,25,12,12,6,24,27,18,0,11,15,39,0,3,15,15,48,57,45,0,8,3,0,81,52,1,54,0,36,51,14,0,0,3,2,7,0,10,10,10,0,1,3,0,3,50,9,9,31,54,26,2,88
1467,20,31,0,39,7,14,8,7,1,2,1,46,8,6,3,2,5,5,31,13,23,49,33,44,31,69,33,7,35,43,42,18,58,21,0,0,0,2,14,1,23,45,0,41,3,11,42,40,11,19,8,22,43,55,47,9,3,2,35,47,31,36,23,28,38,18,9,10,0,0,0,0,6,5,5,0,3,2,2,2,41,10,9,35,54,14,43,282
1468,20,25,0,81,10,51,43,39,55,38,69,6,1,1,3,4,1,2,31,0,30,49,28,47,40,7,44,0,35,43,22,6,8,23,0,10,37,0,10,19,15,1,0,2,29,5,34,0,0,11,15,48,57,51,0,8,3,0,50,49,36,46,43,43,20,10,9,12,4,3,15,3,5,5,1,0,2,4,1,4,39,9,2,25,54,32,48,257
1469,21,16,0,25,7,3,65,47,1,33,1,12,10,5,1,1,4,3,31,13,23,49,20,30,31,60,41,7,1,26,42,9,46,21,0,0,3,0,12,6,24,43,22,0,25,17,31,29,20,15,6,5,31,7,37,9,3,1,34,33,5,34,0,36,38,14,65,7,3,2,0,0,10,10,10,0,3,1,1,1,5,9,10,24,54,91,15,50
1470,22,19,5,35,7,78,13,11,2,42,9,8,8,6,4,4,0,2,17,0,31,1,22,7,38,60,46,1,35,19,8,4,53,21,0,0,3,0,1,21,5,45,0,41,30,0,45,43,0,1,8,5,38,42,0,8,2,4,80,52,40,47,43,19,4,1,0,15,0,0,7,48,0,10,5,10,4,0,0,2,50,9,9,20,19,91,8,244
1471,21,16,5,26,6,11,18,52,11,8,10,32,8,4,3,3,5,3,31,0,31,5,33,1,35,55,39,10,1,33,53,12,1,21,0,0,0,2,12,10,16,1,0,2,18,18,34,0,15,15,10,39,1,42,0,8,3,0,7,52,9,37,28,19,51,14,32,13,0,0,7,0,10,10,10,0,4,2,0,1,50,8,2,36,54,87,26,217
1472,21,14,4,37,12,25,13,5,2,5,2,49,8,5,3,2,3,5,31,0,9,7,33,47,40,87,48,1,7,9,32,24,34,21,0,0,0,21,10,11,20,0,1,0,19,14,25,0,0,11,15,48,57,1,49,8,3,0,83,52,49,54,44,51,51,20,32,0,3,2,80,0,10,10,10,0,1,0,0,0,9,11,10,47,54,38,50,305
1473,3,26,0,21,6,20,24,53,59,10,1,3,10,8,3,4,5,3,15,0,34,13,33,1,3,20,39,0,16,26,33,12,15,21,2,17,23,20,1,19,15,36,20,0,30,0,45,43,0,1,3,27,23,45,30,12,7,4,61,52,49,54,44,51,51,20,18,22,1,4,0,0,10,10,10,0,3,4,4,4,2,13,9,17,26,43,50,302
1474,17,6,0,16,7,1,23,58,0,55,0,50,6,0,1,1,3,5,1,0,31,49,4,2,31,36,53,11,1,17,20,23,34,21,2,8,0,30,12,2,21,16,0,15,3,11,13,15,9,15,6,39,24,31,0,1,0,5,35,52,49,54,44,51,51,20,0,21,3,2,0,0,10,10,10,0,4,3,1,2,50,0,10,20,8,63,50,3
1475,21,24,0,30,7,13,9,8,1,3,1,36,9,6,3,3,5,3,31,0,19,43,33,47,40,36,41,0,12,48,52,9,34,21,15,21,10,0,10,22,3,16,13,0,29,5,25,0,0,11,15,48,57,31,0,1,0,5,64,52,49,54,44,51,51,20,40,2,1,4,0,0,10,10,10,0,3,0,0,1,50,0,2,10,54,30,50,199
1476,18,22,5,21,7,8,6,35,32,55,0,50,7,4,3,1,3,2,31,0,31,36,1,5,28,53,36,0,21,15,53,3,46,21,30,0,16,0,11,3,11,36,0,32,16,21,13,0,4,14,2,3,31,57,0,9,1,4,33,52,5,41,23,14,51,13,0,2,1,4,7,0,10,10,10,0,3,0,0,3,20,9,10,15,54,84,15,217
1477,20,29,0,48,7,9,59,5,60,13,54,7,8,6,3,3,0,5,15,0,19,25,27,47,40,36,60,12,12,33,41,17,34,21,0,0,0,2,1,29,4,16,13,0,30,0,45,43,0,1,15,48,57,39,0,2,1,4,31,50,49,54,44,51,51,20,17,10,1,4,80,49,5,4,1,5,4,1,4,3,50,8,9,16,8,63,50,267
1478,21,31,4,28,3,29,25,6,1,3,1,43,8,6,1,3,3,3,12,0,49,19,5,30,33,69,55,10,12,44,53,9,58,10,13,13,25,0,13,6,24,1,2,0,1,23,25,0,2,16,15,48,57,24,0,2,1,2,49,52,49,54,44,51,51,20,64,0,2,1,7,0,10,10,10,0,4,3,3,3,50,10,10,15,8,14,50,47
1479,20,13,0,30,7,65,34,1,1,54,1,10,8,4,1,2,3,2,30,0,19,3,33,24,34,75,44,0,16,12,22,6,34,21,26,33,10,0,1,19,15,44,23,0,30,0,45,43,0,1,0,27,24,19,37,12,7,2,61,52,49,54,44,51,51,20,19,13,4,3,7,0,10,10,10,0,3,4,3,4,22,11,9,18,4,21,50,214
1480,21,14,5,27,7,3,69,57,1,46,1,22,10,6,1,1,0,1,31,0,49,49,17,1,31,60,37,1,1,33,53,1,34,21,0,3,0,0,11,16,2,26,17,0,18,18,13,0,4,14,0,0,24,45,0,1,0,5,7,52,49,54,44,51,51,20,0,22,4,3,70,0,10,10,10,0,3,4,0,3,0,9,0,37,54,91,50,15
1481,5,18,1,30,6,22,7,2,2,2,2,48,3,11,5,2,5,3,22,25,31,49,2,37,33,75,43,9,16,26,41,7,62,10,19,0,32,0,16,0,22,26,0,24,2,22,1,2,10,19,3,39,31,42,13,9,3,0,34,35,31,36,23,28,37,18,55,22,4,3,0,0,10,10,10,0,0,3,3,3,2,13,9,30,8,21,43,286
1482,18,28,7,32,7,13,13,57,1,55,0,50,1,1,4,1,3,2,31,0,31,49,33,47,40,60,11,1,12,39,50,6,53,21,15,10,25,0,0,30,0,53,31,48,30,0,45,43,0,0,15,48,57,46,0,9,3,3,57,52,20,48,0,36,48,0,0,2,3,2,7,43,9,5,3,5,4,1,2,1,50,10,9,39,54,91,31,289
1483,0,24,5,88,16,81,71,58,0,55,0,50,0,0,1,0,8,3,29,29,19,32,33,30,33,55,47,1,16,33,53,3,50,18,20,21,8,0,12,18,18,26,17,0,19,14,38,30,5,16,3,17,33,57,0,1,0,5,1,52,9,35,16,36,51,15,23,2,4,3,15,48,3,0,0,0,5,1,2,2,27,8,9,29,8,87,26,34
1484,1,46,0,48,4,18,17,15,1,11,1,7,8,6,6,3,6,1,31,12,31,49,17,24,32,14,38,2,22,15,46,52,15,21,28,17,0,0,1,29,4,43,20,0,30,0,45,43,0,1,3,0,5,28,0,8,2,0,79,52,5,36,32,14,43,1,0,22,4,3,34,0,0,0,6,10,3,1,1,2,0,9,9,10,54,52,15,260
1485,17,14,5,25,7,13,10,58,0,55,0,50,0,0,3,2,3,3,31,0,11,47,24,30,33,69,38,0,28,33,0,10,53,21,13,15,23,0,11,6,24,46,0,42,1,23,13,0,5,14,0,31,38,45,0,8,3,4,83,52,49,54,44,51,51,20,0,3,3,2,7,0,10,10,10,0,3,2,0,1,2,9,9,7,54,14,50,18
1486,18,34,1,30,15,11,4,35,2,55,0,50,6,1,3,1,3,5,31,2,21,49,7,18,28,60,41,3,22,44,42,20,53,14,0,0,25,21,11,6,24,45,20,15,3,11,42,36,16,14,9,18,38,7,21,8,6,1,42,33,20,34,0,46,38,13,51,2,3,2,0,67,4,5,5,0,4,2,2,2,38,9,9,17,54,91,31,57
1487,17,23,5,22,7,11,12,58,0,55,0,50,1,0,3,1,6,2,24,0,19,49,33,47,40,36,44,9,1,26,53,6,34,21,15,21,10,0,1,28,26,16,1,1,30,0,45,43,0,11,15,48,57,55,11,8,3,4,74,36,20,37,0,28,51,10,0,2,1,4,0,49,3,10,1,0,3,4,0,3,17,8,9,8,8,63,31,26
1488,22,27,0,39,13,18,24,11,1,15,1,1,7,4,3,4,5,5,31,0,49,49,33,47,40,53,45,1,22,12,22,28,46,23,2,0,0,0,0,30,0,53,31,48,30,0,45,43,0,0,15,48,57,1,49,8,3,0,64,52,5,54,9,6,20,0,0,0,3,2,7,49,6,0,0,0,3,2,0,1,50,11,0,37,54,84,15,304
1489,18,19,5,39,7,11,9,5,1,55,0,50,6,4,3,2,5,2,31,0,9,49,33,47,40,36,60,12,14,12,8,6,34,21,0,21,25,0,12,6,24,17,14,0,11,15,34,32,15,15,3,17,24,46,0,1,0,5,48,52,49,54,44,51,51,20,17,10,4,3,0,49,1,1,5,5,3,4,4,4,50,9,9,14,54,63,50,37
1490,18,39,3,11,9,1,65,35,1,55,0,50,7,1,1,1,5,0,31,0,31,23,33,17,28,75,44,0,21,15,33,44,34,21,3,0,0,0,0,30,0,53,31,48,30,0,45,43,0,0,0,17,5,46,0,8,1,0,83,52,49,54,44,51,51,20,0,3,1,4,7,52,9,10,5,18,2,4,2,4,6,10,9,16,54,21,50,269
1491,17,12,7,12,7,45,1,58,0,55,0,50,6,1,1,1,5,1,31,21,31,49,33,20,28,7,52,1,16,26,0,58,8,21,18,33,0,0,10,3,11,16,0,15,21,6,25,23,0,14,2,5,5,29,14,8,3,2,62,52,5,46,16,14,0,13,0,3,1,4,75,52,5,10,1,0,3,1,0,1,50,9,9,10,54,32,15,146
1492,18,38,3,29,7,11,34,35,10,55,0,50,6,0,0,3,5,1,22,0,38,0,11,17,31,36,60,12,12,48,45,59,34,23,2,40,0,0,10,10,16,16,13,0,21,6,0,0,0,11,3,17,24,57,0,8,3,0,34,47,49,54,44,51,51,20,0,10,2,1,0,0,1,0,8,13,4,2,1,3,50,10,10,14,50,63,50,183
1493,17,30,0,27,7,6,23,58,0,55,0,50,6,1,1,1,3,2,31,2,31,49,7,16,31,36,45,9,1,39,53,5,34,21,0,0,3,0,11,2,21,26,0,24,14,10,13,15,5,16,10,14,24,46,0,3,3,4,1,50,5,42,23,14,43,15,32,22,2,1,0,52,8,10,5,30,3,4,2,4,41,8,9,24,54,63,15,152
1494,1,32,0,60,7,33,22,18,2,8,2,4,9,7,4,3,8,3,31,0,25,49,12,18,31,18,42,7,35,44,42,8,21,21,2,37,2,0,12,6,24,49,0,44,11,15,11,10,3,15,6,14,12,28,13,9,3,3,45,34,5,33,43,44,38,14,28,10,0,0,0,0,10,10,10,0,3,2,2,2,17,9,9,40,54,41,15,169
1495,18,15,1,28,6,15,59,6,1,55,0,50,6,4,1,2,5,5,22,0,31,36,33,30,33,87,32,0,1,33,18,19,58,21,2,8,25,8,1,19,15,22,0,20,30,0,45,43,0,1,0,0,24,51,24,2,7,3,70,52,49,54,44,51,51,20,19,15,4,3,0,0,10,10,10,0,3,3,3,4,2,9,9,20,19,38,50,302
1496,17,13,0,14,7,55,23,58,0,55,0,50,6,1,1,1,5,1,31,0,24,49,27,20,31,14,49,0,2,12,42,1,15,21,0,3,0,0,0,30,0,53,31,48,30,0,45,43,0,0,2,5,10,7,30,9,3,3,53,52,5,45,0,36,38,0,0,22,0,0,7,0,7,7,5,0,3,3,3,3,50,10,0,45,54,52,15,278
1497,19,22,0,34,7,13,10,5,74,4,49,50,6,4,3,2,9,5,31,0,49,48,33,47,40,60,34,0,28,45,17,17,53,23,0,0,0,2,11,19,15,3,4,0,23,4,39,0,4,17,15,48,57,49,0,8,3,4,53,52,21,54,43,50,13,16,4,21,0,0,7,14,1,1,1,14,3,2,2,4,50,10,5,25,54,91,38,235
1498,18,52,0,32,7,55,53,13,45,55,0,50,7,4,1,1,3,4,31,0,19,49,27,17,6,78,36,1,15,19,53,13,58,21,2,8,14,16,0,30,0,53,31,48,30,0,45,43,0,0,0,17,38,46,0,2,1,3,83,52,49,54,44,51,51,20,55,22,3,2,0,0,10,10,10,0,5,0,0,0,0,10,9,3,54,24,50,159
1499,20,24,0,20,7,65,44,13,1,15,1,7,8,5,4,1,4,5,22,5,31,49,33,20,28,53,44,9,12,47,53,6,46,21,0,0,0,2,12,0,22,36,0,32,3,11,31,29,3,15,2,35,31,42,0,8,3,0,38,36,1,37,0,48,51,14,64,22,4,3,80,0,10,10,10,0,3,3,3,3,50,9,9,44,19,84,2,122
1500,19,53,0,63,9,55,11,0,1,8,2,50,7,4,1,3,5,4,31,38,49,49,19,30,3,14,28,0,17,12,53,13,15,21,0,0,0,2,10,22,3,16,13,0,29,5,13,0,0,11,0,0,10,55,0,12,3,0,14,52,13,21,43,37,51,10,15,0,0,0,18,70,1,10,1,31,5,3,0,3,10,5,7,28,54,52,22,97
1501,16,26,7,25,7,23,71,58,0,55,0,50,1,0,1,1,4,2,31,21,23,49,33,7,28,36,55,9,16,15,53,33,34,21,3,0,0,0,0,30,0,53,31,48,30,0,45,43,0,0,2,5,24,52,0,1,0,5,31,49,1,51,21,14,51,0,0,2,3,2,0,49,5,5,4,0,4,3,3,4,50,0,0,25,54,63,2,124
1502,3,34,5,40,7,14,11,5,1,2,1,7,11,7,4,3,5,5,3,13,26,49,2,2,28,80,30,9,26,14,53,21,66,21,0,0,0,2,1,3,11,3,0,4,30,0,45,43,0,1,6,1,51,43,0,14,0,5,85,40,20,34,16,10,51,1,64,11,3,2,0,48,4,3,5,0,3,4,4,3,2,10,12,7,8,26,31,95
1503,17,16,0,28,7,6,34,58,0,55,0,50,6,1,1,1,4,5,29,0,31,36,30,30,31,53,55,1,12,47,33,61,34,21,0,0,0,2,1,29,4,1,0,2,30,0,45,43,0,1,13,12,24,42,0,8,3,0,11,12,21,48,15,48,51,1,40,10,4,3,0,34,6,2,2,0,3,3,1,3,50,8,9,14,44,84,38,267
1504,18,21,5,20,7,5,65,47,2,55,0,50,7,5,1,1,7,3,3,0,31,36,33,33,28,69,43,9,1,34,53,7,53,21,0,0,3,0,13,3,11,7,0,7,11,15,1,2,15,16,2,35,38,45,0,3,1,1,32,35,20,49,23,14,51,15,56,22,2,1,0,0,10,10,10,0,3,3,2,3,42,10,9,42,8,14,31,87
